Workbook

Sheet Ph_v2
A1: Photoshoot | AH1: Player Reach Simulation (per event day) - SIMULATED - GREEDY (reward-item-first)
A2: Config Panel | AH2: Percentile | AI2: Avg
A3: EventDuration (days) | B3: 3 | AH3: Payer | AI3: NONPAYER
A4: requiredPlayerLevel | B4: 1 | AU4: Cum item price | AW4: Set # | AX4: Greedy cum. cost
A5: requiredSagaLevel | B5: 17 | AH5: Day_of_event | AI5: 0-9_ms | AJ5: 0-9_reward | AK5: 10-19_ms | AL5: 10-19_reward | AM5: 20-39_ms | AN5: 20-39_reward | AO5: 40-99_ms | AP5: 40-99_reward | AQ5: 100_ms | AR5: 100_reward | AT5: 1 | AU5: =SUM($F$25:$F25) | AW5: 1 | AX5: 155
A6: lastTierUnlockRequirement | B6: =TRUE() | AH6: =IF(1<=$B$3,1,"") | AI6: {=IF($AH6="","",LET(bal,SUMIFS(data_event_inst!$N:$N,data_event_inst!$A:$A,"Photoshoot",data_event_inst!$B:$B,$AI$3,data_event_inst!$C:$C,"0-9"),shr,MIN(1,IFERROR(CHOOSE(MATCH($AI$2,{"Avg","p25","p50","p75"},0),AVERAGEIFS(data_event_accrual!$I:$I,data_event_accrual!$A:$A,"Photoshoot",data_event_accrual!$B:$B,$AI$3,data_event_accrual!$C:$C,"0-9",data_event_accrual!$E:$E,$AH6),AVERAGEIFS(data_event_accrual!$K:$K,data_event_accrual!$A:$A,"Photoshoot",data_event_accrual!$B:$B,$AI$3,data_event_accrual!$C:$C,"0-9",data_event_accrual!$E:$E,$AH6),AVERAGEIFS(data_event_accrual!$J:$J,data_event_accrual!$A:$A,"Photoshoot",data_event_accrual!$B:$B,$AI$3,data_event_accrual!$C:$C,"0-9",data_event_accrual!$E:$E,$AH6),AVERAGEIFS(data_event_accrual!$L:$L,data_event_accrual!$A:$A,"Photoshoot",data_event_accrual!$B:$B,$AI$3,data_event_accrual!$C:$C,"0-9",data_event_accrual!$E:$E,$AH6)),1)),COUNTIF($AX$5:$AX$14,"<="&bal*shr)))} | AJ6: {=IF($AH6="","",IF(AI6=0,"{}",LET(m,AI6,s,MMULT(TRANSPOSE((SEQUENCE(10,1,1,1)<=m)*1),VSTACK($H$27:$AB$27,$H$30:$AB$30,$H$33:$AB$33,$H$36:$AB$36,$H$39:$AB$39,$H$42:$AB$42,$H$45:$AB$45,$H$48:$AB$48,$H$51:$AB$51,$H$54:$AB$54)),"{"&TEXTJOIN(", ",TRUE,IF(s>0,$H$24:$AB$24&": "&ROUND(s,2),""))&"}")))} | AK6: {=IF($AH6="","",LET(bal,SUMIFS(data_event_inst!$N:$N,data_event_inst!$A:$A,"Photoshoot",data_event_inst!$B:$B,$AI$3,data_event_inst!$C:$C,"10-19"),shr,MIN(1,IFERROR(CHOOSE(MATCH($AI$2,{"Avg","p25","p50","p75"},0),AVERAGEIFS(data_event_accrual!$I:$I,data_event_accrual!$A:$A,"Photoshoot",data_event_accrual!$B:$B,$AI$3,data_event_accrual!$C:$C,"10-19",data_event_accrual!$E:$E,$AH6),AVERAGEIFS(data_event_accrual!$K:$K,data_event_accrual!$A:$A,"Photoshoot",data_event_accrual!$B:$B,$AI$3,data_event_accrual!$C:$C,"10-19",data_event_accrual!$E:$E,$AH6),AVERAGEIFS(data_event_accrual!$J:$J,data_event_accrual!$A:$A,"Photoshoot",data_event_accrual!$B:$B,$AI$3,data_event_accrual!$C:$C,"10-19",data_event_accrual!$E:$E,$AH6),AVERAGEIFS(data_event_accrual!$L:$L,data_event_accrual!$A:$A,"Photoshoot",data_event_accrual!$B:$B,$AI$3,data_event_accrual!$C:$C,"10-19",data_event_accrual!$E:$E,$AH6)),1)),COUNTIF($AX$5:$AX$14,"<="&bal*shr)))} | AL6: {=IF($AH6="","",IF(AK6=0,"{}",LET(m,AK6,s,MMULT(TRANSPOSE((SEQUENCE(10,1,1,1)<=m)*1),VSTACK($H$27:$AB$27,$H$30:$AB$30,$H$33:$AB$33,$H$36:$AB$36,$H$39:$AB$39,$H$42:$AB$42,$H$45:$AB$45,$H$48:$AB$48,$H$51:$AB$51,$H$54:$AB$54)),"{"&TEXTJOIN(", ",TRUE,IF(s>0,$H$24:$AB$24&": "&ROUND(s,2),""))&"}")))} | AM6: {=IF($AH6="","",LET(bal,SUMIFS(data_event_inst!$N:$N,data_event_inst!$A:$A,"Photoshoot",data_event_inst!$B:$B,$AI$3,data_event_inst!$C:$C,"20-39"),shr,MIN(1,IFERROR(CHOOSE(MATCH($AI$2,{"Avg","p25","p50","p75"},0),AVERAGEIFS(data_event_accrual!$I:$I,data_event_accrual!$A:$A,"Photoshoot",data_event_accrual!$B:$B,$AI$3,data_event_accrual!$C:$C,"20-39",data_event_accrual!$E:$E,$AH6),AVERAGEIFS(data_event_accrual!$K:$K,data_event_accrual!$A:$A,"Photoshoot",data_event_accrual!$B:$B,$AI$3,data_event_accrual!$C:$C,"20-39",data_event_accrual!$E:$E,$AH6),AVERAGEIFS(data_event_accrual!$J:$J,data_event_accrual!$A:$A,"Photoshoot",data_event_accrual!$B:$B,$AI$3,data_event_accrual!$C:$C,"20-39",data_event_accrual!$E:$E,$AH6),AVERAGEIFS(data_event_accrual!$L:$L,data_event_accrual!$A:$A,"Photoshoot",data_event_accrual!$B:$B,$AI$3,data_event_accrual!$C:$C,"20-39",data_event_accrual!$E:$E,$AH6)),1)),COUNTIF($AX$5:$AX$14,"<="&bal*shr)))} | AN6: {=IF($AH6="","",IF(AM6=0,"{}",LET(m,AM6,s,MMULT(TRANSPOSE((SEQUENCE(10,1,1,1)<=m)*1),VSTACK($H$27:$AB$27,$H$30:$AB$30,$H$33:$AB$33,$H$36:$AB$36,$H$39:$AB$39,$H$42:$AB$42,$H$45:$AB$45,$H$48:$AB$48,$H$51:$AB$51,$H$54:$AB$54)),"{"&TEXTJOIN(", ",TRUE,IF(s>0,$H$24:$AB$24&": "&ROUND(s,2),""))&"}")))} | AO6: {=IF($AH6="","",LET(bal,SUMIFS(data_event_inst!$N:$N,data_event_inst!$A:$A,"Photoshoot",data_event_inst!$B:$B,$AI$3,data_event_inst!$C:$C,"40-99"),shr,MIN(1,IFERROR(CHOOSE(MATCH($AI$2,{"Avg","p25","p50","p75"},0),AVERAGEIFS(data_event_accrual!$I:$I,data_event_accrual!$A:$A,"Photoshoot",data_event_accrual!$B:$B,$AI$3,data_event_accrual!$C:$C,"40-99",data_event_accrual!$E:$E,$AH6),AVERAGEIFS(data_event_accrual!$K:$K,data_event_accrual!$A:$A,"Photoshoot",data_event_accrual!$B:$B,$AI$3,data_event_accrual!$C:$C,"40-99",data_event_accrual!$E:$E,$AH6),AVERAGEIFS(data_event_accrual!$J:$J,data_event_accrual!$A:$A,"Photoshoot",data_event_accrual!$B:$B,$AI$3,data_event_accrual!$C:$C,"40-99",data_event_accrual!$E:$E,$AH6),AVERAGEIFS(data_event_accrual!$L:$L,data_event_accrual!$A:$A,"Photoshoot",data_event_accrual!$B:$B,$AI$3,data_event_accrual!$C:$C,"40-99",data_event_accrual!$E:$E,$AH6)),1)),COUNTIF($AX$5:$AX$14,"<="&bal*shr)))} | AP6: {=IF($AH6="","",IF(AO6=0,"{}",LET(m,AO6,s,MMULT(TRANSPOSE((SEQUENCE(10,1,1,1)<=m)*1),VSTACK($H$27:$AB$27,$H$30:$AB$30,$H$33:$AB$33,$H$36:$AB$36,$H$39:$AB$39,$H$42:$AB$42,$H$45:$AB$45,$H$48:$AB$48,$H$51:$AB$51,$H$54:$AB$54)),"{"&TEXTJOIN(", ",TRUE,IF(s>0,$H$24:$AB$24&": "&ROUND(s,2),""))&"}")))} | AQ6: {=IF($AH6="","",LET(bal,SUMIFS(data_event_inst!$N:$N,data_event_inst!$A:$A,"Photoshoot",data_event_inst!$B:$B,$AI$3,data_event_inst!$C:$C,"100+"),shr,MIN(1,IFERROR(CHOOSE(MATCH($AI$2,{"Avg","p25","p50","p75"},0),AVERAGEIFS(data_event_accrual!$I:$I,data_event_accrual!$A:$A,"Photoshoot",data_event_accrual!$B:$B,$AI$3,data_event_accrual!$C:$C,"100+",data_event_accrual!$E:$E,$AH6),AVERAGEIFS(data_event_accrual!$K:$K,data_event_accrual!$A:$A,"Photoshoot",data_event_accrual!$B:$B,$AI$3,data_event_accrual!$C:$C,"100+",data_event_accrual!$E:$E,$AH6),AVERAGEIFS(data_event_accrual!$J:$J,data_event_accrual!$A:$A,"Photoshoot",data_event_accrual!$B:$B,$AI$3,data_event_accrual!$C:$C,"100+",data_event_accrual!$E:$E,$AH6),AVERAGEIFS(data_event_accrual!$L:$L,data_event_accrual!$A:$A,"Photoshoot",data_event_accrual!$B:$B,$AI$3,data_event_accrual!$C:$C,"100+",data_event_accrual!$E:$E,$AH6)),1)),COUNTIF($AX$5:$AX$14,"<="&bal*shr)))} | AR6: {=IF($AH6="","",IF(AQ6=0,"{}",LET(m,AQ6,s,MMULT(TRANSPOSE((SEQUENCE(10,1,1,1)<=m)*1),VSTACK($H$27:$AB$27,$H$30:$AB$30,$H$33:$AB$33,$H$36:$AB$36,$H$39:$AB$39,$H$42:$AB$42,$H$45:$AB$45,$H$48:$AB$48,$H$51:$AB$51,$H$54:$AB$54)),"{"&TEXTJOIN(", ",TRUE,IF(s>0,$H$24:$AB$24&": "&ROUND(s,2),""))&"}")))} | AT6: 2 | AU6: =SUM($F$25:$F26) | AW6: 2 | AX6: 395
A7: manualRewardClaiming | B7: =FALSE() | AH7: =IF(2<=$B$3,2,"") | AI7: {=IF($AH7="","",LET(bal,SUMIFS(data_event_inst!$N:$N,data_event_inst!$A:$A,"Photoshoot",data_event_inst!$B:$B,$AI$3,data_event_inst!$C:$C,"0-9"),shr,MIN(1,IFERROR(CHOOSE(MATCH($AI$2,{"Avg","p25","p50","p75"},0),AVERAGEIFS(data_event_accrual!$I:$I,data_event_accrual!$A:$A,"Photoshoot",data_event_accrual!$B:$B,$AI$3,data_event_accrual!$C:$C,"0-9",data_event_accrual!$E:$E,$AH7),AVERAGEIFS(data_event_accrual!$K:$K,data_event_accrual!$A:$A,"Photoshoot",data_event_accrual!$B:$B,$AI$3,data_event_accrual!$C:$C,"0-9",data_event_accrual!$E:$E,$AH7),AVERAGEIFS(data_event_accrual!$J:$J,data_event_accrual!$A:$A,"Photoshoot",data_event_accrual!$B:$B,$AI$3,data_event_accrual!$C:$C,"0-9",data_event_accrual!$E:$E,$AH7),AVERAGEIFS(data_event_accrual!$L:$L,data_event_accrual!$A:$A,"Photoshoot",data_event_accrual!$B:$B,$AI$3,data_event_accrual!$C:$C,"0-9",data_event_accrual!$E:$E,$AH7)),1)),COUNTIF($AX$5:$AX$14,"<="&bal*shr)))} | AJ7: {=IF($AH7="","",IF(AI7=0,"{}",LET(m,AI7,s,MMULT(TRANSPOSE((SEQUENCE(10,1,1,1)<=m)*1),VSTACK($H$27:$AB$27,$H$30:$AB$30,$H$33:$AB$33,$H$36:$AB$36,$H$39:$AB$39,$H$42:$AB$42,$H$45:$AB$45,$H$48:$AB$48,$H$51:$AB$51,$H$54:$AB$54)),"{"&TEXTJOIN(", ",TRUE,IF(s>0,$H$24:$AB$24&": "&ROUND(s,2),""))&"}")))} | AK7: {=IF($AH7="","",LET(bal,SUMIFS(data_event_inst!$N:$N,data_event_inst!$A:$A,"Photoshoot",data_event_inst!$B:$B,$AI$3,data_event_inst!$C:$C,"10-19"),shr,MIN(1,IFERROR(CHOOSE(MATCH($AI$2,{"Avg","p25","p50","p75"},0),AVERAGEIFS(data_event_accrual!$I:$I,data_event_accrual!$A:$A,"Photoshoot",data_event_accrual!$B:$B,$AI$3,data_event_accrual!$C:$C,"10-19",data_event_accrual!$E:$E,$AH7),AVERAGEIFS(data_event_accrual!$K:$K,data_event_accrual!$A:$A,"Photoshoot",data_event_accrual!$B:$B,$AI$3,data_event_accrual!$C:$C,"10-19",data_event_accrual!$E:$E,$AH7),AVERAGEIFS(data_event_accrual!$J:$J,data_event_accrual!$A:$A,"Photoshoot",data_event_accrual!$B:$B,$AI$3,data_event_accrual!$C:$C,"10-19",data_event_accrual!$E:$E,$AH7),AVERAGEIFS(data_event_accrual!$L:$L,data_event_accrual!$A:$A,"Photoshoot",data_event_accrual!$B:$B,$AI$3,data_event_accrual!$C:$C,"10-19",data_event_accrual!$E:$E,$AH7)),1)),COUNTIF($AX$5:$AX$14,"<="&bal*shr)))} | AL7: {=IF($AH7="","",IF(AK7=0,"{}",LET(m,AK7,s,MMULT(TRANSPOSE((SEQUENCE(10,1,1,1)<=m)*1),VSTACK($H$27:$AB$27,$H$30:$AB$30,$H$33:$AB$33,$H$36:$AB$36,$H$39:$AB$39,$H$42:$AB$42,$H$45:$AB$45,$H$48:$AB$48,$H$51:$AB$51,$H$54:$AB$54)),"{"&TEXTJOIN(", ",TRUE,IF(s>0,$H$24:$AB$24&": "&ROUND(s,2),""))&"}")))} | AM7: {=IF($AH7="","",LET(bal,SUMIFS(data_event_inst!$N:$N,data_event_inst!$A:$A,"Photoshoot",data_event_inst!$B:$B,$AI$3,data_event_inst!$C:$C,"20-39"),shr,MIN(1,IFERROR(CHOOSE(MATCH($AI$2,{"Avg","p25","p50","p75"},0),AVERAGEIFS(data_event_accrual!$I:$I,data_event_accrual!$A:$A,"Photoshoot",data_event_accrual!$B:$B,$AI$3,data_event_accrual!$C:$C,"20-39",data_event_accrual!$E:$E,$AH7),AVERAGEIFS(data_event_accrual!$K:$K,data_event_accrual!$A:$A,"Photoshoot",data_event_accrual!$B:$B,$AI$3,data_event_accrual!$C:$C,"20-39",data_event_accrual!$E:$E,$AH7),AVERAGEIFS(data_event_accrual!$J:$J,data_event_accrual!$A:$A,"Photoshoot",data_event_accrual!$B:$B,$AI$3,data_event_accrual!$C:$C,"20-39",data_event_accrual!$E:$E,$AH7),AVERAGEIFS(data_event_accrual!$L:$L,data_event_accrual!$A:$A,"Photoshoot",data_event_accrual!$B:$B,$AI$3,data_event_accrual!$C:$C,"20-39",data_event_accrual!$E:$E,$AH7)),1)),COUNTIF($AX$5:$AX$14,"<="&bal*shr)))} | AN7: {=IF($AH7="","",IF(AM7=0,"{}",LET(m,AM7,s,MMULT(TRANSPOSE((SEQUENCE(10,1,1,1)<=m)*1),VSTACK($H$27:$AB$27,$H$30:$AB$30,$H$33:$AB$33,$H$36:$AB$36,$H$39:$AB$39,$H$42:$AB$42,$H$45:$AB$45,$H$48:$AB$48,$H$51:$AB$51,$H$54:$AB$54)),"{"&TEXTJOIN(", ",TRUE,IF(s>0,$H$24:$AB$24&": "&ROUND(s,2),""))&"}")))} | AO7: {=IF($AH7="","",LET(bal,SUMIFS(data_event_inst!$N:$N,data_event_inst!$A:$A,"Photoshoot",data_event_inst!$B:$B,$AI$3,data_event_inst!$C:$C,"40-99"),shr,MIN(1,IFERROR(CHOOSE(MATCH($AI$2,{"Avg","p25","p50","p75"},0),AVERAGEIFS(data_event_accrual!$I:$I,data_event_accrual!$A:$A,"Photoshoot",data_event_accrual!$B:$B,$AI$3,data_event_accrual!$C:$C,"40-99",data_event_accrual!$E:$E,$AH7),AVERAGEIFS(data_event_accrual!$K:$K,data_event_accrual!$A:$A,"Photoshoot",data_event_accrual!$B:$B,$AI$3,data_event_accrual!$C:$C,"40-99",data_event_accrual!$E:$E,$AH7),AVERAGEIFS(data_event_accrual!$J:$J,data_event_accrual!$A:$A,"Photoshoot",data_event_accrual!$B:$B,$AI$3,data_event_accrual!$C:$C,"40-99",data_event_accrual!$E:$E,$AH7),AVERAGEIFS(data_event_accrual!$L:$L,data_event_accrual!$A:$A,"Photoshoot",data_event_accrual!$B:$B,$AI$3,data_event_accrual!$C:$C,"40-99",data_event_accrual!$E:$E,$AH7)),1)),COUNTIF($AX$5:$AX$14,"<="&bal*shr)))} | AP7: {=IF($AH7="","",IF(AO7=0,"{}",LET(m,AO7,s,MMULT(TRANSPOSE((SEQUENCE(10,1,1,1)<=m)*1),VSTACK($H$27:$AB$27,$H$30:$AB$30,$H$33:$AB$33,$H$36:$AB$36,$H$39:$AB$39,$H$42:$AB$42,$H$45:$AB$45,$H$48:$AB$48,$H$51:$AB$51,$H$54:$AB$54)),"{"&TEXTJOIN(", ",TRUE,IF(s>0,$H$24:$AB$24&": "&ROUND(s,2),""))&"}")))} | AQ7: {=IF($AH7="","",LET(bal,SUMIFS(data_event_inst!$N:$N,data_event_inst!$A:$A,"Photoshoot",data_event_inst!$B:$B,$AI$3,data_event_inst!$C:$C,"100+"),shr,MIN(1,IFERROR(CHOOSE(MATCH($AI$2,{"Avg","p25","p50","p75"},0),AVERAGEIFS(data_event_accrual!$I:$I,data_event_accrual!$A:$A,"Photoshoot",data_event_accrual!$B:$B,$AI$3,data_event_accrual!$C:$C,"100+",data_event_accrual!$E:$E,$AH7),AVERAGEIFS(data_event_accrual!$K:$K,data_event_accrual!$A:$A,"Photoshoot",data_event_accrual!$B:$B,$AI$3,data_event_accrual!$C:$C,"100+",data_event_accrual!$E:$E,$AH7),AVERAGEIFS(data_event_accrual!$J:$J,data_event_accrual!$A:$A,"Photoshoot",data_event_accrual!$B:$B,$AI$3,data_event_accrual!$C:$C,"100+",data_event_accrual!$E:$E,$AH7),AVERAGEIFS(data_event_accrual!$L:$L,data_event_accrual!$A:$A,"Photoshoot",data_event_accrual!$B:$B,$AI$3,data_event_accrual!$C:$C,"100+",data_event_accrual!$E:$E,$AH7)),1)),COUNTIF($AX$5:$AX$14,"<="&bal*shr)))} | AR7: {=IF($AH7="","",IF(AQ7=0,"{}",LET(m,AQ7,s,MMULT(TRANSPOSE((SEQUENCE(10,1,1,1)<=m)*1),VSTACK($H$27:$AB$27,$H$30:$AB$30,$H$33:$AB$33,$H$36:$AB$36,$H$39:$AB$39,$H$42:$AB$42,$H$45:$AB$45,$H$48:$AB$48,$H$51:$AB$51,$H$54:$AB$54)),"{"&TEXTJOIN(", ",TRUE,IF(s>0,$H$24:$AB$24&": "&ROUND(s,2),""))&"}")))} | AT7: 3 | AU7: =SUM($F$25:$F27) | AW7: 3 | AX7: 640
A8: assetBundle | B8: event-photoshoot-generic | AH8: =IF(3<=$B$3,3,"") | AI8: {=IF($AH8="","",LET(bal,SUMIFS(data_event_inst!$N:$N,data_event_inst!$A:$A,"Photoshoot",data_event_inst!$B:$B,$AI$3,data_event_inst!$C:$C,"0-9"),shr,MIN(1,IFERROR(CHOOSE(MATCH($AI$2,{"Avg","p25","p50","p75"},0),AVERAGEIFS(data_event_accrual!$I:$I,data_event_accrual!$A:$A,"Photoshoot",data_event_accrual!$B:$B,$AI$3,data_event_accrual!$C:$C,"0-9",data_event_accrual!$E:$E,$AH8),AVERAGEIFS(data_event_accrual!$K:$K,data_event_accrual!$A:$A,"Photoshoot",data_event_accrual!$B:$B,$AI$3,data_event_accrual!$C:$C,"0-9",data_event_accrual!$E:$E,$AH8),AVERAGEIFS(data_event_accrual!$J:$J,data_event_accrual!$A:$A,"Photoshoot",data_event_accrual!$B:$B,$AI$3,data_event_accrual!$C:$C,"0-9",data_event_accrual!$E:$E,$AH8),AVERAGEIFS(data_event_accrual!$L:$L,data_event_accrual!$A:$A,"Photoshoot",data_event_accrual!$B:$B,$AI$3,data_event_accrual!$C:$C,"0-9",data_event_accrual!$E:$E,$AH8)),1)),COUNTIF($AX$5:$AX$14,"<="&bal*shr)))} | AJ8: {=IF($AH8="","",IF(AI8=0,"{}",LET(m,AI8,s,MMULT(TRANSPOSE((SEQUENCE(10,1,1,1)<=m)*1),VSTACK($H$27:$AB$27,$H$30:$AB$30,$H$33:$AB$33,$H$36:$AB$36,$H$39:$AB$39,$H$42:$AB$42,$H$45:$AB$45,$H$48:$AB$48,$H$51:$AB$51,$H$54:$AB$54)),"{"&TEXTJOIN(", ",TRUE,IF(s>0,$H$24:$AB$24&": "&ROUND(s,2),""))&"}")))} | AK8: {=IF($AH8="","",LET(bal,SUMIFS(data_event_inst!$N:$N,data_event_inst!$A:$A,"Photoshoot",data_event_inst!$B:$B,$AI$3,data_event_inst!$C:$C,"10-19"),shr,MIN(1,IFERROR(CHOOSE(MATCH($AI$2,{"Avg","p25","p50","p75"},0),AVERAGEIFS(data_event_accrual!$I:$I,data_event_accrual!$A:$A,"Photoshoot",data_event_accrual!$B:$B,$AI$3,data_event_accrual!$C:$C,"10-19",data_event_accrual!$E:$E,$AH8),AVERAGEIFS(data_event_accrual!$K:$K,data_event_accrual!$A:$A,"Photoshoot",data_event_accrual!$B:$B,$AI$3,data_event_accrual!$C:$C,"10-19",data_event_accrual!$E:$E,$AH8),AVERAGEIFS(data_event_accrual!$J:$J,data_event_accrual!$A:$A,"Photoshoot",data_event_accrual!$B:$B,$AI$3,data_event_accrual!$C:$C,"10-19",data_event_accrual!$E:$E,$AH8),AVERAGEIFS(data_event_accrual!$L:$L,data_event_accrual!$A:$A,"Photoshoot",data_event_accrual!$B:$B,$AI$3,data_event_accrual!$C:$C,"10-19",data_event_accrual!$E:$E,$AH8)),1)),COUNTIF($AX$5:$AX$14,"<="&bal*shr)))} | AL8: {=IF($AH8="","",IF(AK8=0,"{}",LET(m,AK8,s,MMULT(TRANSPOSE((SEQUENCE(10,1,1,1)<=m)*1),VSTACK($H$27:$AB$27,$H$30:$AB$30,$H$33:$AB$33,$H$36:$AB$36,$H$39:$AB$39,$H$42:$AB$42,$H$45:$AB$45,$H$48:$AB$48,$H$51:$AB$51,$H$54:$AB$54)),"{"&TEXTJOIN(", ",TRUE,IF(s>0,$H$24:$AB$24&": "&ROUND(s,2),""))&"}")))} | AM8: {=IF($AH8="","",LET(bal,SUMIFS(data_event_inst!$N:$N,data_event_inst!$A:$A,"Photoshoot",data_event_inst!$B:$B,$AI$3,data_event_inst!$C:$C,"20-39"),shr,MIN(1,IFERROR(CHOOSE(MATCH($AI$2,{"Avg","p25","p50","p75"},0),AVERAGEIFS(data_event_accrual!$I:$I,data_event_accrual!$A:$A,"Photoshoot",data_event_accrual!$B:$B,$AI$3,data_event_accrual!$C:$C,"20-39",data_event_accrual!$E:$E,$AH8),AVERAGEIFS(data_event_accrual!$K:$K,data_event_accrual!$A:$A,"Photoshoot",data_event_accrual!$B:$B,$AI$3,data_event_accrual!$C:$C,"20-39",data_event_accrual!$E:$E,$AH8),AVERAGEIFS(data_event_accrual!$J:$J,data_event_accrual!$A:$A,"Photoshoot",data_event_accrual!$B:$B,$AI$3,data_event_accrual!$C:$C,"20-39",data_event_accrual!$E:$E,$AH8),AVERAGEIFS(data_event_accrual!$L:$L,data_event_accrual!$A:$A,"Photoshoot",data_event_accrual!$B:$B,$AI$3,data_event_accrual!$C:$C,"20-39",data_event_accrual!$E:$E,$AH8)),1)),COUNTIF($AX$5:$AX$14,"<="&bal*shr)))} | AN8: {=IF($AH8="","",IF(AM8=0,"{}",LET(m,AM8,s,MMULT(TRANSPOSE((SEQUENCE(10,1,1,1)<=m)*1),VSTACK($H$27:$AB$27,$H$30:$AB$30,$H$33:$AB$33,$H$36:$AB$36,$H$39:$AB$39,$H$42:$AB$42,$H$45:$AB$45,$H$48:$AB$48,$H$51:$AB$51,$H$54:$AB$54)),"{"&TEXTJOIN(", ",TRUE,IF(s>0,$H$24:$AB$24&": "&ROUND(s,2),""))&"}")))} | AO8: {=IF($AH8="","",LET(bal,SUMIFS(data_event_inst!$N:$N,data_event_inst!$A:$A,"Photoshoot",data_event_inst!$B:$B,$AI$3,data_event_inst!$C:$C,"40-99"),shr,MIN(1,IFERROR(CHOOSE(MATCH($AI$2,{"Avg","p25","p50","p75"},0),AVERAGEIFS(data_event_accrual!$I:$I,data_event_accrual!$A:$A,"Photoshoot",data_event_accrual!$B:$B,$AI$3,data_event_accrual!$C:$C,"40-99",data_event_accrual!$E:$E,$AH8),AVERAGEIFS(data_event_accrual!$K:$K,data_event_accrual!$A:$A,"Photoshoot",data_event_accrual!$B:$B,$AI$3,data_event_accrual!$C:$C,"40-99",data_event_accrual!$E:$E,$AH8),AVERAGEIFS(data_event_accrual!$J:$J,data_event_accrual!$A:$A,"Photoshoot",data_event_accrual!$B:$B,$AI$3,data_event_accrual!$C:$C,"40-99",data_event_accrual!$E:$E,$AH8),AVERAGEIFS(data_event_accrual!$L:$L,data_event_accrual!$A:$A,"Photoshoot",data_event_accrual!$B:$B,$AI$3,data_event_accrual!$C:$C,"40-99",data_event_accrual!$E:$E,$AH8)),1)),COUNTIF($AX$5:$AX$14,"<="&bal*shr)))} | AP8: {=IF($AH8="","",IF(AO8=0,"{}",LET(m,AO8,s,MMULT(TRANSPOSE((SEQUENCE(10,1,1,1)<=m)*1),VSTACK($H$27:$AB$27,$H$30:$AB$30,$H$33:$AB$33,$H$36:$AB$36,$H$39:$AB$39,$H$42:$AB$42,$H$45:$AB$45,$H$48:$AB$48,$H$51:$AB$51,$H$54:$AB$54)),"{"&TEXTJOIN(", ",TRUE,IF(s>0,$H$24:$AB$24&": "&ROUND(s,2),""))&"}")))} | AQ8: {=IF($AH8="","",LET(bal,SUMIFS(data_event_inst!$N:$N,data_event_inst!$A:$A,"Photoshoot",data_event_inst!$B:$B,$AI$3,data_event_inst!$C:$C,"100+"),shr,MIN(1,IFERROR(CHOOSE(MATCH($AI$2,{"Avg","p25","p50","p75"},0),AVERAGEIFS(data_event_accrual!$I:$I,data_event_accrual!$A:$A,"Photoshoot",data_event_accrual!$B:$B,$AI$3,data_event_accrual!$C:$C,"100+",data_event_accrual!$E:$E,$AH8),AVERAGEIFS(data_event_accrual!$K:$K,data_event_accrual!$A:$A,"Photoshoot",data_event_accrual!$B:$B,$AI$3,data_event_accrual!$C:$C,"100+",data_event_accrual!$E:$E,$AH8),AVERAGEIFS(data_event_accrual!$J:$J,data_event_accrual!$A:$A,"Photoshoot",data_event_accrual!$B:$B,$AI$3,data_event_accrual!$C:$C,"100+",data_event_accrual!$E:$E,$AH8),AVERAGEIFS(data_event_accrual!$L:$L,data_event_accrual!$A:$A,"Photoshoot",data_event_accrual!$B:$B,$AI$3,data_event_accrual!$C:$C,"100+",data_event_accrual!$E:$E,$AH8)),1)),COUNTIF($AX$5:$AX$14,"<="&bal*shr)))} | AR8: {=IF($AH8="","",IF(AQ8=0,"{}",LET(m,AQ8,s,MMULT(TRANSPOSE((SEQUENCE(10,1,1,1)<=m)*1),VSTACK($H$27:$AB$27,$H$30:$AB$30,$H$33:$AB$33,$H$36:$AB$36,$H$39:$AB$39,$H$42:$AB$42,$H$45:$AB$45,$H$48:$AB$48,$H$51:$AB$51,$H$54:$AB$54)),"{"&TEXTJOIN(", ",TRUE,IF(s>0,$H$24:$AB$24&": "&ROUND(s,2),""))&"}")))} | AT8: 4 | AU8: =SUM($F$25:$F28) | AW8: 4 | AX8: 985
A9: numberOfItems | B9: 30 | AH9: =IF(4<=$B$3,4,"") | AI9: {=IF($AH9="","",LET(bal,SUMIFS(data_event_inst!$N:$N,data_event_inst!$A:$A,"Photoshoot",data_event_inst!$B:$B,$AI$3,data_event_inst!$C:$C,"0-9"),shr,MIN(1,IFERROR(CHOOSE(MATCH($AI$2,{"Avg","p25","p50","p75"},0),AVERAGEIFS(data_event_accrual!$I:$I,data_event_accrual!$A:$A,"Photoshoot",data_event_accrual!$B:$B,$AI$3,data_event_accrual!$C:$C,"0-9",data_event_accrual!$E:$E,$AH9),AVERAGEIFS(data_event_accrual!$K:$K,data_event_accrual!$A:$A,"Photoshoot",data_event_accrual!$B:$B,$AI$3,data_event_accrual!$C:$C,"0-9",data_event_accrual!$E:$E,$AH9),AVERAGEIFS(data_event_accrual!$J:$J,data_event_accrual!$A:$A,"Photoshoot",data_event_accrual!$B:$B,$AI$3,data_event_accrual!$C:$C,"0-9",data_event_accrual!$E:$E,$AH9),AVERAGEIFS(data_event_accrual!$L:$L,data_event_accrual!$A:$A,"Photoshoot",data_event_accrual!$B:$B,$AI$3,data_event_accrual!$C:$C,"0-9",data_event_accrual!$E:$E,$AH9)),1)),COUNTIF($AX$5:$AX$14,"<="&bal*shr)))} | AJ9: {=IF($AH9="","",IF(AI9=0,"{}",LET(m,AI9,s,MMULT(TRANSPOSE((SEQUENCE(10,1,1,1)<=m)*1),VSTACK($H$27:$AB$27,$H$30:$AB$30,$H$33:$AB$33,$H$36:$AB$36,$H$39:$AB$39,$H$42:$AB$42,$H$45:$AB$45,$H$48:$AB$48,$H$51:$AB$51,$H$54:$AB$54)),"{"&TEXTJOIN(", ",TRUE,IF(s>0,$H$24:$AB$24&": "&ROUND(s,2),""))&"}")))} | AK9: {=IF($AH9="","",LET(bal,SUMIFS(data_event_inst!$N:$N,data_event_inst!$A:$A,"Photoshoot",data_event_inst!$B:$B,$AI$3,data_event_inst!$C:$C,"10-19"),shr,MIN(1,IFERROR(CHOOSE(MATCH($AI$2,{"Avg","p25","p50","p75"},0),AVERAGEIFS(data_event_accrual!$I:$I,data_event_accrual!$A:$A,"Photoshoot",data_event_accrual!$B:$B,$AI$3,data_event_accrual!$C:$C,"10-19",data_event_accrual!$E:$E,$AH9),AVERAGEIFS(data_event_accrual!$K:$K,data_event_accrual!$A:$A,"Photoshoot",data_event_accrual!$B:$B,$AI$3,data_event_accrual!$C:$C,"10-19",data_event_accrual!$E:$E,$AH9),AVERAGEIFS(data_event_accrual!$J:$J,data_event_accrual!$A:$A,"Photoshoot",data_event_accrual!$B:$B,$AI$3,data_event_accrual!$C:$C,"10-19",data_event_accrual!$E:$E,$AH9),AVERAGEIFS(data_event_accrual!$L:$L,data_event_accrual!$A:$A,"Photoshoot",data_event_accrual!$B:$B,$AI$3,data_event_accrual!$C:$C,"10-19",data_event_accrual!$E:$E,$AH9)),1)),COUNTIF($AX$5:$AX$14,"<="&bal*shr)))} | AL9: {=IF($AH9="","",IF(AK9=0,"{}",LET(m,AK9,s,MMULT(TRANSPOSE((SEQUENCE(10,1,1,1)<=m)*1),VSTACK($H$27:$AB$27,$H$30:$AB$30,$H$33:$AB$33,$H$36:$AB$36,$H$39:$AB$39,$H$42:$AB$42,$H$45:$AB$45,$H$48:$AB$48,$H$51:$AB$51,$H$54:$AB$54)),"{"&TEXTJOIN(", ",TRUE,IF(s>0,$H$24:$AB$24&": "&ROUND(s,2),""))&"}")))} | AM9: {=IF($AH9="","",LET(bal,SUMIFS(data_event_inst!$N:$N,data_event_inst!$A:$A,"Photoshoot",data_event_inst!$B:$B,$AI$3,data_event_inst!$C:$C,"20-39"),shr,MIN(1,IFERROR(CHOOSE(MATCH($AI$2,{"Avg","p25","p50","p75"},0),AVERAGEIFS(data_event_accrual!$I:$I,data_event_accrual!$A:$A,"Photoshoot",data_event_accrual!$B:$B,$AI$3,data_event_accrual!$C:$C,"20-39",data_event_accrual!$E:$E,$AH9),AVERAGEIFS(data_event_accrual!$K:$K,data_event_accrual!$A:$A,"Photoshoot",data_event_accrual!$B:$B,$AI$3,data_event_accrual!$C:$C,"20-39",data_event_accrual!$E:$E,$AH9),AVERAGEIFS(data_event_accrual!$J:$J,data_event_accrual!$A:$A,"Photoshoot",data_event_accrual!$B:$B,$AI$3,data_event_accrual!$C:$C,"20-39",data_event_accrual!$E:$E,$AH9),AVERAGEIFS(data_event_accrual!$L:$L,data_event_accrual!$A:$A,"Photoshoot",data_event_accrual!$B:$B,$AI$3,data_event_accrual!$C:$C,"20-39",data_event_accrual!$E:$E,$AH9)),1)),COUNTIF($AX$5:$AX$14,"<="&bal*shr)))} | AN9: {=IF($AH9="","",IF(AM9=0,"{}",LET(m,AM9,s,MMULT(TRANSPOSE((SEQUENCE(10,1,1,1)<=m)*1),VSTACK($H$27:$AB$27,$H$30:$AB$30,$H$33:$AB$33,$H$36:$AB$36,$H$39:$AB$39,$H$42:$AB$42,$H$45:$AB$45,$H$48:$AB$48,$H$51:$AB$51,$H$54:$AB$54)),"{"&TEXTJOIN(", ",TRUE,IF(s>0,$H$24:$AB$24&": "&ROUND(s,2),""))&"}")))} | AO9: {=IF($AH9="","",LET(bal,SUMIFS(data_event_inst!$N:$N,data_event_inst!$A:$A,"Photoshoot",data_event_inst!$B:$B,$AI$3,data_event_inst!$C:$C,"40-99"),shr,MIN(1,IFERROR(CHOOSE(MATCH($AI$2,{"Avg","p25","p50","p75"},0),AVERAGEIFS(data_event_accrual!$I:$I,data_event_accrual!$A:$A,"Photoshoot",data_event_accrual!$B:$B,$AI$3,data_event_accrual!$C:$C,"40-99",data_event_accrual!$E:$E,$AH9),AVERAGEIFS(data_event_accrual!$K:$K,data_event_accrual!$A:$A,"Photoshoot",data_event_accrual!$B:$B,$AI$3,data_event_accrual!$C:$C,"40-99",data_event_accrual!$E:$E,$AH9),AVERAGEIFS(data_event_accrual!$J:$J,data_event_accrual!$A:$A,"Photoshoot",data_event_accrual!$B:$B,$AI$3,data_event_accrual!$C:$C,"40-99",data_event_accrual!$E:$E,$AH9),AVERAGEIFS(data_event_accrual!$L:$L,data_event_accrual!$A:$A,"Photoshoot",data_event_accrual!$B:$B,$AI$3,data_event_accrual!$C:$C,"40-99",data_event_accrual!$E:$E,$AH9)),1)),COUNTIF($AX$5:$AX$14,"<="&bal*shr)))} | AP9: {=IF($AH9="","",IF(AO9=0,"{}",LET(m,AO9,s,MMULT(TRANSPOSE((SEQUENCE(10,1,1,1)<=m)*1),VSTACK($H$27:$AB$27,$H$30:$AB$30,$H$33:$AB$33,$H$36:$AB$36,$H$39:$AB$39,$H$42:$AB$42,$H$45:$AB$45,$H$48:$AB$48,$H$51:$AB$51,$H$54:$AB$54)),"{"&TEXTJOIN(", ",TRUE,IF(s>0,$H$24:$AB$24&": "&ROUND(s,2),""))&"}")))} | AQ9: {=IF($AH9="","",LET(bal,SUMIFS(data_event_inst!$N:$N,data_event_inst!$A:$A,"Photoshoot",data_event_inst!$B:$B,$AI$3,data_event_inst!$C:$C,"100+"),shr,MIN(1,IFERROR(CHOOSE(MATCH($AI$2,{"Avg","p25","p50","p75"},0),AVERAGEIFS(data_event_accrual!$I:$I,data_event_accrual!$A:$A,"Photoshoot",data_event_accrual!$B:$B,$AI$3,data_event_accrual!$C:$C,"100+",data_event_accrual!$E:$E,$AH9),AVERAGEIFS(data_event_accrual!$K:$K,data_event_accrual!$A:$A,"Photoshoot",data_event_accrual!$B:$B,$AI$3,data_event_accrual!$C:$C,"100+",data_event_accrual!$E:$E,$AH9),AVERAGEIFS(data_event_accrual!$J:$J,data_event_accrual!$A:$A,"Photoshoot",data_event_accrual!$B:$B,$AI$3,data_event_accrual!$C:$C,"100+",data_event_accrual!$E:$E,$AH9),AVERAGEIFS(data_event_accrual!$L:$L,data_event_accrual!$A:$A,"Photoshoot",data_event_accrual!$B:$B,$AI$3,data_event_accrual!$C:$C,"100+",data_event_accrual!$E:$E,$AH9)),1)),COUNTIF($AX$5:$AX$14,"<="&bal*shr)))} | AR9: {=IF($AH9="","",IF(AQ9=0,"{}",LET(m,AQ9,s,MMULT(TRANSPOSE((SEQUENCE(10,1,1,1)<=m)*1),VSTACK($H$27:$AB$27,$H$30:$AB$30,$H$33:$AB$33,$H$36:$AB$36,$H$39:$AB$39,$H$42:$AB$42,$H$45:$AB$45,$H$48:$AB$48,$H$51:$AB$51,$H$54:$AB$54)),"{"&TEXTJOIN(", ",TRUE,IF(s>0,$H$24:$AB$24&": "&ROUND(s,2),""))&"}")))} | AT9: 5 | AU9: =SUM($F$25:$F29) | AW9: 5 | AX9: 1415
A10: numberOfMilestoneTiers | B10: 10 | AH10: =IF(5<=$B$3,5,"") | AI10: {=IF($AH10="","",LET(bal,SUMIFS(data_event_inst!$N:$N,data_event_inst!$A:$A,"Photoshoot",data_event_inst!$B:$B,$AI$3,data_event_inst!$C:$C,"0-9"),shr,MIN(1,IFERROR(CHOOSE(MATCH($AI$2,{"Avg","p25","p50","p75"},0),AVERAGEIFS(data_event_accrual!$I:$I,data_event_accrual!$A:$A,"Photoshoot",data_event_accrual!$B:$B,$AI$3,data_event_accrual!$C:$C,"0-9",data_event_accrual!$E:$E,$AH10),AVERAGEIFS(data_event_accrual!$K:$K,data_event_accrual!$A:$A,"Photoshoot",data_event_accrual!$B:$B,$AI$3,data_event_accrual!$C:$C,"0-9",data_event_accrual!$E:$E,$AH10),AVERAGEIFS(data_event_accrual!$J:$J,data_event_accrual!$A:$A,"Photoshoot",data_event_accrual!$B:$B,$AI$3,data_event_accrual!$C:$C,"0-9",data_event_accrual!$E:$E,$AH10),AVERAGEIFS(data_event_accrual!$L:$L,data_event_accrual!$A:$A,"Photoshoot",data_event_accrual!$B:$B,$AI$3,data_event_accrual!$C:$C,"0-9",data_event_accrual!$E:$E,$AH10)),1)),COUNTIF($AX$5:$AX$14,"<="&bal*shr)))} | AJ10: {=IF($AH10="","",IF(AI10=0,"{}",LET(m,AI10,s,MMULT(TRANSPOSE((SEQUENCE(10,1,1,1)<=m)*1),VSTACK($H$27:$AB$27,$H$30:$AB$30,$H$33:$AB$33,$H$36:$AB$36,$H$39:$AB$39,$H$42:$AB$42,$H$45:$AB$45,$H$48:$AB$48,$H$51:$AB$51,$H$54:$AB$54)),"{"&TEXTJOIN(", ",TRUE,IF(s>0,$H$24:$AB$24&": "&ROUND(s,2),""))&"}")))} | AK10: {=IF($AH10="","",LET(bal,SUMIFS(data_event_inst!$N:$N,data_event_inst!$A:$A,"Photoshoot",data_event_inst!$B:$B,$AI$3,data_event_inst!$C:$C,"10-19"),shr,MIN(1,IFERROR(CHOOSE(MATCH($AI$2,{"Avg","p25","p50","p75"},0),AVERAGEIFS(data_event_accrual!$I:$I,data_event_accrual!$A:$A,"Photoshoot",data_event_accrual!$B:$B,$AI$3,data_event_accrual!$C:$C,"10-19",data_event_accrual!$E:$E,$AH10),AVERAGEIFS(data_event_accrual!$K:$K,data_event_accrual!$A:$A,"Photoshoot",data_event_accrual!$B:$B,$AI$3,data_event_accrual!$C:$C,"10-19",data_event_accrual!$E:$E,$AH10),AVERAGEIFS(data_event_accrual!$J:$J,data_event_accrual!$A:$A,"Photoshoot",data_event_accrual!$B:$B,$AI$3,data_event_accrual!$C:$C,"10-19",data_event_accrual!$E:$E,$AH10),AVERAGEIFS(data_event_accrual!$L:$L,data_event_accrual!$A:$A,"Photoshoot",data_event_accrual!$B:$B,$AI$3,data_event_accrual!$C:$C,"10-19",data_event_accrual!$E:$E,$AH10)),1)),COUNTIF($AX$5:$AX$14,"<="&bal*shr)))} | AL10: {=IF($AH10="","",IF(AK10=0,"{}",LET(m,AK10,s,MMULT(TRANSPOSE((SEQUENCE(10,1,1,1)<=m)*1),VSTACK($H$27:$AB$27,$H$30:$AB$30,$H$33:$AB$33,$H$36:$AB$36,$H$39:$AB$39,$H$42:$AB$42,$H$45:$AB$45,$H$48:$AB$48,$H$51:$AB$51,$H$54:$AB$54)),"{"&TEXTJOIN(", ",TRUE,IF(s>0,$H$24:$AB$24&": "&ROUND(s,2),""))&"}")))} | AM10: {=IF($AH10="","",LET(bal,SUMIFS(data_event_inst!$N:$N,data_event_inst!$A:$A,"Photoshoot",data_event_inst!$B:$B,$AI$3,data_event_inst!$C:$C,"20-39"),shr,MIN(1,IFERROR(CHOOSE(MATCH($AI$2,{"Avg","p25","p50","p75"},0),AVERAGEIFS(data_event_accrual!$I:$I,data_event_accrual!$A:$A,"Photoshoot",data_event_accrual!$B:$B,$AI$3,data_event_accrual!$C:$C,"20-39",data_event_accrual!$E:$E,$AH10),AVERAGEIFS(data_event_accrual!$K:$K,data_event_accrual!$A:$A,"Photoshoot",data_event_accrual!$B:$B,$AI$3,data_event_accrual!$C:$C,"20-39",data_event_accrual!$E:$E,$AH10),AVERAGEIFS(data_event_accrual!$J:$J,data_event_accrual!$A:$A,"Photoshoot",data_event_accrual!$B:$B,$AI$3,data_event_accrual!$C:$C,"20-39",data_event_accrual!$E:$E,$AH10),AVERAGEIFS(data_event_accrual!$L:$L,data_event_accrual!$A:$A,"Photoshoot",data_event_accrual!$B:$B,$AI$3,data_event_accrual!$C:$C,"20-39",data_event_accrual!$E:$E,$AH10)),1)),COUNTIF($AX$5:$AX$14,"<="&bal*shr)))} | AN10: {=IF($AH10="","",IF(AM10=0,"{}",LET(m,AM10,s,MMULT(TRANSPOSE((SEQUENCE(10,1,1,1)<=m)*1),VSTACK($H$27:$AB$27,$H$30:$AB$30,$H$33:$AB$33,$H$36:$AB$36,$H$39:$AB$39,$H$42:$AB$42,$H$45:$AB$45,$H$48:$AB$48,$H$51:$AB$51,$H$54:$AB$54)),"{"&TEXTJOIN(", ",TRUE,IF(s>0,$H$24:$AB$24&": "&ROUND(s,2),""))&"}")))} | AO10: {=IF($AH10="","",LET(bal,SUMIFS(data_event_inst!$N:$N,data_event_inst!$A:$A,"Photoshoot",data_event_inst!$B:$B,$AI$3,data_event_inst!$C:$C,"40-99"),shr,MIN(1,IFERROR(CHOOSE(MATCH($AI$2,{"Avg","p25","p50","p75"},0),AVERAGEIFS(data_event_accrual!$I:$I,data_event_accrual!$A:$A,"Photoshoot",data_event_accrual!$B:$B,$AI$3,data_event_accrual!$C:$C,"40-99",data_event_accrual!$E:$E,$AH10),AVERAGEIFS(data_event_accrual!$K:$K,data_event_accrual!$A:$A,"Photoshoot",data_event_accrual!$B:$B,$AI$3,data_event_accrual!$C:$C,"40-99",data_event_accrual!$E:$E,$AH10),AVERAGEIFS(data_event_accrual!$J:$J,data_event_accrual!$A:$A,"Photoshoot",data_event_accrual!$B:$B,$AI$3,data_event_accrual!$C:$C,"40-99",data_event_accrual!$E:$E,$AH10),AVERAGEIFS(data_event_accrual!$L:$L,data_event_accrual!$A:$A,"Photoshoot",data_event_accrual!$B:$B,$AI$3,data_event_accrual!$C:$C,"40-99",data_event_accrual!$E:$E,$AH10)),1)),COUNTIF($AX$5:$AX$14,"<="&bal*shr)))} | AP10: {=IF($AH10="","",IF(AO10=0,"{}",LET(m,AO10,s,MMULT(TRANSPOSE((SEQUENCE(10,1,1,1)<=m)*1),VSTACK($H$27:$AB$27,$H$30:$AB$30,$H$33:$AB$33,$H$36:$AB$36,$H$39:$AB$39,$H$42:$AB$42,$H$45:$AB$45,$H$48:$AB$48,$H$51:$AB$51,$H$54:$AB$54)),"{"&TEXTJOIN(", ",TRUE,IF(s>0,$H$24:$AB$24&": "&ROUND(s,2),""))&"}")))} | AQ10: {=IF($AH10="","",LET(bal,SUMIFS(data_event_inst!$N:$N,data_event_inst!$A:$A,"Photoshoot",data_event_inst!$B:$B,$AI$3,data_event_inst!$C:$C,"100+"),shr,MIN(1,IFERROR(CHOOSE(MATCH($AI$2,{"Avg","p25","p50","p75"},0),AVERAGEIFS(data_event_accrual!$I:$I,data_event_accrual!$A:$A,"Photoshoot",data_event_accrual!$B:$B,$AI$3,data_event_accrual!$C:$C,"100+",data_event_accrual!$E:$E,$AH10),AVERAGEIFS(data_event_accrual!$K:$K,data_event_accrual!$A:$A,"Photoshoot",data_event_accrual!$B:$B,$AI$3,data_event_accrual!$C:$C,"100+",data_event_accrual!$E:$E,$AH10),AVERAGEIFS(data_event_accrual!$J:$J,data_event_accrual!$A:$A,"Photoshoot",data_event_accrual!$B:$B,$AI$3,data_event_accrual!$C:$C,"100+",data_event_accrual!$E:$E,$AH10),AVERAGEIFS(data_event_accrual!$L:$L,data_event_accrual!$A:$A,"Photoshoot",data_event_accrual!$B:$B,$AI$3,data_event_accrual!$C:$C,"100+",data_event_accrual!$E:$E,$AH10)),1)),COUNTIF($AX$5:$AX$14,"<="&bal*shr)))} | AR10: {=IF($AH10="","",IF(AQ10=0,"{}",LET(m,AQ10,s,MMULT(TRANSPOSE((SEQUENCE(10,1,1,1)<=m)*1),VSTACK($H$27:$AB$27,$H$30:$AB$30,$H$33:$AB$33,$H$36:$AB$36,$H$39:$AB$39,$H$42:$AB$42,$H$45:$AB$45,$H$48:$AB$48,$H$51:$AB$51,$H$54:$AB$54)),"{"&TEXTJOIN(", ",TRUE,IF(s>0,$H$24:$AB$24&": "&ROUND(s,2),""))&"}")))} | AT10: 6 | AU10: =SUM($F$25:$F30) | AW10: 6 | AX10: 1845
A11: numberOfEndlessLanes | B11: 3 | AH11: =IF(6<=$B$3,6,"") | AI11: {=IF($AH11="","",LET(bal,SUMIFS(data_event_inst!$N:$N,data_event_inst!$A:$A,"Photoshoot",data_event_inst!$B:$B,$AI$3,data_event_inst!$C:$C,"0-9"),shr,MIN(1,IFERROR(CHOOSE(MATCH($AI$2,{"Avg","p25","p50","p75"},0),AVERAGEIFS(data_event_accrual!$I:$I,data_event_accrual!$A:$A,"Photoshoot",data_event_accrual!$B:$B,$AI$3,data_event_accrual!$C:$C,"0-9",data_event_accrual!$E:$E,$AH11),AVERAGEIFS(data_event_accrual!$K:$K,data_event_accrual!$A:$A,"Photoshoot",data_event_accrual!$B:$B,$AI$3,data_event_accrual!$C:$C,"0-9",data_event_accrual!$E:$E,$AH11),AVERAGEIFS(data_event_accrual!$J:$J,data_event_accrual!$A:$A,"Photoshoot",data_event_accrual!$B:$B,$AI$3,data_event_accrual!$C:$C,"0-9",data_event_accrual!$E:$E,$AH11),AVERAGEIFS(data_event_accrual!$L:$L,data_event_accrual!$A:$A,"Photoshoot",data_event_accrual!$B:$B,$AI$3,data_event_accrual!$C:$C,"0-9",data_event_accrual!$E:$E,$AH11)),1)),COUNTIF($AX$5:$AX$14,"<="&bal*shr)))} | AJ11: {=IF($AH11="","",IF(AI11=0,"{}",LET(m,AI11,s,MMULT(TRANSPOSE((SEQUENCE(10,1,1,1)<=m)*1),VSTACK($H$27:$AB$27,$H$30:$AB$30,$H$33:$AB$33,$H$36:$AB$36,$H$39:$AB$39,$H$42:$AB$42,$H$45:$AB$45,$H$48:$AB$48,$H$51:$AB$51,$H$54:$AB$54)),"{"&TEXTJOIN(", ",TRUE,IF(s>0,$H$24:$AB$24&": "&ROUND(s,2),""))&"}")))} | AK11: {=IF($AH11="","",LET(bal,SUMIFS(data_event_inst!$N:$N,data_event_inst!$A:$A,"Photoshoot",data_event_inst!$B:$B,$AI$3,data_event_inst!$C:$C,"10-19"),shr,MIN(1,IFERROR(CHOOSE(MATCH($AI$2,{"Avg","p25","p50","p75"},0),AVERAGEIFS(data_event_accrual!$I:$I,data_event_accrual!$A:$A,"Photoshoot",data_event_accrual!$B:$B,$AI$3,data_event_accrual!$C:$C,"10-19",data_event_accrual!$E:$E,$AH11),AVERAGEIFS(data_event_accrual!$K:$K,data_event_accrual!$A:$A,"Photoshoot",data_event_accrual!$B:$B,$AI$3,data_event_accrual!$C:$C,"10-19",data_event_accrual!$E:$E,$AH11),AVERAGEIFS(data_event_accrual!$J:$J,data_event_accrual!$A:$A,"Photoshoot",data_event_accrual!$B:$B,$AI$3,data_event_accrual!$C:$C,"10-19",data_event_accrual!$E:$E,$AH11),AVERAGEIFS(data_event_accrual!$L:$L,data_event_accrual!$A:$A,"Photoshoot",data_event_accrual!$B:$B,$AI$3,data_event_accrual!$C:$C,"10-19",data_event_accrual!$E:$E,$AH11)),1)),COUNTIF($AX$5:$AX$14,"<="&bal*shr)))} | AL11: {=IF($AH11="","",IF(AK11=0,"{}",LET(m,AK11,s,MMULT(TRANSPOSE((SEQUENCE(10,1,1,1)<=m)*1),VSTACK($H$27:$AB$27,$H$30:$AB$30,$H$33:$AB$33,$H$36:$AB$36,$H$39:$AB$39,$H$42:$AB$42,$H$45:$AB$45,$H$48:$AB$48,$H$51:$AB$51,$H$54:$AB$54)),"{"&TEXTJOIN(", ",TRUE,IF(s>0,$H$24:$AB$24&": "&ROUND(s,2),""))&"}")))} | AM11: {=IF($AH11="","",LET(bal,SUMIFS(data_event_inst!$N:$N,data_event_inst!$A:$A,"Photoshoot",data_event_inst!$B:$B,$AI$3,data_event_inst!$C:$C,"20-39"),shr,MIN(1,IFERROR(CHOOSE(MATCH($AI$2,{"Avg","p25","p50","p75"},0),AVERAGEIFS(data_event_accrual!$I:$I,data_event_accrual!$A:$A,"Photoshoot",data_event_accrual!$B:$B,$AI$3,data_event_accrual!$C:$C,"20-39",data_event_accrual!$E:$E,$AH11),AVERAGEIFS(data_event_accrual!$K:$K,data_event_accrual!$A:$A,"Photoshoot",data_event_accrual!$B:$B,$AI$3,data_event_accrual!$C:$C,"20-39",data_event_accrual!$E:$E,$AH11),AVERAGEIFS(data_event_accrual!$J:$J,data_event_accrual!$A:$A,"Photoshoot",data_event_accrual!$B:$B,$AI$3,data_event_accrual!$C:$C,"20-39",data_event_accrual!$E:$E,$AH11),AVERAGEIFS(data_event_accrual!$L:$L,data_event_accrual!$A:$A,"Photoshoot",data_event_accrual!$B:$B,$AI$3,data_event_accrual!$C:$C,"20-39",data_event_accrual!$E:$E,$AH11)),1)),COUNTIF($AX$5:$AX$14,"<="&bal*shr)))} | AN11: {=IF($AH11="","",IF(AM11=0,"{}",LET(m,AM11,s,MMULT(TRANSPOSE((SEQUENCE(10,1,1,1)<=m)*1),VSTACK($H$27:$AB$27,$H$30:$AB$30,$H$33:$AB$33,$H$36:$AB$36,$H$39:$AB$39,$H$42:$AB$42,$H$45:$AB$45,$H$48:$AB$48,$H$51:$AB$51,$H$54:$AB$54)),"{"&TEXTJOIN(", ",TRUE,IF(s>0,$H$24:$AB$24&": "&ROUND(s,2),""))&"}")))} | AO11: {=IF($AH11="","",LET(bal,SUMIFS(data_event_inst!$N:$N,data_event_inst!$A:$A,"Photoshoot",data_event_inst!$B:$B,$AI$3,data_event_inst!$C:$C,"40-99"),shr,MIN(1,IFERROR(CHOOSE(MATCH($AI$2,{"Avg","p25","p50","p75"},0),AVERAGEIFS(data_event_accrual!$I:$I,data_event_accrual!$A:$A,"Photoshoot",data_event_accrual!$B:$B,$AI$3,data_event_accrual!$C:$C,"40-99",data_event_accrual!$E:$E,$AH11),AVERAGEIFS(data_event_accrual!$K:$K,data_event_accrual!$A:$A,"Photoshoot",data_event_accrual!$B:$B,$AI$3,data_event_accrual!$C:$C,"40-99",data_event_accrual!$E:$E,$AH11),AVERAGEIFS(data_event_accrual!$J:$J,data_event_accrual!$A:$A,"Photoshoot",data_event_accrual!$B:$B,$AI$3,data_event_accrual!$C:$C,"40-99",data_event_accrual!$E:$E,$AH11),AVERAGEIFS(data_event_accrual!$L:$L,data_event_accrual!$A:$A,"Photoshoot",data_event_accrual!$B:$B,$AI$3,data_event_accrual!$C:$C,"40-99",data_event_accrual!$E:$E,$AH11)),1)),COUNTIF($AX$5:$AX$14,"<="&bal*shr)))} | AP11: {=IF($AH11="","",IF(AO11=0,"{}",LET(m,AO11,s,MMULT(TRANSPOSE((SEQUENCE(10,1,1,1)<=m)*1),VSTACK($H$27:$AB$27,$H$30:$AB$30,$H$33:$AB$33,$H$36:$AB$36,$H$39:$AB$39,$H$42:$AB$42,$H$45:$AB$45,$H$48:$AB$48,$H$51:$AB$51,$H$54:$AB$54)),"{"&TEXTJOIN(", ",TRUE,IF(s>0,$H$24:$AB$24&": "&ROUND(s,2),""))&"}")))} | AQ11: {=IF($AH11="","",LET(bal,SUMIFS(data_event_inst!$N:$N,data_event_inst!$A:$A,"Photoshoot",data_event_inst!$B:$B,$AI$3,data_event_inst!$C:$C,"100+"),shr,MIN(1,IFERROR(CHOOSE(MATCH($AI$2,{"Avg","p25","p50","p75"},0),AVERAGEIFS(data_event_accrual!$I:$I,data_event_accrual!$A:$A,"Photoshoot",data_event_accrual!$B:$B,$AI$3,data_event_accrual!$C:$C,"100+",data_event_accrual!$E:$E,$AH11),AVERAGEIFS(data_event_accrual!$K:$K,data_event_accrual!$A:$A,"Photoshoot",data_event_accrual!$B:$B,$AI$3,data_event_accrual!$C:$C,"100+",data_event_accrual!$E:$E,$AH11),AVERAGEIFS(data_event_accrual!$J:$J,data_event_accrual!$A:$A,"Photoshoot",data_event_accrual!$B:$B,$AI$3,data_event_accrual!$C:$C,"100+",data_event_accrual!$E:$E,$AH11),AVERAGEIFS(data_event_accrual!$L:$L,data_event_accrual!$A:$A,"Photoshoot",data_event_accrual!$B:$B,$AI$3,data_event_accrual!$C:$C,"100+",data_event_accrual!$E:$E,$AH11)),1)),COUNTIF($AX$5:$AX$14,"<="&bal*shr)))} | AR11: {=IF($AH11="","",IF(AQ11=0,"{}",LET(m,AQ11,s,MMULT(TRANSPOSE((SEQUENCE(10,1,1,1)<=m)*1),VSTACK($H$27:$AB$27,$H$30:$AB$30,$H$33:$AB$33,$H$36:$AB$36,$H$39:$AB$39,$H$42:$AB$42,$H$45:$AB$45,$H$48:$AB$48,$H$51:$AB$51,$H$54:$AB$54)),"{"&TEXTJOIN(", ",TRUE,IF(s>0,$H$24:$AB$24&": "&ROUND(s,2),""))&"}")))} | AT11: 7 | AU11: =SUM($F$25:$F31) | AW11: 7 | AX11: 2555
A12: endlessRewardsPerLane | B12: 15 | AH12: =IF(7<=$B$3,7,"") | AI12: {=IF($AH12="","",LET(bal,SUMIFS(data_event_inst!$N:$N,data_event_inst!$A:$A,"Photoshoot",data_event_inst!$B:$B,$AI$3,data_event_inst!$C:$C,"0-9"),shr,MIN(1,IFERROR(CHOOSE(MATCH($AI$2,{"Avg","p25","p50","p75"},0),AVERAGEIFS(data_event_accrual!$I:$I,data_event_accrual!$A:$A,"Photoshoot",data_event_accrual!$B:$B,$AI$3,data_event_accrual!$C:$C,"0-9",data_event_accrual!$E:$E,$AH12),AVERAGEIFS(data_event_accrual!$K:$K,data_event_accrual!$A:$A,"Photoshoot",data_event_accrual!$B:$B,$AI$3,data_event_accrual!$C:$C,"0-9",data_event_accrual!$E:$E,$AH12),AVERAGEIFS(data_event_accrual!$J:$J,data_event_accrual!$A:$A,"Photoshoot",data_event_accrual!$B:$B,$AI$3,data_event_accrual!$C:$C,"0-9",data_event_accrual!$E:$E,$AH12),AVERAGEIFS(data_event_accrual!$L:$L,data_event_accrual!$A:$A,"Photoshoot",data_event_accrual!$B:$B,$AI$3,data_event_accrual!$C:$C,"0-9",data_event_accrual!$E:$E,$AH12)),1)),COUNTIF($AX$5:$AX$14,"<="&bal*shr)))} | AJ12: {=IF($AH12="","",IF(AI12=0,"{}",LET(m,AI12,s,MMULT(TRANSPOSE((SEQUENCE(10,1,1,1)<=m)*1),VSTACK($H$27:$AB$27,$H$30:$AB$30,$H$33:$AB$33,$H$36:$AB$36,$H$39:$AB$39,$H$42:$AB$42,$H$45:$AB$45,$H$48:$AB$48,$H$51:$AB$51,$H$54:$AB$54)),"{"&TEXTJOIN(", ",TRUE,IF(s>0,$H$24:$AB$24&": "&ROUND(s,2),""))&"}")))} | AK12: {=IF($AH12="","",LET(bal,SUMIFS(data_event_inst!$N:$N,data_event_inst!$A:$A,"Photoshoot",data_event_inst!$B:$B,$AI$3,data_event_inst!$C:$C,"10-19"),shr,MIN(1,IFERROR(CHOOSE(MATCH($AI$2,{"Avg","p25","p50","p75"},0),AVERAGEIFS(data_event_accrual!$I:$I,data_event_accrual!$A:$A,"Photoshoot",data_event_accrual!$B:$B,$AI$3,data_event_accrual!$C:$C,"10-19",data_event_accrual!$E:$E,$AH12),AVERAGEIFS(data_event_accrual!$K:$K,data_event_accrual!$A:$A,"Photoshoot",data_event_accrual!$B:$B,$AI$3,data_event_accrual!$C:$C,"10-19",data_event_accrual!$E:$E,$AH12),AVERAGEIFS(data_event_accrual!$J:$J,data_event_accrual!$A:$A,"Photoshoot",data_event_accrual!$B:$B,$AI$3,data_event_accrual!$C:$C,"10-19",data_event_accrual!$E:$E,$AH12),AVERAGEIFS(data_event_accrual!$L:$L,data_event_accrual!$A:$A,"Photoshoot",data_event_accrual!$B:$B,$AI$3,data_event_accrual!$C:$C,"10-19",data_event_accrual!$E:$E,$AH12)),1)),COUNTIF($AX$5:$AX$14,"<="&bal*shr)))} | AL12: {=IF($AH12="","",IF(AK12=0,"{}",LET(m,AK12,s,MMULT(TRANSPOSE((SEQUENCE(10,1,1,1)<=m)*1),VSTACK($H$27:$AB$27,$H$30:$AB$30,$H$33:$AB$33,$H$36:$AB$36,$H$39:$AB$39,$H$42:$AB$42,$H$45:$AB$45,$H$48:$AB$48,$H$51:$AB$51,$H$54:$AB$54)),"{"&TEXTJOIN(", ",TRUE,IF(s>0,$H$24:$AB$24&": "&ROUND(s,2),""))&"}")))} | AM12: {=IF($AH12="","",LET(bal,SUMIFS(data_event_inst!$N:$N,data_event_inst!$A:$A,"Photoshoot",data_event_inst!$B:$B,$AI$3,data_event_inst!$C:$C,"20-39"),shr,MIN(1,IFERROR(CHOOSE(MATCH($AI$2,{"Avg","p25","p50","p75"},0),AVERAGEIFS(data_event_accrual!$I:$I,data_event_accrual!$A:$A,"Photoshoot",data_event_accrual!$B:$B,$AI$3,data_event_accrual!$C:$C,"20-39",data_event_accrual!$E:$E,$AH12),AVERAGEIFS(data_event_accrual!$K:$K,data_event_accrual!$A:$A,"Photoshoot",data_event_accrual!$B:$B,$AI$3,data_event_accrual!$C:$C,"20-39",data_event_accrual!$E:$E,$AH12),AVERAGEIFS(data_event_accrual!$J:$J,data_event_accrual!$A:$A,"Photoshoot",data_event_accrual!$B:$B,$AI$3,data_event_accrual!$C:$C,"20-39",data_event_accrual!$E:$E,$AH12),AVERAGEIFS(data_event_accrual!$L:$L,data_event_accrual!$A:$A,"Photoshoot",data_event_accrual!$B:$B,$AI$3,data_event_accrual!$C:$C,"20-39",data_event_accrual!$E:$E,$AH12)),1)),COUNTIF($AX$5:$AX$14,"<="&bal*shr)))} | AN12: {=IF($AH12="","",IF(AM12=0,"{}",LET(m,AM12,s,MMULT(TRANSPOSE((SEQUENCE(10,1,1,1)<=m)*1),VSTACK($H$27:$AB$27,$H$30:$AB$30,$H$33:$AB$33,$H$36:$AB$36,$H$39:$AB$39,$H$42:$AB$42,$H$45:$AB$45,$H$48:$AB$48,$H$51:$AB$51,$H$54:$AB$54)),"{"&TEXTJOIN(", ",TRUE,IF(s>0,$H$24:$AB$24&": "&ROUND(s,2),""))&"}")))} | AO12: {=IF($AH12="","",LET(bal,SUMIFS(data_event_inst!$N:$N,data_event_inst!$A:$A,"Photoshoot",data_event_inst!$B:$B,$AI$3,data_event_inst!$C:$C,"40-99"),shr,MIN(1,IFERROR(CHOOSE(MATCH($AI$2,{"Avg","p25","p50","p75"},0),AVERAGEIFS(data_event_accrual!$I:$I,data_event_accrual!$A:$A,"Photoshoot",data_event_accrual!$B:$B,$AI$3,data_event_accrual!$C:$C,"40-99",data_event_accrual!$E:$E,$AH12),AVERAGEIFS(data_event_accrual!$K:$K,data_event_accrual!$A:$A,"Photoshoot",data_event_accrual!$B:$B,$AI$3,data_event_accrual!$C:$C,"40-99",data_event_accrual!$E:$E,$AH12),AVERAGEIFS(data_event_accrual!$J:$J,data_event_accrual!$A:$A,"Photoshoot",data_event_accrual!$B:$B,$AI$3,data_event_accrual!$C:$C,"40-99",data_event_accrual!$E:$E,$AH12),AVERAGEIFS(data_event_accrual!$L:$L,data_event_accrual!$A:$A,"Photoshoot",data_event_accrual!$B:$B,$AI$3,data_event_accrual!$C:$C,"40-99",data_event_accrual!$E:$E,$AH12)),1)),COUNTIF($AX$5:$AX$14,"<="&bal*shr)))} | AP12: {=IF($AH12="","",IF(AO12=0,"{}",LET(m,AO12,s,MMULT(TRANSPOSE((SEQUENCE(10,1,1,1)<=m)*1),VSTACK($H$27:$AB$27,$H$30:$AB$30,$H$33:$AB$33,$H$36:$AB$36,$H$39:$AB$39,$H$42:$AB$42,$H$45:$AB$45,$H$48:$AB$48,$H$51:$AB$51,$H$54:$AB$54)),"{"&TEXTJOIN(", ",TRUE,IF(s>0,$H$24:$AB$24&": "&ROUND(s,2),""))&"}")))} | AQ12: {=IF($AH12="","",LET(bal,SUMIFS(data_event_inst!$N:$N,data_event_inst!$A:$A,"Photoshoot",data_event_inst!$B:$B,$AI$3,data_event_inst!$C:$C,"100+"),shr,MIN(1,IFERROR(CHOOSE(MATCH($AI$2,{"Avg","p25","p50","p75"},0),AVERAGEIFS(data_event_accrual!$I:$I,data_event_accrual!$A:$A,"Photoshoot",data_event_accrual!$B:$B,$AI$3,data_event_accrual!$C:$C,"100+",data_event_accrual!$E:$E,$AH12),AVERAGEIFS(data_event_accrual!$K:$K,data_event_accrual!$A:$A,"Photoshoot",data_event_accrual!$B:$B,$AI$3,data_event_accrual!$C:$C,"100+",data_event_accrual!$E:$E,$AH12),AVERAGEIFS(data_event_accrual!$J:$J,data_event_accrual!$A:$A,"Photoshoot",data_event_accrual!$B:$B,$AI$3,data_event_accrual!$C:$C,"100+",data_event_accrual!$E:$E,$AH12),AVERAGEIFS(data_event_accrual!$L:$L,data_event_accrual!$A:$A,"Photoshoot",data_event_accrual!$B:$B,$AI$3,data_event_accrual!$C:$C,"100+",data_event_accrual!$E:$E,$AH12)),1)),COUNTIF($AX$5:$AX$14,"<="&bal*shr)))} | AR12: {=IF($AH12="","",IF(AQ12=0,"{}",LET(m,AQ12,s,MMULT(TRANSPOSE((SEQUENCE(10,1,1,1)<=m)*1),VSTACK($H$27:$AB$27,$H$30:$AB$30,$H$33:$AB$33,$H$36:$AB$36,$H$39:$AB$39,$H$42:$AB$42,$H$45:$AB$45,$H$48:$AB$48,$H$51:$AB$51,$H$54:$AB$54)),"{"&TEXTJOIN(", ",TRUE,IF(s>0,$H$24:$AB$24&": "&ROUND(s,2),""))&"}")))} | AT12: 8 | AU12: =SUM($F$25:$F32) | AW12: 8 | AX12: 3415
A13: itemLevelUnlocks (per set) | B13: 0, 1, 1, 1, 1, 1, 1, 1, 1, 1 | AT13: 9 | AU13: =SUM($F$25:$F33) | AW13: 9 | AX13: 4675
AT14: 10 | AU14: =SUM($F$25:$F34) | AW14: 10 | AX14: 6735
A15: Streak Multipliers (first-try win streak → token earn multiplier) | AT15: 11 | AU15: =SUM($F$25:$F35)
A16: Tier | B16: Token Multiplier | AT16: 12 | AU16: =SUM($F$25:$F36) | AW16: GREEDY model: buy each set's reward item (item 3) first + the cheapest fillers needed to unlock the set (col E thresholds). AX = cumulative tokens to COMPLETE the set. _ms = # sets (reward milestones) completed; _reward sums those sets' bonuses. Last-day leftover tokens buy non-reward items (no extra reward).
A17: 1 | B17: 1x | AT17: 13 | AU17: =SUM($F$25:$F37)
A18: 2 | B18: 2x | AT18: 14 | AU18: =SUM($F$25:$F38)
A19: 3 | B19: 4x | AT19: 15 | AU19: =SUM($F$25:$F39)
A20: 4 | B20: 6x | AT20: 16 | AU20: =SUM($F$25:$F40)
A21: 5 | B21: 10x | AT21: 17 | AU21: =SUM($F$25:$F41)
AT22: 18 | AU22: =SUM($F$25:$F42)
A23: Goals and Rewards (30 items × 10 milestone tiers) | AT23: 19 | AU23: =SUM($F$25:$F43)
A24: Item Id | B24: Set # | C24: Set Name | D24: Item name | E24: Items to unlock set (from doc) | F24: itemPrices (tokens) | G24: Items Unlocked | H24: Coins | I24: SPT | J24: SPT x2 | K24: Red | L24: Chuck | M24: Bomb | N24: Slingshot | O24: Shuffle | P24: Comet | Q24: Unlimited Lives | R24: Unlimited Red | S24: Unlimited Chuck | T24: Unlimited Bomb | U24: COOP Token | V24: Avatar | W24: 1-star Dly | X24: 2-star Dly | Y24: 3-star Dly | Z24: 4-star Dly | AA24: 5-star Dly | AB24: 6-star Dly | AT24: 20 | AU24: =SUM($F$25:$F44)
A25: 1 | B25: 1 | C25: Red's Headgear | D25: Headgear 1 | E25: 0 | F25: 80 | G25: =A25 | H25: 0 | I25: 0 | J25: 0 | K25: 0 | L25: 0 | M25: 0 | N25: 0 | O25: 0 | P25: 0 | Q25: 0 | R25: 0 | S25: 0 | T25: 0 | U25: 0 | V25: 0 | W25: 0 | X25: 0 | Y25: 0 | Z25: 0 | AA25: 0 | AB25: 0 | AT25: 21 | AU25: =SUM($F$25:$F45)
A26: 2 | B26: 1 | C26: Red's Headgear | D26: Headgear 2 | E26: 0 | F26: 130 | G26: =A26 | H26: 0 | I26: 0 | J26: 0 | K26: 0 | L26: 0 | M26: 0 | N26: 0 | O26: 0 | P26: 0 | Q26: 0 | R26: 0 | S26: 0 | T26: 0 | U26: 0 | V26: 0 | W26: 0 | X26: 0 | Y26: 0 | Z26: 0 | AA26: 0 | AB26: 0 | AT26: 22 | AU26: =SUM($F$25:$F46)
A27: 3 | B27: 1 | C27: Red's Headgear | D27: Headgear 3 | E27: 0 | F27: 155 | G27: =A27 | H27: 0 | I27: 0 | J27: 0 | K27: 0 | L27: 1 | M27: 0 | N27: 0 | O27: 0 | P27: 0 | Q27: 0 | R27: 0 | S27: 0 | T27: 0 | U27: 0 | V27: 0 | W27: 0 | X27: 0 | Y27: 0 | Z27: 0 | AA27: 0 | AB27: 0 | AT27: 23 | AU27: =SUM($F$25:$F47)
A28: 4 | B28: 2 | C28: Red's Body | D28: Body 1 | E28: 2 | F28: 80 | G28: =A28 | H28: 0 | I28: 0 | J28: 0 | K28: 0 | L28: 0 | M28: 0 | N28: 0 | O28: 0 | P28: 0 | Q28: 0 | R28: 0 | S28: 0 | T28: 0 | U28: 0 | V28: 0 | W28: 0 | X28: 0 | Y28: 0 | Z28: 0 | AA28: 0 | AB28: 0 | AT28: 24 | AU28: =SUM($F$25:$F48)
A29: 5 | B29: 2 | C29: Red's Body | D29: Body 2 | E29: 2 | F29: 130 | G29: =A29 | H29: 0 | I29: 0 | J29: 0 | K29: 0 | L29: 0 | M29: 0 | N29: 0 | O29: 0 | P29: 0 | Q29: 0 | R29: 0 | S29: 0 | T29: 0 | U29: 0 | V29: 0 | W29: 0 | X29: 0 | Y29: 0 | Z29: 0 | AA29: 0 | AB29: 0 | AT29: 25 | AU29: =SUM($F$25:$F49)
A30: 6 | B30: 2 | C30: Red's Body | D30: Body 3 | E30: 2 | F30: 160 | G30: =A30 | H30: 0 | I30: 0 | J30: 0 | K30: 0 | L30: 0 | M30: 0 | N30: 0 | O30: 0 | P30: 0 | Q30: 30 | R30: 0 | S30: 0 | T30: 0 | U30: 0 | V30: 0 | W30: 0 | X30: 0 | Y30: 0 | Z30: 0 | AA30: 0 | AB30: 0 | AT30: 26 | AU30: =SUM($F$25:$F50)
A31: 7 | B31: 3 | C31: Chuck's Headgear | D31: Headgear 1 | E31: 4 | F31: 80 | G31: =A31 | H31: 0 | I31: 0 | J31: 0 | K31: 0 | L31: 0 | M31: 0 | N31: 0 | O31: 0 | P31: 0 | Q31: 0 | R31: 0 | S31: 0 | T31: 0 | U31: 0 | V31: 0 | W31: 0 | X31: 0 | Y31: 0 | Z31: 0 | AA31: 0 | AB31: 0 | AT31: 27 | AU31: =SUM($F$25:$F51)
A32: 8 | B32: 3 | C32: Chuck's Headgear | D32: Headgear 2 | E32: 4 | F32: 135 | G32: =A32 | H32: 0 | I32: 0 | J32: 0 | K32: 0 | L32: 0 | M32: 0 | N32: 0 | O32: 0 | P32: 0 | Q32: 0 | R32: 0 | S32: 0 | T32: 0 | U32: 0 | V32: 0 | W32: 0 | X32: 0 | Y32: 0 | Z32: 0 | AA32: 0 | AB32: 0 | AT32: 28 | AU32: =SUM($F$25:$F52)
A33: 9 | B33: 3 | C33: Chuck's Headgear | D33: Headgear 3 | E33: 4 | F33: 165 | G33: =A33 | H33: 25 | I33: 0 | J33: 0 | K33: 0 | L33: 0 | M33: 0 | N33: 0 | O33: 0 | P33: 0 | Q33: 0 | R33: 0 | S33: 0 | T33: 0 | U33: 0 | V33: 0 | W33: 0 | X33: 0 | Y33: 0 | Z33: 0 | AA33: 0 | AB33: 0 | AT33: 29 | AU33: =SUM($F$25:$F53)
A34: 10 | B34: 4 | C34: Bomb's Headgear | D34: Headgear 1 | E34: 6 | F34: 165 | G34: =A34 | H34: 0 | I34: 0 | J34: 0 | K34: 0 | L34: 0 | M34: 0 | N34: 0 | O34: 0 | P34: 0 | Q34: 0 | R34: 0 | S34: 0 | T34: 0 | U34: 0 | V34: 0 | W34: 0 | X34: 0 | Y34: 0 | Z34: 0 | AA34: 0 | AB34: 0 | AT34: 30 | AU34: =SUM($F$25:$F54)
A35: 11 | B35: 4 | C35: Bomb's Headgear | D35: Headgear 2 | E35: 6 | F35: 230 | G35: =A35 | H35: 0 | I35: 0 | J35: 0 | K35: 0 | L35: 0 | M35: 0 | N35: 0 | O35: 0 | P35: 0 | Q35: 0 | R35: 0 | S35: 0 | T35: 0 | U35: 0 | V35: 0 | W35: 0 | X35: 0 | Y35: 0 | Z35: 0 | AA35: 0 | AB35: 0
A36: 12 | B36: 4 | C36: Bomb's Headgear | D36: Headgear 3 | E36: 6 | F36: 265 | G36: =A36 | H36: 0 | I36: 0 | J36: 0 | K36: 0 | L36: 0 | M36: 0 | N36: 0 | O36: 0 | P36: 0 | Q36: 30 | R36: 15 | S36: 0 | T36: 0 | U36: 0 | V36: 0 | W36: 0 | X36: 0 | Y36: 0 | Z36: 0 | AA36: 0 | AB36: 0 | AT36: simplified: items bought sequentially in item-id order (choice ignored)
A37: 13 | B37: 5 | C37: Chuck's Body | D37: Body 1 | E37: 8 | F37: 180 | G37: =A37 | H37: 0 | I37: 0 | J37: 0 | K37: 0 | L37: 0 | M37: 0 | N37: 0 | O37: 0 | P37: 0 | Q37: 0 | R37: 0 | S37: 0 | T37: 0 | U37: 0 | V37: 0 | W37: 0 | X37: 0 | Y37: 0 | Z37: 0 | AA37: 0 | AB37: 0
A38: 14 | B38: 5 | C38: Chuck's Body | D38: Body 2 | E38: 8 | F38: 250 | G38: =A38 | H38: 0 | I38: 0 | J38: 0 | K38: 0 | L38: 0 | M38: 0 | N38: 0 | O38: 0 | P38: 0 | Q38: 0 | R38: 0 | S38: 0 | T38: 0 | U38: 0 | V38: 0 | W38: 0 | X38: 0 | Y38: 0 | Z38: 0 | AA38: 0 | AB38: 0
A39: 15 | B39: 5 | C39: Chuck's Body | D39: Body 3 | E39: 8 | F39: 300 | G39: =A39 | H39: 0 | I39: 0 | J39: 0 | K39: 1 | L39: 0 | M39: 0 | N39: 0 | O39: 0 | P39: 0 | Q39: 0 | R39: 0 | S39: 0 | T39: 0 | U39: 0 | V39: 0 | W39: 0 | X39: 0 | Y39: 0 | Z39: 0 | AA39: 0 | AB39: 0
A40: 16 | B40: 6 | C40: Bomb's Body | D40: Body 1 | E40: 10 | F40: 180 | G40: =A40 | H40: 0 | I40: 0 | J40: 0 | K40: 0 | L40: 0 | M40: 0 | N40: 0 | O40: 0 | P40: 0 | Q40: 0 | R40: 0 | S40: 0 | T40: 0 | U40: 0 | V40: 0 | W40: 0 | X40: 0 | Y40: 0 | Z40: 0 | AA40: 0 | AB40: 0
A41: 17 | B41: 6 | C41: Bomb's Body | D41: Body 2 | E41: 10 | F41: 260 | G41: =A41 | H41: 0 | I41: 0 | J41: 0 | K41: 0 | L41: 0 | M41: 0 | N41: 0 | O41: 0 | P41: 0 | Q41: 0 | R41: 0 | S41: 0 | T41: 0 | U41: 0 | V41: 0 | W41: 0 | X41: 0 | Y41: 0 | Z41: 0 | AA41: 0 | AB41: 0
A42: 18 | B42: 6 | C42: Bomb's Body | D42: Body 3 | E42: 10 | F42: 300 | G42: =A42 | H42: 0 | I42: 0 | J42: 0 | K42: 0 | L42: 0 | M42: 0 | N42: 0 | O42: 0 | P42: 0 | Q42: 30 | R42: 0 | S42: 15 | T42: 0 | U42: 0 | V42: 0 | W42: 0 | X42: 0 | Y42: 0 | Z42: 0 | AA42: 0 | AB42: 0
A43: 19 | B43: 7 | C43: Chuck's accessories | D43: Accessory 1 | E43: 13 | F43: 300 | G43: =A43 | H43: 0 | I43: 0 | J43: 0 | K43: 0 | L43: 0 | M43: 0 | N43: 0 | O43: 0 | P43: 0 | Q43: 0 | R43: 0 | S43: 0 | T43: 0 | U43: 0 | V43: 0 | W43: 0 | X43: 0 | Y43: 0 | Z43: 0 | AA43: 0 | AB43: 0
A44: 20 | B44: 7 | C44: Chuck's accessories | D44: Accessory 2 | E44: 13 | F44: 375 | G44: =A44 | H44: 0 | I44: 0 | J44: 0 | K44: 0 | L44: 0 | M44: 0 | N44: 0 | O44: 0 | P44: 0 | Q44: 0 | R44: 0 | S44: 0 | T44: 0 | U44: 0 | V44: 0 | W44: 0 | X44: 0 | Y44: 0 | Z44: 0 | AA44: 0 | AB44: 0
A45: 21 | B45: 7 | C45: Chuck's accessories | D45: Accessory 3 | E45: 13 | F45: 410 | G45: =A45 | H45: 25 | I45: 0 | J45: 0 | K45: 0 | L45: 0 | M45: 0 | N45: 0 | O45: 0 | P45: 0 | Q45: 0 | R45: 0 | S45: 0 | T45: 0 | U45: 0 | V45: 0 | W45: 0 | X45: 0 | Y45: 0 | Z45: 0 | AA45: 0 | AB45: 0
A46: 22 | B46: 8 | C46: Bomb's accessories | D46: Accessory 1 | E46: 16 | F46: 385 | G46: =A46 | H46: 0 | I46: 0 | J46: 0 | K46: 0 | L46: 0 | M46: 0 | N46: 0 | O46: 0 | P46: 0 | Q46: 0 | R46: 0 | S46: 0 | T46: 0 | U46: 0 | V46: 0 | W46: 0 | X46: 0 | Y46: 0 | Z46: 0 | AA46: 0 | AB46: 0
A47: 23 | B47: 8 | C47: Bomb's accessories | D47: Accessory 2 | E47: 16 | F47: 475 | G47: =A47 | H47: 0 | I47: 0 | J47: 0 | K47: 0 | L47: 0 | M47: 0 | N47: 0 | O47: 0 | P47: 0 | Q47: 0 | R47: 0 | S47: 0 | T47: 0 | U47: 0 | V47: 0 | W47: 0 | X47: 0 | Y47: 0 | Z47: 0 | AA47: 0 | AB47: 0
A48: 24 | B48: 8 | C48: Bomb's accessories | D48: Accessory 3 | E48: 16 | F48: 500 | G48: =A48 | H48: 0 | I48: 0 | J48: 0 | K48: 0 | L48: 0 | M48: 0 | N48: 0 | O48: 0 | P48: 0 | Q48: 60 | R48: 0 | S48: 0 | T48: 15 | U48: 0 | V48: 0 | W48: 0 | X48: 0 | Y48: 0 | Z48: 0 | AA48: 0 | AB48: 0
... A54: 30 | B54: 10 | C54: Photo finishes | D54: Add Text | E54: 25 | F54: 600 | G54: =A54 | H54: 50 | I54: 0 | J54: 0 | K54: 0 | L54: 0 | M54: 1 | N54: 0 | O54: 0 | P54: 0 | Q54: 120 | R54: 0 | S54: 0 | T54: 0 | U54: 0 | V54: 0 | W54: 0 | X54: 0 | Y54: 0 | Z54: 0 | AA54: 0 | AB54: 0
A56: Endless Rewards - Lane 1 (post-completion shop)
A57: Reward # | B57: Price (tokens) | H57: Coins | I57: SPT | J57: SPT x2 | K57: Red | L57: Chuck | M57: Bomb | N57: Slingshot | O57: Shuffle | P57: Comet | Q57: Unlimited Lives | R57: Unlimited Red | S57: Unlimited Chuck | T57: Unlimited Bomb | U57: COOP Token | V57: Avatar | W57: 1-star Dly | X57: 2-star Dly | Y57: 3-star Dly | Z57: 4-star Dly | AA57: 5-star Dly | AB57: 6-star Dly
A58: 1 | B58: 840 | H58: 0 | I58: 0 | J58: 0 | K58: 0 | L58: 0 | M58: 1 | N58: 0 | O58: 0 | P58: 0 | Q58: 0 | R58: 0 | S58: 0 | T58: 0 | U58: 0 | V58: 0 | W58: 0 | X58: 0 | Y58: 0 | Z58: 0 | AA58: 0 | AB58: 0
A59: 2 | B59: 840 | H59: 0 | I59: 0 | J59: 0 | K59: 2 | L59: 0 | M59: 0 | N59: 0 | O59: 0 | P59: 0 | Q59: 0 | R59: 0 | S59: 0 | T59: 0 | U59: 0 | V59: 0 | W59: 0 | X59: 0 | Y59: 0 | Z59: 0 | AA59: 0 | AB59: 0
A60: 3 | B60: 830 | H60: 0 | I60: 0 | J60: 0 | K60: 0 | L60: 1 | M60: 0 | N60: 0 | O60: 0 | P60: 0 | Q60: 0 | R60: 0 | S60: 0 | T60: 0 | U60: 0 | V60: 0 | W60: 0 | X60: 0 | Y60: 0 | Z60: 0 | AA60: 0 | AB60: 0
A61: 4 | B61: 800 | H61: 25 | I61: 0 | J61: 0 | K61: 0 | L61: 0 | M61: 0 | N61: 0 | O61: 0 | P61: 0 | Q61: 0 | R61: 0 | S61: 0 | T61: 0 | U61: 0 | V61: 0 | W61: 0 | X61: 0 | Y61: 0 | Z61: 0 | AA61: 0 | AB61: 0
A62: 5 | B62: 810 | H62: 0 | I62: 0 | J62: 0 | K62: 1 | L62: 0 | M62: 0 | N62: 0 | O62: 0 | P62: 0 | Q62: 0 | R62: 0 | S62: 0 | T62: 0 | U62: 0 | V62: 0 | W62: 0 | X62: 0 | Y62: 0 | Z62: 0 | AA62: 0 | AB62: 0
A63: 6 | B63: 880 | H63: 0 | I63: 0 | J63: 0 | K63: 0 | L63: 2 | M63: 0 | N63: 0 | O63: 0 | P63: 0 | Q63: 0 | R63: 0 | S63: 0 | T63: 0 | U63: 0 | V63: 0 | W63: 0 | X63: 0 | Y63: 0 | Z63: 0 | AA63: 0 | AB63: 0
A64: 7 | B64: 840 | H64: 0 | I64: 0 | J64: 0 | K64: 0 | L64: 0 | M64: 1 | N64: 0 | O64: 0 | P64: 0 | Q64: 0 | R64: 0 | S64: 0 | T64: 0 | U64: 0 | V64: 0 | W64: 0 | X64: 0 | Y64: 0 | Z64: 0 | AA64: 0 | AB64: 0
A65: 8 | B65: 880 | H65: 0 | I65: 0 | J65: 0 | K65: 3 | L65: 0 | M65: 0 | N65: 0 | O65: 0 | P65: 0 | Q65: 0 | R65: 0 | S65: 0 | T65: 0 | U65: 0 | V65: 0 | W65: 0 | X65: 0 | Y65: 0 | Z65: 0 | AA65: 0 | AB65: 0
A66: 9 | B66: 840 | H66: 0 | I66: 0 | J66: 0 | K66: 0 | L66: 0 | M66: 1 | N66: 0 | O66: 0 | P66: 0 | Q66: 0 | R66: 0 | S66: 0 | T66: 0 | U66: 0 | V66: 0 | W66: 0 | X66: 0 | Y66: 0 | Z66: 0 | AA66: 0 | AB66: 0
A67: 10 | B67: 930 | H67: 0 | I67: 0 | J67: 0 | K67: 0 | L67: 3 | M67: 0 | N67: 0 | O67: 0 | P67: 0 | Q67: 0 | R67: 0 | S67: 0 | T67: 0 | U67: 0 | V67: 0 | W67: 0 | X67: 0 | Y67: 0 | Z67: 0 | AA67: 0 | AB67: 0
A68: 11 | B68: 980 | H68: 0 | I68: 0 | J68: 0 | K68: 0 | L68: 0 | M68: 3 | N68: 0 | O68: 0 | P68: 0 | Q68: 0 | R68: 0 | S68: 0 | T68: 0 | U68: 0 | V68: 0 | W68: 0 | X68: 0 | Y68: 0 | Z68: 0 | AA68: 0 | AB68: 0
A69: 12 | B69: 840 | H69: 0 | I69: 0 | J69: 0 | K69: 2 | L69: 0 | M69: 0 | N69: 0 | O69: 0 | P69: 0 | Q69: 0 | R69: 0 | S69: 0 | T69: 0 | U69: 0 | V69: 0 | W69: 0 | X69: 0 | Y69: 0 | Z69: 0 | AA69: 0 | AB69: 0
... A72: 15 | B72: 880 | H72: 0 | I72: 0 | J72: 0 | K72: 0 | L72: 2 | M72: 0 | N72: 0 | O72: 0 | P72: 0 | Q72: 0 | R72: 0 | S72: 0 | T72: 0 | U72: 0 | V72: 0 | W72: 0 | X72: 0 | Y72: 0 | Z72: 0 | AA72: 0 | AB72: 0
A74: Endless Rewards - Lane 2 (post-completion shop)
A75: Reward # | B75: Price (tokens) | H75: Coins | I75: SPT | J75: SPT x2 | K75: Red | L75: Chuck | M75: Bomb | N75: Slingshot | O75: Shuffle | P75: Comet | Q75: Unlimited Lives | R75: Unlimited Red | S75: Unlimited Chuck | T75: Unlimited Bomb | U75: COOP Token | V75: Avatar | W75: 1-star Dly | X75: 2-star Dly | Y75: 3-star Dly | Z75: 4-star Dly | AA75: 5-star Dly | AB75: 6-star Dly
A76: 1 | B76: 830 | H76: 0 | I76: 0 | J76: 0 | K76: 0 | L76: 0 | M76: 0 | N76: 1 | O76: 0 | P76: 0 | Q76: 0 | R76: 0 | S76: 0 | T76: 0 | U76: 0 | V76: 0 | W76: 0 | X76: 0 | Y76: 0 | Z76: 0 | AA76: 0 | AB76: 0
A77: 2 | B77: 800 | H77: 25 | I77: 0 | J77: 0 | K77: 0 | L77: 0 | M77: 0 | N77: 0 | O77: 0 | P77: 0 | Q77: 0 | R77: 0 | S77: 0 | T77: 0 | U77: 0 | V77: 0 | W77: 0 | X77: 0 | Y77: 0 | Z77: 0 | AA77: 0 | AB77: 0
A78: 3 | B78: 910 | H78: 0 | I78: 0 | J78: 0 | K78: 0 | L78: 0 | M78: 0 | N78: 0 | O78: 2 | P78: 0 | Q78: 0 | R78: 0 | S78: 0 | T78: 0 | U78: 0 | V78: 0 | W78: 0 | X78: 0 | Y78: 0 | Z78: 0 | AA78: 0 | AB78: 0
A79: 4 | B79: 940 | H79: 0 | I79: 0 | J79: 0 | K79: 0 | L79: 0 | M79: 0 | N79: 0 | O79: 0 | P79: 1 | Q79: 0 | R79: 0 | S79: 0 | T79: 0 | U79: 0 | V79: 0 | W79: 0 | X79: 0 | Y79: 0 | Z79: 0 | AA79: 0 | AB79: 0
A80: 5 | B80: 910 | H80: 0 | I80: 0 | J80: 0 | K80: 0 | L80: 0 | M80: 0 | N80: 0 | O80: 2 | P80: 0 | Q80: 0 | R80: 0 | S80: 0 | T80: 0 | U80: 0 | V80: 0 | W80: 0 | X80: 0 | Y80: 0 | Z80: 0 | AA80: 0 | AB80: 0
A81: 6 | B81: 880 | H81: 0 | I81: 0 | J81: 0 | K81: 0 | L81: 0 | M81: 0 | N81: 2 | O81: 0 | P81: 0 | Q81: 0 | R81: 0 | S81: 0 | T81: 0 | U81: 0 | V81: 0 | W81: 0 | X81: 0 | Y81: 0 | Z81: 0 | AA81: 0 | AB81: 0
A82: 7 | B82: 940 | H82: 0 | I82: 0 | J82: 0 | K82: 0 | L82: 0 | M82: 0 | N82: 0 | O82: 0 | P82: 1 | Q82: 0 | R82: 0 | S82: 0 | T82: 0 | U82: 0 | V82: 0 | W82: 0 | X82: 0 | Y82: 0 | Z82: 0 | AA82: 0 | AB82: 0
A83: 8 | B83: 980 | H83: 0 | I83: 0 | J83: 0 | K83: 0 | L83: 0 | M83: 0 | N83: 0 | O83: 3 | P83: 0 | Q83: 0 | R83: 0 | S83: 0 | T83: 0 | U83: 0 | V83: 0 | W83: 0 | X83: 0 | Y83: 0 | Z83: 0 | AA83: 0 | AB83: 0
A84: 9 | B84: 830 | H84: 0 | I84: 0 | J84: 0 | K84: 0 | L84: 0 | M84: 0 | N84: 1 | O84: 0 | P84: 0 | Q84: 0 | R84: 0 | S84: 0 | T84: 0 | U84: 0 | V84: 0 | W84: 0 | X84: 0 | Y84: 0 | Z84: 0 | AA84: 0 | AB84: 0
A85: 10 | B85: 810 | H85: 35 | I85: 0 | J85: 0 | K85: 0 | L85: 0 | M85: 0 | N85: 0 | O85: 0 | P85: 0 | Q85: 0 | R85: 0 | S85: 0 | T85: 0 | U85: 0 | V85: 0 | W85: 0 | X85: 0 | Y85: 0 | Z85: 0 | AA85: 0 | AB85: 0
A86: 11 | B86: 1110 | H86: 0 | I86: 0 | J86: 0 | K86: 0 | L86: 0 | M86: 0 | N86: 0 | O86: 0 | P86: 2 | Q86: 0 | R86: 0 | S86: 0 | T86: 0 | U86: 0 | V86: 0 | W86: 0 | X86: 0 | Y86: 0 | Z86: 0 | AA86: 0 | AB86: 0
A87: 12 | B87: 880 | H87: 0 | I87: 0 | J87: 0 | K87: 0 | L87: 0 | M87: 0 | N87: 2 | O87: 0 | P87: 0 | Q87: 0 | R87: 0 | S87: 0 | T87: 0 | U87: 0 | V87: 0 | W87: 0 | X87: 0 | Y87: 0 | Z87: 0 | AA87: 0 | AB87: 0
... A90: 15 | B90: 840 | H90: 0 | I90: 0 | J90: 0 | K90: 0 | L90: 0 | M90: 0 | N90: 0 | O90: 1 | P90: 0 | Q90: 0 | R90: 0 | S90: 0 | T90: 0 | U90: 0 | V90: 0 | W90: 0 | X90: 0 | Y90: 0 | Z90: 0 | AA90: 0 | AB90: 0
A92: Endless Rewards - Lane 3 (post-completion shop)
A93: Reward # | B93: Price (tokens) | H93: Coins | I93: SPT | J93: SPT x2 | K93: Red | L93: Chuck | M93: Bomb | N93: Slingshot | O93: Shuffle | P93: Comet | Q93: Unlimited Lives | R93: Unlimited Red | S93: Unlimited Chuck | T93: Unlimited Bomb | U93: COOP Token | V93: Avatar | W93: 1-star Dly | X93: 2-star Dly | Y93: 3-star Dly | Z93: 4-star Dly | AA93: 5-star Dly | AB93: 6-star Dly
A94: 1 | B94: 940 | H94: 0 | I94: 0 | J94: 0 | K94: 0 | L94: 0 | M94: 0 | N94: 0 | O94: 0 | P94: 0 | Q94: 0 | R94: 0 | S94: 10 | T94: 0 | U94: 0 | V94: 0 | W94: 0 | X94: 0 | Y94: 0 | Z94: 0 | AA94: 0 | AB94: 0
A95: 2 | B95: 950 | H95: 0 | I95: 0 | J95: 0 | K95: 0 | L95: 0 | M95: 0 | N95: 0 | O95: 0 | P95: 0 | Q95: 0 | R95: 0 | S95: 0 | T95: 10 | U95: 0 | V95: 0 | W95: 0 | X95: 0 | Y95: 0 | Z95: 0 | AA95: 0 | AB95: 0
A96: 3 | B96: 840 | H96: 0 | I96: 0 | J96: 0 | K96: 0 | L96: 0 | M96: 0 | N96: 0 | O96: 0 | P96: 0 | Q96: 15 | R96: 0 | S96: 0 | T96: 0 | U96: 0 | V96: 0 | W96: 0 | X96: 0 | Y96: 0 | Z96: 0 | AA96: 0 | AB96: 0
A97: 4 | B97: 940 | H97: 0 | I97: 0 | J97: 0 | K97: 0 | L97: 0 | M97: 0 | N97: 0 | O97: 0 | P97: 0 | Q97: 0 | R97: 10 | S97: 0 | T97: 0 | U97: 0 | V97: 0 | W97: 0 | X97: 0 | Y97: 0 | Z97: 0 | AA97: 0 | AB97: 0
A98: 5 | B98: 900 | H98: 0 | I98: 0 | J98: 0 | K98: 0 | L98: 0 | M98: 0 | N98: 0 | O98: 0 | P98: 0 | Q98: 30 | R98: 0 | S98: 0 | T98: 0 | U98: 0 | V98: 0 | W98: 0 | X98: 0 | Y98: 0 | Z98: 0 | AA98: 0 | AB98: 0
A99: 6 | B99: 810 | H99: 30 | I99: 0 | J99: 0 | K99: 0 | L99: 0 | M99: 0 | N99: 0 | O99: 0 | P99: 0 | Q99: 0 | R99: 0 | S99: 0 | T99: 0 | U99: 0 | V99: 0 | W99: 0 | X99: 0 | Y99: 0 | Z99: 0 | AA99: 0 | AB99: 0
A100: 7 | B100: 990 | H100: 0 | I100: 0 | J100: 0 | K100: 0 | L100: 0 | M100: 0 | N100: 0 | O100: 0 | P100: 0 | Q100: 0 | R100: 0 | S100: 15 | T100: 0 | U100: 0 | V100: 0 | W100: 0 | X100: 0 | Y100: 0 | Z100: 0 | AA100: 0 | AB100: 0
A101: 8 | B101: 980 | H101: 0 | I101: 0 | J101: 0 | K101: 0 | L101: 0 | M101: 0 | N101: 0 | O101: 0 | P101: 0 | Q101: 0 | R101: 15 | S101: 0 | T101: 0 | U101: 0 | V101: 0 | W101: 0 | X101: 0 | Y101: 0 | Z101: 0 | AA101: 0 | AB101: 0
A102: 9 | B102: 900 | H102: 0 | I102: 0 | J102: 0 | K102: 0 | L102: 0 | M102: 0 | N102: 0 | O102: 0 | P102: 0 | Q102: 30 | R102: 0 | S102: 0 | T102: 0 | U102: 0 | V102: 0 | W102: 0 | X102: 0 | Y102: 0 | Z102: 0 | AA102: 0 | AB102: 0
A103: 10 | B103: 950 | H103: 0 | I103: 0 | J103: 0 | K103: 0 | L103: 0 | M103: 0 | N103: 0 | O103: 0 | P103: 0 | Q103: 0 | R103: 0 | S103: 0 | T103: 10 | U103: 0 | V103: 0 | W103: 0 | X103: 0 | Y103: 0 | Z103: 0 | AA103: 0 | AB103: 0
A104: 11 | B104: 990 | H104: 0 | I104: 0 | J104: 0 | K104: 0 | L104: 0 | M104: 0 | N104: 0 | O104: 0 | P104: 0 | Q104: 0 | R104: 0 | S104: 15 | T104: 0 | U104: 0 | V104: 0 | W104: 0 | X104: 0 | Y104: 0 | Z104: 0 | AA104: 0 | AB104: 0
A105: 12 | B105: 830 | H105: 50 | I105: 0 | J105: 0 | K105: 0 | L105: 0 | M105: 0 | N105: 0 | O105: 0 | P105: 0 | Q105: 0 | R105: 0 | S105: 0 | T105: 0 | U105: 0 | V105: 0 | W105: 0 | X105: 0 | Y105: 0 | Z105: 0 | AA105: 0 | AB105: 0
... A108: 15 | B108: 1030 | H108: 0 | I108: 0 | J108: 0 | K108: 0 | L108: 0 | M108: 0 | N108: 0 | O108: 0 | P108: 0 | Q108: 60 | R108: 0 | S108: 0 | T108: 0 | U108: 0 | V108: 0 | W108: 0 | X108: 0 | Y108: 0 | Z108: 0 | AA108: 0 | AB108: 0
