Workbook

Sheet Sim Per Segment
A1: RAINBOW MAKER - SIM PER SEGMENT (0 players excluded)
A3: ◆ 3-DAY MILESTONE EVENT
B4: ◄ CURRENT (actuals: data + calc) ► | P4: ◄ % Players Reaching Milestone M1–M30 (data) ► | AU4: ◄ SIMULATED (Milestone Event: sim + calc) ►
A5: Segment | B5: avg levels (data) | C5: matches/level (data) | D5: matchables p50 (data) | E5: current gain (data) | F5: saga old (data) | G5: daily old (data) | H5: Hatchling Hideaway Gain (data) | I5: Bomb's Ballet Gain (data) | J5: Photoshoot Gain (data) | K5: Jigsaw Gain (data) | L5: Low Intensity Events Avg (calc) | M5: other gain (calc) | N5: spend (data) | O5: net (calc) | P5: M1 | Q5: M2 | R5: M3 | S5: M4 | T5: M5 | U5: M6 | V5: M7 | W5: M8 | X5: M9 | Y5: M10 | Z5: M11 | AA5: M12 | AB5: M13 | AC5: M14 | AD5: M15 | AE5: M16 | AF5: M17 | AG5: M18 | AH5: M19 | AI5: M20 | AJ5: M21 | AK5: M22 | AL5: M23 | AM5: M24 | AN5: M25 | AO5: M26 | AP5: M27 | AQ5: M28 | AR5: M29 | AS5: M30 | AU5: saga new (sim) | AV5: daily new (sim) | AW5: Milestone Coins (sim) | AX5: sim gain on-top (calc) | AY5: sim gain without (calc) | AZ5: spend same (data) | BA5: net on-top (calc) | BB5: Δ | BC5: net without (calc) | BD5: Δ
A6: NONPAYER
A7: 0-9 | B7: =data_raw_3_day!J3 -> 11.29 | C7: =data_raw_3_day!L3 -> 577.43 | D7: =data_raw_3_day!G3 -> 3935 | E7: =data_raw_3_day!M3 -> 101.63 | F7: =data_raw_3_day!N3 -> 8.12 | G7: =data_raw_3_day!O3 -> 33.72 | H7: =data_raw_3_day!S3 -> 11.73 | I7: =data_raw_3_day!T3 -> 25 | J7: =data_raw_3_day!U3 -> 25 | K7: =data_raw_3_day!V3 -> 29.51 | L7: =AVERAGE(H7:K7) -> 22.81 | M7: =E7-F7-G7-L7 -> 36.98 | N7: =data_raw_3_day!Q3 -> 93.33 | O7: =E7-N7 -> 8.3 | P7: =data_raw_3_day!W3 -> 0.9996 | Q7: =data_raw_3_day!X3 -> 0.9656 | R7: =data_raw_3_day!Y3 -> 0.7836 | S7: =data_raw_3_day!Z3 -> 0.7468 | T7: =data_raw_3_day!AA3 -> 0.6836 | U7: =data_raw_3_day!AB3 -> 0.51 | V7: =data_raw_3_day!AC3 -> 0.4677 | W7: =data_raw_3_day!AD3 -> 0.3916 | ... AS7: =data_raw_3_day!AZ3 -> 0 | AU7: =saga_progression_new!$C$17*B7 -> 6.774 | AV7: =daily_rewards_new!$B$13*data_raw_3_day!K3 -> 33.057143 | AW7: {=SUMPRODUCT($P7:$AS7,TRANSPOSE(milestone_3day_new!$E$4:$E$33))} -> 16.5145 | AX7: =M7+L7+AU7+AV7+AW7 -> 116.13564 | AY7: =M7+AU7+AV7+AW7 -> 93.325643 | AZ7: =N7 -> 93.33 | BA7: =AX7-AZ7 -> 22.805643 | BB7: =BA7-O7 -> 14.505643 | BC7: =AY7-AZ7 -> -0.0043571429 | BD7: =BC7-O7 -> -8.3043571
A8: 10-19 | B8: =data_raw_3_day!J4 -> 33.65 | C8: =data_raw_3_day!L4 -> 582.7 | D8: =data_raw_3_day!G4 -> 15214 | E8: =data_raw_3_day!M4 -> 205.8 | F8: =data_raw_3_day!N4 -> 22.46 | G8: =data_raw_3_day!O4 -> 37.43 | H8: =data_raw_3_day!S4 -> 12.42 | I8: =data_raw_3_day!T4 -> 25.67 | J8: =data_raw_3_day!U4 -> 25 | K8: =data_raw_3_day!V4 -> 34.59 | L8: =AVERAGE(H8:K8) -> 24.42 | M8: =E8-F8-G8-L8 -> 121.49 | N8: =data_raw_3_day!Q4 -> 198.92 | O8: =E8-N8 -> 6.88 | P8: =data_raw_3_day!W4 -> 1 | Q8: =data_raw_3_day!X4 -> 0.9963 | R8: =data_raw_3_day!Y4 -> 0.977 | S8: =data_raw_3_day!Z4 -> 0.9711 | T8: =data_raw_3_day!AA4 -> 0.9609 | U8: =data_raw_3_day!AB4 -> 0.925 | V8: =data_raw_3_day!AC4 -> 0.9104 | W8: =data_raw_3_day!AD4 -> 0.8728 | ... AS8: =data_raw_3_day!AZ4 -> 0 | AU8: =saga_progression_new!$C$17*B8 -> 20.19 | AV8: =daily_rewards_new!$B$13*data_raw_3_day!K4 -> 38.814286 | AW8: {=SUMPRODUCT($P8:$AS8,TRANSPOSE(milestone_3day_new!$E$4:$E$33))} -> 40.399 | AX8: =M8+L8+AU8+AV8+AW8 -> 245.31329 | AY8: =M8+AU8+AV8+AW8 -> 220.89329 | AZ8: =N8 -> 198.92 | BA8: =AX8-AZ8 -> 46.393286 | BB8: =BA8-O8 -> 39.513286 | BC8: =AY8-AZ8 -> 21.973286 | BD8: =BC8-O8 -> 15.093286
A9: 20-39 | B9: =data_raw_3_day!J5 -> 66.04 | C9: =data_raw_3_day!L5 -> 569.72 | D9: =data_raw_3_day!G5 -> 30450 | E9: =data_raw_3_day!M5 -> 364.92 | F9: =data_raw_3_day!N5 -> 44.32 | G9: =data_raw_3_day!O5 -> 38.34 | H9: =data_raw_3_day!S5 -> 21.89 | I9: =data_raw_3_day!T5 -> 26.12 | J9: =data_raw_3_day!U5 -> 25 | K9: =data_raw_3_day!V5 -> 35.31 | L9: =AVERAGE(H9:K9) -> 27.08 | M9: =E9-F9-G9-L9 -> 255.18 | N9: =data_raw_3_day!Q5 -> 353.37 | O9: =E9-N9 -> 11.55 | P9: =data_raw_3_day!W5 -> 1 | Q9: =data_raw_3_day!X5 -> 0.9983 | R9: =data_raw_3_day!Y5 -> 0.988 | S9: =data_raw_3_day!Z5 -> 0.9856 | T9: =data_raw_3_day!AA5 -> 0.9802 | U9: =data_raw_3_day!AB5 -> 0.9612 | V9: =data_raw_3_day!AC5 -> 0.9559 | W9: =data_raw_3_day!AD5 -> 0.9453 | ... AS9: =data_raw_3_day!AZ5 -> 0.0006 | AU9: =saga_progression_new!$C$17*B9 -> 39.624 | AV9: =daily_rewards_new!$B$13*data_raw_3_day!K5 -> 40.671429 | AW9: {=SUMPRODUCT($P9:$AS9,TRANSPOSE(milestone_3day_new!$E$4:$E$33))} -> 61.0325 | AX9: =M9+L9+AU9+AV9+AW9 -> 423.58793 | AY9: =M9+AU9+AV9+AW9 -> 396.50793 | AZ9: =N9 -> 353.37 | BA9: =AX9-AZ9 -> 70.217929 | BB9: =BA9-O9 -> 58.667929 | BC9: =AY9-AZ9 -> 43.137929 | BD9: =BC9-O9 -> 31.587929
A10: 40-99 | B10: =data_raw_3_day!J6 -> 141.77 | C10: =data_raw_3_day!L6 -> 544.31 | D10: =data_raw_3_day!G6 -> 67452 | E10: =data_raw_3_day!M6 -> 700.96 | F10: =data_raw_3_day!N6 -> 93.71 | G10: =data_raw_3_day!O6 -> 40.53 | H10: =data_raw_3_day!S6 -> 40.46 | I10: =data_raw_3_day!T6 -> 28.74 | J10: =data_raw_3_day!U6 -> 27.78 | K10: =data_raw_3_day!V6 -> 38.74 | L10: =AVERAGE(H10:K10) -> 33.93 | M10: =E10-F10-G10-L10 -> 532.79 | N10: =data_raw_3_day!Q6 -> 711.54 | O10: =E10-N10 -> -10.58 | P10: =data_raw_3_day!W6 -> 1 | Q10: =data_raw_3_day!X6 -> 0.9993 | R10: =data_raw_3_day!Y6 -> 0.9941 | S10: =data_raw_3_day!Z6 -> 0.9929 | T10: =data_raw_3_day!AA6 -> 0.9904 | U10: =data_raw_3_day!AB6 -> 0.9847 | V10: =data_raw_3_day!AC6 -> 0.9835 | W10: =data_raw_3_day!AD6 -> 0.9787 | ... AS10: =data_raw_3_day!AZ6 -> 0.0031 | AU10: =saga_progression_new!$C$17*B10 -> 85.062 | AV10: =daily_rewards_new!$B$13*data_raw_3_day!K6 -> 43.828571 | AW10: {=SUMPRODUCT($P10:$AS10,TRANSPOSE(milestone_3day_new!$E$4:$E$33))} -> 103.6015 | AX10: =M10+L10+AU10+AV10+AW10 -> 799.21207 | AY10: =M10+AU10+AV10+AW10 -> 765.28207 | AZ10: =N10 -> 711.54 | BA10: =AX10-AZ10 -> 87.672071 | BB10: =BA10-O10 -> 98.252071 | BC10: =AY10-AZ10 -> 53.742071 | BD10: =BC10-O10 -> 64.322071
A11: 100+ | B11: =data_raw_3_day!J7 -> 282.47 | C11: =data_raw_3_day!L7 -> 510.96 | D11: =data_raw_3_day!G7 -> 127482 | E11: =data_raw_3_day!M7 -> 1335.1 | F11: =data_raw_3_day!N7 -> 239.81 | G11: =data_raw_3_day!O7 -> 48.8 | H11: =data_raw_3_day!S7 -> 54.96 | I11: =data_raw_3_day!T7 -> 38.97 | J11: =data_raw_3_day!U7 -> 25 | K11: =data_raw_3_day!V7 -> 45.83 | L11: =AVERAGE(H11:K11) -> 41.19 | M11: =E11-F11-G11-L11 -> 1005.3 | N11: =data_raw_3_day!Q7 -> 1425.63 | O11: =E11-N11 -> -90.53 | P11: =data_raw_3_day!W7 -> 1 | Q11: =data_raw_3_day!X7 -> 0.9986 | R11: =data_raw_3_day!Y7 -> 0.9973 | S11: =data_raw_3_day!Z7 -> 0.9959 | T11: =data_raw_3_day!AA7 -> 0.9959 | U11: =data_raw_3_day!AB7 -> 0.9945 | V11: =data_raw_3_day!AC7 -> 0.9945 | W11: =data_raw_3_day!AD7 -> 0.9945 | ... AS11: =data_raw_3_day!AZ7 -> 0.0247 | AU11: =saga_progression_new!$C$17*B11 -> 169.482 | AV11: =daily_rewards_new!$B$13*data_raw_3_day!K7 -> 40.485714 | AW11: {=SUMPRODUCT($P11:$AS11,TRANSPOSE(milestone_3day_new!$E$4:$E$33))} -> 213.0715 | AX11: =M11+L11+AU11+AV11+AW11 -> 1469.5292 | AY11: =M11+AU11+AV11+AW11 -> 1428.3392 | AZ11: =N11 -> 1425.63 | BA11: =AX11-AZ11 -> 43.899214 | BB11: =BA11-O11 -> 134.42921 | BC11: =AY11-AZ11 -> 2.7092143 | BD11: =BC11-O11 -> 93.239214
A12: PAYER
A13: 0-9 | B13: =data_raw_3_day!J9 -> 11.67 | C13: =data_raw_3_day!L9 -> 584.05 | D13: =data_raw_3_day!G9 -> 4410 | E13: =data_raw_3_day!M9 -> 145.82 | F13: =data_raw_3_day!N9 -> 7.72 | G13: =data_raw_3_day!O9 -> 36.23 | H13: =data_raw_3_day!S9 -> 11.31 | I13: =data_raw_3_day!T9 -> 25 | J13: =data_raw_3_day!U9 -> 25 | K13: =data_raw_3_day!V9 -> 34.87 | L13: =AVERAGE(H13:K13) -> 24.045 | M13: =E13-F13-G13-L13 -> 77.825 | N13: =data_raw_3_day!Q9 -> 137.93 | O13: =E13-N13 -> 7.89 | P13: =data_raw_3_day!W9 -> 0.9999 | Q13: =data_raw_3_day!X9 -> 0.9783 | R13: =data_raw_3_day!Y9 -> 0.8162 | S13: =data_raw_3_day!Z9 -> 0.7801 | T13: =data_raw_3_day!AA9 -> 0.7201 | U13: =data_raw_3_day!AB9 -> 0.5503 | V13: =data_raw_3_day!AC9 -> 0.5071 | W13: =data_raw_3_day!AD9 -> 0.4298 | ... AS13: =data_raw_3_day!AZ9 -> 0 | AT13: ⭐ | AU13: =saga_progression_new!$C$17*B13 -> 7.002 | AV13: =daily_rewards_new!$B$13*data_raw_3_day!K9 -> 35.285714 | AW13: {=SUMPRODUCT($P13:$AS13,TRANSPOSE(milestone_3day_new!$E$4:$E$33))} -> 17.063 | AX13: =M13+L13+AU13+AV13+AW13 -> 161.22071 | AY13: =M13+AU13+AV13+AW13 -> 137.17571 | AZ13: =N13 -> 137.93 | BA13: =AX13-AZ13 -> 23.290714 | BB13: =BA13-O13 -> 15.400714 | BC13: =AY13-AZ13 -> -0.75428571 | BD13: =BC13-O13 -> -8.6442857
A14: 10-19 | B14: =data_raw_3_day!J10 -> 33.64 | C14: =data_raw_3_day!L10 -> 584.56 | D14: =data_raw_3_day!G10 -> 15870 | E14: =data_raw_3_day!M10 -> 352.7 | F14: =data_raw_3_day!N10 -> 21.87 | G14: =data_raw_3_day!O10 -> 37.72 | H14: =data_raw_3_day!S10 -> 12.17 | I14: =data_raw_3_day!T10 -> 26.01 | J14: =data_raw_3_day!U10 -> 50 | K14: =data_raw_3_day!V10 -> 34.08 | L14: =AVERAGE(H14:K14) -> 30.565 | M14: =E14-F14-G14-L14 -> 262.545 | N14: =data_raw_3_day!Q10 -> 357.26 | O14: =E14-N14 -> -4.56 | P14: =data_raw_3_day!W10 -> 1 | Q14: =data_raw_3_day!X10 -> 0.9967 | R14: =data_raw_3_day!Y10 -> 0.9736 | S14: =data_raw_3_day!Z10 -> 0.9674 | T14: =data_raw_3_day!AA10 -> 0.9557 | U14: =data_raw_3_day!AB10 -> 0.9209 | V14: =data_raw_3_day!AC10 -> 0.9074 | W14: =data_raw_3_day!AD10 -> 0.8817 | ... AS14: =data_raw_3_day!AZ10 -> 0 | AT14: ⭐ | AU14: =saga_progression_new!$C$17*B14 -> 20.184 | AV14: =daily_rewards_new!$B$13*data_raw_3_day!K10 -> 39.371429 | AW14: {=SUMPRODUCT($P14:$AS14,TRANSPOSE(milestone_3day_new!$E$4:$E$33))} -> 41.174 | AX14: =M14+L14+AU14+AV14+AW14 -> 393.83943 | AY14: =M14+AU14+AV14+AW14 -> 363.27443 | AZ14: =N14 -> 357.26 | BA14: =AX14-AZ14 -> 36.579429 | BB14: =BA14-O14 -> 41.139429 | BC14: =AY14-AZ14 -> 6.0144286 | BD14: =BC14-O14 -> 10.574429
A15: 20-39 | B15: =data_raw_3_day!J11 -> 63.87 | C15: =data_raw_3_day!L11 -> 583.77 | D15: =data_raw_3_day!G11 -> 30740 | E15: =data_raw_3_day!M11 -> 701 | F15: =data_raw_3_day!N11 -> 41.5 | G15: =data_raw_3_day!O11 -> 35.43 | H15: =data_raw_3_day!S11 -> 20.24 | I15: =data_raw_3_day!T11 -> 26.08 | J15: =data_raw_3_day!U11 -> 31.25 | K15: =data_raw_3_day!V11 -> 32.95 | L15: =AVERAGE(H15:K15) -> 27.63 | M15: =E15-F15-G15-L15 -> 596.44 | N15: =data_raw_3_day!Q11 -> 710.78 | O15: =E15-N15 -> -9.78 | P15: =data_raw_3_day!W11 -> 1 | Q15: =data_raw_3_day!X11 -> 0.9983 | R15: =data_raw_3_day!Y11 -> 0.9858 | S15: =data_raw_3_day!Z11 -> 0.9831 | T15: =data_raw_3_day!AA11 -> 0.9788 | U15: =data_raw_3_day!AB11 -> 0.9637 | V15: =data_raw_3_day!AC11 -> 0.9604 | W15: =data_raw_3_day!AD11 -> 0.9505 | ... AS15: =data_raw_3_day!AZ11 -> 0.0002 | AT15: ⭐ | AU15: =saga_progression_new!$C$17*B15 -> 38.322 | AV15: =daily_rewards_new!$B$13*data_raw_3_day!K11 -> 39.742857 | AW15: {=SUMPRODUCT($P15:$AS15,TRANSPOSE(milestone_3day_new!$E$4:$E$33))} -> 60.8405 | AX15: =M15+L15+AU15+AV15+AW15 -> 762.97536 | AY15: =M15+AU15+AV15+AW15 -> 735.34536 | AZ15: =N15 -> 710.78 | BA15: =AX15-AZ15 -> 52.195357 | BB15: =BA15-O15 -> 61.975357 | BC15: =AY15-AZ15 -> 24.565357 | BD15: =BC15-O15 -> 34.345357
A16: 40-99 | B16: =data_raw_3_day!J12 -> 134.79 | C16: =data_raw_3_day!L12 -> 576.51 | D16: =data_raw_3_day!G12 -> 65920 | E16: =data_raw_3_day!M12 -> 1450.14 | F16: =data_raw_3_day!N12 -> 84.71 | G16: =data_raw_3_day!O12 -> 35.25 | H16: =data_raw_3_day!S12 -> 35.66 | I16: =data_raw_3_day!T12 -> 28.6 | J16: =data_raw_3_day!U12 -> 25 | K16: =data_raw_3_day!V12 -> 43 | L16: =AVERAGE(H16:K16) -> 33.065 | M16: =E16-F16-G16-L16 -> 1297.115 | N16: =data_raw_3_day!Q12 -> 1498.7 | O16: =E16-N16 -> -48.56 | P16: =data_raw_3_day!W12 -> 1 | Q16: =data_raw_3_day!X12 -> 0.9992 | R16: =data_raw_3_day!Y12 -> 0.9918 | S16: =data_raw_3_day!Z12 -> 0.9906 | T16: =data_raw_3_day!AA12 -> 0.9881 | U16: =data_raw_3_day!AB12 -> 0.9832 | V16: =data_raw_3_day!AC12 -> 0.9807 | W16: =data_raw_3_day!AD12 -> 0.9741 | ... AS16: =data_raw_3_day!AZ12 -> 0.0053 | AT16: ⭐ | AU16: =saga_progression_new!$C$17*B16 -> 80.874 | AV16: =daily_rewards_new!$B$13*data_raw_3_day!K12 -> 41.414286 | AW16: {=SUMPRODUCT($P16:$AS16,TRANSPOSE(milestone_3day_new!$E$4:$E$33))} -> 107.3695 | AX16: =M16+L16+AU16+AV16+AW16 -> 1559.8378 | AY16: =M16+AU16+AV16+AW16 -> 1526.7728 | AZ16: =N16 -> 1498.7 | BA16: =AX16-AZ16 -> 61.137786 | BB16: =BA16-O16 -> 109.69779 | BC16: =AY16-AZ16 -> 28.072786 | BD16: =BC16-O16 -> 76.632786
A17: 100+ | B17: =data_raw_3_day!J13 -> 282.69 | C17: =data_raw_3_day!L13 -> 557.8 | D17: =data_raw_3_day!G13 -> 138432 | E17: =data_raw_3_day!M13 -> 3204.37 | F17: =data_raw_3_day!N13 -> 205.58 | G17: =data_raw_3_day!O13 -> 44.26 | H17: =data_raw_3_day!S13 -> 53.04 | I17: =data_raw_3_day!T13 -> 39.29 | J17: =data_raw_3_day!U13 -> 25 | K17: =data_raw_3_day!V13 -> 50 | L17: =AVERAGE(H17:K17) -> 41.8325 | M17: =E17-F17-G17-L17 -> 2912.6975 | N17: =data_raw_3_day!Q13 -> 3249.47 | O17: =E17-N17 -> -45.1 | P17: =data_raw_3_day!W13 -> 1 | Q17: =data_raw_3_day!X13 -> 1 | R17: =data_raw_3_day!Y13 -> 1 | S17: =data_raw_3_day!Z13 -> 1 | T17: =data_raw_3_day!AA13 -> 1 | U17: =data_raw_3_day!AB13 -> 0.9961 | V17: =data_raw_3_day!AC13 -> 0.9922 | W17: =data_raw_3_day!AD13 -> 0.9922 | ... AS17: =data_raw_3_day!AZ13 -> 0.0581 | AT17: ⭐ | AU17: =saga_progression_new!$C$17*B17 -> 169.614 | AV17: =daily_rewards_new!$B$13*data_raw_3_day!K13 -> 39.185714 | AW17: {=SUMPRODUCT($P17:$AS17,TRANSPOSE(milestone_3day_new!$E$4:$E$33))} -> 268.1205 | AX17: =M17+L17+AU17+AV17+AW17 -> 3431.4502 | AY17: =M17+AU17+AV17+AW17 -> 3389.6177 | AZ17: =N17 -> 3249.47 | BA17: =AX17-AZ17 -> 181.98021 | BB17: =BA17-O17 -> 227.08021 | BC17: =AY17-AZ17 -> 140.14771 | BD17: =BC17-O17 -> 185.24771
A21: ◆ 4-DAY MILESTONE EVENT
B22: ◄ CURRENT (actuals: data + calc) ► | P22: ◄ % Players Reaching Milestone M1–M30 (data) ► | AU22: ◄ SIMULATED (Milestone Event: sim + calc) ►
A23: Segment | B23: avg levels (data) | C23: matches/level (data) | D23: matchables p50 (data) | E23: current gain (data) | F23: saga old (data) | G23: daily old (data) | H23: Hatchling Hideaway Gain (data) | I23: Bomb's Ballet Gain (data) | J23: Photoshoot Gain (data) | K23: Jigsaw Gain (data) | L23: Low Intensity Events Avg (calc) | M23: other gain (calc) | N23: spend (data) | O23: net (calc) | P23: M1 | Q23: M2 | R23: M3 | S23: M4 | T23: M5 | U23: M6 | V23: M7 | W23: M8 | X23: M9 | Y23: M10 | Z23: M11 | AA23: M12 | AB23: M13 | AC23: M14 | AD23: M15 | AE23: M16 | AF23: M17 | AG23: M18 | AH23: M19 | AI23: M20 | AJ23: M21 | AK23: M22 | AL23: M23 | AM23: M24 | AN23: M25 | AO23: M26 | AP23: M27 | AQ23: M28 | AR23: M29 | AS23: M30 | AU23: saga new (sim) | AV23: daily new (sim) | AW23: Milestone Coins (sim) | AX23: sim gain on-top (calc) | AY23: sim gain without (calc) | AZ23: spend same (data) | BA23: net on-top (calc) | BB23: Δ | BC23: net without (calc) | BD23: Δ
A24: NONPAYER
A25: 0-9 | B25: =data_raw_4_day!J3 -> 13.69 | C25: =data_raw_4_day!L3 -> 577.4 | D25: =data_raw_4_day!G3 -> 4553 | E25: =data_raw_4_day!M3 -> 126.92 | F25: =data_raw_4_day!N3 -> 9.92 | G25: =data_raw_4_day!O3 -> 41.77 | H25: =data_raw_4_day!S3 -> 11.78 | I25: =data_raw_4_day!T3 -> 25 | J25: =data_raw_4_day!U3 -> 25 | K25: =data_raw_4_day!V3 -> 33.52 | L25: =AVERAGE(H25:K25) -> 23.825 | M25: =E25-F25-G25-L25 -> 51.405 | N25: =data_raw_4_day!Q3 -> 112.49 | O25: =E25-N25 -> 14.43 | P25: =data_raw_4_day!W3 -> 0.9995 | Q25: =data_raw_4_day!X3 -> 0.9661 | R25: =data_raw_4_day!Y3 -> 0.8038 | S25: =data_raw_4_day!Z3 -> 0.7707 | T25: =data_raw_4_day!AA3 -> 0.7149 | U25: =data_raw_4_day!AB3 -> 0.5559 | V25: =data_raw_4_day!AC3 -> 0.5168 | W25: =data_raw_4_day!AD3 -> 0.4472 | ... AS25: =data_raw_4_day!AZ3 -> 0 | AU25: =saga_progression_new!$C$17*B25 -> 8.214 | AV25: =daily_rewards_new!$B$13*data_raw_4_day!K3 -> 39.557143 | AW25: {=SUMPRODUCT($P25:$AS25,TRANSPOSE(milestone_4day_new!$E$4:$E$33))} -> 19.2455 | AX25: =M25+L25+AU25+AV25+AW25 -> 142.24664 | AY25: =M25+AU25+AV25+AW25 -> 118.42164 | AZ25: =N25 -> 112.49 | BA25: =AX25-AZ25 -> 29.756643 | BB25: =BA25-O25 -> 15.326643 | BC25: =AY25-AZ25 -> 5.9316429 | BD25: =BC25-O25 -> -8.4983571
A26: 10-19 | B26: =data_raw_4_day!J4 -> 42.06 | C26: =data_raw_4_day!L4 -> 582.27 | D26: =data_raw_4_day!G4 -> 19134 | E26: =data_raw_4_day!M4 -> 257.7 | F26: =data_raw_4_day!N4 -> 27.86 | G26: =data_raw_4_day!O4 -> 46.94 | H26: =data_raw_4_day!S4 -> 12.29 | I26: =data_raw_4_day!T4 -> 25.67 | J26: =data_raw_4_day!U4 -> 25 | K26: =data_raw_4_day!V4 -> 33.17 | L26: =AVERAGE(H26:K26) -> 24.0325 | M26: =E26-F26-G26-L26 -> 158.8675 | N26: =data_raw_4_day!Q4 -> 244.11 | O26: =E26-N26 -> 13.59 | P26: =data_raw_4_day!W4 -> 1 | Q26: =data_raw_4_day!X4 -> 0.9972 | R26: =data_raw_4_day!Y4 -> 0.9838 | S26: =data_raw_4_day!Z4 -> 0.9796 | T26: =data_raw_4_day!AA4 -> 0.9729 | U26: =data_raw_4_day!AB4 -> 0.9474 | V26: =data_raw_4_day!AC4 -> 0.9375 | W26: =data_raw_4_day!AD4 -> 0.9085 | ... AS26: =data_raw_4_day!AZ4 -> 0.0001 | AU26: =saga_progression_new!$C$17*B26 -> 25.236 | AV26: =daily_rewards_new!$B$13*data_raw_4_day!K4 -> 48.1 | AW26: {=SUMPRODUCT($P26:$AS26,TRANSPOSE(milestone_4day_new!$E$4:$E$33))} -> 46.81 | AX26: =M26+L26+AU26+AV26+AW26 -> 303.046 | AY26: =M26+AU26+AV26+AW26 -> 279.0135 | AZ26: =N26 -> 244.11 | BA26: =AX26-AZ26 -> 58.936 | BB26: =BA26-O26 -> 45.346 | BC26: =AY26-AZ26 -> 34.9035 | BD26: =BC26-O26 -> 21.3135
A27: 20-39 | B27: =data_raw_4_day!J5 -> 83.17 | C27: =data_raw_4_day!L5 -> 567.3 | D27: =data_raw_4_day!G5 -> 38620 | E27: =data_raw_4_day!M5 -> 446.17 | F27: =data_raw_4_day!N5 -> 55.42 | G27: =data_raw_4_day!O5 -> 47.27 | H27: =data_raw_4_day!S5 -> 20.13 | I27: =data_raw_4_day!T5 -> 26.14 | J27: =data_raw_4_day!U5 -> 25 | K27: =data_raw_4_day!V5 -> 36.27 | L27: =AVERAGE(H27:K27) -> 26.885 | M27: =E27-F27-G27-L27 -> 316.595 | N27: =data_raw_4_day!Q5 -> 432.89 | O27: =E27-N27 -> 13.28 | P27: =data_raw_4_day!W5 -> 1 | Q27: =data_raw_4_day!X5 -> 0.9991 | R27: =data_raw_4_day!Y5 -> 0.9928 | S27: =data_raw_4_day!Z5 -> 0.9912 | T27: =data_raw_4_day!AA5 -> 0.9882 | U27: =data_raw_4_day!AB5 -> 0.9748 | V27: =data_raw_4_day!AC5 -> 0.9711 | W27: =data_raw_4_day!AD5 -> 0.9633 | ... AS27: =data_raw_4_day!AZ5 -> 0.0017 | AU27: =saga_progression_new!$C$17*B27 -> 49.902 | AV27: =daily_rewards_new!$B$13*data_raw_4_day!K5 -> 50.7 | AW27: {=SUMPRODUCT($P27:$AS27,TRANSPOSE(milestone_4day_new!$E$4:$E$33))} -> 72.082 | AX27: =M27+L27+AU27+AV27+AW27 -> 516.164 | AY27: =M27+AU27+AV27+AW27 -> 489.279 | AZ27: =N27 -> 432.89 | BA27: =AX27-AZ27 -> 83.274 | BB27: =BA27-O27 -> 69.994 | BC27: =AY27-AZ27 -> 56.389 | BD27: =BC27-O27 -> 43.109
A28: 40-99 | B28: =data_raw_4_day!J6 -> 177.59 | C28: =data_raw_4_day!L6 -> 543.53 | D28: =data_raw_4_day!G6 -> 83292 | E28: =data_raw_4_day!M6 -> 841.39 | F28: =data_raw_4_day!N6 -> 117.07 | G28: =data_raw_4_day!O6 -> 50.4 | H28: =data_raw_4_day!S6 -> 35.36 | I28: =data_raw_4_day!T6 -> 28.75 | J28: =data_raw_4_day!U6 -> 30 | K28: =data_raw_4_day!V6 -> 44.69 | L28: =AVERAGE(H28:K28) -> 34.7 | M28: =E28-F28-G28-L28 -> 639.22 | N28: =data_raw_4_day!Q6 -> 873.18 | O28: =E28-N28 -> -31.79 | P28: =data_raw_4_day!W6 -> 1 | Q28: =data_raw_4_day!X6 -> 0.9992 | R28: =data_raw_4_day!Y6 -> 0.9964 | S28: =data_raw_4_day!Z6 -> 0.9958 | T28: =data_raw_4_day!AA6 -> 0.9935 | U28: =data_raw_4_day!AB6 -> 0.9897 | V28: =data_raw_4_day!AC6 -> 0.9885 | W28: =data_raw_4_day!AD6 -> 0.9848 | ... AS28: =data_raw_4_day!AZ6 -> 0.009 | AU28: =saga_progression_new!$C$17*B28 -> 106.554 | AV28: =daily_rewards_new!$B$13*data_raw_4_day!K6 -> 54.414286 | AW28: {=SUMPRODUCT($P28:$AS28,TRANSPOSE(milestone_4day_new!$E$4:$E$33))} -> 131.752 | AX28: =M28+L28+AU28+AV28+AW28 -> 966.64029 | AY28: =M28+AU28+AV28+AW28 -> 931.94029 | AZ28: =N28 -> 873.18 | BA28: =AX28-AZ28 -> 93.460286 | BB28: =BA28-O28 -> 125.25029 | BC28: =AY28-AZ28 -> 58.760286 | BD28: =BC28-O28 -> 90.550286
A29: 100+ | B29: =data_raw_4_day!J7 -> 336.56 | C29: =data_raw_4_day!L7 -> 516.87 | D29: =data_raw_4_day!G7 -> 139889 | E29: =data_raw_4_day!M7 -> 1649.81 | F29: =data_raw_4_day!N7 -> 299.58 | G29: =data_raw_4_day!O7 -> 60.75 | H29: =data_raw_4_day!S7 -> 53.54 | I29: =data_raw_4_day!T7 -> 38.97 | J29: =data_raw_4_day!U7 -> 25 | K29: =data_raw_4_day!V7 -> 41.67 | L29: =AVERAGE(H29:K29) -> 39.795 | M29: =E29-F29-G29-L29 -> 1249.685 | N29: =data_raw_4_day!Q7 -> 1775.72 | O29: =E29-N29 -> -125.91 | P29: =data_raw_4_day!W7 -> 1 | Q29: =data_raw_4_day!X7 -> 0.9987 | R29: =data_raw_4_day!Y7 -> 0.9974 | S29: =data_raw_4_day!Z7 -> 0.9974 | T29: =data_raw_4_day!AA7 -> 0.9961 | U29: =data_raw_4_day!AB7 -> 0.9961 | V29: =data_raw_4_day!AC7 -> 0.9949 | W29: =data_raw_4_day!AD7 -> 0.9949 | ... AS29: =data_raw_4_day!AZ7 -> 0.0978 | AU29: =saga_progression_new!$C$17*B29 -> 201.936 | AV29: =daily_rewards_new!$B$13*data_raw_4_day!K7 -> 47.914286 | AW29: {=SUMPRODUCT($P29:$AS29,TRANSPOSE(milestone_4day_new!$E$4:$E$33))} -> 331.1195 | AX29: =M29+L29+AU29+AV29+AW29 -> 1870.4498 | AY29: =M29+AU29+AV29+AW29 -> 1830.6548 | AZ29: =N29 -> 1775.72 | BA29: =AX29-AZ29 -> 94.729786 | BB29: =BA29-O29 -> 220.63979 | BC29: =AY29-AZ29 -> 54.934786 | BD29: =BC29-O29 -> 180.84479
A30: PAYER
A31: 0-9 | B31: =data_raw_4_day!J9 -> 14.56 | C31: =data_raw_4_day!L9 -> 584.43 | D31: =data_raw_4_day!G9 -> 5438 | E31: =data_raw_4_day!M9 -> 191.49 | F31: =data_raw_4_day!N9 -> 9.69 | G31: =data_raw_4_day!O9 -> 45.76 | H31: =data_raw_4_day!S9 -> 11.39 | I31: =data_raw_4_day!T9 -> 25 | J31: =data_raw_4_day!U9 -> 25 | K31: =data_raw_4_day!V9 -> 34.28 | L31: =AVERAGE(H31:K31) -> 23.9175 | M31: =E31-F31-G31-L31 -> 112.1225 | N31: =data_raw_4_day!Q9 -> 172.31 | O31: =E31-N31 -> 19.18 | P31: =data_raw_4_day!W9 -> 0.9998 | Q31: =data_raw_4_day!X9 -> 0.9817 | R31: =data_raw_4_day!Y9 -> 0.8451 | S31: =data_raw_4_day!Z9 -> 0.8172 | T31: =data_raw_4_day!AA9 -> 0.7662 | U31: =data_raw_4_day!AB9 -> 0.6162 | V31: =data_raw_4_day!AC9 -> 0.5767 | W31: =data_raw_4_day!AD9 -> 0.5046 | ... AS31: =data_raw_4_day!AZ9 -> 0.0002 | AT31: ⭐ | AU31: =saga_progression_new!$C$17*B31 -> 8.736 | AV31: =daily_rewards_new!$B$13*data_raw_4_day!K9 -> 43.271429 | AW31: {=SUMPRODUCT($P31:$AS31,TRANSPOSE(milestone_4day_new!$E$4:$E$33))} -> 20.649 | AX31: =M31+L31+AU31+AV31+AW31 -> 208.69643 | AY31: =M31+AU31+AV31+AW31 -> 184.77893 | AZ31: =N31 -> 172.31 | BA31: =AX31-AZ31 -> 36.386429 | BB31: =BA31-O31 -> 17.206429 | BC31: =AY31-AZ31 -> 12.468929 | BD31: =BC31-O31 -> -6.7110714
A32: 10-19 | B32: =data_raw_4_day!J10 -> 42.39 | C32: =data_raw_4_day!L10 -> 584.97 | D32: =data_raw_4_day!G10 -> 20371 | E32: =data_raw_4_day!M10 -> 450.93 | F32: =data_raw_4_day!N10 -> 27.26 | G32: =data_raw_4_day!O10 -> 47.18 | H32: =data_raw_4_day!S10 -> 12.01 | I32: =data_raw_4_day!T10 -> 26 | J32: =data_raw_4_day!U10 -> 43.75 | K32: =data_raw_4_day!V10 -> 34.54 | L32: =AVERAGE(H32:K32) -> 29.075 | M32: =E32-F32-G32-L32 -> 347.415 | N32: =data_raw_4_day!Q10 -> 446.01 | O32: =E32-N32 -> 4.92 | P32: =data_raw_4_day!W10 -> 1 | Q32: =data_raw_4_day!X10 -> 0.9973 | R32: =data_raw_4_day!Y10 -> 0.9822 | S32: =data_raw_4_day!Z10 -> 0.978 | T32: =data_raw_4_day!AA10 -> 0.9711 | U32: =data_raw_4_day!AB10 -> 0.9481 | V32: =data_raw_4_day!AC10 -> 0.9394 | W32: =data_raw_4_day!AD10 -> 0.9196 | ... AS32: =data_raw_4_day!AZ10 -> 0 | AT32: ⭐ | AU32: =saga_progression_new!$C$17*B32 -> 25.434 | AV32: =daily_rewards_new!$B$13*data_raw_4_day!K10 -> 49.214286 | AW32: {=SUMPRODUCT($P32:$AS32,TRANSPOSE(milestone_4day_new!$E$4:$E$33))} -> 47.76 | AX32: =M32+L32+AU32+AV32+AW32 -> 498.89829 | AY32: =M32+AU32+AV32+AW32 -> 469.82329 | AZ32: =N32 -> 446.01 | BA32: =AX32-AZ32 -> 52.888286 | BB32: =BA32-O32 -> 47.968286 | BC32: =AY32-AZ32 -> 23.813286 | BD32: =BC32-O32 -> 18.893286
A33: 20-39 | B33: =data_raw_4_day!J11 -> 79.49 | C33: =data_raw_4_day!L11 -> 583.4 | D33: =data_raw_4_day!G11 -> 38625 | E33: =data_raw_4_day!M11 -> 852.76 | F33: =data_raw_4_day!N11 -> 51.28 | G33: =data_raw_4_day!O11 -> 44.15 | H33: =data_raw_4_day!S11 -> 18.59 | I33: =data_raw_4_day!T11 -> 26.08 | J33: =data_raw_4_day!U11 -> 28.13 | K33: =data_raw_4_day!V11 -> 36.48 | L33: =AVERAGE(H33:K33) -> 27.32 | M33: =E33-F33-G33-L33 -> 730.01 | N33: =data_raw_4_day!Q11 -> 857.67 | O33: =E33-N33 -> -4.91 | P33: =data_raw_4_day!W11 -> 1 | Q33: =data_raw_4_day!X11 -> 0.9992 | R33: =data_raw_4_day!Y11 -> 0.9908 | S33: =data_raw_4_day!Z11 -> 0.9882 | T33: =data_raw_4_day!AA11 -> 0.9858 | U33: =data_raw_4_day!AB11 -> 0.9748 | V33: =data_raw_4_day!AC11 -> 0.9715 | W33: =data_raw_4_day!AD11 -> 0.9642 | ... AS33: =data_raw_4_day!AZ11 -> 0.0012 | AT33: ⭐ | AU33: =saga_progression_new!$C$17*B33 -> 47.694 | AV33: =daily_rewards_new!$B$13*data_raw_4_day!K11 -> 49.214286 | AW33: {=SUMPRODUCT($P33:$AS33,TRANSPOSE(milestone_4day_new!$E$4:$E$33))} -> 70.9025 | AX33: =M33+L33+AU33+AV33+AW33 -> 925.14079 | AY33: =M33+AU33+AV33+AW33 -> 897.82079 | AZ33: =N33 -> 857.67 | BA33: =AX33-AZ33 -> 67.470786 | BB33: =BA33-O33 -> 72.380786 | BC33: =AY33-AZ33 -> 40.150786 | BD33: =BC33-O33 -> 45.060786
A34: 40-99 | B34: =data_raw_4_day!J12 -> 167.58 | C34: =data_raw_4_day!L12 -> 575 | D34: =data_raw_4_day!G12 -> 83537 | E34: =data_raw_4_day!M12 -> 1736.72 | F34: =data_raw_4_day!N12 -> 104.07 | G34: =data_raw_4_day!O12 -> 44.04 | H34: =data_raw_4_day!S12 -> 32.02 | I34: =data_raw_4_day!T12 -> 28.6 | J34: =data_raw_4_day!U12 -> 25 | K34: =data_raw_4_day!V12 -> 43.45 | L34: =AVERAGE(H34:K34) -> 32.2675 | M34: =E34-F34-G34-L34 -> 1556.3425 | N34: =data_raw_4_day!Q12 -> 1806.88 | O34: =E34-N34 -> -70.16 | P34: =data_raw_4_day!W12 -> 1 | Q34: =data_raw_4_day!X12 -> 0.9996 | R34: =data_raw_4_day!Y12 -> 0.9962 | S34: =data_raw_4_day!Z12 -> 0.995 | T34: =data_raw_4_day!AA12 -> 0.9923 | U34: =data_raw_4_day!AB12 -> 0.9881 | V34: =data_raw_4_day!AC12 -> 0.9862 | W34: =data_raw_4_day!AD12 -> 0.9827 | ... AS34: =data_raw_4_day!AZ12 -> 0.0108 | AT34: ⭐ | AU34: =saga_progression_new!$C$17*B34 -> 100.548 | AV34: =daily_rewards_new!$B$13*data_raw_4_day!K12 -> 51.442857 | AW34: {=SUMPRODUCT($P34:$AS34,TRANSPOSE(milestone_4day_new!$E$4:$E$33))} -> 133.1095 | AX34: =M34+L34+AU34+AV34+AW34 -> 1873.7104 | AY34: =M34+AU34+AV34+AW34 -> 1841.4429 | AZ34: =N34 -> 1806.88 | BA34: =AX34-AZ34 -> 66.830357 | BB34: =BA34-O34 -> 136.99036 | BC34: =AY34-AZ34 -> 34.562857 | BD34: =BC34-O34 -> 104.72286
A35: 100+ | B35: =data_raw_4_day!J13 -> 333.42 | C35: =data_raw_4_day!L13 -> 560.04 | D35: =data_raw_4_day!G13 -> 157274 | E35: =data_raw_4_day!M13 -> 3908.46 | F35: =data_raw_4_day!N13 -> 249.57 | G35: =data_raw_4_day!O13 -> 52.3 | H35: =data_raw_4_day!S13 -> 51.5 | I35: =data_raw_4_day!T13 -> 39.17 | J35: =data_raw_4_day!U13 -> 25 | K35: =data_raw_4_day!V13 -> 42.86 | L35: =AVERAGE(H35:K35) -> 39.6325 | M35: =E35-F35-G35-L35 -> 3566.9575 | N35: =data_raw_4_day!Q13 -> 3967.93 | O35: =E35-N35 -> -59.47 | P35: =data_raw_4_day!W13 -> 1 | Q35: =data_raw_4_day!X13 -> 1 | R35: =data_raw_4_day!Y13 -> 1 | S35: =data_raw_4_day!Z13 -> 1 | T35: =data_raw_4_day!AA13 -> 1 | U35: =data_raw_4_day!AB13 -> 0.9964 | V35: =data_raw_4_day!AC13 -> 0.9964 | W35: =data_raw_4_day!AD13 -> 0.9891 | ... AS35: =data_raw_4_day!AZ13 -> 0.0942 | AT35: ⭐ | AU35: =saga_progression_new!$C$17*B35 -> 200.052 | AV35: =daily_rewards_new!$B$13*data_raw_4_day!K13 -> 46.614286 | AW35: {=SUMPRODUCT($P35:$AS35,TRANSPOSE(milestone_4day_new!$E$4:$E$33))} -> 341.1645 | AX35: =M35+L35+AU35+AV35+AW35 -> 4194.4208 | AY35: =M35+AU35+AV35+AW35 -> 4154.7883 | AZ35: =N35 -> 3967.93 | BA35: =AX35-AZ35 -> 226.49079 | BB35: =BA35-O35 -> 285.96079 | BC35: =AY35-AZ35 -> 186.85829 | BD35: =BC35-O35 -> 246.32829

Sheet Sim_Progression_p25
A1: RAINBOW MAKER - SIM PROGRESSION (p25)
A3: ◆ 3-DAY PROGRESSION
A4: Milestone | B4: Matchables Req | C4: Req Accum | D4: Chest | E4: NP 0-9 | F4: NP 10-19 | G4: NP 20-39 | H4: NP 40-99 | I4: NP 100+ | J4: P 0-9 | K4: P 10-19 | L4: P 20-39 | M4: P 40-99 | N4: P 100+
A5: =milestone_3day_new!A4 -> 1 | B5: =milestone_3day_new!B4 -> 130 | C5: =milestone_3day_new!C4 -> 130 | D5: =milestone_3day_new!D4 -> FALSE | E5: =IFERROR(IF(CEILING($C5*3/data_raw_3_day!$F$3,1)>3,"X","D"&CEILING($C5*3/data_raw_3_day!$F$3,1)),"X") -> D1 | F5: =IFERROR(IF(CEILING($C5*3/data_raw_3_day!$F$4,1)>3,"X","D"&CEILING($C5*3/data_raw_3_day!$F$4,1)),"X") -> D1 | G5: =IFERROR(IF(CEILING($C5*3/data_raw_3_day!$F$5,1)>3,"X","D"&CEILING($C5*3/data_raw_3_day!$F$5,1)),"X") -> D1 | H5: =IFERROR(IF(CEILING($C5*3/data_raw_3_day!$F$6,1)>3,"X","D"&CEILING($C5*3/data_raw_3_day!$F$6,1)),"X") -> D1 | I5: =IFERROR(IF(CEILING($C5*3/data_raw_3_day!$F$7,1)>3,"X","D"&CEILING($C5*3/data_raw_3_day!$F$7,1)),"X") -> D1 | J5: =IFERROR(IF(CEILING($C5*3/data_raw_3_day!$F$9,1)>3,"X","D"&CEILING($C5*3/data_raw_3_day!$F$9,1)),"X") -> D1 | K5: =IFERROR(IF(CEILING($C5*3/data_raw_3_day!$F$10,1)>3,"X","D"&CEILING($C5*3/data_raw_3_day!$F$10,1)),"X") -> D1 | L5: =IFERROR(IF(CEILING($C5*3/data_raw_3_day!$F$11,1)>3,"X","D"&CEILING($C5*3/data_raw_3_day!$F$11,1)),"X") -> D1 | M5: =IFERROR(IF(CEILING($C5*3/data_raw_3_day!$F$12,1)>3,"X","D"&CEILING($C5*3/data_raw_3_day!$F$12,1)),"X") -> D1 | N5: =IFERROR(IF(CEILING($C5*3/data_raw_3_day!$F$13,1)>3,"X","D"&CEILING($C5*3/data_raw_3_day!$F$13,1)),"X") -> D1
A6: =milestone_3day_new!A5 -> 2 | B6: =milestone_3day_new!B5 -> 250 | C6: =milestone_3day_new!C5 -> 380 | D6: =milestone_3day_new!D5 -> FALSE | E6: =IFERROR(IF(CEILING($C6*3/data_raw_3_day!$F$3,1)>3,"X","D"&CEILING($C6*3/data_raw_3_day!$F$3,1)),"X") -> D1 | F6: =IFERROR(IF(CEILING($C6*3/data_raw_3_day!$F$4,1)>3,"X","D"&CEILING($C6*3/data_raw_3_day!$F$4,1)),"X") -> D1 | G6: =IFERROR(IF(CEILING($C6*3/data_raw_3_day!$F$5,1)>3,"X","D"&CEILING($C6*3/data_raw_3_day!$F$5,1)),"X") -> D1 | H6: =IFERROR(IF(CEILING($C6*3/data_raw_3_day!$F$6,1)>3,"X","D"&CEILING($C6*3/data_raw_3_day!$F$6,1)),"X") -> D1 | I6: =IFERROR(IF(CEILING($C6*3/data_raw_3_day!$F$7,1)>3,"X","D"&CEILING($C6*3/data_raw_3_day!$F$7,1)),"X") -> D1 | J6: =IFERROR(IF(CEILING($C6*3/data_raw_3_day!$F$9,1)>3,"X","D"&CEILING($C6*3/data_raw_3_day!$F$9,1)),"X") -> D1 | K6: =IFERROR(IF(CEILING($C6*3/data_raw_3_day!$F$10,1)>3,"X","D"&CEILING($C6*3/data_raw_3_day!$F$10,1)),"X") -> D1 | L6: =IFERROR(IF(CEILING($C6*3/data_raw_3_day!$F$11,1)>3,"X","D"&CEILING($C6*3/data_raw_3_day!$F$11,1)),"X") -> D1 | M6: =IFERROR(IF(CEILING($C6*3/data_raw_3_day!$F$12,1)>3,"X","D"&CEILING($C6*3/data_raw_3_day!$F$12,1)),"X") -> D1 | N6: =IFERROR(IF(CEILING($C6*3/data_raw_3_day!$F$13,1)>3,"X","D"&CEILING($C6*3/data_raw_3_day!$F$13,1)),"X") -> D1
A7: =milestone_3day_new!A6 -> 3 | B7: =milestone_3day_new!B6 -> 850 | C7: =milestone_3day_new!C6 -> 1230 | D7: =milestone_3day_new!D6 -> FALSE | E7: =IFERROR(IF(CEILING($C7*3/data_raw_3_day!$F$3,1)>3,"X","D"&CEILING($C7*3/data_raw_3_day!$F$3,1)),"X") -> D3 | F7: =IFERROR(IF(CEILING($C7*3/data_raw_3_day!$F$4,1)>3,"X","D"&CEILING($C7*3/data_raw_3_day!$F$4,1)),"X") -> D1 | G7: =IFERROR(IF(CEILING($C7*3/data_raw_3_day!$F$5,1)>3,"X","D"&CEILING($C7*3/data_raw_3_day!$F$5,1)),"X") -> D1 | H7: =IFERROR(IF(CEILING($C7*3/data_raw_3_day!$F$6,1)>3,"X","D"&CEILING($C7*3/data_raw_3_day!$F$6,1)),"X") -> D1 | I7: =IFERROR(IF(CEILING($C7*3/data_raw_3_day!$F$7,1)>3,"X","D"&CEILING($C7*3/data_raw_3_day!$F$7,1)),"X") -> D1 | J7: =IFERROR(IF(CEILING($C7*3/data_raw_3_day!$F$9,1)>3,"X","D"&CEILING($C7*3/data_raw_3_day!$F$9,1)),"X") -> D2 | K7: =IFERROR(IF(CEILING($C7*3/data_raw_3_day!$F$10,1)>3,"X","D"&CEILING($C7*3/data_raw_3_day!$F$10,1)),"X") -> D1 | L7: =IFERROR(IF(CEILING($C7*3/data_raw_3_day!$F$11,1)>3,"X","D"&CEILING($C7*3/data_raw_3_day!$F$11,1)),"X") -> D1 | M7: =IFERROR(IF(CEILING($C7*3/data_raw_3_day!$F$12,1)>3,"X","D"&CEILING($C7*3/data_raw_3_day!$F$12,1)),"X") -> D1 | N7: =IFERROR(IF(CEILING($C7*3/data_raw_3_day!$F$13,1)>3,"X","D"&CEILING($C7*3/data_raw_3_day!$F$13,1)),"X") -> D1
A8: =milestone_3day_new!A7 -> 4 | B8: =milestone_3day_new!B7 -> 200 | C8: =milestone_3day_new!C7 -> 1430 | D8: =milestone_3day_new!D7 -> FALSE | E8: =IFERROR(IF(CEILING($C8*3/data_raw_3_day!$F$3,1)>3,"X","D"&CEILING($C8*3/data_raw_3_day!$F$3,1)),"X") -> D3 | F8: =IFERROR(IF(CEILING($C8*3/data_raw_3_day!$F$4,1)>3,"X","D"&CEILING($C8*3/data_raw_3_day!$F$4,1)),"X") -> D1 | G8: =IFERROR(IF(CEILING($C8*3/data_raw_3_day!$F$5,1)>3,"X","D"&CEILING($C8*3/data_raw_3_day!$F$5,1)),"X") -> D1 | H8: =IFERROR(IF(CEILING($C8*3/data_raw_3_day!$F$6,1)>3,"X","D"&CEILING($C8*3/data_raw_3_day!$F$6,1)),"X") -> D1 | I8: =IFERROR(IF(CEILING($C8*3/data_raw_3_day!$F$7,1)>3,"X","D"&CEILING($C8*3/data_raw_3_day!$F$7,1)),"X") -> D1 | J8: =IFERROR(IF(CEILING($C8*3/data_raw_3_day!$F$9,1)>3,"X","D"&CEILING($C8*3/data_raw_3_day!$F$9,1)),"X") -> D3 | K8: =IFERROR(IF(CEILING($C8*3/data_raw_3_day!$F$10,1)>3,"X","D"&CEILING($C8*3/data_raw_3_day!$F$10,1)),"X") -> D1 | L8: =IFERROR(IF(CEILING($C8*3/data_raw_3_day!$F$11,1)>3,"X","D"&CEILING($C8*3/data_raw_3_day!$F$11,1)),"X") -> D1 | M8: =IFERROR(IF(CEILING($C8*3/data_raw_3_day!$F$12,1)>3,"X","D"&CEILING($C8*3/data_raw_3_day!$F$12,1)),"X") -> D1 | N8: =IFERROR(IF(CEILING($C8*3/data_raw_3_day!$F$13,1)>3,"X","D"&CEILING($C8*3/data_raw_3_day!$F$13,1)),"X") -> D1
A9: =milestone_3day_new!A8 -> 5 | B9: =milestone_3day_new!B8 -> 450 | C9: =milestone_3day_new!C8 -> 1880 | D9: =milestone_3day_new!D8 -> FALSE | E9: =IFERROR(IF(CEILING($C9*3/data_raw_3_day!$F$3,1)>3,"X","D"&CEILING($C9*3/data_raw_3_day!$F$3,1)),"X") -> X | F9: =IFERROR(IF(CEILING($C9*3/data_raw_3_day!$F$4,1)>3,"X","D"&CEILING($C9*3/data_raw_3_day!$F$4,1)),"X") -> D1 | G9: =IFERROR(IF(CEILING($C9*3/data_raw_3_day!$F$5,1)>3,"X","D"&CEILING($C9*3/data_raw_3_day!$F$5,1)),"X") -> D1 | H9: =IFERROR(IF(CEILING($C9*3/data_raw_3_day!$F$6,1)>3,"X","D"&CEILING($C9*3/data_raw_3_day!$F$6,1)),"X") -> D1 | I9: =IFERROR(IF(CEILING($C9*3/data_raw_3_day!$F$7,1)>3,"X","D"&CEILING($C9*3/data_raw_3_day!$F$7,1)),"X") -> D1 | J9: =IFERROR(IF(CEILING($C9*3/data_raw_3_day!$F$9,1)>3,"X","D"&CEILING($C9*3/data_raw_3_day!$F$9,1)),"X") -> D3 | K9: =IFERROR(IF(CEILING($C9*3/data_raw_3_day!$F$10,1)>3,"X","D"&CEILING($C9*3/data_raw_3_day!$F$10,1)),"X") -> D1 | L9: =IFERROR(IF(CEILING($C9*3/data_raw_3_day!$F$11,1)>3,"X","D"&CEILING($C9*3/data_raw_3_day!$F$11,1)),"X") -> D1 | M9: =IFERROR(IF(CEILING($C9*3/data_raw_3_day!$F$12,1)>3,"X","D"&CEILING($C9*3/data_raw_3_day!$F$12,1)),"X") -> D1 | N9: =IFERROR(IF(CEILING($C9*3/data_raw_3_day!$F$13,1)>3,"X","D"&CEILING($C9*3/data_raw_3_day!$F$13,1)),"X") -> D1
A10: =milestone_3day_new!A9 -> 6 | B10: =milestone_3day_new!B9 -> 1300 | C10: =milestone_3day_new!C9 -> 3180 | D10: =milestone_3day_new!D9 -> TRUE | E10: =IFERROR(IF(CEILING($C10*3/data_raw_3_day!$F$3,1)>3,"X","D"&CEILING($C10*3/data_raw_3_day!$F$3,1)),"X") -> X | F10: =IFERROR(IF(CEILING($C10*3/data_raw_3_day!$F$4,1)>3,"X","D"&CEILING($C10*3/data_raw_3_day!$F$4,1)),"X") -> D2 | G10: =IFERROR(IF(CEILING($C10*3/data_raw_3_day!$F$5,1)>3,"X","D"&CEILING($C10*3/data_raw_3_day!$F$5,1)),"X") -> D1 | H10: =IFERROR(IF(CEILING($C10*3/data_raw_3_day!$F$6,1)>3,"X","D"&CEILING($C10*3/data_raw_3_day!$F$6,1)),"X") -> D1 | I10: =IFERROR(IF(CEILING($C10*3/data_raw_3_day!$F$7,1)>3,"X","D"&CEILING($C10*3/data_raw_3_day!$F$7,1)),"X") -> D1 | J10: =IFERROR(IF(CEILING($C10*3/data_raw_3_day!$F$9,1)>3,"X","D"&CEILING($C10*3/data_raw_3_day!$F$9,1)),"X") -> X | K10: =IFERROR(IF(CEILING($C10*3/data_raw_3_day!$F$10,1)>3,"X","D"&CEILING($C10*3/data_raw_3_day!$F$10,1)),"X") -> D2 | L10: =IFERROR(IF(CEILING($C10*3/data_raw_3_day!$F$11,1)>3,"X","D"&CEILING($C10*3/data_raw_3_day!$F$11,1)),"X") -> D1 | M10: =IFERROR(IF(CEILING($C10*3/data_raw_3_day!$F$12,1)>3,"X","D"&CEILING($C10*3/data_raw_3_day!$F$12,1)),"X") -> D1 | N10: =IFERROR(IF(CEILING($C10*3/data_raw_3_day!$F$13,1)>3,"X","D"&CEILING($C10*3/data_raw_3_day!$F$13,1)),"X") -> D1
A11: =milestone_3day_new!A10 -> 7 | B11: =milestone_3day_new!B10 -> 450 | C11: =milestone_3day_new!C10 -> 3630 | D11: =milestone_3day_new!D10 -> FALSE | E11: =IFERROR(IF(CEILING($C11*3/data_raw_3_day!$F$3,1)>3,"X","D"&CEILING($C11*3/data_raw_3_day!$F$3,1)),"X") -> X | F11: =IFERROR(IF(CEILING($C11*3/data_raw_3_day!$F$4,1)>3,"X","D"&CEILING($C11*3/data_raw_3_day!$F$4,1)),"X") -> D2 | G11: =IFERROR(IF(CEILING($C11*3/data_raw_3_day!$F$5,1)>3,"X","D"&CEILING($C11*3/data_raw_3_day!$F$5,1)),"X") -> D1 | H11: =IFERROR(IF(CEILING($C11*3/data_raw_3_day!$F$6,1)>3,"X","D"&CEILING($C11*3/data_raw_3_day!$F$6,1)),"X") -> D1 | I11: =IFERROR(IF(CEILING($C11*3/data_raw_3_day!$F$7,1)>3,"X","D"&CEILING($C11*3/data_raw_3_day!$F$7,1)),"X") -> D1 | J11: =IFERROR(IF(CEILING($C11*3/data_raw_3_day!$F$9,1)>3,"X","D"&CEILING($C11*3/data_raw_3_day!$F$9,1)),"X") -> X | K11: =IFERROR(IF(CEILING($C11*3/data_raw_3_day!$F$10,1)>3,"X","D"&CEILING($C11*3/data_raw_3_day!$F$10,1)),"X") -> D2 | L11: =IFERROR(IF(CEILING($C11*3/data_raw_3_day!$F$11,1)>3,"X","D"&CEILING($C11*3/data_raw_3_day!$F$11,1)),"X") -> D1 | M11: =IFERROR(IF(CEILING($C11*3/data_raw_3_day!$F$12,1)>3,"X","D"&CEILING($C11*3/data_raw_3_day!$F$12,1)),"X") -> D1 | N11: =IFERROR(IF(CEILING($C11*3/data_raw_3_day!$F$13,1)>3,"X","D"&CEILING($C11*3/data_raw_3_day!$F$13,1)),"X") -> D1
A12: =milestone_3day_new!A11 -> 8 | B12: =milestone_3day_new!B11 -> 820 | C12: =milestone_3day_new!C11 -> 4450 | D12: =milestone_3day_new!D11 -> FALSE | E12: =IFERROR(IF(CEILING($C12*3/data_raw_3_day!$F$3,1)>3,"X","D"&CEILING($C12*3/data_raw_3_day!$F$3,1)),"X") -> X | F12: =IFERROR(IF(CEILING($C12*3/data_raw_3_day!$F$4,1)>3,"X","D"&CEILING($C12*3/data_raw_3_day!$F$4,1)),"X") -> D2 | G12: =IFERROR(IF(CEILING($C12*3/data_raw_3_day!$F$5,1)>3,"X","D"&CEILING($C12*3/data_raw_3_day!$F$5,1)),"X") -> D1 | H12: =IFERROR(IF(CEILING($C12*3/data_raw_3_day!$F$6,1)>3,"X","D"&CEILING($C12*3/data_raw_3_day!$F$6,1)),"X") -> D1 | I12: =IFERROR(IF(CEILING($C12*3/data_raw_3_day!$F$7,1)>3,"X","D"&CEILING($C12*3/data_raw_3_day!$F$7,1)),"X") -> D1 | J12: =IFERROR(IF(CEILING($C12*3/data_raw_3_day!$F$9,1)>3,"X","D"&CEILING($C12*3/data_raw_3_day!$F$9,1)),"X") -> X | K12: =IFERROR(IF(CEILING($C12*3/data_raw_3_day!$F$10,1)>3,"X","D"&CEILING($C12*3/data_raw_3_day!$F$10,1)),"X") -> D2 | L12: =IFERROR(IF(CEILING($C12*3/data_raw_3_day!$F$11,1)>3,"X","D"&CEILING($C12*3/data_raw_3_day!$F$11,1)),"X") -> D1 | M12: =IFERROR(IF(CEILING($C12*3/data_raw_3_day!$F$12,1)>3,"X","D"&CEILING($C12*3/data_raw_3_day!$F$12,1)),"X") -> D1 | N12: =IFERROR(IF(CEILING($C12*3/data_raw_3_day!$F$13,1)>3,"X","D"&CEILING($C12*3/data_raw_3_day!$F$13,1)),"X") -> D1
A13: =milestone_3day_new!A12 -> 9 | B13: =milestone_3day_new!B12 -> 3300 | C13: =milestone_3day_new!C12 -> 7750 | D13: =milestone_3day_new!D12 -> TRUE | E13: =IFERROR(IF(CEILING($C13*3/data_raw_3_day!$F$3,1)>3,"X","D"&CEILING($C13*3/data_raw_3_day!$F$3,1)),"X") -> X | F13: =IFERROR(IF(CEILING($C13*3/data_raw_3_day!$F$4,1)>3,"X","D"&CEILING($C13*3/data_raw_3_day!$F$4,1)),"X") -> D3 | G13: =IFERROR(IF(CEILING($C13*3/data_raw_3_day!$F$5,1)>3,"X","D"&CEILING($C13*3/data_raw_3_day!$F$5,1)),"X") -> D2 | H13: =IFERROR(IF(CEILING($C13*3/data_raw_3_day!$F$6,1)>3,"X","D"&CEILING($C13*3/data_raw_3_day!$F$6,1)),"X") -> D1 | I13: =IFERROR(IF(CEILING($C13*3/data_raw_3_day!$F$7,1)>3,"X","D"&CEILING($C13*3/data_raw_3_day!$F$7,1)),"X") -> D1 | J13: =IFERROR(IF(CEILING($C13*3/data_raw_3_day!$F$9,1)>3,"X","D"&CEILING($C13*3/data_raw_3_day!$F$9,1)),"X") -> X | K13: =IFERROR(IF(CEILING($C13*3/data_raw_3_day!$F$10,1)>3,"X","D"&CEILING($C13*3/data_raw_3_day!$F$10,1)),"X") -> D3 | L13: =IFERROR(IF(CEILING($C13*3/data_raw_3_day!$F$11,1)>3,"X","D"&CEILING($C13*3/data_raw_3_day!$F$11,1)),"X") -> D2 | M13: =IFERROR(IF(CEILING($C13*3/data_raw_3_day!$F$12,1)>3,"X","D"&CEILING($C13*3/data_raw_3_day!$F$12,1)),"X") -> D1 | N13: =IFERROR(IF(CEILING($C13*3/data_raw_3_day!$F$13,1)>3,"X","D"&CEILING($C13*3/data_raw_3_day!$F$13,1)),"X") -> D1
A14: =milestone_3day_new!A13 -> 10 | B14: =milestone_3day_new!B13 -> 1100 | C14: =milestone_3day_new!C13 -> 8850 | D14: =milestone_3day_new!D13 -> FALSE | E14: =IFERROR(IF(CEILING($C14*3/data_raw_3_day!$F$3,1)>3,"X","D"&CEILING($C14*3/data_raw_3_day!$F$3,1)),"X") -> X | F14: =IFERROR(IF(CEILING($C14*3/data_raw_3_day!$F$4,1)>3,"X","D"&CEILING($C14*3/data_raw_3_day!$F$4,1)),"X") -> X | G14: =IFERROR(IF(CEILING($C14*3/data_raw_3_day!$F$5,1)>3,"X","D"&CEILING($C14*3/data_raw_3_day!$F$5,1)),"X") -> D2 | H14: =IFERROR(IF(CEILING($C14*3/data_raw_3_day!$F$6,1)>3,"X","D"&CEILING($C14*3/data_raw_3_day!$F$6,1)),"X") -> D1 | I14: =IFERROR(IF(CEILING($C14*3/data_raw_3_day!$F$7,1)>3,"X","D"&CEILING($C14*3/data_raw_3_day!$F$7,1)),"X") -> D1 | J14: =IFERROR(IF(CEILING($C14*3/data_raw_3_day!$F$9,1)>3,"X","D"&CEILING($C14*3/data_raw_3_day!$F$9,1)),"X") -> X | K14: =IFERROR(IF(CEILING($C14*3/data_raw_3_day!$F$10,1)>3,"X","D"&CEILING($C14*3/data_raw_3_day!$F$10,1)),"X") -> X | L14: =IFERROR(IF(CEILING($C14*3/data_raw_3_day!$F$11,1)>3,"X","D"&CEILING($C14*3/data_raw_3_day!$F$11,1)),"X") -> D2 | M14: =IFERROR(IF(CEILING($C14*3/data_raw_3_day!$F$12,1)>3,"X","D"&CEILING($C14*3/data_raw_3_day!$F$12,1)),"X") -> D1 | N14: =IFERROR(IF(CEILING($C14*3/data_raw_3_day!$F$13,1)>3,"X","D"&CEILING($C14*3/data_raw_3_day!$F$13,1)),"X") -> D1
A15: =milestone_3day_new!A14 -> 11 | B15: =milestone_3day_new!B14 -> 2200 | C15: =milestone_3day_new!C14 -> 11050 | D15: =milestone_3day_new!D14 -> FALSE | E15: =IFERROR(IF(CEILING($C15*3/data_raw_3_day!$F$3,1)>3,"X","D"&CEILING($C15*3/data_raw_3_day!$F$3,1)),"X") -> X | F15: =IFERROR(IF(CEILING($C15*3/data_raw_3_day!$F$4,1)>3,"X","D"&CEILING($C15*3/data_raw_3_day!$F$4,1)),"X") -> X | G15: =IFERROR(IF(CEILING($C15*3/data_raw_3_day!$F$5,1)>3,"X","D"&CEILING($C15*3/data_raw_3_day!$F$5,1)),"X") -> D3 | H15: =IFERROR(IF(CEILING($C15*3/data_raw_3_day!$F$6,1)>3,"X","D"&CEILING($C15*3/data_raw_3_day!$F$6,1)),"X") -> D1 | I15: =IFERROR(IF(CEILING($C15*3/data_raw_3_day!$F$7,1)>3,"X","D"&CEILING($C15*3/data_raw_3_day!$F$7,1)),"X") -> D1 | J15: =IFERROR(IF(CEILING($C15*3/data_raw_3_day!$F$9,1)>3,"X","D"&CEILING($C15*3/data_raw_3_day!$F$9,1)),"X") -> X | K15: =IFERROR(IF(CEILING($C15*3/data_raw_3_day!$F$10,1)>3,"X","D"&CEILING($C15*3/data_raw_3_day!$F$10,1)),"X") -> X | L15: =IFERROR(IF(CEILING($C15*3/data_raw_3_day!$F$11,1)>3,"X","D"&CEILING($C15*3/data_raw_3_day!$F$11,1)),"X") -> D2 | M15: =IFERROR(IF(CEILING($C15*3/data_raw_3_day!$F$12,1)>3,"X","D"&CEILING($C15*3/data_raw_3_day!$F$12,1)),"X") -> D1 | N15: =IFERROR(IF(CEILING($C15*3/data_raw_3_day!$F$13,1)>3,"X","D"&CEILING($C15*3/data_raw_3_day!$F$13,1)),"X") -> D1
A16: =milestone_3day_new!A15 -> 12 | B16: =milestone_3day_new!B15 -> 6500 | C16: =milestone_3day_new!C15 -> 17550 | D16: =milestone_3day_new!D15 -> TRUE | E16: =IFERROR(IF(CEILING($C16*3/data_raw_3_day!$F$3,1)>3,"X","D"&CEILING($C16*3/data_raw_3_day!$F$3,1)),"X") -> X | F16: =IFERROR(IF(CEILING($C16*3/data_raw_3_day!$F$4,1)>3,"X","D"&CEILING($C16*3/data_raw_3_day!$F$4,1)),"X") -> X | G16: =IFERROR(IF(CEILING($C16*3/data_raw_3_day!$F$5,1)>3,"X","D"&CEILING($C16*3/data_raw_3_day!$F$5,1)),"X") -> X | H16: =IFERROR(IF(CEILING($C16*3/data_raw_3_day!$F$6,1)>3,"X","D"&CEILING($C16*3/data_raw_3_day!$F$6,1)),"X") -> D2 | I16: =IFERROR(IF(CEILING($C16*3/data_raw_3_day!$F$7,1)>3,"X","D"&CEILING($C16*3/data_raw_3_day!$F$7,1)),"X") -> D1 | J16: =IFERROR(IF(CEILING($C16*3/data_raw_3_day!$F$9,1)>3,"X","D"&CEILING($C16*3/data_raw_3_day!$F$9,1)),"X") -> X | K16: =IFERROR(IF(CEILING($C16*3/data_raw_3_day!$F$10,1)>3,"X","D"&CEILING($C16*3/data_raw_3_day!$F$10,1)),"X") -> X | L16: =IFERROR(IF(CEILING($C16*3/data_raw_3_day!$F$11,1)>3,"X","D"&CEILING($C16*3/data_raw_3_day!$F$11,1)),"X") -> X | M16: =IFERROR(IF(CEILING($C16*3/data_raw_3_day!$F$12,1)>3,"X","D"&CEILING($C16*3/data_raw_3_day!$F$12,1)),"X") -> D2 | N16: =IFERROR(IF(CEILING($C16*3/data_raw_3_day!$F$13,1)>3,"X","D"&CEILING($C16*3/data_raw_3_day!$F$13,1)),"X") -> D1
... A34: =milestone_3day_new!A33 -> 30 | B34: =milestone_3day_new!B33 -> 67000 | C34: =milestone_3day_new!C33 -> 292010 | D34: =milestone_3day_new!D33 -> TRUE | E34: =IFERROR(IF(CEILING($C34*3/data_raw_3_day!$F$3,1)>3,"X","D"&CEILING($C34*3/data_raw_3_day!$F$3,1)),"X") -> X | F34: =IFERROR(IF(CEILING($C34*3/data_raw_3_day!$F$4,1)>3,"X","D"&CEILING($C34*3/data_raw_3_day!$F$4,1)),"X") -> X | G34: =IFERROR(IF(CEILING($C34*3/data_raw_3_day!$F$5,1)>3,"X","D"&CEILING($C34*3/data_raw_3_day!$F$5,1)),"X") -> X | H34: =IFERROR(IF(CEILING($C34*3/data_raw_3_day!$F$6,1)>3,"X","D"&CEILING($C34*3/data_raw_3_day!$F$6,1)),"X") -> X | I34: =IFERROR(IF(CEILING($C34*3/data_raw_3_day!$F$7,1)>3,"X","D"&CEILING($C34*3/data_raw_3_day!$F$7,1)),"X") -> X | J34: =IFERROR(IF(CEILING($C34*3/data_raw_3_day!$F$9,1)>3,"X","D"&CEILING($C34*3/data_raw_3_day!$F$9,1)),"X") -> X | K34: =IFERROR(IF(CEILING($C34*3/data_raw_3_day!$F$10,1)>3,"X","D"&CEILING($C34*3/data_raw_3_day!$F$10,1)),"X") -> X | L34: =IFERROR(IF(CEILING($C34*3/data_raw_3_day!$F$11,1)>3,"X","D"&CEILING($C34*3/data_raw_3_day!$F$11,1)),"X") -> X | M34: =IFERROR(IF(CEILING($C34*3/data_raw_3_day!$F$12,1)>3,"X","D"&CEILING($C34*3/data_raw_3_day!$F$12,1)),"X") -> X | N34: =IFERROR(IF(CEILING($C34*3/data_raw_3_day!$F$13,1)>3,"X","D"&CEILING($C34*3/data_raw_3_day!$F$13,1)),"X") -> X
A36: ◆ 4-DAY PROGRESSION
A37: Milestone | B37: Matchables Req | C37: Req Accum | D37: Chest | E37: NP 0-9 | F37: NP 10-19 | G37: NP 20-39 | H37: NP 40-99 | I37: NP 100+ | J37: P 0-9 | K37: P 10-19 | L37: P 20-39 | M37: P 40-99 | N37: P 100+
A38: =milestone_4day_new!A4 -> 1 | B38: =milestone_4day_new!B4 -> 160 | C38: =milestone_4day_new!C4 -> 160 | D38: =milestone_4day_new!D4 -> FALSE | E38: =IFERROR(IF(CEILING($C38*4/data_raw_4_day!$F$3,1)>4,"X","D"&CEILING($C38*4/data_raw_4_day!$F$3,1)),"X") -> D1 | F38: =IFERROR(IF(CEILING($C38*4/data_raw_4_day!$F$4,1)>4,"X","D"&CEILING($C38*4/data_raw_4_day!$F$4,1)),"X") -> D1 | G38: =IFERROR(IF(CEILING($C38*4/data_raw_4_day!$F$5,1)>4,"X","D"&CEILING($C38*4/data_raw_4_day!$F$5,1)),"X") -> D1 | H38: =IFERROR(IF(CEILING($C38*4/data_raw_4_day!$F$6,1)>4,"X","D"&CEILING($C38*4/data_raw_4_day!$F$6,1)),"X") -> D1 | I38: =IFERROR(IF(CEILING($C38*4/data_raw_4_day!$F$7,1)>4,"X","D"&CEILING($C38*4/data_raw_4_day!$F$7,1)),"X") -> D1 | J38: =IFERROR(IF(CEILING($C38*4/data_raw_4_day!$F$9,1)>4,"X","D"&CEILING($C38*4/data_raw_4_day!$F$9,1)),"X") -> D1 | K38: =IFERROR(IF(CEILING($C38*4/data_raw_4_day!$F$10,1)>4,"X","D"&CEILING($C38*4/data_raw_4_day!$F$10,1)),"X") -> D1 | L38: =IFERROR(IF(CEILING($C38*4/data_raw_4_day!$F$11,1)>4,"X","D"&CEILING($C38*4/data_raw_4_day!$F$11,1)),"X") -> D1 | M38: =IFERROR(IF(CEILING($C38*4/data_raw_4_day!$F$12,1)>4,"X","D"&CEILING($C38*4/data_raw_4_day!$F$12,1)),"X") -> D1 | N38: =IFERROR(IF(CEILING($C38*4/data_raw_4_day!$F$13,1)>4,"X","D"&CEILING($C38*4/data_raw_4_day!$F$13,1)),"X") -> D1
A39: =milestone_4day_new!A5 -> 2 | B39: =milestone_4day_new!B5 -> 300 | C39: =milestone_4day_new!C5 -> 460 | D39: =milestone_4day_new!D5 -> FALSE | E39: =IFERROR(IF(CEILING($C39*4/data_raw_4_day!$F$3,1)>4,"X","D"&CEILING($C39*4/data_raw_4_day!$F$3,1)),"X") -> D1 | F39: =IFERROR(IF(CEILING($C39*4/data_raw_4_day!$F$4,1)>4,"X","D"&CEILING($C39*4/data_raw_4_day!$F$4,1)),"X") -> D1 | G39: =IFERROR(IF(CEILING($C39*4/data_raw_4_day!$F$5,1)>4,"X","D"&CEILING($C39*4/data_raw_4_day!$F$5,1)),"X") -> D1 | H39: =IFERROR(IF(CEILING($C39*4/data_raw_4_day!$F$6,1)>4,"X","D"&CEILING($C39*4/data_raw_4_day!$F$6,1)),"X") -> D1 | I39: =IFERROR(IF(CEILING($C39*4/data_raw_4_day!$F$7,1)>4,"X","D"&CEILING($C39*4/data_raw_4_day!$F$7,1)),"X") -> D1 | J39: =IFERROR(IF(CEILING($C39*4/data_raw_4_day!$F$9,1)>4,"X","D"&CEILING($C39*4/data_raw_4_day!$F$9,1)),"X") -> D1 | K39: =IFERROR(IF(CEILING($C39*4/data_raw_4_day!$F$10,1)>4,"X","D"&CEILING($C39*4/data_raw_4_day!$F$10,1)),"X") -> D1 | L39: =IFERROR(IF(CEILING($C39*4/data_raw_4_day!$F$11,1)>4,"X","D"&CEILING($C39*4/data_raw_4_day!$F$11,1)),"X") -> D1 | M39: =IFERROR(IF(CEILING($C39*4/data_raw_4_day!$F$12,1)>4,"X","D"&CEILING($C39*4/data_raw_4_day!$F$12,1)),"X") -> D1 | N39: =IFERROR(IF(CEILING($C39*4/data_raw_4_day!$F$13,1)>4,"X","D"&CEILING($C39*4/data_raw_4_day!$F$13,1)),"X") -> D1
A40: =milestone_4day_new!A6 -> 3 | B40: =milestone_4day_new!B6 -> 1000 | C40: =milestone_4day_new!C6 -> 1460 | D40: =milestone_4day_new!D6 -> FALSE | E40: =IFERROR(IF(CEILING($C40*4/data_raw_4_day!$F$3,1)>4,"X","D"&CEILING($C40*4/data_raw_4_day!$F$3,1)),"X") -> D4 | F40: =IFERROR(IF(CEILING($C40*4/data_raw_4_day!$F$4,1)>4,"X","D"&CEILING($C40*4/data_raw_4_day!$F$4,1)),"X") -> D1 | G40: =IFERROR(IF(CEILING($C40*4/data_raw_4_day!$F$5,1)>4,"X","D"&CEILING($C40*4/data_raw_4_day!$F$5,1)),"X") -> D1 | H40: =IFERROR(IF(CEILING($C40*4/data_raw_4_day!$F$6,1)>4,"X","D"&CEILING($C40*4/data_raw_4_day!$F$6,1)),"X") -> D1 | I40: =IFERROR(IF(CEILING($C40*4/data_raw_4_day!$F$7,1)>4,"X","D"&CEILING($C40*4/data_raw_4_day!$F$7,1)),"X") -> D1 | J40: =IFERROR(IF(CEILING($C40*4/data_raw_4_day!$F$9,1)>4,"X","D"&CEILING($C40*4/data_raw_4_day!$F$9,1)),"X") -> D3 | K40: =IFERROR(IF(CEILING($C40*4/data_raw_4_day!$F$10,1)>4,"X","D"&CEILING($C40*4/data_raw_4_day!$F$10,1)),"X") -> D1 | L40: =IFERROR(IF(CEILING($C40*4/data_raw_4_day!$F$11,1)>4,"X","D"&CEILING($C40*4/data_raw_4_day!$F$11,1)),"X") -> D1 | M40: =IFERROR(IF(CEILING($C40*4/data_raw_4_day!$F$12,1)>4,"X","D"&CEILING($C40*4/data_raw_4_day!$F$12,1)),"X") -> D1 | N40: =IFERROR(IF(CEILING($C40*4/data_raw_4_day!$F$13,1)>4,"X","D"&CEILING($C40*4/data_raw_4_day!$F$13,1)),"X") -> D1
A41: =milestone_4day_new!A7 -> 4 | B41: =milestone_4day_new!B7 -> 250 | C41: =milestone_4day_new!C7 -> 1710 | D41: =milestone_4day_new!D7 -> FALSE | E41: =IFERROR(IF(CEILING($C41*4/data_raw_4_day!$F$3,1)>4,"X","D"&CEILING($C41*4/data_raw_4_day!$F$3,1)),"X") -> D4 | F41: =IFERROR(IF(CEILING($C41*4/data_raw_4_day!$F$4,1)>4,"X","D"&CEILING($C41*4/data_raw_4_day!$F$4,1)),"X") -> D1 | G41: =IFERROR(IF(CEILING($C41*4/data_raw_4_day!$F$5,1)>4,"X","D"&CEILING($C41*4/data_raw_4_day!$F$5,1)),"X") -> D1 | H41: =IFERROR(IF(CEILING($C41*4/data_raw_4_day!$F$6,1)>4,"X","D"&CEILING($C41*4/data_raw_4_day!$F$6,1)),"X") -> D1 | I41: =IFERROR(IF(CEILING($C41*4/data_raw_4_day!$F$7,1)>4,"X","D"&CEILING($C41*4/data_raw_4_day!$F$7,1)),"X") -> D1 | J41: =IFERROR(IF(CEILING($C41*4/data_raw_4_day!$F$9,1)>4,"X","D"&CEILING($C41*4/data_raw_4_day!$F$9,1)),"X") -> D3 | K41: =IFERROR(IF(CEILING($C41*4/data_raw_4_day!$F$10,1)>4,"X","D"&CEILING($C41*4/data_raw_4_day!$F$10,1)),"X") -> D1 | L41: =IFERROR(IF(CEILING($C41*4/data_raw_4_day!$F$11,1)>4,"X","D"&CEILING($C41*4/data_raw_4_day!$F$11,1)),"X") -> D1 | M41: =IFERROR(IF(CEILING($C41*4/data_raw_4_day!$F$12,1)>4,"X","D"&CEILING($C41*4/data_raw_4_day!$F$12,1)),"X") -> D1 | N41: =IFERROR(IF(CEILING($C41*4/data_raw_4_day!$F$13,1)>4,"X","D"&CEILING($C41*4/data_raw_4_day!$F$13,1)),"X") -> D1
A42: =milestone_4day_new!A8 -> 5 | B42: =milestone_4day_new!B8 -> 500 | C42: =milestone_4day_new!C8 -> 2210 | D42: =milestone_4day_new!D8 -> FALSE | E42: =IFERROR(IF(CEILING($C42*4/data_raw_4_day!$F$3,1)>4,"X","D"&CEILING($C42*4/data_raw_4_day!$F$3,1)),"X") -> X | F42: =IFERROR(IF(CEILING($C42*4/data_raw_4_day!$F$4,1)>4,"X","D"&CEILING($C42*4/data_raw_4_day!$F$4,1)),"X") -> D1 | G42: =IFERROR(IF(CEILING($C42*4/data_raw_4_day!$F$5,1)>4,"X","D"&CEILING($C42*4/data_raw_4_day!$F$5,1)),"X") -> D1 | H42: =IFERROR(IF(CEILING($C42*4/data_raw_4_day!$F$6,1)>4,"X","D"&CEILING($C42*4/data_raw_4_day!$F$6,1)),"X") -> D1 | I42: =IFERROR(IF(CEILING($C42*4/data_raw_4_day!$F$7,1)>4,"X","D"&CEILING($C42*4/data_raw_4_day!$F$7,1)),"X") -> D1 | J42: =IFERROR(IF(CEILING($C42*4/data_raw_4_day!$F$9,1)>4,"X","D"&CEILING($C42*4/data_raw_4_day!$F$9,1)),"X") -> D4 | K42: =IFERROR(IF(CEILING($C42*4/data_raw_4_day!$F$10,1)>4,"X","D"&CEILING($C42*4/data_raw_4_day!$F$10,1)),"X") -> D1 | L42: =IFERROR(IF(CEILING($C42*4/data_raw_4_day!$F$11,1)>4,"X","D"&CEILING($C42*4/data_raw_4_day!$F$11,1)),"X") -> D1 | M42: =IFERROR(IF(CEILING($C42*4/data_raw_4_day!$F$12,1)>4,"X","D"&CEILING($C42*4/data_raw_4_day!$F$12,1)),"X") -> D1 | N42: =IFERROR(IF(CEILING($C42*4/data_raw_4_day!$F$13,1)>4,"X","D"&CEILING($C42*4/data_raw_4_day!$F$13,1)),"X") -> D1
A43: =milestone_4day_new!A9 -> 6 | B43: =milestone_4day_new!B9 -> 1600 | C43: =milestone_4day_new!C9 -> 3810 | D43: =milestone_4day_new!D9 -> TRUE | E43: =IFERROR(IF(CEILING($C43*4/data_raw_4_day!$F$3,1)>4,"X","D"&CEILING($C43*4/data_raw_4_day!$F$3,1)),"X") -> X | F43: =IFERROR(IF(CEILING($C43*4/data_raw_4_day!$F$4,1)>4,"X","D"&CEILING($C43*4/data_raw_4_day!$F$4,1)),"X") -> D2 | G43: =IFERROR(IF(CEILING($C43*4/data_raw_4_day!$F$5,1)>4,"X","D"&CEILING($C43*4/data_raw_4_day!$F$5,1)),"X") -> D1 | H43: =IFERROR(IF(CEILING($C43*4/data_raw_4_day!$F$6,1)>4,"X","D"&CEILING($C43*4/data_raw_4_day!$F$6,1)),"X") -> D1 | I43: =IFERROR(IF(CEILING($C43*4/data_raw_4_day!$F$7,1)>4,"X","D"&CEILING($C43*4/data_raw_4_day!$F$7,1)),"X") -> D1 | J43: =IFERROR(IF(CEILING($C43*4/data_raw_4_day!$F$9,1)>4,"X","D"&CEILING($C43*4/data_raw_4_day!$F$9,1)),"X") -> X | K43: =IFERROR(IF(CEILING($C43*4/data_raw_4_day!$F$10,1)>4,"X","D"&CEILING($C43*4/data_raw_4_day!$F$10,1)),"X") -> D2 | L43: =IFERROR(IF(CEILING($C43*4/data_raw_4_day!$F$11,1)>4,"X","D"&CEILING($C43*4/data_raw_4_day!$F$11,1)),"X") -> D1 | M43: =IFERROR(IF(CEILING($C43*4/data_raw_4_day!$F$12,1)>4,"X","D"&CEILING($C43*4/data_raw_4_day!$F$12,1)),"X") -> D1 | N43: =IFERROR(IF(CEILING($C43*4/data_raw_4_day!$F$13,1)>4,"X","D"&CEILING($C43*4/data_raw_4_day!$F$13,1)),"X") -> D1
A44: =milestone_4day_new!A10 -> 7 | B44: =milestone_4day_new!B10 -> 500 | C44: =milestone_4day_new!C10 -> 4310 | D44: =milestone_4day_new!D10 -> FALSE | E44: =IFERROR(IF(CEILING($C44*4/data_raw_4_day!$F$3,1)>4,"X","D"&CEILING($C44*4/data_raw_4_day!$F$3,1)),"X") -> X | F44: =IFERROR(IF(CEILING($C44*4/data_raw_4_day!$F$4,1)>4,"X","D"&CEILING($C44*4/data_raw_4_day!$F$4,1)),"X") -> D2 | G44: =IFERROR(IF(CEILING($C44*4/data_raw_4_day!$F$5,1)>4,"X","D"&CEILING($C44*4/data_raw_4_day!$F$5,1)),"X") -> D1 | H44: =IFERROR(IF(CEILING($C44*4/data_raw_4_day!$F$6,1)>4,"X","D"&CEILING($C44*4/data_raw_4_day!$F$6,1)),"X") -> D1 | I44: =IFERROR(IF(CEILING($C44*4/data_raw_4_day!$F$7,1)>4,"X","D"&CEILING($C44*4/data_raw_4_day!$F$7,1)),"X") -> D1 | J44: =IFERROR(IF(CEILING($C44*4/data_raw_4_day!$F$9,1)>4,"X","D"&CEILING($C44*4/data_raw_4_day!$F$9,1)),"X") -> X | K44: =IFERROR(IF(CEILING($C44*4/data_raw_4_day!$F$10,1)>4,"X","D"&CEILING($C44*4/data_raw_4_day!$F$10,1)),"X") -> D2 | L44: =IFERROR(IF(CEILING($C44*4/data_raw_4_day!$F$11,1)>4,"X","D"&CEILING($C44*4/data_raw_4_day!$F$11,1)),"X") -> D1 | M44: =IFERROR(IF(CEILING($C44*4/data_raw_4_day!$F$12,1)>4,"X","D"&CEILING($C44*4/data_raw_4_day!$F$12,1)),"X") -> D1 | N44: =IFERROR(IF(CEILING($C44*4/data_raw_4_day!$F$13,1)>4,"X","D"&CEILING($C44*4/data_raw_4_day!$F$13,1)),"X") -> D1
A45: =milestone_4day_new!A11 -> 8 | B45: =milestone_4day_new!B11 -> 1000 | C45: =milestone_4day_new!C11 -> 5310 | D45: =milestone_4day_new!D11 -> FALSE | E45: =IFERROR(IF(CEILING($C45*4/data_raw_4_day!$F$3,1)>4,"X","D"&CEILING($C45*4/data_raw_4_day!$F$3,1)),"X") -> X | F45: =IFERROR(IF(CEILING($C45*4/data_raw_4_day!$F$4,1)>4,"X","D"&CEILING($C45*4/data_raw_4_day!$F$4,1)),"X") -> D3 | G45: =IFERROR(IF(CEILING($C45*4/data_raw_4_day!$F$5,1)>4,"X","D"&CEILING($C45*4/data_raw_4_day!$F$5,1)),"X") -> D2 | H45: =IFERROR(IF(CEILING($C45*4/data_raw_4_day!$F$6,1)>4,"X","D"&CEILING($C45*4/data_raw_4_day!$F$6,1)),"X") -> D1 | I45: =IFERROR(IF(CEILING($C45*4/data_raw_4_day!$F$7,1)>4,"X","D"&CEILING($C45*4/data_raw_4_day!$F$7,1)),"X") -> D1 | J45: =IFERROR(IF(CEILING($C45*4/data_raw_4_day!$F$9,1)>4,"X","D"&CEILING($C45*4/data_raw_4_day!$F$9,1)),"X") -> X | K45: =IFERROR(IF(CEILING($C45*4/data_raw_4_day!$F$10,1)>4,"X","D"&CEILING($C45*4/data_raw_4_day!$F$10,1)),"X") -> D3 | L45: =IFERROR(IF(CEILING($C45*4/data_raw_4_day!$F$11,1)>4,"X","D"&CEILING($C45*4/data_raw_4_day!$F$11,1)),"X") -> D2 | M45: =IFERROR(IF(CEILING($C45*4/data_raw_4_day!$F$12,1)>4,"X","D"&CEILING($C45*4/data_raw_4_day!$F$12,1)),"X") -> D1 | N45: =IFERROR(IF(CEILING($C45*4/data_raw_4_day!$F$13,1)>4,"X","D"&CEILING($C45*4/data_raw_4_day!$F$13,1)),"X") -> D1
A46: =milestone_4day_new!A12 -> 9 | B46: =milestone_4day_new!B12 -> 3300 | C46: =milestone_4day_new!C12 -> 8610 | D46: =milestone_4day_new!D12 -> TRUE | E46: =IFERROR(IF(CEILING($C46*4/data_raw_4_day!$F$3,1)>4,"X","D"&CEILING($C46*4/data_raw_4_day!$F$3,1)),"X") -> X | F46: =IFERROR(IF(CEILING($C46*4/data_raw_4_day!$F$4,1)>4,"X","D"&CEILING($C46*4/data_raw_4_day!$F$4,1)),"X") -> D4 | G46: =IFERROR(IF(CEILING($C46*4/data_raw_4_day!$F$5,1)>4,"X","D"&CEILING($C46*4/data_raw_4_day!$F$5,1)),"X") -> D2 | H46: =IFERROR(IF(CEILING($C46*4/data_raw_4_day!$F$6,1)>4,"X","D"&CEILING($C46*4/data_raw_4_day!$F$6,1)),"X") -> D1 | I46: =IFERROR(IF(CEILING($C46*4/data_raw_4_day!$F$7,1)>4,"X","D"&CEILING($C46*4/data_raw_4_day!$F$7,1)),"X") -> D1 | J46: =IFERROR(IF(CEILING($C46*4/data_raw_4_day!$F$9,1)>4,"X","D"&CEILING($C46*4/data_raw_4_day!$F$9,1)),"X") -> X | K46: =IFERROR(IF(CEILING($C46*4/data_raw_4_day!$F$10,1)>4,"X","D"&CEILING($C46*4/data_raw_4_day!$F$10,1)),"X") -> D4 | L46: =IFERROR(IF(CEILING($C46*4/data_raw_4_day!$F$11,1)>4,"X","D"&CEILING($C46*4/data_raw_4_day!$F$11,1)),"X") -> D2 | M46: =IFERROR(IF(CEILING($C46*4/data_raw_4_day!$F$12,1)>4,"X","D"&CEILING($C46*4/data_raw_4_day!$F$12,1)),"X") -> D1 | N46: =IFERROR(IF(CEILING($C46*4/data_raw_4_day!$F$13,1)>4,"X","D"&CEILING($C46*4/data_raw_4_day!$F$13,1)),"X") -> D1
A47: =milestone_4day_new!A13 -> 10 | B47: =milestone_4day_new!B13 -> 1100 | C47: =milestone_4day_new!C13 -> 9710 | D47: =milestone_4day_new!D13 -> FALSE | E47: =IFERROR(IF(CEILING($C47*4/data_raw_4_day!$F$3,1)>4,"X","D"&CEILING($C47*4/data_raw_4_day!$F$3,1)),"X") -> X | F47: =IFERROR(IF(CEILING($C47*4/data_raw_4_day!$F$4,1)>4,"X","D"&CEILING($C47*4/data_raw_4_day!$F$4,1)),"X") -> X | G47: =IFERROR(IF(CEILING($C47*4/data_raw_4_day!$F$5,1)>4,"X","D"&CEILING($C47*4/data_raw_4_day!$F$5,1)),"X") -> D3 | H47: =IFERROR(IF(CEILING($C47*4/data_raw_4_day!$F$6,1)>4,"X","D"&CEILING($C47*4/data_raw_4_day!$F$6,1)),"X") -> D1 | I47: =IFERROR(IF(CEILING($C47*4/data_raw_4_day!$F$7,1)>4,"X","D"&CEILING($C47*4/data_raw_4_day!$F$7,1)),"X") -> D1 | J47: =IFERROR(IF(CEILING($C47*4/data_raw_4_day!$F$9,1)>4,"X","D"&CEILING($C47*4/data_raw_4_day!$F$9,1)),"X") -> X | K47: =IFERROR(IF(CEILING($C47*4/data_raw_4_day!$F$10,1)>4,"X","D"&CEILING($C47*4/data_raw_4_day!$F$10,1)),"X") -> D4 | L47: =IFERROR(IF(CEILING($C47*4/data_raw_4_day!$F$11,1)>4,"X","D"&CEILING($C47*4/data_raw_4_day!$F$11,1)),"X") -> D2 | M47: =IFERROR(IF(CEILING($C47*4/data_raw_4_day!$F$12,1)>4,"X","D"&CEILING($C47*4/data_raw_4_day!$F$12,1)),"X") -> D1 | N47: =IFERROR(IF(CEILING($C47*4/data_raw_4_day!$F$13,1)>4,"X","D"&CEILING($C47*4/data_raw_4_day!$F$13,1)),"X") -> D1
A48: =milestone_4day_new!A14 -> 11 | B48: =milestone_4day_new!B14 -> 2200 | C48: =milestone_4day_new!C14 -> 11910 | D48: =milestone_4day_new!D14 -> FALSE | E48: =IFERROR(IF(CEILING($C48*4/data_raw_4_day!$F$3,1)>4,"X","D"&CEILING($C48*4/data_raw_4_day!$F$3,1)),"X") -> X | F48: =IFERROR(IF(CEILING($C48*4/data_raw_4_day!$F$4,1)>4,"X","D"&CEILING($C48*4/data_raw_4_day!$F$4,1)),"X") -> X | G48: =IFERROR(IF(CEILING($C48*4/data_raw_4_day!$F$5,1)>4,"X","D"&CEILING($C48*4/data_raw_4_day!$F$5,1)),"X") -> D3 | H48: =IFERROR(IF(CEILING($C48*4/data_raw_4_day!$F$6,1)>4,"X","D"&CEILING($C48*4/data_raw_4_day!$F$6,1)),"X") -> D2 | I48: =IFERROR(IF(CEILING($C48*4/data_raw_4_day!$F$7,1)>4,"X","D"&CEILING($C48*4/data_raw_4_day!$F$7,1)),"X") -> D1 | J48: =IFERROR(IF(CEILING($C48*4/data_raw_4_day!$F$9,1)>4,"X","D"&CEILING($C48*4/data_raw_4_day!$F$9,1)),"X") -> X | K48: =IFERROR(IF(CEILING($C48*4/data_raw_4_day!$F$10,1)>4,"X","D"&CEILING($C48*4/data_raw_4_day!$F$10,1)),"X") -> X | L48: =IFERROR(IF(CEILING($C48*4/data_raw_4_day!$F$11,1)>4,"X","D"&CEILING($C48*4/data_raw_4_day!$F$11,1)),"X") -> D3 | M48: =IFERROR(IF(CEILING($C48*4/data_raw_4_day!$F$12,1)>4,"X","D"&CEILING($C48*4/data_raw_4_day!$F$12,1)),"X") -> D2 | N48: =IFERROR(IF(CEILING($C48*4/data_raw_4_day!$F$13,1)>4,"X","D"&CEILING($C48*4/data_raw_4_day!$F$13,1)),"X") -> D1
A49: =milestone_4day_new!A15 -> 12 | B49: =milestone_4day_new!B15 -> 6500 | C49: =milestone_4day_new!C15 -> 18410 | D49: =milestone_4day_new!D15 -> TRUE | E49: =IFERROR(IF(CEILING($C49*4/data_raw_4_day!$F$3,1)>4,"X","D"&CEILING($C49*4/data_raw_4_day!$F$3,1)),"X") -> X | F49: =IFERROR(IF(CEILING($C49*4/data_raw_4_day!$F$4,1)>4,"X","D"&CEILING($C49*4/data_raw_4_day!$F$4,1)),"X") -> X | G49: =IFERROR(IF(CEILING($C49*4/data_raw_4_day!$F$5,1)>4,"X","D"&CEILING($C49*4/data_raw_4_day!$F$5,1)),"X") -> D4 | H49: =IFERROR(IF(CEILING($C49*4/data_raw_4_day!$F$6,1)>4,"X","D"&CEILING($C49*4/data_raw_4_day!$F$6,1)),"X") -> D2 | I49: =IFERROR(IF(CEILING($C49*4/data_raw_4_day!$F$7,1)>4,"X","D"&CEILING($C49*4/data_raw_4_day!$F$7,1)),"X") -> D1 | J49: =IFERROR(IF(CEILING($C49*4/data_raw_4_day!$F$9,1)>4,"X","D"&CEILING($C49*4/data_raw_4_day!$F$9,1)),"X") -> X | K49: =IFERROR(IF(CEILING($C49*4/data_raw_4_day!$F$10,1)>4,"X","D"&CEILING($C49*4/data_raw_4_day!$F$10,1)),"X") -> X | L49: =IFERROR(IF(CEILING($C49*4/data_raw_4_day!$F$11,1)>4,"X","D"&CEILING($C49*4/data_raw_4_day!$F$11,1)),"X") -> D4 | M49: =IFERROR(IF(CEILING($C49*4/data_raw_4_day!$F$12,1)>4,"X","D"&CEILING($C49*4/data_raw_4_day!$F$12,1)),"X") -> D2 | N49: =IFERROR(IF(CEILING($C49*4/data_raw_4_day!$F$13,1)>4,"X","D"&CEILING($C49*4/data_raw_4_day!$F$13,1)),"X") -> D1
... A67: =milestone_4day_new!A33 -> 30 | B67: =milestone_4day_new!B33 -> 83000 | C67: =milestone_4day_new!C33 -> 352260 | D67: =milestone_4day_new!D33 -> TRUE | E67: =IFERROR(IF(CEILING($C67*4/data_raw_4_day!$F$3,1)>4,"X","D"&CEILING($C67*4/data_raw_4_day!$F$3,1)),"X") -> X | F67: =IFERROR(IF(CEILING($C67*4/data_raw_4_day!$F$4,1)>4,"X","D"&CEILING($C67*4/data_raw_4_day!$F$4,1)),"X") -> X | G67: =IFERROR(IF(CEILING($C67*4/data_raw_4_day!$F$5,1)>4,"X","D"&CEILING($C67*4/data_raw_4_day!$F$5,1)),"X") -> X | H67: =IFERROR(IF(CEILING($C67*4/data_raw_4_day!$F$6,1)>4,"X","D"&CEILING($C67*4/data_raw_4_day!$F$6,1)),"X") -> X | I67: =IFERROR(IF(CEILING($C67*4/data_raw_4_day!$F$7,1)>4,"X","D"&CEILING($C67*4/data_raw_4_day!$F$7,1)),"X") -> X | J67: =IFERROR(IF(CEILING($C67*4/data_raw_4_day!$F$9,1)>4,"X","D"&CEILING($C67*4/data_raw_4_day!$F$9,1)),"X") -> X | K67: =IFERROR(IF(CEILING($C67*4/data_raw_4_day!$F$10,1)>4,"X","D"&CEILING($C67*4/data_raw_4_day!$F$10,1)),"X") -> X | L67: =IFERROR(IF(CEILING($C67*4/data_raw_4_day!$F$11,1)>4,"X","D"&CEILING($C67*4/data_raw_4_day!$F$11,1)),"X") -> X | M67: =IFERROR(IF(CEILING($C67*4/data_raw_4_day!$F$12,1)>4,"X","D"&CEILING($C67*4/data_raw_4_day!$F$12,1)),"X") -> X | N67: =IFERROR(IF(CEILING($C67*4/data_raw_4_day!$F$13,1)>4,"X","D"&CEILING($C67*4/data_raw_4_day!$F$13,1)),"X") -> X

Sheet Sim_Progression_p50
A1: RAINBOW MAKER - SIM PROGRESSION (p50)
A3: ◆ 3-DAY PROGRESSION
A4: Milestone | B4: Matchables Req | C4: Req Accum | D4: Chest | E4: NP 0-9 | F4: NP 10-19 | G4: NP 20-39 | H4: NP 40-99 | I4: NP 100+ | J4: P 0-9 | K4: P 10-19 | L4: P 20-39 | M4: P 40-99 | N4: P 100+
A5: =milestone_3day_new!A4 -> 1 | B5: =milestone_3day_new!B4 -> 130 | C5: =milestone_3day_new!C4 -> 130 | D5: =milestone_3day_new!D4 -> FALSE | E5: =IFERROR(IF(CEILING($C5*3/data_raw_3_day!$H$3,1)>3,"X","D"&CEILING($C5*3/data_raw_3_day!$H$3,1)&" net: "&round(milestone_3day_new!AC4, 1)),"X") -> D1 net: 0 | F5: =IFERROR(IF(CEILING($C5*3/data_raw_3_day!$H$4,1)>3,"X","D"&CEILING($C5*3/data_raw_3_day!$H$4,1)&" net: "&round(milestone_3day_new!AD4, 1)),"X") -> D1 net: 0 | G5: =IFERROR(IF(CEILING($C5*3/data_raw_3_day!$H$5,1)>3,"X","D"&CEILING($C5*3/data_raw_3_day!$H$5,1)&" net: "&round(milestone_3day_new!AE4, 1)),"X") -> D1 net: 0 | H5: =IFERROR(IF(CEILING($C5*3/data_raw_3_day!$H$6,1)>3,"X","D"&CEILING($C5*3/data_raw_3_day!$H$6,1)&" net: "&round(milestone_3day_new!AF4, 1)),"X") -> D1 net: 0 | I5: =IFERROR(IF(CEILING($C5*3/data_raw_3_day!$H$7,1)>3,"X","D"&CEILING($C5*3/data_raw_3_day!$H$7,1)),"X") -> D1 | J5: =IFERROR(IF(CEILING($C5*3/data_raw_3_day!$H$9,1)>3,"X","D"&CEILING($C5*3/data_raw_3_day!$H$9,1)&" net: "&round(milestone_3day_new!AG4, 1)),"X") -> D1 net: 0 | K5: =IFERROR(IF(CEILING($C5*3/data_raw_3_day!$H$10,1)>3,"X","D"&CEILING($C5*3/data_raw_3_day!$H$10,1)&" net: "&round(milestone_3day_new!AH4, 1)),"X") -> D1 net: 0 | L5: =IFERROR(IF(CEILING($C5*3/data_raw_3_day!$H$11,1)>3,"X","D"&CEILING($C5*3/data_raw_3_day!$H$11,1)&" net: "&round(milestone_3day_new!AI4, 1)),"X") -> D1 net: 0 | M5: =IFERROR(IF(CEILING($C5*3/data_raw_3_day!$H$12,1)>3,"X","D"&CEILING($C5*3/data_raw_3_day!$H$12,1)&" net: "&round(milestone_3day_new!AJ4, 1)),"X") -> D1 net: 0 | N5: =IFERROR(IF(CEILING($C5*3/data_raw_3_day!$H$13,1)>3,"X","D"&CEILING($C5*3/data_raw_3_day!$H$13,1)),"X") -> D1
A6: =milestone_3day_new!A5 -> 2 | B6: =milestone_3day_new!B5 -> 250 | C6: =milestone_3day_new!C5 -> 380 | D6: =milestone_3day_new!D5 -> FALSE | E6: =IFERROR(IF(CEILING($C6*3/data_raw_3_day!$H$3,1)>3,"X","D"&CEILING($C6*3/data_raw_3_day!$H$3,1)&" net: "&round(milestone_3day_new!AC5, 1)),"X") -> D1 net: 10 | F6: =IFERROR(IF(CEILING($C6*3/data_raw_3_day!$H$4,1)>3,"X","D"&CEILING($C6*3/data_raw_3_day!$H$4,1)&" net: "&round(milestone_3day_new!AD5, 1)),"X") -> D1 net: 10 | G6: =IFERROR(IF(CEILING($C6*3/data_raw_3_day!$H$5,1)>3,"X","D"&CEILING($C6*3/data_raw_3_day!$H$5,1)&" net: "&round(milestone_3day_new!AE5, 1)),"X") -> D1 net: 10 | H6: =IFERROR(IF(CEILING($C6*3/data_raw_3_day!$H$6,1)>3,"X","D"&CEILING($C6*3/data_raw_3_day!$H$6,1)&" net: "&round(milestone_3day_new!AF5, 1)),"X") -> D1 net: 10 | I6: =IFERROR(IF(CEILING($C6*3/data_raw_3_day!$H$7,1)>3,"X","D"&CEILING($C6*3/data_raw_3_day!$H$7,1)),"X") -> D1 | J6: =IFERROR(IF(CEILING($C6*3/data_raw_3_day!$H$9,1)>3,"X","D"&CEILING($C6*3/data_raw_3_day!$H$9,1)&" net: "&round(milestone_3day_new!AG5, 1)),"X") -> D1 net: 10 | K6: =IFERROR(IF(CEILING($C6*3/data_raw_3_day!$H$10,1)>3,"X","D"&CEILING($C6*3/data_raw_3_day!$H$10,1)&" net: "&round(milestone_3day_new!AH5, 1)),"X") -> D1 net: 10 | L6: =IFERROR(IF(CEILING($C6*3/data_raw_3_day!$H$11,1)>3,"X","D"&CEILING($C6*3/data_raw_3_day!$H$11,1)&" net: "&round(milestone_3day_new!AI5, 1)),"X") -> D1 net: 10 | M6: =IFERROR(IF(CEILING($C6*3/data_raw_3_day!$H$12,1)>3,"X","D"&CEILING($C6*3/data_raw_3_day!$H$12,1)&" net: "&round(milestone_3day_new!AJ5, 1)),"X") -> D1 net: 10 | N6: =IFERROR(IF(CEILING($C6*3/data_raw_3_day!$H$13,1)>3,"X","D"&CEILING($C6*3/data_raw_3_day!$H$13,1)),"X") -> D1
A7: =milestone_3day_new!A6 -> 3 | B7: =milestone_3day_new!B6 -> 850 | C7: =milestone_3day_new!C6 -> 1230 | D7: =milestone_3day_new!D6 -> FALSE | E7: =IFERROR(IF(CEILING($C7*3/data_raw_3_day!$H$3,1)>3,"X","D"&CEILING($C7*3/data_raw_3_day!$H$3,1)&" net: "&round(milestone_3day_new!AC6, 1)),"X") -> D1 net: 9.7 | F7: =IFERROR(IF(CEILING($C7*3/data_raw_3_day!$H$4,1)>3,"X","D"&CEILING($C7*3/data_raw_3_day!$H$4,1)&" net: "&round(milestone_3day_new!AD6, 1)),"X") -> D1 net: 10 | G7: =IFERROR(IF(CEILING($C7*3/data_raw_3_day!$H$5,1)>3,"X","D"&CEILING($C7*3/data_raw_3_day!$H$5,1)&" net: "&round(milestone_3day_new!AE6, 1)),"X") -> D1 net: 10 | H7: =IFERROR(IF(CEILING($C7*3/data_raw_3_day!$H$6,1)>3,"X","D"&CEILING($C7*3/data_raw_3_day!$H$6,1)&" net: "&round(milestone_3day_new!AF6, 1)),"X") -> D1 net: 10 | I7: =IFERROR(IF(CEILING($C7*3/data_raw_3_day!$H$7,1)>3,"X","D"&CEILING($C7*3/data_raw_3_day!$H$7,1)),"X") -> D1 | J7: =IFERROR(IF(CEILING($C7*3/data_raw_3_day!$H$9,1)>3,"X","D"&CEILING($C7*3/data_raw_3_day!$H$9,1)&" net: "&round(milestone_3day_new!AG6, 1)),"X") -> D1 net: 10 | K7: =IFERROR(IF(CEILING($C7*3/data_raw_3_day!$H$10,1)>3,"X","D"&CEILING($C7*3/data_raw_3_day!$H$10,1)&" net: "&round(milestone_3day_new!AH6, 1)),"X") -> D1 net: 10 | L7: =IFERROR(IF(CEILING($C7*3/data_raw_3_day!$H$11,1)>3,"X","D"&CEILING($C7*3/data_raw_3_day!$H$11,1)&" net: "&round(milestone_3day_new!AI6, 1)),"X") -> D1 net: 10 | M7: =IFERROR(IF(CEILING($C7*3/data_raw_3_day!$H$12,1)>3,"X","D"&CEILING($C7*3/data_raw_3_day!$H$12,1)&" net: "&round(milestone_3day_new!AJ6, 1)),"X") -> D1 net: 10 | N7: =IFERROR(IF(CEILING($C7*3/data_raw_3_day!$H$13,1)>3,"X","D"&CEILING($C7*3/data_raw_3_day!$H$13,1)),"X") -> D1
A8: =milestone_3day_new!A7 -> 4 | B8: =milestone_3day_new!B7 -> 200 | C8: =milestone_3day_new!C7 -> 1430 | D8: =milestone_3day_new!D7 -> FALSE | E8: =IFERROR(IF(CEILING($C8*3/data_raw_3_day!$H$3,1)>3,"X","D"&CEILING($C8*3/data_raw_3_day!$H$3,1)&" net: "&round(milestone_3day_new!AC7, 1)),"X") -> D1 net: -3.3 | F8: =IFERROR(IF(CEILING($C8*3/data_raw_3_day!$H$4,1)>3,"X","D"&CEILING($C8*3/data_raw_3_day!$H$4,1)&" net: "&round(milestone_3day_new!AD7, 1)),"X") -> D1 net: 10 | G8: =IFERROR(IF(CEILING($C8*3/data_raw_3_day!$H$5,1)>3,"X","D"&CEILING($C8*3/data_raw_3_day!$H$5,1)&" net: "&round(milestone_3day_new!AE7, 1)),"X") -> D1 net: 10 | H8: =IFERROR(IF(CEILING($C8*3/data_raw_3_day!$H$6,1)>3,"X","D"&CEILING($C8*3/data_raw_3_day!$H$6,1)&" net: "&round(milestone_3day_new!AF7, 1)),"X") -> D1 net: 10 | I8: =IFERROR(IF(CEILING($C8*3/data_raw_3_day!$H$7,1)>3,"X","D"&CEILING($C8*3/data_raw_3_day!$H$7,1)),"X") -> D1 | J8: =IFERROR(IF(CEILING($C8*3/data_raw_3_day!$H$9,1)>3,"X","D"&CEILING($C8*3/data_raw_3_day!$H$9,1)&" net: "&round(milestone_3day_new!AG7, 1)),"X") -> D1 net: 10 | K8: =IFERROR(IF(CEILING($C8*3/data_raw_3_day!$H$10,1)>3,"X","D"&CEILING($C8*3/data_raw_3_day!$H$10,1)&" net: "&round(milestone_3day_new!AH7, 1)),"X") -> D1 net: 10 | L8: =IFERROR(IF(CEILING($C8*3/data_raw_3_day!$H$11,1)>3,"X","D"&CEILING($C8*3/data_raw_3_day!$H$11,1)&" net: "&round(milestone_3day_new!AI7, 1)),"X") -> D1 net: 10 | M8: =IFERROR(IF(CEILING($C8*3/data_raw_3_day!$H$12,1)>3,"X","D"&CEILING($C8*3/data_raw_3_day!$H$12,1)&" net: "&round(milestone_3day_new!AJ7, 1)),"X") -> D1 net: 10 | N8: =IFERROR(IF(CEILING($C8*3/data_raw_3_day!$H$13,1)>3,"X","D"&CEILING($C8*3/data_raw_3_day!$H$13,1)),"X") -> D1
A9: =milestone_3day_new!A8 -> 5 | B9: =milestone_3day_new!B8 -> 450 | C9: =milestone_3day_new!C8 -> 1880 | D9: =milestone_3day_new!D8 -> FALSE | E9: =IFERROR(IF(CEILING($C9*3/data_raw_3_day!$H$3,1)>3,"X","D"&CEILING($C9*3/data_raw_3_day!$H$3,1)&" net: "&round(milestone_3day_new!AC8, 1)),"X") -> D1 net: -26.9 | F9: =IFERROR(IF(CEILING($C9*3/data_raw_3_day!$H$4,1)>3,"X","D"&CEILING($C9*3/data_raw_3_day!$H$4,1)&" net: "&round(milestone_3day_new!AD8, 1)),"X") -> D1 net: 10 | G9: =IFERROR(IF(CEILING($C9*3/data_raw_3_day!$H$5,1)>3,"X","D"&CEILING($C9*3/data_raw_3_day!$H$5,1)&" net: "&round(milestone_3day_new!AE8, 1)),"X") -> D1 net: 10 | H9: =IFERROR(IF(CEILING($C9*3/data_raw_3_day!$H$6,1)>3,"X","D"&CEILING($C9*3/data_raw_3_day!$H$6,1)&" net: "&round(milestone_3day_new!AF8, 1)),"X") -> D1 net: 10 | I9: =IFERROR(IF(CEILING($C9*3/data_raw_3_day!$H$7,1)>3,"X","D"&CEILING($C9*3/data_raw_3_day!$H$7,1)),"X") -> D1 | J9: =IFERROR(IF(CEILING($C9*3/data_raw_3_day!$H$9,1)>3,"X","D"&CEILING($C9*3/data_raw_3_day!$H$9,1)&" net: "&round(milestone_3day_new!AG8, 1)),"X") -> D1 net: -28.2 | K9: =IFERROR(IF(CEILING($C9*3/data_raw_3_day!$H$10,1)>3,"X","D"&CEILING($C9*3/data_raw_3_day!$H$10,1)&" net: "&round(milestone_3day_new!AH8, 1)),"X") -> D1 net: 10 | L9: =IFERROR(IF(CEILING($C9*3/data_raw_3_day!$H$11,1)>3,"X","D"&CEILING($C9*3/data_raw_3_day!$H$11,1)&" net: "&round(milestone_3day_new!AI8, 1)),"X") -> D1 net: 10 | M9: =IFERROR(IF(CEILING($C9*3/data_raw_3_day!$H$12,1)>3,"X","D"&CEILING($C9*3/data_raw_3_day!$H$12,1)&" net: "&round(milestone_3day_new!AJ8, 1)),"X") -> D1 net: 10 | N9: =IFERROR(IF(CEILING($C9*3/data_raw_3_day!$H$13,1)>3,"X","D"&CEILING($C9*3/data_raw_3_day!$H$13,1)),"X") -> D1
A10: =milestone_3day_new!A9 -> 6 | B10: =milestone_3day_new!B9 -> 1300 | C10: =milestone_3day_new!C9 -> 3180 | D10: =milestone_3day_new!D9 -> TRUE | E10: =IFERROR(IF(CEILING($C10*3/data_raw_3_day!$H$3,1)>3,"X","D"&CEILING($C10*3/data_raw_3_day!$H$3,1)&" net: "&round(milestone_3day_new!AC9, 1)),"X") -> D2 net: -72.2 | F10: =IFERROR(IF(CEILING($C10*3/data_raw_3_day!$H$4,1)>3,"X","D"&CEILING($C10*3/data_raw_3_day!$H$4,1)&" net: "&round(milestone_3day_new!AD9, 1)),"X") -> D1 net: -7.8 | G10: =IFERROR(IF(CEILING($C10*3/data_raw_3_day!$H$5,1)>3,"X","D"&CEILING($C10*3/data_raw_3_day!$H$5,1)&" net: "&round(milestone_3day_new!AE9, 1)),"X") -> D1 net: 10 | H10: =IFERROR(IF(CEILING($C10*3/data_raw_3_day!$H$6,1)>3,"X","D"&CEILING($C10*3/data_raw_3_day!$H$6,1)&" net: "&round(milestone_3day_new!AF9, 1)),"X") -> D1 net: 10 | I10: =IFERROR(IF(CEILING($C10*3/data_raw_3_day!$H$7,1)>3,"X","D"&CEILING($C10*3/data_raw_3_day!$H$7,1)),"X") -> D1 | J10: =IFERROR(IF(CEILING($C10*3/data_raw_3_day!$H$9,1)>3,"X","D"&CEILING($C10*3/data_raw_3_day!$H$9,1)&" net: "&round(milestone_3day_new!AG9, 1)),"X") -> D2 net: -107.7 | K10: =IFERROR(IF(CEILING($C10*3/data_raw_3_day!$H$10,1)>3,"X","D"&CEILING($C10*3/data_raw_3_day!$H$10,1)&" net: "&round(milestone_3day_new!AH9, 1)),"X") -> D1 net: 6 | L10: =IFERROR(IF(CEILING($C10*3/data_raw_3_day!$H$11,1)>3,"X","D"&CEILING($C10*3/data_raw_3_day!$H$11,1)&" net: "&round(milestone_3day_new!AI9, 1)),"X") -> D1 net: 10 | M10: =IFERROR(IF(CEILING($C10*3/data_raw_3_day!$H$12,1)>3,"X","D"&CEILING($C10*3/data_raw_3_day!$H$12,1)&" net: "&round(milestone_3day_new!AJ9, 1)),"X") -> D1 net: 10 | N10: =IFERROR(IF(CEILING($C10*3/data_raw_3_day!$H$13,1)>3,"X","D"&CEILING($C10*3/data_raw_3_day!$H$13,1)),"X") -> D1
A11: =milestone_3day_new!A10 -> 7 | B11: =milestone_3day_new!B10 -> 450 | C11: =milestone_3day_new!C10 -> 3630 | D11: =milestone_3day_new!D10 -> FALSE | E11: =IFERROR(IF(CEILING($C11*3/data_raw_3_day!$H$3,1)>3,"X","D"&CEILING($C11*3/data_raw_3_day!$H$3,1)&" net: "&round(milestone_3day_new!AC10, 1)),"X") -> D2 net: -83.6 | F11: =IFERROR(IF(CEILING($C11*3/data_raw_3_day!$H$4,1)>3,"X","D"&CEILING($C11*3/data_raw_3_day!$H$4,1)&" net: "&round(milestone_3day_new!AD10, 1)),"X") -> D1 net: -28.6 | G11: =IFERROR(IF(CEILING($C11*3/data_raw_3_day!$H$5,1)>3,"X","D"&CEILING($C11*3/data_raw_3_day!$H$5,1)&" net: "&round(milestone_3day_new!AE10, 1)),"X") -> D1 net: 10 | H11: =IFERROR(IF(CEILING($C11*3/data_raw_3_day!$H$6,1)>3,"X","D"&CEILING($C11*3/data_raw_3_day!$H$6,1)&" net: "&round(milestone_3day_new!AF10, 1)),"X") -> D1 net: 10 | I11: =IFERROR(IF(CEILING($C11*3/data_raw_3_day!$H$7,1)>3,"X","D"&CEILING($C11*3/data_raw_3_day!$H$7,1)),"X") -> D1 | J11: =IFERROR(IF(CEILING($C11*3/data_raw_3_day!$H$9,1)>3,"X","D"&CEILING($C11*3/data_raw_3_day!$H$9,1)&" net: "&round(milestone_3day_new!AG10, 1)),"X") -> D2 net: -127.7 | K11: =IFERROR(IF(CEILING($C11*3/data_raw_3_day!$H$10,1)>3,"X","D"&CEILING($C11*3/data_raw_3_day!$H$10,1)&" net: "&round(milestone_3day_new!AH10, 1)),"X") -> D1 net: -35.4 | L11: =IFERROR(IF(CEILING($C11*3/data_raw_3_day!$H$11,1)>3,"X","D"&CEILING($C11*3/data_raw_3_day!$H$11,1)&" net: "&round(milestone_3day_new!AI10, 1)),"X") -> D1 net: 10 | M11: =IFERROR(IF(CEILING($C11*3/data_raw_3_day!$H$12,1)>3,"X","D"&CEILING($C11*3/data_raw_3_day!$H$12,1)&" net: "&round(milestone_3day_new!AJ10, 1)),"X") -> D1 net: 10 | N11: =IFERROR(IF(CEILING($C11*3/data_raw_3_day!$H$13,1)>3,"X","D"&CEILING($C11*3/data_raw_3_day!$H$13,1)),"X") -> D1
A12: =milestone_3day_new!A11 -> 8 | B12: =milestone_3day_new!B11 -> 820 | C12: =milestone_3day_new!C11 -> 4450 | D12: =milestone_3day_new!D11 -> FALSE | E12: =IFERROR(IF(CEILING($C12*3/data_raw_3_day!$H$3,1)>3,"X","D"&CEILING($C12*3/data_raw_3_day!$H$3,1)&" net: "&round(milestone_3day_new!AC11, 1)),"X") -> D2 net: -101.2 | F12: =IFERROR(IF(CEILING($C12*3/data_raw_3_day!$H$4,1)>3,"X","D"&CEILING($C12*3/data_raw_3_day!$H$4,1)&" net: "&round(milestone_3day_new!AD11, 1)),"X") -> D1 net: -60.6 | G12: =IFERROR(IF(CEILING($C12*3/data_raw_3_day!$H$5,1)>3,"X","D"&CEILING($C12*3/data_raw_3_day!$H$5,1)&" net: "&round(milestone_3day_new!AE11, 1)),"X") -> D1 net: 10 | H12: =IFERROR(IF(CEILING($C12*3/data_raw_3_day!$H$6,1)>3,"X","D"&CEILING($C12*3/data_raw_3_day!$H$6,1)&" net: "&round(milestone_3day_new!AF11, 1)),"X") -> D1 net: 10 | I12: =IFERROR(IF(CEILING($C12*3/data_raw_3_day!$H$7,1)>3,"X","D"&CEILING($C12*3/data_raw_3_day!$H$7,1)),"X") -> D1 | J12: =IFERROR(IF(CEILING($C12*3/data_raw_3_day!$H$9,1)>3,"X","D"&CEILING($C12*3/data_raw_3_day!$H$9,1)&" net: "&round(milestone_3day_new!AG11, 1)),"X") -> D2 net: -158.5 | K12: =IFERROR(IF(CEILING($C12*3/data_raw_3_day!$H$10,1)>3,"X","D"&CEILING($C12*3/data_raw_3_day!$H$10,1)&" net: "&round(milestone_3day_new!AH11, 1)),"X") -> D1 net: -99.2 | L12: =IFERROR(IF(CEILING($C12*3/data_raw_3_day!$H$11,1)>3,"X","D"&CEILING($C12*3/data_raw_3_day!$H$11,1)&" net: "&round(milestone_3day_new!AI11, 1)),"X") -> D1 net: 10 | M12: =IFERROR(IF(CEILING($C12*3/data_raw_3_day!$H$12,1)>3,"X","D"&CEILING($C12*3/data_raw_3_day!$H$12,1)&" net: "&round(milestone_3day_new!AJ11, 1)),"X") -> D1 net: 10 | N12: =IFERROR(IF(CEILING($C12*3/data_raw_3_day!$H$13,1)>3,"X","D"&CEILING($C12*3/data_raw_3_day!$H$13,1)),"X") -> D1
A13: =milestone_3day_new!A12 -> 9 | B13: =milestone_3day_new!B12 -> 3300 | C13: =milestone_3day_new!C12 -> 7750 | D13: =milestone_3day_new!D12 -> TRUE | E13: =IFERROR(IF(CEILING($C13*3/data_raw_3_day!$H$3,1)>3,"X","D"&CEILING($C13*3/data_raw_3_day!$H$3,1)&" net: "&round(milestone_3day_new!AC12, 1)),"X") -> D3 net: -129 | F13: =IFERROR(IF(CEILING($C13*3/data_raw_3_day!$H$4,1)>3,"X","D"&CEILING($C13*3/data_raw_3_day!$H$4,1)&" net: "&round(milestone_3day_new!AD12, 1)),"X") -> D1 net: -127.7 | G13: =IFERROR(IF(CEILING($C13*3/data_raw_3_day!$H$5,1)>3,"X","D"&CEILING($C13*3/data_raw_3_day!$H$5,1)&" net: "&round(milestone_3day_new!AE12, 1)),"X") -> D1 net: -97.6 | H13: =IFERROR(IF(CEILING($C13*3/data_raw_3_day!$H$6,1)>3,"X","D"&CEILING($C13*3/data_raw_3_day!$H$6,1)&" net: "&round(milestone_3day_new!AF12, 1)),"X") -> D1 net: 30 | I13: =IFERROR(IF(CEILING($C13*3/data_raw_3_day!$H$7,1)>3,"X","D"&CEILING($C13*3/data_raw_3_day!$H$7,1)),"X") -> D1 | J13: =IFERROR(IF(CEILING($C13*3/data_raw_3_day!$H$9,1)>3,"X","D"&CEILING($C13*3/data_raw_3_day!$H$9,1)&" net: "&round(milestone_3day_new!AG12, 1)),"X") -> D3 net: -222.3 | K13: =IFERROR(IF(CEILING($C13*3/data_raw_3_day!$H$10,1)>3,"X","D"&CEILING($C13*3/data_raw_3_day!$H$10,1)&" net: "&round(milestone_3day_new!AH12, 1)),"X") -> D1 net: -252.8 | L13: =IFERROR(IF(CEILING($C13*3/data_raw_3_day!$H$11,1)>3,"X","D"&CEILING($C13*3/data_raw_3_day!$H$11,1)&" net: "&round(milestone_3day_new!AI12, 1)),"X") -> D1 net: -204.3 | M13: =IFERROR(IF(CEILING($C13*3/data_raw_3_day!$H$12,1)>3,"X","D"&CEILING($C13*3/data_raw_3_day!$H$12,1)&" net: "&round(milestone_3day_new!AJ12, 1)),"X") -> D1 net: 30 | N13: =IFERROR(IF(CEILING($C13*3/data_raw_3_day!$H$13,1)>3,"X","D"&CEILING($C13*3/data_raw_3_day!$H$13,1)),"X") -> D1
A14: =milestone_3day_new!A13 -> 10 | B14: =milestone_3day_new!B13 -> 1100 | C14: =milestone_3day_new!C13 -> 8850 | D14: =milestone_3day_new!D13 -> FALSE | E14: =IFERROR(IF(CEILING($C14*3/data_raw_3_day!$H$3,1)>3,"X","D"&CEILING($C14*3/data_raw_3_day!$H$3,1)&" net: "&round(milestone_3day_new!AC13, 1)),"X") -> X | F14: =IFERROR(IF(CEILING($C14*3/data_raw_3_day!$H$4,1)>3,"X","D"&CEILING($C14*3/data_raw_3_day!$H$4,1)&" net: "&round(milestone_3day_new!AD13, 1)),"X") -> D2 net: -148.5 | G14: =IFERROR(IF(CEILING($C14*3/data_raw_3_day!$H$5,1)>3,"X","D"&CEILING($C14*3/data_raw_3_day!$H$5,1)&" net: "&round(milestone_3day_new!AE13, 1)),"X") -> D1 net: -128.1 | H14: =IFERROR(IF(CEILING($C14*3/data_raw_3_day!$H$6,1)>3,"X","D"&CEILING($C14*3/data_raw_3_day!$H$6,1)&" net: "&round(milestone_3day_new!AF13, 1)),"X") -> D1 net: 30 | I14: =IFERROR(IF(CEILING($C14*3/data_raw_3_day!$H$7,1)>3,"X","D"&CEILING($C14*3/data_raw_3_day!$H$7,1)),"X") -> D1 | J14: =IFERROR(IF(CEILING($C14*3/data_raw_3_day!$H$9,1)>3,"X","D"&CEILING($C14*3/data_raw_3_day!$H$9,1)&" net: "&round(milestone_3day_new!AG13, 1)),"X") -> D3 net: -242.4 | K14: =IFERROR(IF(CEILING($C14*3/data_raw_3_day!$H$10,1)>3,"X","D"&CEILING($C14*3/data_raw_3_day!$H$10,1)&" net: "&round(milestone_3day_new!AH13, 1)),"X") -> D2 net: -294.4 | L14: =IFERROR(IF(CEILING($C14*3/data_raw_3_day!$H$11,1)>3,"X","D"&CEILING($C14*3/data_raw_3_day!$H$11,1)&" net: "&round(milestone_3day_new!AI13, 1)),"X") -> D1 net: -269.2 | M14: =IFERROR(IF(CEILING($C14*3/data_raw_3_day!$H$12,1)>3,"X","D"&CEILING($C14*3/data_raw_3_day!$H$12,1)&" net: "&round(milestone_3day_new!AJ13, 1)),"X") -> D1 net: 30 | N14: =IFERROR(IF(CEILING($C14*3/data_raw_3_day!$H$13,1)>3,"X","D"&CEILING($C14*3/data_raw_3_day!$H$13,1)),"X") -> D1
A15: =milestone_3day_new!A14 -> 11 | B15: =milestone_3day_new!B14 -> 2200 | C15: =milestone_3day_new!C14 -> 11050 | D15: =milestone_3day_new!D14 -> FALSE | E15: =IFERROR(IF(CEILING($C15*3/data_raw_3_day!$H$3,1)>3,"X","D"&CEILING($C15*3/data_raw_3_day!$H$3,1)&" net: "&round(milestone_3day_new!AC14, 1)),"X") -> X | F15: =IFERROR(IF(CEILING($C15*3/data_raw_3_day!$H$4,1)>3,"X","D"&CEILING($C15*3/data_raw_3_day!$H$4,1)&" net: "&round(milestone_3day_new!AD14, 1)),"X") -> D2 net: -183.4 | G15: =IFERROR(IF(CEILING($C15*3/data_raw_3_day!$H$5,1)>3,"X","D"&CEILING($C15*3/data_raw_3_day!$H$5,1)&" net: "&round(milestone_3day_new!AE14, 1)),"X") -> D1 net: -179.1 | H15: =IFERROR(IF(CEILING($C15*3/data_raw_3_day!$H$6,1)>3,"X","D"&CEILING($C15*3/data_raw_3_day!$H$6,1)&" net: "&round(milestone_3day_new!AF14, 1)),"X") -> D1 net: 3.5 | I15: =IFERROR(IF(CEILING($C15*3/data_raw_3_day!$H$7,1)>3,"X","D"&CEILING($C15*3/data_raw_3_day!$H$7,1)),"X") -> D1 | J15: =IFERROR(IF(CEILING($C15*3/data_raw_3_day!$H$9,1)>3,"X","D"&CEILING($C15*3/data_raw_3_day!$H$9,1)&" net: "&round(milestone_3day_new!AG14, 1)),"X") -> X | K15: =IFERROR(IF(CEILING($C15*3/data_raw_3_day!$H$10,1)>3,"X","D"&CEILING($C15*3/data_raw_3_day!$H$10,1)&" net: "&round(milestone_3day_new!AH14, 1)),"X") -> D2 net: -363.9 | L15: =IFERROR(IF(CEILING($C15*3/data_raw_3_day!$H$11,1)>3,"X","D"&CEILING($C15*3/data_raw_3_day!$H$11,1)&" net: "&round(milestone_3day_new!AI14, 1)),"X") -> D1 net: -377.8 | M15: =IFERROR(IF(CEILING($C15*3/data_raw_3_day!$H$12,1)>3,"X","D"&CEILING($C15*3/data_raw_3_day!$H$12,1)&" net: "&round(milestone_3day_new!AJ14, 1)),"X") -> D1 net: 30 | N15: =IFERROR(IF(CEILING($C15*3/data_raw_3_day!$H$13,1)>3,"X","D"&CEILING($C15*3/data_raw_3_day!$H$13,1)),"X") -> D1
A16: =milestone_3day_new!A15 -> 12 | B16: =milestone_3day_new!B15 -> 6500 | C16: =milestone_3day_new!C15 -> 17550 | D16: =milestone_3day_new!D15 -> TRUE | E16: =IFERROR(IF(CEILING($C16*3/data_raw_3_day!$H$3,1)>3,"X","D"&CEILING($C16*3/data_raw_3_day!$H$3,1)&" net: "&round(milestone_3day_new!AC15, 1)),"X") -> X | F16: =IFERROR(IF(CEILING($C16*3/data_raw_3_day!$H$4,1)>3,"X","D"&CEILING($C16*3/data_raw_3_day!$H$4,1)&" net: "&round(milestone_3day_new!AD15, 1)),"X") -> D3 net: -221.1 | G16: =IFERROR(IF(CEILING($C16*3/data_raw_3_day!$H$5,1)>3,"X","D"&CEILING($C16*3/data_raw_3_day!$H$5,1)&" net: "&round(milestone_3day_new!AE15, 1)),"X") -> D2 net: -250.5 | H16: =IFERROR(IF(CEILING($C16*3/data_raw_3_day!$H$6,1)>3,"X","D"&CEILING($C16*3/data_raw_3_day!$H$6,1)&" net: "&round(milestone_3day_new!AF15, 1)),"X") -> D1 net: -150.3 | I16: =IFERROR(IF(CEILING($C16*3/data_raw_3_day!$H$7,1)>3,"X","D"&CEILING($C16*3/data_raw_3_day!$H$7,1)),"X") -> D1 | J16: =IFERROR(IF(CEILING($C16*3/data_raw_3_day!$H$9,1)>3,"X","D"&CEILING($C16*3/data_raw_3_day!$H$9,1)&" net: "&round(milestone_3day_new!AG15, 1)),"X") -> X | K16: =IFERROR(IF(CEILING($C16*3/data_raw_3_day!$H$10,1)>3,"X","D"&CEILING($C16*3/data_raw_3_day!$H$10,1)&" net: "&round(milestone_3day_new!AH15, 1)),"X") -> D3 net: -473.7 | L16: =IFERROR(IF(CEILING($C16*3/data_raw_3_day!$H$11,1)>3,"X","D"&CEILING($C16*3/data_raw_3_day!$H$11,1)&" net: "&round(milestone_3day_new!AI15, 1)),"X") -> D2 net: -569.1 | M16: =IFERROR(IF(CEILING($C16*3/data_raw_3_day!$H$12,1)>3,"X","D"&CEILING($C16*3/data_raw_3_day!$H$12,1)&" net: "&round(milestone_3day_new!AJ15, 1)),"X") -> D1 net: -247.6 | N16: =IFERROR(IF(CEILING($C16*3/data_raw_3_day!$H$13,1)>3,"X","D"&CEILING($C16*3/data_raw_3_day!$H$13,1)),"X") -> D1
... A34: =milestone_3day_new!A33 -> 30 | B34: =milestone_3day_new!B33 -> 67000 | C34: =milestone_3day_new!C33 -> 292010 | D34: =milestone_3day_new!D33 -> TRUE | E34: =IFERROR(IF(CEILING($C34*3/data_raw_3_day!$H$3,1)>3,"X","D"&CEILING($C34*3/data_raw_3_day!$H$3,1)&" net: "&round(milestone_3day_new!AC33, 1)),"X") -> X | F34: =IFERROR(IF(CEILING($C34*3/data_raw_3_day!$H$4,1)>3,"X","D"&CEILING($C34*3/data_raw_3_day!$H$4,1)&" net: "&round(milestone_3day_new!AD33, 1)),"X") -> X | G34: =IFERROR(IF(CEILING($C34*3/data_raw_3_day!$H$5,1)>3,"X","D"&CEILING($C34*3/data_raw_3_day!$H$5,1)&" net: "&round(milestone_3day_new!AE33, 1)),"X") -> X | H34: =IFERROR(IF(CEILING($C34*3/data_raw_3_day!$H$6,1)>3,"X","D"&CEILING($C34*3/data_raw_3_day!$H$6,1)&" net: "&round(milestone_3day_new!AF33, 1)),"X") -> X | I34: =IFERROR(IF(CEILING($C34*3/data_raw_3_day!$H$7,1)>3,"X","D"&CEILING($C34*3/data_raw_3_day!$H$7,1)),"X") -> X | J34: =IFERROR(IF(CEILING($C34*3/data_raw_3_day!$H$9,1)>3,"X","D"&CEILING($C34*3/data_raw_3_day!$H$9,1)&" net: "&round(milestone_3day_new!AG33, 1)),"X") -> X | K34: =IFERROR(IF(CEILING($C34*3/data_raw_3_day!$H$10,1)>3,"X","D"&CEILING($C34*3/data_raw_3_day!$H$10,1)&" net: "&round(milestone_3day_new!AH33, 1)),"X") -> X | L34: =IFERROR(IF(CEILING($C34*3/data_raw_3_day!$H$11,1)>3,"X","D"&CEILING($C34*3/data_raw_3_day!$H$11,1)&" net: "&round(milestone_3day_new!AI33, 1)),"X") -> X | M34: =IFERROR(IF(CEILING($C34*3/data_raw_3_day!$H$12,1)>3,"X","D"&CEILING($C34*3/data_raw_3_day!$H$12,1)&" net: "&round(milestone_3day_new!AJ33, 1)),"X") -> X | N34: =IFERROR(IF(CEILING($C34*3/data_raw_3_day!$H$13,1)>3,"X","D"&CEILING($C34*3/data_raw_3_day!$H$13,1)),"X") -> X
A36: ◆ 4-DAY PROGRESSION
A37: Milestone | B37: Matchables Req | C37: Req Accum | D37: Chest | E37: NP 0-9 | F37: NP 10-19 | G37: NP 20-39 | H37: NP 40-99 | I37: NP 100+ | J37: P 0-9 | K37: P 10-19 | L37: P 20-39 | M37: P 40-99 | N37: P 100+
A38: =milestone_4day_new!A4 -> 1 | B38: =milestone_4day_new!B4 -> 160 | C38: =milestone_4day_new!C4 -> 160 | D38: =milestone_4day_new!D4 -> FALSE | E38: =IFERROR(IF(CEILING($C38*4/data_raw_4_day!$G$3,1)>4,"X","D"&CEILING($C38*4/data_raw_4_day!$G$3,1)&" net: "&round(milestone_4day_new!AB4, 1)),"X") -> D1 net: 0 | F38: =IFERROR(IF(CEILING($C38*4/data_raw_4_day!$G$4,1)>4,"X","D"&CEILING($C38*4/data_raw_4_day!$G$4,1)&" net: "&round(milestone_4day_new!AC4, 1)),"X") -> D1 net: 0 | G38: =IFERROR(IF(CEILING($C38*4/data_raw_4_day!$G$5,1)>4,"X","D"&CEILING($C38*4/data_raw_4_day!$G$5,1)&" net: "&round(milestone_4day_new!AD4, 1)),"X") -> D1 net: 0 | H38: =IFERROR(IF(CEILING($C38*4/data_raw_4_day!$G$6,1)>4,"X","D"&CEILING($C38*4/data_raw_4_day!$G$6,1)&" net: "&round(milestone_4day_new!AE4, 1)),"X") -> D1 net: 0 | I38: =IFERROR(IF(CEILING($C38*4/data_raw_4_day!$G$7,1)>4,"X","D"&CEILING($C38*4/data_raw_4_day!$G$7,1)),"X") -> D1 | J38: =IFERROR(IF(CEILING($C38*4/data_raw_4_day!$G$9,1)>4,"X","D"&CEILING($C38*4/data_raw_4_day!$G$9,1)&" net: "&round(milestone_4day_new!AF4, 1)),"X") -> D1 net: 0 | K38: =IFERROR(IF(CEILING($C38*4/data_raw_4_day!$G$10,1)>4,"X","D"&CEILING($C38*4/data_raw_4_day!$G$10,1)&" net: "&round(milestone_4day_new!AG4, 1)),"X") -> D1 net: 0 | L38: =IFERROR(IF(CEILING($C38*4/data_raw_4_day!$G$11,1)>4,"X","D"&CEILING($C38*4/data_raw_4_day!$G$11,1)&" net: "&round(milestone_4day_new!AH4, 1)),"X") -> D1 net: 0 | M38: =IFERROR(IF(CEILING($C38*4/data_raw_4_day!$G$12,1)>4,"X","D"&CEILING($C38*4/data_raw_4_day!$G$12,1)&" net: "&round(milestone_4day_new!AI4, 1)),"X") -> D1 net: 0 | N38: =IFERROR(IF(CEILING($C38*4/data_raw_4_day!$G$13,1)>4,"X","D"&CEILING($C38*4/data_raw_4_day!$G$13,1)),"X") -> D1
A39: =milestone_4day_new!A5 -> 2 | B39: =milestone_4day_new!B5 -> 300 | C39: =milestone_4day_new!C5 -> 460 | D39: =milestone_4day_new!D5 -> FALSE | E39: =IFERROR(IF(CEILING($C39*4/data_raw_4_day!$G$3,1)>4,"X","D"&CEILING($C39*4/data_raw_4_day!$G$3,1)&" net: "&round(milestone_4day_new!AB5, 1)),"X") -> D1 net: 10 | F39: =IFERROR(IF(CEILING($C39*4/data_raw_4_day!$G$4,1)>4,"X","D"&CEILING($C39*4/data_raw_4_day!$G$4,1)&" net: "&round(milestone_4day_new!AC5, 1)),"X") -> D1 net: 10 | G39: =IFERROR(IF(CEILING($C39*4/data_raw_4_day!$G$5,1)>4,"X","D"&CEILING($C39*4/data_raw_4_day!$G$5,1)&" net: "&round(milestone_4day_new!AD5, 1)),"X") -> D1 net: 10 | H39: =IFERROR(IF(CEILING($C39*4/data_raw_4_day!$G$6,1)>4,"X","D"&CEILING($C39*4/data_raw_4_day!$G$6,1)&" net: "&round(milestone_4day_new!AE5, 1)),"X") -> D1 net: 10 | I39: =IFERROR(IF(CEILING($C39*4/data_raw_4_day!$G$7,1)>4,"X","D"&CEILING($C39*4/data_raw_4_day!$G$7,1)),"X") -> D1 | J39: =IFERROR(IF(CEILING($C39*4/data_raw_4_day!$G$9,1)>4,"X","D"&CEILING($C39*4/data_raw_4_day!$G$9,1)&" net: "&round(milestone_4day_new!AF5, 1)),"X") -> D1 net: 10 | K39: =IFERROR(IF(CEILING($C39*4/data_raw_4_day!$G$10,1)>4,"X","D"&CEILING($C39*4/data_raw_4_day!$G$10,1)&" net: "&round(milestone_4day_new!AG5, 1)),"X") -> D1 net: 10 | L39: =IFERROR(IF(CEILING($C39*4/data_raw_4_day!$G$11,1)>4,"X","D"&CEILING($C39*4/data_raw_4_day!$G$11,1)&" net: "&round(milestone_4day_new!AH5, 1)),"X") -> D1 net: 10 | M39: =IFERROR(IF(CEILING($C39*4/data_raw_4_day!$G$12,1)>4,"X","D"&CEILING($C39*4/data_raw_4_day!$G$12,1)&" net: "&round(milestone_4day_new!AI5, 1)),"X") -> D1 net: 10 | N39: =IFERROR(IF(CEILING($C39*4/data_raw_4_day!$G$13,1)>4,"X","D"&CEILING($C39*4/data_raw_4_day!$G$13,1)),"X") -> D1
A40: =milestone_4day_new!A6 -> 3 | B40: =milestone_4day_new!B6 -> 1000 | C40: =milestone_4day_new!C6 -> 1460 | D40: =milestone_4day_new!D6 -> FALSE | E40: =IFERROR(IF(CEILING($C40*4/data_raw_4_day!$G$3,1)>4,"X","D"&CEILING($C40*4/data_raw_4_day!$G$3,1)&" net: "&round(milestone_4day_new!AB6, 1)),"X") -> D2 net: 9.4 | F40: =IFERROR(IF(CEILING($C40*4/data_raw_4_day!$G$4,1)>4,"X","D"&CEILING($C40*4/data_raw_4_day!$G$4,1)&" net: "&round(milestone_4day_new!AC6, 1)),"X") -> D1 net: 10 | G40: =IFERROR(IF(CEILING($C40*4/data_raw_4_day!$G$5,1)>4,"X","D"&CEILING($C40*4/data_raw_4_day!$G$5,1)&" net: "&round(milestone_4day_new!AD6, 1)),"X") -> D1 net: 10 | H40: =IFERROR(IF(CEILING($C40*4/data_raw_4_day!$G$6,1)>4,"X","D"&CEILING($C40*4/data_raw_4_day!$G$6,1)&" net: "&round(milestone_4day_new!AE6, 1)),"X") -> D1 net: 10 | I40: =IFERROR(IF(CEILING($C40*4/data_raw_4_day!$G$7,1)>4,"X","D"&CEILING($C40*4/data_raw_4_day!$G$7,1)),"X") -> D1 | J40: =IFERROR(IF(CEILING($C40*4/data_raw_4_day!$G$9,1)>4,"X","D"&CEILING($C40*4/data_raw_4_day!$G$9,1)&" net: "&round(milestone_4day_new!AF6, 1)),"X") -> D2 net: 10 | K40: =IFERROR(IF(CEILING($C40*4/data_raw_4_day!$G$10,1)>4,"X","D"&CEILING($C40*4/data_raw_4_day!$G$10,1)&" net: "&round(milestone_4day_new!AG6, 1)),"X") -> D1 net: 10 | L40: =IFERROR(IF(CEILING($C40*4/data_raw_4_day!$G$11,1)>4,"X","D"&CEILING($C40*4/data_raw_4_day!$G$11,1)&" net: "&round(milestone_4day_new!AH6, 1)),"X") -> D1 net: 10 | M40: =IFERROR(IF(CEILING($C40*4/data_raw_4_day!$G$12,1)>4,"X","D"&CEILING($C40*4/data_raw_4_day!$G$12,1)&" net: "&round(milestone_4day_new!AI6, 1)),"X") -> D1 net: 10 | N40: =IFERROR(IF(CEILING($C40*4/data_raw_4_day!$G$13,1)>4,"X","D"&CEILING($C40*4/data_raw_4_day!$G$13,1)),"X") -> D1
A41: =milestone_4day_new!A7 -> 4 | B41: =milestone_4day_new!B7 -> 250 | C41: =milestone_4day_new!C7 -> 1710 | D41: =milestone_4day_new!D7 -> FALSE | E41: =IFERROR(IF(CEILING($C41*4/data_raw_4_day!$G$3,1)>4,"X","D"&CEILING($C41*4/data_raw_4_day!$G$3,1)&" net: "&round(milestone_4day_new!AB7, 1)),"X") -> D2 net: -6.9 | F41: =IFERROR(IF(CEILING($C41*4/data_raw_4_day!$G$4,1)>4,"X","D"&CEILING($C41*4/data_raw_4_day!$G$4,1)&" net: "&round(milestone_4day_new!AC7, 1)),"X") -> D1 net: 10 | G41: =IFERROR(IF(CEILING($C41*4/data_raw_4_day!$G$5,1)>4,"X","D"&CEILING($C41*4/data_raw_4_day!$G$5,1)&" net: "&round(milestone_4day_new!AD7, 1)),"X") -> D1 net: 10 | H41: =IFERROR(IF(CEILING($C41*4/data_raw_4_day!$G$6,1)>4,"X","D"&CEILING($C41*4/data_raw_4_day!$G$6,1)&" net: "&round(milestone_4day_new!AE7, 1)),"X") -> D1 net: 10 | I41: =IFERROR(IF(CEILING($C41*4/data_raw_4_day!$G$7,1)>4,"X","D"&CEILING($C41*4/data_raw_4_day!$G$7,1)),"X") -> D1 | J41: =IFERROR(IF(CEILING($C41*4/data_raw_4_day!$G$9,1)>4,"X","D"&CEILING($C41*4/data_raw_4_day!$G$9,1)&" net: "&round(milestone_4day_new!AF7, 1)),"X") -> D2 net: 10 | K41: =IFERROR(IF(CEILING($C41*4/data_raw_4_day!$G$10,1)>4,"X","D"&CEILING($C41*4/data_raw_4_day!$G$10,1)&" net: "&round(milestone_4day_new!AG7, 1)),"X") -> D1 net: 10 | L41: =IFERROR(IF(CEILING($C41*4/data_raw_4_day!$G$11,1)>4,"X","D"&CEILING($C41*4/data_raw_4_day!$G$11,1)&" net: "&round(milestone_4day_new!AH7, 1)),"X") -> D1 net: 10 | M41: =IFERROR(IF(CEILING($C41*4/data_raw_4_day!$G$12,1)>4,"X","D"&CEILING($C41*4/data_raw_4_day!$G$12,1)&" net: "&round(milestone_4day_new!AI7, 1)),"X") -> D1 net: 10 | N41: =IFERROR(IF(CEILING($C41*4/data_raw_4_day!$G$13,1)>4,"X","D"&CEILING($C41*4/data_raw_4_day!$G$13,1)),"X") -> D1
A42: =milestone_4day_new!A8 -> 5 | B42: =milestone_4day_new!B8 -> 500 | C42: =milestone_4day_new!C8 -> 2210 | D42: =milestone_4day_new!D8 -> FALSE | E42: =IFERROR(IF(CEILING($C42*4/data_raw_4_day!$G$3,1)>4,"X","D"&CEILING($C42*4/data_raw_4_day!$G$3,1)&" net: "&round(milestone_4day_new!AB8, 1)),"X") -> D2 net: -33.5 | F42: =IFERROR(IF(CEILING($C42*4/data_raw_4_day!$G$4,1)>4,"X","D"&CEILING($C42*4/data_raw_4_day!$G$4,1)&" net: "&round(milestone_4day_new!AC8, 1)),"X") -> D1 net: 10 | G42: =IFERROR(IF(CEILING($C42*4/data_raw_4_day!$G$5,1)>4,"X","D"&CEILING($C42*4/data_raw_4_day!$G$5,1)&" net: "&round(milestone_4day_new!AD8, 1)),"X") -> D1 net: 10 | H42: =IFERROR(IF(CEILING($C42*4/data_raw_4_day!$G$6,1)>4,"X","D"&CEILING($C42*4/data_raw_4_day!$G$6,1)&" net: "&round(milestone_4day_new!AE8, 1)),"X") -> D1 net: 10 | I42: =IFERROR(IF(CEILING($C42*4/data_raw_4_day!$G$7,1)>4,"X","D"&CEILING($C42*4/data_raw_4_day!$G$7,1)),"X") -> D1 | J42: =IFERROR(IF(CEILING($C42*4/data_raw_4_day!$G$9,1)>4,"X","D"&CEILING($C42*4/data_raw_4_day!$G$9,1)&" net: "&round(milestone_4day_new!AF8, 1)),"X") -> D2 net: -30 | K42: =IFERROR(IF(CEILING($C42*4/data_raw_4_day!$G$10,1)>4,"X","D"&CEILING($C42*4/data_raw_4_day!$G$10,1)&" net: "&round(milestone_4day_new!AG8, 1)),"X") -> D1 net: 10 | L42: =IFERROR(IF(CEILING($C42*4/data_raw_4_day!$G$11,1)>4,"X","D"&CEILING($C42*4/data_raw_4_day!$G$11,1)&" net: "&round(milestone_4day_new!AH8, 1)),"X") -> D1 net: 10 | M42: =IFERROR(IF(CEILING($C42*4/data_raw_4_day!$G$12,1)>4,"X","D"&CEILING($C42*4/data_raw_4_day!$G$12,1)&" net: "&round(milestone_4day_new!AI8, 1)),"X") -> D1 net: 10 | N42: =IFERROR(IF(CEILING($C42*4/data_raw_4_day!$G$13,1)>4,"X","D"&CEILING($C42*4/data_raw_4_day!$G$13,1)),"X") -> D1
A43: =milestone_4day_new!A9 -> 6 | B43: =milestone_4day_new!B9 -> 1600 | C43: =milestone_4day_new!C9 -> 3810 | D43: =milestone_4day_new!D9 -> TRUE | E43: =IFERROR(IF(CEILING($C43*4/data_raw_4_day!$G$3,1)>4,"X","D"&CEILING($C43*4/data_raw_4_day!$G$3,1)&" net: "&round(milestone_4day_new!AB9, 1)),"X") -> D4 net: -89.8 | F43: =IFERROR(IF(CEILING($C43*4/data_raw_4_day!$G$4,1)>4,"X","D"&CEILING($C43*4/data_raw_4_day!$G$4,1)&" net: "&round(milestone_4day_new!AC9, 1)),"X") -> D1 net: -17.5 | G43: =IFERROR(IF(CEILING($C43*4/data_raw_4_day!$G$5,1)>4,"X","D"&CEILING($C43*4/data_raw_4_day!$G$5,1)&" net: "&round(milestone_4day_new!AD9, 1)),"X") -> D1 net: 10 | H43: =IFERROR(IF(CEILING($C43*4/data_raw_4_day!$G$6,1)>4,"X","D"&CEILING($C43*4/data_raw_4_day!$G$6,1)&" net: "&round(milestone_4day_new!AE9, 1)),"X") -> D1 net: 10 | I43: =IFERROR(IF(CEILING($C43*4/data_raw_4_day!$G$7,1)>4,"X","D"&CEILING($C43*4/data_raw_4_day!$G$7,1)),"X") -> D1 | J43: =IFERROR(IF(CEILING($C43*4/data_raw_4_day!$G$9,1)>4,"X","D"&CEILING($C43*4/data_raw_4_day!$G$9,1)&" net: "&round(milestone_4day_new!AF9, 1)),"X") -> D3 net: -132.3 | K43: =IFERROR(IF(CEILING($C43*4/data_raw_4_day!$G$10,1)>4,"X","D"&CEILING($C43*4/data_raw_4_day!$G$10,1)&" net: "&round(milestone_4day_new!AG9, 1)),"X") -> D1 net: -15.2 | L43: =IFERROR(IF(CEILING($C43*4/data_raw_4_day!$G$11,1)>4,"X","D"&CEILING($C43*4/data_raw_4_day!$G$11,1)&" net: "&round(milestone_4day_new!AH9, 1)),"X") -> D1 net: 10 | M43: =IFERROR(IF(CEILING($C43*4/data_raw_4_day!$G$12,1)>4,"X","D"&CEILING($C43*4/data_raw_4_day!$G$12,1)&" net: "&round(milestone_4day_new!AI9, 1)),"X") -> D1 net: 10 | N43: =IFERROR(IF(CEILING($C43*4/data_raw_4_day!$G$13,1)>4,"X","D"&CEILING($C43*4/data_raw_4_day!$G$13,1)),"X") -> D1
A44: =milestone_4day_new!A10 -> 7 | B44: =milestone_4day_new!B10 -> 500 | C44: =milestone_4day_new!C10 -> 4310 | D44: =milestone_4day_new!D10 -> FALSE | E44: =IFERROR(IF(CEILING($C44*4/data_raw_4_day!$G$3,1)>4,"X","D"&CEILING($C44*4/data_raw_4_day!$G$3,1)&" net: "&round(milestone_4day_new!AB10, 1)),"X") -> D4 net: -102.6 | F44: =IFERROR(IF(CEILING($C44*4/data_raw_4_day!$G$4,1)>4,"X","D"&CEILING($C44*4/data_raw_4_day!$G$4,1)&" net: "&round(milestone_4day_new!AC10, 1)),"X") -> D1 net: -40 | G44: =IFERROR(IF(CEILING($C44*4/data_raw_4_day!$G$5,1)>4,"X","D"&CEILING($C44*4/data_raw_4_day!$G$5,1)&" net: "&round(milestone_4day_new!AD10, 1)),"X") -> D1 net: 10 | H44: =IFERROR(IF(CEILING($C44*4/data_raw_4_day!$G$6,1)>4,"X","D"&CEILING($C44*4/data_raw_4_day!$G$6,1)&" net: "&round(milestone_4day_new!AE10, 1)),"X") -> D1 net: 10 | I44: =IFERROR(IF(CEILING($C44*4/data_raw_4_day!$G$7,1)>4,"X","D"&CEILING($C44*4/data_raw_4_day!$G$7,1)),"X") -> D1 | J44: =IFERROR(IF(CEILING($C44*4/data_raw_4_day!$G$9,1)>4,"X","D"&CEILING($C44*4/data_raw_4_day!$G$9,1)&" net: "&round(milestone_4day_new!AF10, 1)),"X") -> D4 net: -155.4 | K44: =IFERROR(IF(CEILING($C44*4/data_raw_4_day!$G$10,1)>4,"X","D"&CEILING($C44*4/data_raw_4_day!$G$10,1)&" net: "&round(milestone_4day_new!AG10, 1)),"X") -> D1 net: -59.1 | L44: =IFERROR(IF(CEILING($C44*4/data_raw_4_day!$G$11,1)>4,"X","D"&CEILING($C44*4/data_raw_4_day!$G$11,1)&" net: "&round(milestone_4day_new!AH10, 1)),"X") -> D1 net: 10 | M44: =IFERROR(IF(CEILING($C44*4/data_raw_4_day!$G$12,1)>4,"X","D"&CEILING($C44*4/data_raw_4_day!$G$12,1)&" net: "&round(milestone_4day_new!AI10, 1)),"X") -> D1 net: 10 | N44: =IFERROR(IF(CEILING($C44*4/data_raw_4_day!$G$13,1)>4,"X","D"&CEILING($C44*4/data_raw_4_day!$G$13,1)),"X") -> D1
A45: =milestone_4day_new!A11 -> 8 | B45: =milestone_4day_new!B11 -> 1000 | C45: =milestone_4day_new!C11 -> 5310 | D45: =milestone_4day_new!D11 -> FALSE | E45: =IFERROR(IF(CEILING($C45*4/data_raw_4_day!$G$3,1)>4,"X","D"&CEILING($C45*4/data_raw_4_day!$G$3,1)&" net: "&round(milestone_4day_new!AB11, 1)),"X") -> X | F45: =IFERROR(IF(CEILING($C45*4/data_raw_4_day!$G$4,1)>4,"X","D"&CEILING($C45*4/data_raw_4_day!$G$4,1)&" net: "&round(milestone_4day_new!AC11, 1)),"X") -> D2 net: -78.2 | G45: =IFERROR(IF(CEILING($C45*4/data_raw_4_day!$G$5,1)>4,"X","D"&CEILING($C45*4/data_raw_4_day!$G$5,1)&" net: "&round(milestone_4day_new!AD11, 1)),"X") -> D1 net: -1.5 | H45: =IFERROR(IF(CEILING($C45*4/data_raw_4_day!$G$6,1)>4,"X","D"&CEILING($C45*4/data_raw_4_day!$G$6,1)&" net: "&round(milestone_4day_new!AE11, 1)),"X") -> D1 net: 10 | I45: =IFERROR(IF(CEILING($C45*4/data_raw_4_day!$G$7,1)>4,"X","D"&CEILING($C45*4/data_raw_4_day!$G$7,1)),"X") -> D1 | J45: =IFERROR(IF(CEILING($C45*4/data_raw_4_day!$G$9,1)>4,"X","D"&CEILING($C45*4/data_raw_4_day!$G$9,1)&" net: "&round(milestone_4day_new!AF11, 1)),"X") -> D4 net: -194.6 | K45: =IFERROR(IF(CEILING($C45*4/data_raw_4_day!$G$10,1)>4,"X","D"&CEILING($C45*4/data_raw_4_day!$G$10,1)&" net: "&round(milestone_4day_new!AG11, 1)),"X") -> D2 net: -133.4 | L45: =IFERROR(IF(CEILING($C45*4/data_raw_4_day!$G$11,1)>4,"X","D"&CEILING($C45*4/data_raw_4_day!$G$11,1)&" net: "&round(milestone_4day_new!AH11, 1)),"X") -> D1 net: 10 | M45: =IFERROR(IF(CEILING($C45*4/data_raw_4_day!$G$12,1)>4,"X","D"&CEILING($C45*4/data_raw_4_day!$G$12,1)&" net: "&round(milestone_4day_new!AI11, 1)),"X") -> D1 net: 10 | N45: =IFERROR(IF(CEILING($C45*4/data_raw_4_day!$G$13,1)>4,"X","D"&CEILING($C45*4/data_raw_4_day!$G$13,1)),"X") -> D1
A46: =milestone_4day_new!A12 -> 9 | B46: =milestone_4day_new!B12 -> 3300 | C46: =milestone_4day_new!C12 -> 8610 | D46: =milestone_4day_new!D12 -> TRUE | E46: =IFERROR(IF(CEILING($C46*4/data_raw_4_day!$G$3,1)>4,"X","D"&CEILING($C46*4/data_raw_4_day!$G$3,1)&" net: "&round(milestone_4day_new!AB12, 1)),"X") -> X | F46: =IFERROR(IF(CEILING($C46*4/data_raw_4_day!$G$4,1)>4,"X","D"&CEILING($C46*4/data_raw_4_day!$G$4,1)&" net: "&round(milestone_4day_new!AC12, 1)),"X") -> D2 net: -146.6 | G46: =IFERROR(IF(CEILING($C46*4/data_raw_4_day!$G$5,1)>4,"X","D"&CEILING($C46*4/data_raw_4_day!$G$5,1)&" net: "&round(milestone_4day_new!AD12, 1)),"X") -> D1 net: -109.9 | H46: =IFERROR(IF(CEILING($C46*4/data_raw_4_day!$G$6,1)>4,"X","D"&CEILING($C46*4/data_raw_4_day!$G$6,1)&" net: "&round(milestone_4day_new!AE12, 1)),"X") -> D1 net: 30 | I46: =IFERROR(IF(CEILING($C46*4/data_raw_4_day!$G$7,1)>4,"X","D"&CEILING($C46*4/data_raw_4_day!$G$7,1)),"X") -> D1 | J46: =IFERROR(IF(CEILING($C46*4/data_raw_4_day!$G$9,1)>4,"X","D"&CEILING($C46*4/data_raw_4_day!$G$9,1)&" net: "&round(milestone_4day_new!AF12, 1)),"X") -> X | K46: =IFERROR(IF(CEILING($C46*4/data_raw_4_day!$G$10,1)>4,"X","D"&CEILING($C46*4/data_raw_4_day!$G$10,1)&" net: "&round(milestone_4day_new!AG12, 1)),"X") -> D2 net: -285.5 | L46: =IFERROR(IF(CEILING($C46*4/data_raw_4_day!$G$11,1)>4,"X","D"&CEILING($C46*4/data_raw_4_day!$G$11,1)&" net: "&round(milestone_4day_new!AH12, 1)),"X") -> D1 net: -206.4 | M46: =IFERROR(IF(CEILING($C46*4/data_raw_4_day!$G$12,1)>4,"X","D"&CEILING($C46*4/data_raw_4_day!$G$12,1)&" net: "&round(milestone_4day_new!AI12, 1)),"X") -> D1 net: 30 | N46: =IFERROR(IF(CEILING($C46*4/data_raw_4_day!$G$13,1)>4,"X","D"&CEILING($C46*4/data_raw_4_day!$G$13,1)),"X") -> D1
A47: =milestone_4day_new!A13 -> 10 | B47: =milestone_4day_new!B13 -> 1100 | C47: =milestone_4day_new!C13 -> 9710 | D47: =milestone_4day_new!D13 -> FALSE | E47: =IFERROR(IF(CEILING($C47*4/data_raw_4_day!$G$3,1)>4,"X","D"&CEILING($C47*4/data_raw_4_day!$G$3,1)&" net: "&round(milestone_4day_new!AB13, 1)),"X") -> X | F47: =IFERROR(IF(CEILING($C47*4/data_raw_4_day!$G$4,1)>4,"X","D"&CEILING($C47*4/data_raw_4_day!$G$4,1)&" net: "&round(milestone_4day_new!AC13, 1)),"X") -> D3 net: -168.6 | G47: =IFERROR(IF(CEILING($C47*4/data_raw_4_day!$G$5,1)>4,"X","D"&CEILING($C47*4/data_raw_4_day!$G$5,1)&" net: "&round(milestone_4day_new!AD13, 1)),"X") -> D2 net: -141.8 | H47: =IFERROR(IF(CEILING($C47*4/data_raw_4_day!$G$6,1)>4,"X","D"&CEILING($C47*4/data_raw_4_day!$G$6,1)&" net: "&round(milestone_4day_new!AE13, 1)),"X") -> D1 net: 30 | I47: =IFERROR(IF(CEILING($C47*4/data_raw_4_day!$G$7,1)>4,"X","D"&CEILING($C47*4/data_raw_4_day!$G$7,1)),"X") -> D1 | J47: =IFERROR(IF(CEILING($C47*4/data_raw_4_day!$G$9,1)>4,"X","D"&CEILING($C47*4/data_raw_4_day!$G$9,1)&" net: "&round(milestone_4day_new!AF13, 1)),"X") -> X | K47: =IFERROR(IF(CEILING($C47*4/data_raw_4_day!$G$10,1)>4,"X","D"&CEILING($C47*4/data_raw_4_day!$G$10,1)&" net: "&round(milestone_4day_new!AG13, 1)),"X") -> D2 net: -328.3 | L47: =IFERROR(IF(CEILING($C47*4/data_raw_4_day!$G$11,1)>4,"X","D"&CEILING($C47*4/data_raw_4_day!$G$11,1)&" net: "&round(milestone_4day_new!AH13, 1)),"X") -> D2 net: -276.1 | M47: =IFERROR(IF(CEILING($C47*4/data_raw_4_day!$G$12,1)>4,"X","D"&CEILING($C47*4/data_raw_4_day!$G$12,1)&" net: "&round(milestone_4day_new!AI13, 1)),"X") -> D1 net: 30 | N47: =IFERROR(IF(CEILING($C47*4/data_raw_4_day!$G$13,1)>4,"X","D"&CEILING($C47*4/data_raw_4_day!$G$13,1)),"X") -> D1
A48: =milestone_4day_new!A14 -> 11 | B48: =milestone_4day_new!B14 -> 2200 | C48: =milestone_4day_new!C14 -> 11910 | D48: =milestone_4day_new!D14 -> FALSE | E48: =IFERROR(IF(CEILING($C48*4/data_raw_4_day!$G$3,1)>4,"X","D"&CEILING($C48*4/data_raw_4_day!$G$3,1)&" net: "&round(milestone_4day_new!AB14, 1)),"X") -> X | F48: =IFERROR(IF(CEILING($C48*4/data_raw_4_day!$G$4,1)>4,"X","D"&CEILING($C48*4/data_raw_4_day!$G$4,1)&" net: "&round(milestone_4day_new!AC14, 1)),"X") -> D3 net: -206 | G48: =IFERROR(IF(CEILING($C48*4/data_raw_4_day!$G$5,1)>4,"X","D"&CEILING($C48*4/data_raw_4_day!$G$5,1)&" net: "&round(milestone_4day_new!AD14, 1)),"X") -> D2 net: -196.1 | H48: =IFERROR(IF(CEILING($C48*4/data_raw_4_day!$G$6,1)>4,"X","D"&CEILING($C48*4/data_raw_4_day!$G$6,1)&" net: "&round(milestone_4day_new!AE14, 1)),"X") -> D1 net: 30 | I48: =IFERROR(IF(CEILING($C48*4/data_raw_4_day!$G$7,1)>4,"X","D"&CEILING($C48*4/data_raw_4_day!$G$7,1)),"X") -> D1 | J48: =IFERROR(IF(CEILING($C48*4/data_raw_4_day!$G$9,1)>4,"X","D"&CEILING($C48*4/data_raw_4_day!$G$9,1)&" net: "&round(milestone_4day_new!AF14, 1)),"X") -> X | K48: =IFERROR(IF(CEILING($C48*4/data_raw_4_day!$G$10,1)>4,"X","D"&CEILING($C48*4/data_raw_4_day!$G$10,1)&" net: "&round(milestone_4day_new!AG14, 1)),"X") -> D3 net: -401 | L48: =IFERROR(IF(CEILING($C48*4/data_raw_4_day!$G$11,1)>4,"X","D"&CEILING($C48*4/data_raw_4_day!$G$11,1)&" net: "&round(milestone_4day_new!AH14, 1)),"X") -> D2 net: -394.5 | M48: =IFERROR(IF(CEILING($C48*4/data_raw_4_day!$G$12,1)>4,"X","D"&CEILING($C48*4/data_raw_4_day!$G$12,1)&" net: "&round(milestone_4day_new!AI14, 1)),"X") -> D1 net: 30 | N48: =IFERROR(IF(CEILING($C48*4/data_raw_4_day!$G$13,1)>4,"X","D"&CEILING($C48*4/data_raw_4_day!$G$13,1)),"X") -> D1
A49: =milestone_4day_new!A15 -> 12 | B49: =milestone_4day_new!B15 -> 6500 | C49: =milestone_4day_new!C15 -> 18410 | D49: =milestone_4day_new!D15 -> TRUE | E49: =IFERROR(IF(CEILING($C49*4/data_raw_4_day!$G$3,1)>4,"X","D"&CEILING($C49*4/data_raw_4_day!$G$3,1)&" net: "&round(milestone_4day_new!AB15, 1)),"X") -> X | F49: =IFERROR(IF(CEILING($C49*4/data_raw_4_day!$G$4,1)>4,"X","D"&CEILING($C49*4/data_raw_4_day!$G$4,1)&" net: "&round(milestone_4day_new!AC15, 1)),"X") -> D4 net: -250.7 | G49: =IFERROR(IF(CEILING($C49*4/data_raw_4_day!$G$5,1)>4,"X","D"&CEILING($C49*4/data_raw_4_day!$G$5,1)&" net: "&round(milestone_4day_new!AD15, 1)),"X") -> D2 net: -276.8 | H49: =IFERROR(IF(CEILING($C49*4/data_raw_4_day!$G$6,1)>4,"X","D"&CEILING($C49*4/data_raw_4_day!$G$6,1)&" net: "&round(milestone_4day_new!AE15, 1)),"X") -> D1 net: 55.7 | I49: =IFERROR(IF(CEILING($C49*4/data_raw_4_day!$G$7,1)>4,"X","D"&CEILING($C49*4/data_raw_4_day!$G$7,1)),"X") -> D1 | J49: =IFERROR(IF(CEILING($C49*4/data_raw_4_day!$G$9,1)>4,"X","D"&CEILING($C49*4/data_raw_4_day!$G$9,1)&" net: "&round(milestone_4day_new!AF15, 1)),"X") -> X | K49: =IFERROR(IF(CEILING($C49*4/data_raw_4_day!$G$10,1)>4,"X","D"&CEILING($C49*4/data_raw_4_day!$G$10,1)&" net: "&round(milestone_4day_new!AG15, 1)),"X") -> D4 net: -521 | L49: =IFERROR(IF(CEILING($C49*4/data_raw_4_day!$G$11,1)>4,"X","D"&CEILING($C49*4/data_raw_4_day!$G$11,1)&" net: "&round(milestone_4day_new!AH15, 1)),"X") -> D2 net: -612 | M49: =IFERROR(IF(CEILING($C49*4/data_raw_4_day!$G$12,1)>4,"X","D"&CEILING($C49*4/data_raw_4_day!$G$12,1)&" net: "&round(milestone_4day_new!AI15, 1)),"X") -> D1 net: 65 | N49: =IFERROR(IF(CEILING($C49*4/data_raw_4_day!$G$13,1)>4,"X","D"&CEILING($C49*4/data_raw_4_day!$G$13,1)),"X") -> D1
... A67: =milestone_4day_new!A33 -> 30 | B67: =milestone_4day_new!B33 -> 83000 | C67: =milestone_4day_new!C33 -> 352260 | D67: =milestone_4day_new!D33 -> TRUE | E67: =IFERROR(IF(CEILING($C67*4/data_raw_4_day!$G$3,1)>4,"X","D"&CEILING($C67*4/data_raw_4_day!$G$3,1)&" net: "&round(milestone_4day_new!AB33, 1)),"X") -> X | F67: =IFERROR(IF(CEILING($C67*4/data_raw_4_day!$G$4,1)>4,"X","D"&CEILING($C67*4/data_raw_4_day!$G$4,1)&" net: "&round(milestone_4day_new!AC33, 1)),"X") -> X | G67: =IFERROR(IF(CEILING($C67*4/data_raw_4_day!$G$5,1)>4,"X","D"&CEILING($C67*4/data_raw_4_day!$G$5,1)&" net: "&round(milestone_4day_new!AD33, 1)),"X") -> X | H67: =IFERROR(IF(CEILING($C67*4/data_raw_4_day!$G$6,1)>4,"X","D"&CEILING($C67*4/data_raw_4_day!$G$6,1)&" net: "&round(milestone_4day_new!AE33, 1)),"X") -> X | I67: =IFERROR(IF(CEILING($C67*4/data_raw_4_day!$G$7,1)>4,"X","D"&CEILING($C67*4/data_raw_4_day!$G$7,1)),"X") -> X | J67: =IFERROR(IF(CEILING($C67*4/data_raw_4_day!$G$9,1)>4,"X","D"&CEILING($C67*4/data_raw_4_day!$G$9,1)&" net: "&round(milestone_4day_new!AF33, 1)),"X") -> X | K67: =IFERROR(IF(CEILING($C67*4/data_raw_4_day!$G$10,1)>4,"X","D"&CEILING($C67*4/data_raw_4_day!$G$10,1)&" net: "&round(milestone_4day_new!AG33, 1)),"X") -> X | L67: =IFERROR(IF(CEILING($C67*4/data_raw_4_day!$G$11,1)>4,"X","D"&CEILING($C67*4/data_raw_4_day!$G$11,1)&" net: "&round(milestone_4day_new!AH33, 1)),"X") -> X | M67: =IFERROR(IF(CEILING($C67*4/data_raw_4_day!$G$12,1)>4,"X","D"&CEILING($C67*4/data_raw_4_day!$G$12,1)&" net: "&round(milestone_4day_new!AI33, 1)),"X") -> X | N67: =IFERROR(IF(CEILING($C67*4/data_raw_4_day!$G$13,1)>4,"X","D"&CEILING($C67*4/data_raw_4_day!$G$13,1)),"X") -> X

Sheet Sim_Progression_p75
A1: RAINBOW MAKER - SIM PROGRESSION (p75)
A3: ◆ 3-DAY PROGRESSION
A4: Milestone | B4: Matchables Req | C4: Req Accum | D4: Chest | E4: NP 0-9 | F4: NP 10-19 | G4: NP 20-39 | H4: NP 40-99 | I4: NP 100+ | J4: P 0-9 | K4: P 10-19 | L4: P 20-39 | M4: P 40-99 | N4: P 100+
A5: =milestone_3day_new!A4 -> 1 | B5: =milestone_3day_new!B4 -> 130 | C5: =milestone_3day_new!C4 -> 130 | D5: =milestone_3day_new!D4 -> FALSE | E5: =IFERROR(IF(CEILING($C5*4/data_raw_3_day!$H$3,1)>4,"X","D"&CEILING($C5*4/data_raw_3_day!$H$3,1)),"X") -> D1 | F5: =IFERROR(IF(CEILING($C5*4/data_raw_3_day!$H$4,1)>4,"X","D"&CEILING($C5*4/data_raw_3_day!$H$4,1)),"X") -> D1 | G5: =IFERROR(IF(CEILING($C5*4/data_raw_3_day!$H$5,1)>4,"X","D"&CEILING($C5*4/data_raw_3_day!$H$5,1)),"X") -> D1 | H5: =IFERROR(IF(CEILING($C5*4/data_raw_3_day!$H$6,1)>4,"X","D"&CEILING($C5*4/data_raw_3_day!$H$6,1)),"X") -> D1 | I5: =IFERROR(IF(CEILING($C5*4/data_raw_3_day!$H$7,1)>4,"X","D"&CEILING($C5*4/data_raw_3_day!$H$7,1)),"X") -> D1 | J5: =IFERROR(IF(CEILING($C5*4/data_raw_3_day!$H$9,1)>4,"X","D"&CEILING($C5*4/data_raw_3_day!$H$9,1)),"X") -> D1 | K5: =IFERROR(IF(CEILING($C5*4/data_raw_3_day!$H$10,1)>4,"X","D"&CEILING($C5*4/data_raw_3_day!$H$10,1)),"X") -> D1 | L5: =IFERROR(IF(CEILING($C5*4/data_raw_3_day!$H$11,1)>4,"X","D"&CEILING($C5*4/data_raw_3_day!$H$11,1)),"X") -> D1 | M5: =IFERROR(IF(CEILING($C5*4/data_raw_3_day!$H$12,1)>4,"X","D"&CEILING($C5*4/data_raw_3_day!$H$12,1)),"X") -> D1 | N5: =IFERROR(IF(CEILING($C5*4/data_raw_3_day!$H$13,1)>4,"X","D"&CEILING($C5*4/data_raw_3_day!$H$13,1)),"X") -> D1
A6: =milestone_3day_new!A5 -> 2 | B6: =milestone_3day_new!B5 -> 250 | C6: =milestone_3day_new!C5 -> 380 | D6: =milestone_3day_new!D5 -> FALSE | E6: =IFERROR(IF(CEILING($C6*4/data_raw_3_day!$H$3,1)>4,"X","D"&CEILING($C6*4/data_raw_3_day!$H$3,1)),"X") -> D1 | F6: =IFERROR(IF(CEILING($C6*4/data_raw_3_day!$H$4,1)>4,"X","D"&CEILING($C6*4/data_raw_3_day!$H$4,1)),"X") -> D1 | G6: =IFERROR(IF(CEILING($C6*4/data_raw_3_day!$H$5,1)>4,"X","D"&CEILING($C6*4/data_raw_3_day!$H$5,1)),"X") -> D1 | H6: =IFERROR(IF(CEILING($C6*4/data_raw_3_day!$H$6,1)>4,"X","D"&CEILING($C6*4/data_raw_3_day!$H$6,1)),"X") -> D1 | I6: =IFERROR(IF(CEILING($C6*4/data_raw_3_day!$H$7,1)>4,"X","D"&CEILING($C6*4/data_raw_3_day!$H$7,1)),"X") -> D1 | J6: =IFERROR(IF(CEILING($C6*4/data_raw_3_day!$H$9,1)>4,"X","D"&CEILING($C6*4/data_raw_3_day!$H$9,1)),"X") -> D1 | K6: =IFERROR(IF(CEILING($C6*4/data_raw_3_day!$H$10,1)>4,"X","D"&CEILING($C6*4/data_raw_3_day!$H$10,1)),"X") -> D1 | L6: =IFERROR(IF(CEILING($C6*4/data_raw_3_day!$H$11,1)>4,"X","D"&CEILING($C6*4/data_raw_3_day!$H$11,1)),"X") -> D1 | M6: =IFERROR(IF(CEILING($C6*4/data_raw_3_day!$H$12,1)>4,"X","D"&CEILING($C6*4/data_raw_3_day!$H$12,1)),"X") -> D1 | N6: =IFERROR(IF(CEILING($C6*4/data_raw_3_day!$H$13,1)>4,"X","D"&CEILING($C6*4/data_raw_3_day!$H$13,1)),"X") -> D1
A7: =milestone_3day_new!A6 -> 3 | B7: =milestone_3day_new!B6 -> 850 | C7: =milestone_3day_new!C6 -> 1230 | D7: =milestone_3day_new!D6 -> FALSE | E7: =IFERROR(IF(CEILING($C7*4/data_raw_3_day!$H$3,1)>4,"X","D"&CEILING($C7*4/data_raw_3_day!$H$3,1)),"X") -> D1 | F7: =IFERROR(IF(CEILING($C7*4/data_raw_3_day!$H$4,1)>4,"X","D"&CEILING($C7*4/data_raw_3_day!$H$4,1)),"X") -> D1 | G7: =IFERROR(IF(CEILING($C7*4/data_raw_3_day!$H$5,1)>4,"X","D"&CEILING($C7*4/data_raw_3_day!$H$5,1)),"X") -> D1 | H7: =IFERROR(IF(CEILING($C7*4/data_raw_3_day!$H$6,1)>4,"X","D"&CEILING($C7*4/data_raw_3_day!$H$6,1)),"X") -> D1 | I7: =IFERROR(IF(CEILING($C7*4/data_raw_3_day!$H$7,1)>4,"X","D"&CEILING($C7*4/data_raw_3_day!$H$7,1)),"X") -> D1 | J7: =IFERROR(IF(CEILING($C7*4/data_raw_3_day!$H$9,1)>4,"X","D"&CEILING($C7*4/data_raw_3_day!$H$9,1)),"X") -> D1 | K7: =IFERROR(IF(CEILING($C7*4/data_raw_3_day!$H$10,1)>4,"X","D"&CEILING($C7*4/data_raw_3_day!$H$10,1)),"X") -> D1 | L7: =IFERROR(IF(CEILING($C7*4/data_raw_3_day!$H$11,1)>4,"X","D"&CEILING($C7*4/data_raw_3_day!$H$11,1)),"X") -> D1 | M7: =IFERROR(IF(CEILING($C7*4/data_raw_3_day!$H$12,1)>4,"X","D"&CEILING($C7*4/data_raw_3_day!$H$12,1)),"X") -> D1 | N7: =IFERROR(IF(CEILING($C7*4/data_raw_3_day!$H$13,1)>4,"X","D"&CEILING($C7*4/data_raw_3_day!$H$13,1)),"X") -> D1
A8: =milestone_3day_new!A7 -> 4 | B8: =milestone_3day_new!B7 -> 200 | C8: =milestone_3day_new!C7 -> 1430 | D8: =milestone_3day_new!D7 -> FALSE | E8: =IFERROR(IF(CEILING($C8*4/data_raw_3_day!$H$3,1)>4,"X","D"&CEILING($C8*4/data_raw_3_day!$H$3,1)),"X") -> D1 | F8: =IFERROR(IF(CEILING($C8*4/data_raw_3_day!$H$4,1)>4,"X","D"&CEILING($C8*4/data_raw_3_day!$H$4,1)),"X") -> D1 | G8: =IFERROR(IF(CEILING($C8*4/data_raw_3_day!$H$5,1)>4,"X","D"&CEILING($C8*4/data_raw_3_day!$H$5,1)),"X") -> D1 | H8: =IFERROR(IF(CEILING($C8*4/data_raw_3_day!$H$6,1)>4,"X","D"&CEILING($C8*4/data_raw_3_day!$H$6,1)),"X") -> D1 | I8: =IFERROR(IF(CEILING($C8*4/data_raw_3_day!$H$7,1)>4,"X","D"&CEILING($C8*4/data_raw_3_day!$H$7,1)),"X") -> D1 | J8: =IFERROR(IF(CEILING($C8*4/data_raw_3_day!$H$9,1)>4,"X","D"&CEILING($C8*4/data_raw_3_day!$H$9,1)),"X") -> D1 | K8: =IFERROR(IF(CEILING($C8*4/data_raw_3_day!$H$10,1)>4,"X","D"&CEILING($C8*4/data_raw_3_day!$H$10,1)),"X") -> D1 | L8: =IFERROR(IF(CEILING($C8*4/data_raw_3_day!$H$11,1)>4,"X","D"&CEILING($C8*4/data_raw_3_day!$H$11,1)),"X") -> D1 | M8: =IFERROR(IF(CEILING($C8*4/data_raw_3_day!$H$12,1)>4,"X","D"&CEILING($C8*4/data_raw_3_day!$H$12,1)),"X") -> D1 | N8: =IFERROR(IF(CEILING($C8*4/data_raw_3_day!$H$13,1)>4,"X","D"&CEILING($C8*4/data_raw_3_day!$H$13,1)),"X") -> D1
A9: =milestone_3day_new!A8 -> 5 | B9: =milestone_3day_new!B8 -> 450 | C9: =milestone_3day_new!C8 -> 1880 | D9: =milestone_3day_new!D8 -> FALSE | E9: =IFERROR(IF(CEILING($C9*4/data_raw_3_day!$H$3,1)>4,"X","D"&CEILING($C9*4/data_raw_3_day!$H$3,1)),"X") -> D1 | F9: =IFERROR(IF(CEILING($C9*4/data_raw_3_day!$H$4,1)>4,"X","D"&CEILING($C9*4/data_raw_3_day!$H$4,1)),"X") -> D1 | G9: =IFERROR(IF(CEILING($C9*4/data_raw_3_day!$H$5,1)>4,"X","D"&CEILING($C9*4/data_raw_3_day!$H$5,1)),"X") -> D1 | H9: =IFERROR(IF(CEILING($C9*4/data_raw_3_day!$H$6,1)>4,"X","D"&CEILING($C9*4/data_raw_3_day!$H$6,1)),"X") -> D1 | I9: =IFERROR(IF(CEILING($C9*4/data_raw_3_day!$H$7,1)>4,"X","D"&CEILING($C9*4/data_raw_3_day!$H$7,1)),"X") -> D1 | J9: =IFERROR(IF(CEILING($C9*4/data_raw_3_day!$H$9,1)>4,"X","D"&CEILING($C9*4/data_raw_3_day!$H$9,1)),"X") -> D1 | K9: =IFERROR(IF(CEILING($C9*4/data_raw_3_day!$H$10,1)>4,"X","D"&CEILING($C9*4/data_raw_3_day!$H$10,1)),"X") -> D1 | L9: =IFERROR(IF(CEILING($C9*4/data_raw_3_day!$H$11,1)>4,"X","D"&CEILING($C9*4/data_raw_3_day!$H$11,1)),"X") -> D1 | M9: =IFERROR(IF(CEILING($C9*4/data_raw_3_day!$H$12,1)>4,"X","D"&CEILING($C9*4/data_raw_3_day!$H$12,1)),"X") -> D1 | N9: =IFERROR(IF(CEILING($C9*4/data_raw_3_day!$H$13,1)>4,"X","D"&CEILING($C9*4/data_raw_3_day!$H$13,1)),"X") -> D1
A10: =milestone_3day_new!A9 -> 6 | B10: =milestone_3day_new!B9 -> 1300 | C10: =milestone_3day_new!C9 -> 3180 | D10: =milestone_3day_new!D9 -> TRUE | E10: =IFERROR(IF(CEILING($C10*4/data_raw_3_day!$H$3,1)>4,"X","D"&CEILING($C10*4/data_raw_3_day!$H$3,1)),"X") -> D2 | F10: =IFERROR(IF(CEILING($C10*4/data_raw_3_day!$H$4,1)>4,"X","D"&CEILING($C10*4/data_raw_3_day!$H$4,1)),"X") -> D1 | G10: =IFERROR(IF(CEILING($C10*4/data_raw_3_day!$H$5,1)>4,"X","D"&CEILING($C10*4/data_raw_3_day!$H$5,1)),"X") -> D1 | H10: =IFERROR(IF(CEILING($C10*4/data_raw_3_day!$H$6,1)>4,"X","D"&CEILING($C10*4/data_raw_3_day!$H$6,1)),"X") -> D1 | I10: =IFERROR(IF(CEILING($C10*4/data_raw_3_day!$H$7,1)>4,"X","D"&CEILING($C10*4/data_raw_3_day!$H$7,1)),"X") -> D1 | J10: =IFERROR(IF(CEILING($C10*4/data_raw_3_day!$H$9,1)>4,"X","D"&CEILING($C10*4/data_raw_3_day!$H$9,1)),"X") -> D2 | K10: =IFERROR(IF(CEILING($C10*4/data_raw_3_day!$H$10,1)>4,"X","D"&CEILING($C10*4/data_raw_3_day!$H$10,1)),"X") -> D1 | L10: =IFERROR(IF(CEILING($C10*4/data_raw_3_day!$H$11,1)>4,"X","D"&CEILING($C10*4/data_raw_3_day!$H$11,1)),"X") -> D1 | M10: =IFERROR(IF(CEILING($C10*4/data_raw_3_day!$H$12,1)>4,"X","D"&CEILING($C10*4/data_raw_3_day!$H$12,1)),"X") -> D1 | N10: =IFERROR(IF(CEILING($C10*4/data_raw_3_day!$H$13,1)>4,"X","D"&CEILING($C10*4/data_raw_3_day!$H$13,1)),"X") -> D1
A11: =milestone_3day_new!A10 -> 7 | B11: =milestone_3day_new!B10 -> 450 | C11: =milestone_3day_new!C10 -> 3630 | D11: =milestone_3day_new!D10 -> FALSE | E11: =IFERROR(IF(CEILING($C11*4/data_raw_3_day!$H$3,1)>4,"X","D"&CEILING($C11*4/data_raw_3_day!$H$3,1)),"X") -> D2 | F11: =IFERROR(IF(CEILING($C11*4/data_raw_3_day!$H$4,1)>4,"X","D"&CEILING($C11*4/data_raw_3_day!$H$4,1)),"X") -> D1 | G11: =IFERROR(IF(CEILING($C11*4/data_raw_3_day!$H$5,1)>4,"X","D"&CEILING($C11*4/data_raw_3_day!$H$5,1)),"X") -> D1 | H11: =IFERROR(IF(CEILING($C11*4/data_raw_3_day!$H$6,1)>4,"X","D"&CEILING($C11*4/data_raw_3_day!$H$6,1)),"X") -> D1 | I11: =IFERROR(IF(CEILING($C11*4/data_raw_3_day!$H$7,1)>4,"X","D"&CEILING($C11*4/data_raw_3_day!$H$7,1)),"X") -> D1 | J11: =IFERROR(IF(CEILING($C11*4/data_raw_3_day!$H$9,1)>4,"X","D"&CEILING($C11*4/data_raw_3_day!$H$9,1)),"X") -> D2 | K11: =IFERROR(IF(CEILING($C11*4/data_raw_3_day!$H$10,1)>4,"X","D"&CEILING($C11*4/data_raw_3_day!$H$10,1)),"X") -> D1 | L11: =IFERROR(IF(CEILING($C11*4/data_raw_3_day!$H$11,1)>4,"X","D"&CEILING($C11*4/data_raw_3_day!$H$11,1)),"X") -> D1 | M11: =IFERROR(IF(CEILING($C11*4/data_raw_3_day!$H$12,1)>4,"X","D"&CEILING($C11*4/data_raw_3_day!$H$12,1)),"X") -> D1 | N11: =IFERROR(IF(CEILING($C11*4/data_raw_3_day!$H$13,1)>4,"X","D"&CEILING($C11*4/data_raw_3_day!$H$13,1)),"X") -> D1
A12: =milestone_3day_new!A11 -> 8 | B12: =milestone_3day_new!B11 -> 820 | C12: =milestone_3day_new!C11 -> 4450 | D12: =milestone_3day_new!D11 -> FALSE | E12: =IFERROR(IF(CEILING($C12*4/data_raw_3_day!$H$3,1)>4,"X","D"&CEILING($C12*4/data_raw_3_day!$H$3,1)),"X") -> D3 | F12: =IFERROR(IF(CEILING($C12*4/data_raw_3_day!$H$4,1)>4,"X","D"&CEILING($C12*4/data_raw_3_day!$H$4,1)),"X") -> D1 | G12: =IFERROR(IF(CEILING($C12*4/data_raw_3_day!$H$5,1)>4,"X","D"&CEILING($C12*4/data_raw_3_day!$H$5,1)),"X") -> D1 | H12: =IFERROR(IF(CEILING($C12*4/data_raw_3_day!$H$6,1)>4,"X","D"&CEILING($C12*4/data_raw_3_day!$H$6,1)),"X") -> D1 | I12: =IFERROR(IF(CEILING($C12*4/data_raw_3_day!$H$7,1)>4,"X","D"&CEILING($C12*4/data_raw_3_day!$H$7,1)),"X") -> D1 | J12: =IFERROR(IF(CEILING($C12*4/data_raw_3_day!$H$9,1)>4,"X","D"&CEILING($C12*4/data_raw_3_day!$H$9,1)),"X") -> D3 | K12: =IFERROR(IF(CEILING($C12*4/data_raw_3_day!$H$10,1)>4,"X","D"&CEILING($C12*4/data_raw_3_day!$H$10,1)),"X") -> D1 | L12: =IFERROR(IF(CEILING($C12*4/data_raw_3_day!$H$11,1)>4,"X","D"&CEILING($C12*4/data_raw_3_day!$H$11,1)),"X") -> D1 | M12: =IFERROR(IF(CEILING($C12*4/data_raw_3_day!$H$12,1)>4,"X","D"&CEILING($C12*4/data_raw_3_day!$H$12,1)),"X") -> D1 | N12: =IFERROR(IF(CEILING($C12*4/data_raw_3_day!$H$13,1)>4,"X","D"&CEILING($C12*4/data_raw_3_day!$H$13,1)),"X") -> D1
A13: =milestone_3day_new!A12 -> 9 | B13: =milestone_3day_new!B12 -> 3300 | C13: =milestone_3day_new!C12 -> 7750 | D13: =milestone_3day_new!D12 -> TRUE | E13: =IFERROR(IF(CEILING($C13*4/data_raw_3_day!$H$3,1)>4,"X","D"&CEILING($C13*4/data_raw_3_day!$H$3,1)),"X") -> D4 | F13: =IFERROR(IF(CEILING($C13*4/data_raw_3_day!$H$4,1)>4,"X","D"&CEILING($C13*4/data_raw_3_day!$H$4,1)),"X") -> D2 | G13: =IFERROR(IF(CEILING($C13*4/data_raw_3_day!$H$5,1)>4,"X","D"&CEILING($C13*4/data_raw_3_day!$H$5,1)),"X") -> D1 | H13: =IFERROR(IF(CEILING($C13*4/data_raw_3_day!$H$6,1)>4,"X","D"&CEILING($C13*4/data_raw_3_day!$H$6,1)),"X") -> D1 | I13: =IFERROR(IF(CEILING($C13*4/data_raw_3_day!$H$7,1)>4,"X","D"&CEILING($C13*4/data_raw_3_day!$H$7,1)),"X") -> D1 | J13: =IFERROR(IF(CEILING($C13*4/data_raw_3_day!$H$9,1)>4,"X","D"&CEILING($C13*4/data_raw_3_day!$H$9,1)),"X") -> D4 | K13: =IFERROR(IF(CEILING($C13*4/data_raw_3_day!$H$10,1)>4,"X","D"&CEILING($C13*4/data_raw_3_day!$H$10,1)),"X") -> D2 | L13: =IFERROR(IF(CEILING($C13*4/data_raw_3_day!$H$11,1)>4,"X","D"&CEILING($C13*4/data_raw_3_day!$H$11,1)),"X") -> D1 | M13: =IFERROR(IF(CEILING($C13*4/data_raw_3_day!$H$12,1)>4,"X","D"&CEILING($C13*4/data_raw_3_day!$H$12,1)),"X") -> D1 | N13: =IFERROR(IF(CEILING($C13*4/data_raw_3_day!$H$13,1)>4,"X","D"&CEILING($C13*4/data_raw_3_day!$H$13,1)),"X") -> D1
A14: =milestone_3day_new!A13 -> 10 | B14: =milestone_3day_new!B13 -> 1100 | C14: =milestone_3day_new!C13 -> 8850 | D14: =milestone_3day_new!D13 -> FALSE | E14: =IFERROR(IF(CEILING($C14*4/data_raw_3_day!$H$3,1)>4,"X","D"&CEILING($C14*4/data_raw_3_day!$H$3,1)),"X") -> X | F14: =IFERROR(IF(CEILING($C14*4/data_raw_3_day!$H$4,1)>4,"X","D"&CEILING($C14*4/data_raw_3_day!$H$4,1)),"X") -> D2 | G14: =IFERROR(IF(CEILING($C14*4/data_raw_3_day!$H$5,1)>4,"X","D"&CEILING($C14*4/data_raw_3_day!$H$5,1)),"X") -> D1 | H14: =IFERROR(IF(CEILING($C14*4/data_raw_3_day!$H$6,1)>4,"X","D"&CEILING($C14*4/data_raw_3_day!$H$6,1)),"X") -> D1 | I14: =IFERROR(IF(CEILING($C14*4/data_raw_3_day!$H$7,1)>4,"X","D"&CEILING($C14*4/data_raw_3_day!$H$7,1)),"X") -> D1 | J14: =IFERROR(IF(CEILING($C14*4/data_raw_3_day!$H$9,1)>4,"X","D"&CEILING($C14*4/data_raw_3_day!$H$9,1)),"X") -> D4 | K14: =IFERROR(IF(CEILING($C14*4/data_raw_3_day!$H$10,1)>4,"X","D"&CEILING($C14*4/data_raw_3_day!$H$10,1)),"X") -> D2 | L14: =IFERROR(IF(CEILING($C14*4/data_raw_3_day!$H$11,1)>4,"X","D"&CEILING($C14*4/data_raw_3_day!$H$11,1)),"X") -> D1 | M14: =IFERROR(IF(CEILING($C14*4/data_raw_3_day!$H$12,1)>4,"X","D"&CEILING($C14*4/data_raw_3_day!$H$12,1)),"X") -> D1 | N14: =IFERROR(IF(CEILING($C14*4/data_raw_3_day!$H$13,1)>4,"X","D"&CEILING($C14*4/data_raw_3_day!$H$13,1)),"X") -> D1
A15: =milestone_3day_new!A14 -> 11 | B15: =milestone_3day_new!B14 -> 2200 | C15: =milestone_3day_new!C14 -> 11050 | D15: =milestone_3day_new!D14 -> FALSE | E15: =IFERROR(IF(CEILING($C15*4/data_raw_3_day!$H$3,1)>4,"X","D"&CEILING($C15*4/data_raw_3_day!$H$3,1)),"X") -> X | F15: =IFERROR(IF(CEILING($C15*4/data_raw_3_day!$H$4,1)>4,"X","D"&CEILING($C15*4/data_raw_3_day!$H$4,1)),"X") -> D2 | G15: =IFERROR(IF(CEILING($C15*4/data_raw_3_day!$H$5,1)>4,"X","D"&CEILING($C15*4/data_raw_3_day!$H$5,1)),"X") -> D1 | H15: =IFERROR(IF(CEILING($C15*4/data_raw_3_day!$H$6,1)>4,"X","D"&CEILING($C15*4/data_raw_3_day!$H$6,1)),"X") -> D1 | I15: =IFERROR(IF(CEILING($C15*4/data_raw_3_day!$H$7,1)>4,"X","D"&CEILING($C15*4/data_raw_3_day!$H$7,1)),"X") -> D1 | J15: =IFERROR(IF(CEILING($C15*4/data_raw_3_day!$H$9,1)>4,"X","D"&CEILING($C15*4/data_raw_3_day!$H$9,1)),"X") -> X | K15: =IFERROR(IF(CEILING($C15*4/data_raw_3_day!$H$10,1)>4,"X","D"&CEILING($C15*4/data_raw_3_day!$H$10,1)),"X") -> D2 | L15: =IFERROR(IF(CEILING($C15*4/data_raw_3_day!$H$11,1)>4,"X","D"&CEILING($C15*4/data_raw_3_day!$H$11,1)),"X") -> D1 | M15: =IFERROR(IF(CEILING($C15*4/data_raw_3_day!$H$12,1)>4,"X","D"&CEILING($C15*4/data_raw_3_day!$H$12,1)),"X") -> D1 | N15: =IFERROR(IF(CEILING($C15*4/data_raw_3_day!$H$13,1)>4,"X","D"&CEILING($C15*4/data_raw_3_day!$H$13,1)),"X") -> D1
A16: =milestone_3day_new!A15 -> 12 | B16: =milestone_3day_new!B15 -> 6500 | C16: =milestone_3day_new!C15 -> 17550 | D16: =milestone_3day_new!D15 -> TRUE | E16: =IFERROR(IF(CEILING($C16*4/data_raw_3_day!$H$3,1)>4,"X","D"&CEILING($C16*4/data_raw_3_day!$H$3,1)),"X") -> X | F16: =IFERROR(IF(CEILING($C16*4/data_raw_3_day!$H$4,1)>4,"X","D"&CEILING($C16*4/data_raw_3_day!$H$4,1)),"X") -> D3 | G16: =IFERROR(IF(CEILING($C16*4/data_raw_3_day!$H$5,1)>4,"X","D"&CEILING($C16*4/data_raw_3_day!$H$5,1)),"X") -> D2 | H16: =IFERROR(IF(CEILING($C16*4/data_raw_3_day!$H$6,1)>4,"X","D"&CEILING($C16*4/data_raw_3_day!$H$6,1)),"X") -> D1 | I16: =IFERROR(IF(CEILING($C16*4/data_raw_3_day!$H$7,1)>4,"X","D"&CEILING($C16*4/data_raw_3_day!$H$7,1)),"X") -> D1 | J16: =IFERROR(IF(CEILING($C16*4/data_raw_3_day!$H$9,1)>4,"X","D"&CEILING($C16*4/data_raw_3_day!$H$9,1)),"X") -> X | K16: =IFERROR(IF(CEILING($C16*4/data_raw_3_day!$H$10,1)>4,"X","D"&CEILING($C16*4/data_raw_3_day!$H$10,1)),"X") -> D3 | L16: =IFERROR(IF(CEILING($C16*4/data_raw_3_day!$H$11,1)>4,"X","D"&CEILING($C16*4/data_raw_3_day!$H$11,1)),"X") -> D2 | M16: =IFERROR(IF(CEILING($C16*4/data_raw_3_day!$H$12,1)>4,"X","D"&CEILING($C16*4/data_raw_3_day!$H$12,1)),"X") -> D1 | N16: =IFERROR(IF(CEILING($C16*4/data_raw_3_day!$H$13,1)>4,"X","D"&CEILING($C16*4/data_raw_3_day!$H$13,1)),"X") -> D1
... A34: =milestone_3day_new!A33 -> 30 | B34: =milestone_3day_new!B33 -> 67000 | C34: =milestone_3day_new!C33 -> 292010 | D34: =milestone_3day_new!D33 -> TRUE | E34: =IFERROR(IF(CEILING($C34*4/data_raw_3_day!$H$3,1)>4,"X","D"&CEILING($C34*4/data_raw_3_day!$H$3,1)),"X") -> X | F34: =IFERROR(IF(CEILING($C34*4/data_raw_3_day!$H$4,1)>4,"X","D"&CEILING($C34*4/data_raw_3_day!$H$4,1)),"X") -> X | G34: =IFERROR(IF(CEILING($C34*4/data_raw_3_day!$H$5,1)>4,"X","D"&CEILING($C34*4/data_raw_3_day!$H$5,1)),"X") -> X | H34: =IFERROR(IF(CEILING($C34*4/data_raw_3_day!$H$6,1)>4,"X","D"&CEILING($C34*4/data_raw_3_day!$H$6,1)),"X") -> X | I34: =IFERROR(IF(CEILING($C34*4/data_raw_3_day!$H$7,1)>4,"X","D"&CEILING($C34*4/data_raw_3_day!$H$7,1)),"X") -> X | J34: =IFERROR(IF(CEILING($C34*4/data_raw_3_day!$H$9,1)>4,"X","D"&CEILING($C34*4/data_raw_3_day!$H$9,1)),"X") -> X | K34: =IFERROR(IF(CEILING($C34*4/data_raw_3_day!$H$10,1)>4,"X","D"&CEILING($C34*4/data_raw_3_day!$H$10,1)),"X") -> X | L34: =IFERROR(IF(CEILING($C34*4/data_raw_3_day!$H$11,1)>4,"X","D"&CEILING($C34*4/data_raw_3_day!$H$11,1)),"X") -> X | M34: =IFERROR(IF(CEILING($C34*4/data_raw_3_day!$H$12,1)>4,"X","D"&CEILING($C34*4/data_raw_3_day!$H$12,1)),"X") -> X | N34: =IFERROR(IF(CEILING($C34*4/data_raw_3_day!$H$13,1)>4,"X","D"&CEILING($C34*4/data_raw_3_day!$H$13,1)),"X") -> X
A36: ◆ 4-DAY PROGRESSION
A37: Milestone | B37: Matchables Req | C37: Req Accum | D37: Chest | E37: NP 0-9 | F37: NP 10-19 | G37: NP 20-39 | H37: NP 40-99 | I37: NP 100+ | J37: P 0-9 | K37: P 10-19 | L37: P 20-39 | M37: P 40-99 | N37: P 100+
A38: =milestone_4day_new!A4 -> 1 | B38: =milestone_4day_new!B4 -> 160 | C38: =milestone_4day_new!C4 -> 160 | D38: =milestone_4day_new!D4 -> FALSE | E38: =IFERROR(IF(CEILING($C38*4/data_raw_4_day!$H$3,1)>4,"X","D"&CEILING($C38*4/data_raw_4_day!$H$3,1)),"X") -> D1 | F38: =IFERROR(IF(CEILING($C38*4/data_raw_4_day!$H$4,1)>4,"X","D"&CEILING($C38*4/data_raw_4_day!$H$4,1)),"X") -> D1 | G38: =IFERROR(IF(CEILING($C38*4/data_raw_4_day!$H$5,1)>4,"X","D"&CEILING($C38*4/data_raw_4_day!$H$5,1)),"X") -> D1 | H38: =IFERROR(IF(CEILING($C38*4/data_raw_4_day!$H$6,1)>4,"X","D"&CEILING($C38*4/data_raw_4_day!$H$6,1)),"X") -> D1 | I38: =IFERROR(IF(CEILING($C38*4/data_raw_4_day!$H$7,1)>4,"X","D"&CEILING($C38*4/data_raw_4_day!$H$7,1)),"X") -> D1 | J38: =IFERROR(IF(CEILING($C38*4/data_raw_4_day!$H$9,1)>4,"X","D"&CEILING($C38*4/data_raw_4_day!$H$9,1)),"X") -> D1 | K38: =IFERROR(IF(CEILING($C38*4/data_raw_4_day!$H$10,1)>4,"X","D"&CEILING($C38*4/data_raw_4_day!$H$10,1)),"X") -> D1 | L38: =IFERROR(IF(CEILING($C38*4/data_raw_4_day!$H$11,1)>4,"X","D"&CEILING($C38*4/data_raw_4_day!$H$11,1)),"X") -> D1 | M38: =IFERROR(IF(CEILING($C38*4/data_raw_4_day!$H$12,1)>4,"X","D"&CEILING($C38*4/data_raw_4_day!$H$12,1)),"X") -> D1 | N38: =IFERROR(IF(CEILING($C38*4/data_raw_4_day!$H$13,1)>4,"X","D"&CEILING($C38*4/data_raw_4_day!$H$13,1)),"X") -> D1
A39: =milestone_4day_new!A5 -> 2 | B39: =milestone_4day_new!B5 -> 300 | C39: =milestone_4day_new!C5 -> 460 | D39: =milestone_4day_new!D5 -> FALSE | E39: =IFERROR(IF(CEILING($C39*4/data_raw_4_day!$H$3,1)>4,"X","D"&CEILING($C39*4/data_raw_4_day!$H$3,1)),"X") -> D1 | F39: =IFERROR(IF(CEILING($C39*4/data_raw_4_day!$H$4,1)>4,"X","D"&CEILING($C39*4/data_raw_4_day!$H$4,1)),"X") -> D1 | G39: =IFERROR(IF(CEILING($C39*4/data_raw_4_day!$H$5,1)>4,"X","D"&CEILING($C39*4/data_raw_4_day!$H$5,1)),"X") -> D1 | H39: =IFERROR(IF(CEILING($C39*4/data_raw_4_day!$H$6,1)>4,"X","D"&CEILING($C39*4/data_raw_4_day!$H$6,1)),"X") -> D1 | I39: =IFERROR(IF(CEILING($C39*4/data_raw_4_day!$H$7,1)>4,"X","D"&CEILING($C39*4/data_raw_4_day!$H$7,1)),"X") -> D1 | J39: =IFERROR(IF(CEILING($C39*4/data_raw_4_day!$H$9,1)>4,"X","D"&CEILING($C39*4/data_raw_4_day!$H$9,1)),"X") -> D1 | K39: =IFERROR(IF(CEILING($C39*4/data_raw_4_day!$H$10,1)>4,"X","D"&CEILING($C39*4/data_raw_4_day!$H$10,1)),"X") -> D1 | L39: =IFERROR(IF(CEILING($C39*4/data_raw_4_day!$H$11,1)>4,"X","D"&CEILING($C39*4/data_raw_4_day!$H$11,1)),"X") -> D1 | M39: =IFERROR(IF(CEILING($C39*4/data_raw_4_day!$H$12,1)>4,"X","D"&CEILING($C39*4/data_raw_4_day!$H$12,1)),"X") -> D1 | N39: =IFERROR(IF(CEILING($C39*4/data_raw_4_day!$H$13,1)>4,"X","D"&CEILING($C39*4/data_raw_4_day!$H$13,1)),"X") -> D1
A40: =milestone_4day_new!A6 -> 3 | B40: =milestone_4day_new!B6 -> 1000 | C40: =milestone_4day_new!C6 -> 1460 | D40: =milestone_4day_new!D6 -> FALSE | E40: =IFERROR(IF(CEILING($C40*4/data_raw_4_day!$H$3,1)>4,"X","D"&CEILING($C40*4/data_raw_4_day!$H$3,1)),"X") -> D1 | F40: =IFERROR(IF(CEILING($C40*4/data_raw_4_day!$H$4,1)>4,"X","D"&CEILING($C40*4/data_raw_4_day!$H$4,1)),"X") -> D1 | G40: =IFERROR(IF(CEILING($C40*4/data_raw_4_day!$H$5,1)>4,"X","D"&CEILING($C40*4/data_raw_4_day!$H$5,1)),"X") -> D1 | H40: =IFERROR(IF(CEILING($C40*4/data_raw_4_day!$H$6,1)>4,"X","D"&CEILING($C40*4/data_raw_4_day!$H$6,1)),"X") -> D1 | I40: =IFERROR(IF(CEILING($C40*4/data_raw_4_day!$H$7,1)>4,"X","D"&CEILING($C40*4/data_raw_4_day!$H$7,1)),"X") -> D1 | J40: =IFERROR(IF(CEILING($C40*4/data_raw_4_day!$H$9,1)>4,"X","D"&CEILING($C40*4/data_raw_4_day!$H$9,1)),"X") -> D1 | K40: =IFERROR(IF(CEILING($C40*4/data_raw_4_day!$H$10,1)>4,"X","D"&CEILING($C40*4/data_raw_4_day!$H$10,1)),"X") -> D1 | L40: =IFERROR(IF(CEILING($C40*4/data_raw_4_day!$H$11,1)>4,"X","D"&CEILING($C40*4/data_raw_4_day!$H$11,1)),"X") -> D1 | M40: =IFERROR(IF(CEILING($C40*4/data_raw_4_day!$H$12,1)>4,"X","D"&CEILING($C40*4/data_raw_4_day!$H$12,1)),"X") -> D1 | N40: =IFERROR(IF(CEILING($C40*4/data_raw_4_day!$H$13,1)>4,"X","D"&CEILING($C40*4/data_raw_4_day!$H$13,1)),"X") -> D1
A41: =milestone_4day_new!A7 -> 4 | B41: =milestone_4day_new!B7 -> 250 | C41: =milestone_4day_new!C7 -> 1710 | D41: =milestone_4day_new!D7 -> FALSE | E41: =IFERROR(IF(CEILING($C41*4/data_raw_4_day!$H$3,1)>4,"X","D"&CEILING($C41*4/data_raw_4_day!$H$3,1)),"X") -> D1 | F41: =IFERROR(IF(CEILING($C41*4/data_raw_4_day!$H$4,1)>4,"X","D"&CEILING($C41*4/data_raw_4_day!$H$4,1)),"X") -> D1 | G41: =IFERROR(IF(CEILING($C41*4/data_raw_4_day!$H$5,1)>4,"X","D"&CEILING($C41*4/data_raw_4_day!$H$5,1)),"X") -> D1 | H41: =IFERROR(IF(CEILING($C41*4/data_raw_4_day!$H$6,1)>4,"X","D"&CEILING($C41*4/data_raw_4_day!$H$6,1)),"X") -> D1 | I41: =IFERROR(IF(CEILING($C41*4/data_raw_4_day!$H$7,1)>4,"X","D"&CEILING($C41*4/data_raw_4_day!$H$7,1)),"X") -> D1 | J41: =IFERROR(IF(CEILING($C41*4/data_raw_4_day!$H$9,1)>4,"X","D"&CEILING($C41*4/data_raw_4_day!$H$9,1)),"X") -> D1 | K41: =IFERROR(IF(CEILING($C41*4/data_raw_4_day!$H$10,1)>4,"X","D"&CEILING($C41*4/data_raw_4_day!$H$10,1)),"X") -> D1 | L41: =IFERROR(IF(CEILING($C41*4/data_raw_4_day!$H$11,1)>4,"X","D"&CEILING($C41*4/data_raw_4_day!$H$11,1)),"X") -> D1 | M41: =IFERROR(IF(CEILING($C41*4/data_raw_4_day!$H$12,1)>4,"X","D"&CEILING($C41*4/data_raw_4_day!$H$12,1)),"X") -> D1 | N41: =IFERROR(IF(CEILING($C41*4/data_raw_4_day!$H$13,1)>4,"X","D"&CEILING($C41*4/data_raw_4_day!$H$13,1)),"X") -> D1
A42: =milestone_4day_new!A8 -> 5 | B42: =milestone_4day_new!B8 -> 500 | C42: =milestone_4day_new!C8 -> 2210 | D42: =milestone_4day_new!D8 -> FALSE | E42: =IFERROR(IF(CEILING($C42*4/data_raw_4_day!$H$3,1)>4,"X","D"&CEILING($C42*4/data_raw_4_day!$H$3,1)),"X") -> D1 | F42: =IFERROR(IF(CEILING($C42*4/data_raw_4_day!$H$4,1)>4,"X","D"&CEILING($C42*4/data_raw_4_day!$H$4,1)),"X") -> D1 | G42: =IFERROR(IF(CEILING($C42*4/data_raw_4_day!$H$5,1)>4,"X","D"&CEILING($C42*4/data_raw_4_day!$H$5,1)),"X") -> D1 | H42: =IFERROR(IF(CEILING($C42*4/data_raw_4_day!$H$6,1)>4,"X","D"&CEILING($C42*4/data_raw_4_day!$H$6,1)),"X") -> D1 | I42: =IFERROR(IF(CEILING($C42*4/data_raw_4_day!$H$7,1)>4,"X","D"&CEILING($C42*4/data_raw_4_day!$H$7,1)),"X") -> D1 | J42: =IFERROR(IF(CEILING($C42*4/data_raw_4_day!$H$9,1)>4,"X","D"&CEILING($C42*4/data_raw_4_day!$H$9,1)),"X") -> D1 | K42: =IFERROR(IF(CEILING($C42*4/data_raw_4_day!$H$10,1)>4,"X","D"&CEILING($C42*4/data_raw_4_day!$H$10,1)),"X") -> D1 | L42: =IFERROR(IF(CEILING($C42*4/data_raw_4_day!$H$11,1)>4,"X","D"&CEILING($C42*4/data_raw_4_day!$H$11,1)),"X") -> D1 | M42: =IFERROR(IF(CEILING($C42*4/data_raw_4_day!$H$12,1)>4,"X","D"&CEILING($C42*4/data_raw_4_day!$H$12,1)),"X") -> D1 | N42: =IFERROR(IF(CEILING($C42*4/data_raw_4_day!$H$13,1)>4,"X","D"&CEILING($C42*4/data_raw_4_day!$H$13,1)),"X") -> D1
A43: =milestone_4day_new!A9 -> 6 | B43: =milestone_4day_new!B9 -> 1600 | C43: =milestone_4day_new!C9 -> 3810 | D43: =milestone_4day_new!D9 -> TRUE | E43: =IFERROR(IF(CEILING($C43*4/data_raw_4_day!$H$3,1)>4,"X","D"&CEILING($C43*4/data_raw_4_day!$H$3,1)),"X") -> D2 | F43: =IFERROR(IF(CEILING($C43*4/data_raw_4_day!$H$4,1)>4,"X","D"&CEILING($C43*4/data_raw_4_day!$H$4,1)),"X") -> D1 | G43: =IFERROR(IF(CEILING($C43*4/data_raw_4_day!$H$5,1)>4,"X","D"&CEILING($C43*4/data_raw_4_day!$H$5,1)),"X") -> D1 | H43: =IFERROR(IF(CEILING($C43*4/data_raw_4_day!$H$6,1)>4,"X","D"&CEILING($C43*4/data_raw_4_day!$H$6,1)),"X") -> D1 | I43: =IFERROR(IF(CEILING($C43*4/data_raw_4_day!$H$7,1)>4,"X","D"&CEILING($C43*4/data_raw_4_day!$H$7,1)),"X") -> D1 | J43: =IFERROR(IF(CEILING($C43*4/data_raw_4_day!$H$9,1)>4,"X","D"&CEILING($C43*4/data_raw_4_day!$H$9,1)),"X") -> D2 | K43: =IFERROR(IF(CEILING($C43*4/data_raw_4_day!$H$10,1)>4,"X","D"&CEILING($C43*4/data_raw_4_day!$H$10,1)),"X") -> D1 | L43: =IFERROR(IF(CEILING($C43*4/data_raw_4_day!$H$11,1)>4,"X","D"&CEILING($C43*4/data_raw_4_day!$H$11,1)),"X") -> D1 | M43: =IFERROR(IF(CEILING($C43*4/data_raw_4_day!$H$12,1)>4,"X","D"&CEILING($C43*4/data_raw_4_day!$H$12,1)),"X") -> D1 | N43: =IFERROR(IF(CEILING($C43*4/data_raw_4_day!$H$13,1)>4,"X","D"&CEILING($C43*4/data_raw_4_day!$H$13,1)),"X") -> D1
A44: =milestone_4day_new!A10 -> 7 | B44: =milestone_4day_new!B10 -> 500 | C44: =milestone_4day_new!C10 -> 4310 | D44: =milestone_4day_new!D10 -> FALSE | E44: =IFERROR(IF(CEILING($C44*4/data_raw_4_day!$H$3,1)>4,"X","D"&CEILING($C44*4/data_raw_4_day!$H$3,1)),"X") -> D2 | F44: =IFERROR(IF(CEILING($C44*4/data_raw_4_day!$H$4,1)>4,"X","D"&CEILING($C44*4/data_raw_4_day!$H$4,1)),"X") -> D1 | G44: =IFERROR(IF(CEILING($C44*4/data_raw_4_day!$H$5,1)>4,"X","D"&CEILING($C44*4/data_raw_4_day!$H$5,1)),"X") -> D1 | H44: =IFERROR(IF(CEILING($C44*4/data_raw_4_day!$H$6,1)>4,"X","D"&CEILING($C44*4/data_raw_4_day!$H$6,1)),"X") -> D1 | I44: =IFERROR(IF(CEILING($C44*4/data_raw_4_day!$H$7,1)>4,"X","D"&CEILING($C44*4/data_raw_4_day!$H$7,1)),"X") -> D1 | J44: =IFERROR(IF(CEILING($C44*4/data_raw_4_day!$H$9,1)>4,"X","D"&CEILING($C44*4/data_raw_4_day!$H$9,1)),"X") -> D2 | K44: =IFERROR(IF(CEILING($C44*4/data_raw_4_day!$H$10,1)>4,"X","D"&CEILING($C44*4/data_raw_4_day!$H$10,1)),"X") -> D1 | L44: =IFERROR(IF(CEILING($C44*4/data_raw_4_day!$H$11,1)>4,"X","D"&CEILING($C44*4/data_raw_4_day!$H$11,1)),"X") -> D1 | M44: =IFERROR(IF(CEILING($C44*4/data_raw_4_day!$H$12,1)>4,"X","D"&CEILING($C44*4/data_raw_4_day!$H$12,1)),"X") -> D1 | N44: =IFERROR(IF(CEILING($C44*4/data_raw_4_day!$H$13,1)>4,"X","D"&CEILING($C44*4/data_raw_4_day!$H$13,1)),"X") -> D1
A45: =milestone_4day_new!A11 -> 8 | B45: =milestone_4day_new!B11 -> 1000 | C45: =milestone_4day_new!C11 -> 5310 | D45: =milestone_4day_new!D11 -> FALSE | E45: =IFERROR(IF(CEILING($C45*4/data_raw_4_day!$H$3,1)>4,"X","D"&CEILING($C45*4/data_raw_4_day!$H$3,1)),"X") -> D3 | F45: =IFERROR(IF(CEILING($C45*4/data_raw_4_day!$H$4,1)>4,"X","D"&CEILING($C45*4/data_raw_4_day!$H$4,1)),"X") -> D1 | G45: =IFERROR(IF(CEILING($C45*4/data_raw_4_day!$H$5,1)>4,"X","D"&CEILING($C45*4/data_raw_4_day!$H$5,1)),"X") -> D1 | H45: =IFERROR(IF(CEILING($C45*4/data_raw_4_day!$H$6,1)>4,"X","D"&CEILING($C45*4/data_raw_4_day!$H$6,1)),"X") -> D1 | I45: =IFERROR(IF(CEILING($C45*4/data_raw_4_day!$H$7,1)>4,"X","D"&CEILING($C45*4/data_raw_4_day!$H$7,1)),"X") -> D1 | J45: =IFERROR(IF(CEILING($C45*4/data_raw_4_day!$H$9,1)>4,"X","D"&CEILING($C45*4/data_raw_4_day!$H$9,1)),"X") -> D2 | K45: =IFERROR(IF(CEILING($C45*4/data_raw_4_day!$H$10,1)>4,"X","D"&CEILING($C45*4/data_raw_4_day!$H$10,1)),"X") -> D1 | L45: =IFERROR(IF(CEILING($C45*4/data_raw_4_day!$H$11,1)>4,"X","D"&CEILING($C45*4/data_raw_4_day!$H$11,1)),"X") -> D1 | M45: =IFERROR(IF(CEILING($C45*4/data_raw_4_day!$H$12,1)>4,"X","D"&CEILING($C45*4/data_raw_4_day!$H$12,1)),"X") -> D1 | N45: =IFERROR(IF(CEILING($C45*4/data_raw_4_day!$H$13,1)>4,"X","D"&CEILING($C45*4/data_raw_4_day!$H$13,1)),"X") -> D1
A46: =milestone_4day_new!A12 -> 9 | B46: =milestone_4day_new!B12 -> 3300 | C46: =milestone_4day_new!C12 -> 8610 | D46: =milestone_4day_new!D12 -> TRUE | E46: =IFERROR(IF(CEILING($C46*4/data_raw_4_day!$H$3,1)>4,"X","D"&CEILING($C46*4/data_raw_4_day!$H$3,1)),"X") -> D4 | F46: =IFERROR(IF(CEILING($C46*4/data_raw_4_day!$H$4,1)>4,"X","D"&CEILING($C46*4/data_raw_4_day!$H$4,1)),"X") -> D2 | G46: =IFERROR(IF(CEILING($C46*4/data_raw_4_day!$H$5,1)>4,"X","D"&CEILING($C46*4/data_raw_4_day!$H$5,1)),"X") -> D1 | H46: =IFERROR(IF(CEILING($C46*4/data_raw_4_day!$H$6,1)>4,"X","D"&CEILING($C46*4/data_raw_4_day!$H$6,1)),"X") -> D1 | I46: =IFERROR(IF(CEILING($C46*4/data_raw_4_day!$H$7,1)>4,"X","D"&CEILING($C46*4/data_raw_4_day!$H$7,1)),"X") -> D1 | J46: =IFERROR(IF(CEILING($C46*4/data_raw_4_day!$H$9,1)>4,"X","D"&CEILING($C46*4/data_raw_4_day!$H$9,1)),"X") -> D4 | K46: =IFERROR(IF(CEILING($C46*4/data_raw_4_day!$H$10,1)>4,"X","D"&CEILING($C46*4/data_raw_4_day!$H$10,1)),"X") -> D2 | L46: =IFERROR(IF(CEILING($C46*4/data_raw_4_day!$H$11,1)>4,"X","D"&CEILING($C46*4/data_raw_4_day!$H$11,1)),"X") -> D1 | M46: =IFERROR(IF(CEILING($C46*4/data_raw_4_day!$H$12,1)>4,"X","D"&CEILING($C46*4/data_raw_4_day!$H$12,1)),"X") -> D1 | N46: =IFERROR(IF(CEILING($C46*4/data_raw_4_day!$H$13,1)>4,"X","D"&CEILING($C46*4/data_raw_4_day!$H$13,1)),"X") -> D1
A47: =milestone_4day_new!A13 -> 10 | B47: =milestone_4day_new!B13 -> 1100 | C47: =milestone_4day_new!C13 -> 9710 | D47: =milestone_4day_new!D13 -> FALSE | E47: =IFERROR(IF(CEILING($C47*4/data_raw_4_day!$H$3,1)>4,"X","D"&CEILING($C47*4/data_raw_4_day!$H$3,1)),"X") -> D4 | F47: =IFERROR(IF(CEILING($C47*4/data_raw_4_day!$H$4,1)>4,"X","D"&CEILING($C47*4/data_raw_4_day!$H$4,1)),"X") -> D2 | G47: =IFERROR(IF(CEILING($C47*4/data_raw_4_day!$H$5,1)>4,"X","D"&CEILING($C47*4/data_raw_4_day!$H$5,1)),"X") -> D1 | H47: =IFERROR(IF(CEILING($C47*4/data_raw_4_day!$H$6,1)>4,"X","D"&CEILING($C47*4/data_raw_4_day!$H$6,1)),"X") -> D1 | I47: =IFERROR(IF(CEILING($C47*4/data_raw_4_day!$H$7,1)>4,"X","D"&CEILING($C47*4/data_raw_4_day!$H$7,1)),"X") -> D1 | J47: =IFERROR(IF(CEILING($C47*4/data_raw_4_day!$H$9,1)>4,"X","D"&CEILING($C47*4/data_raw_4_day!$H$9,1)),"X") -> D4 | K47: =IFERROR(IF(CEILING($C47*4/data_raw_4_day!$H$10,1)>4,"X","D"&CEILING($C47*4/data_raw_4_day!$H$10,1)),"X") -> D2 | L47: =IFERROR(IF(CEILING($C47*4/data_raw_4_day!$H$11,1)>4,"X","D"&CEILING($C47*4/data_raw_4_day!$H$11,1)),"X") -> D1 | M47: =IFERROR(IF(CEILING($C47*4/data_raw_4_day!$H$12,1)>4,"X","D"&CEILING($C47*4/data_raw_4_day!$H$12,1)),"X") -> D1 | N47: =IFERROR(IF(CEILING($C47*4/data_raw_4_day!$H$13,1)>4,"X","D"&CEILING($C47*4/data_raw_4_day!$H$13,1)),"X") -> D1
A48: =milestone_4day_new!A14 -> 11 | B48: =milestone_4day_new!B14 -> 2200 | C48: =milestone_4day_new!C14 -> 11910 | D48: =milestone_4day_new!D14 -> FALSE | E48: =IFERROR(IF(CEILING($C48*4/data_raw_4_day!$H$3,1)>4,"X","D"&CEILING($C48*4/data_raw_4_day!$H$3,1)),"X") -> X | F48: =IFERROR(IF(CEILING($C48*4/data_raw_4_day!$H$4,1)>4,"X","D"&CEILING($C48*4/data_raw_4_day!$H$4,1)),"X") -> D2 | G48: =IFERROR(IF(CEILING($C48*4/data_raw_4_day!$H$5,1)>4,"X","D"&CEILING($C48*4/data_raw_4_day!$H$5,1)),"X") -> D1 | H48: =IFERROR(IF(CEILING($C48*4/data_raw_4_day!$H$6,1)>4,"X","D"&CEILING($C48*4/data_raw_4_day!$H$6,1)),"X") -> D1 | I48: =IFERROR(IF(CEILING($C48*4/data_raw_4_day!$H$7,1)>4,"X","D"&CEILING($C48*4/data_raw_4_day!$H$7,1)),"X") -> D1 | J48: =IFERROR(IF(CEILING($C48*4/data_raw_4_day!$H$9,1)>4,"X","D"&CEILING($C48*4/data_raw_4_day!$H$9,1)),"X") -> X | K48: =IFERROR(IF(CEILING($C48*4/data_raw_4_day!$H$10,1)>4,"X","D"&CEILING($C48*4/data_raw_4_day!$H$10,1)),"X") -> D2 | L48: =IFERROR(IF(CEILING($C48*4/data_raw_4_day!$H$11,1)>4,"X","D"&CEILING($C48*4/data_raw_4_day!$H$11,1)),"X") -> D1 | M48: =IFERROR(IF(CEILING($C48*4/data_raw_4_day!$H$12,1)>4,"X","D"&CEILING($C48*4/data_raw_4_day!$H$12,1)),"X") -> D1 | N48: =IFERROR(IF(CEILING($C48*4/data_raw_4_day!$H$13,1)>4,"X","D"&CEILING($C48*4/data_raw_4_day!$H$13,1)),"X") -> D1
A49: =milestone_4day_new!A15 -> 12 | B49: =milestone_4day_new!B15 -> 6500 | C49: =milestone_4day_new!C15 -> 18410 | D49: =milestone_4day_new!D15 -> TRUE | E49: =IFERROR(IF(CEILING($C49*4/data_raw_4_day!$H$3,1)>4,"X","D"&CEILING($C49*4/data_raw_4_day!$H$3,1)),"X") -> X | F49: =IFERROR(IF(CEILING($C49*4/data_raw_4_day!$H$4,1)>4,"X","D"&CEILING($C49*4/data_raw_4_day!$H$4,1)),"X") -> D3 | G49: =IFERROR(IF(CEILING($C49*4/data_raw_4_day!$H$5,1)>4,"X","D"&CEILING($C49*4/data_raw_4_day!$H$5,1)),"X") -> D2 | H49: =IFERROR(IF(CEILING($C49*4/data_raw_4_day!$H$6,1)>4,"X","D"&CEILING($C49*4/data_raw_4_day!$H$6,1)),"X") -> D1 | I49: =IFERROR(IF(CEILING($C49*4/data_raw_4_day!$H$7,1)>4,"X","D"&CEILING($C49*4/data_raw_4_day!$H$7,1)),"X") -> D1 | J49: =IFERROR(IF(CEILING($C49*4/data_raw_4_day!$H$9,1)>4,"X","D"&CEILING($C49*4/data_raw_4_day!$H$9,1)),"X") -> X | K49: =IFERROR(IF(CEILING($C49*4/data_raw_4_day!$H$10,1)>4,"X","D"&CEILING($C49*4/data_raw_4_day!$H$10,1)),"X") -> D3 | L49: =IFERROR(IF(CEILING($C49*4/data_raw_4_day!$H$11,1)>4,"X","D"&CEILING($C49*4/data_raw_4_day!$H$11,1)),"X") -> D2 | M49: =IFERROR(IF(CEILING($C49*4/data_raw_4_day!$H$12,1)>4,"X","D"&CEILING($C49*4/data_raw_4_day!$H$12,1)),"X") -> D1 | N49: =IFERROR(IF(CEILING($C49*4/data_raw_4_day!$H$13,1)>4,"X","D"&CEILING($C49*4/data_raw_4_day!$H$13,1)),"X") -> D1
... A67: =milestone_4day_new!A33 -> 30 | B67: =milestone_4day_new!B33 -> 83000 | C67: =milestone_4day_new!C33 -> 352260 | D67: =milestone_4day_new!D33 -> TRUE | E67: =IFERROR(IF(CEILING($C67*4/data_raw_4_day!$H$3,1)>4,"X","D"&CEILING($C67*4/data_raw_4_day!$H$3,1)),"X") -> X | F67: =IFERROR(IF(CEILING($C67*4/data_raw_4_day!$H$4,1)>4,"X","D"&CEILING($C67*4/data_raw_4_day!$H$4,1)),"X") -> X | G67: =IFERROR(IF(CEILING($C67*4/data_raw_4_day!$H$5,1)>4,"X","D"&CEILING($C67*4/data_raw_4_day!$H$5,1)),"X") -> X | H67: =IFERROR(IF(CEILING($C67*4/data_raw_4_day!$H$6,1)>4,"X","D"&CEILING($C67*4/data_raw_4_day!$H$6,1)),"X") -> X | I67: =IFERROR(IF(CEILING($C67*4/data_raw_4_day!$H$7,1)>4,"X","D"&CEILING($C67*4/data_raw_4_day!$H$7,1)),"X") -> X | J67: =IFERROR(IF(CEILING($C67*4/data_raw_4_day!$H$9,1)>4,"X","D"&CEILING($C67*4/data_raw_4_day!$H$9,1)),"X") -> X | K67: =IFERROR(IF(CEILING($C67*4/data_raw_4_day!$H$10,1)>4,"X","D"&CEILING($C67*4/data_raw_4_day!$H$10,1)),"X") -> X | L67: =IFERROR(IF(CEILING($C67*4/data_raw_4_day!$H$11,1)>4,"X","D"&CEILING($C67*4/data_raw_4_day!$H$11,1)),"X") -> X | M67: =IFERROR(IF(CEILING($C67*4/data_raw_4_day!$H$12,1)>4,"X","D"&CEILING($C67*4/data_raw_4_day!$H$12,1)),"X") -> X | N67: =IFERROR(IF(CEILING($C67*4/data_raw_4_day!$H$13,1)>4,"X","D"&CEILING($C67*4/data_raw_4_day!$H$13,1)),"X") -> X

Sheet milestone_3day_new
A1: MILESTONE CONFIG 3 day
T2: HC spend est | AC2: Net | AL2: item vals | AO2: wip
A3: Milestone | B3: Matchables Req | C3: Req Accum | D3: Chest | E3: Coin | F3: SPT | G3: Red | H3: Chuck | I3: Bomb | J3: Slingshot | K3: Shuffle | L3: Comet | M3: Unlimited Lives | N3: Unlimited Red | O3: Unlimited Chuck | P3: Unlimited Bomb | R3: Levels to Finish | T3: npu 1-9 | U3: npu 10-19 | V3: npu 20-39 | W3: npu 40-99 | X3: pu 1-9 | Y3: pu 10-19 | Z3: pu 20-39 | AA3: pu 40-99 | AC3: npu 1-9 | AD3: npu 10-19 | AE3: npu 20-39 | AF3: npu 40-99 | AG3: pu 1-9 | AH3: pu 10-19 | AI3: pu 20-39 | AJ3: pu 40-99 | AL3: Reward HC value | AM3: Cum HC value | AO3: Suggested Matchables Req | AP3: Suggested Req Accum | AQ3: PAU 100+ p25 (% reach) | AR3: PAU 100+ p50 (% reach) | AS3: PAU 100+ p75 (% reach) | AT3: PAU 100+ p90 (% reach)
A4: 1 | B4: 130 | C4: =B4 -> 130 | D4: =COUNTA(E4:P4)>1 -> FALSE | G4: 1 | R4: =C4/500 -> 0.26 | T4: =MAX(-613.323 + 86.244 * ln(C4), 0) -> 0 | U4: =max(-1248.915 + 157.067 * ln(C4), 0) -> 0 | V4: =max(-1931.345 + 229.908 * ln(C4), 0) -> 0 | W4: =max(-3774.534 + 408.262 * ln(C4), 0) -> 0 | X4: =max(-1101.513 + 151.176 * ln(C4), 0) -> 0 | Y4: =max(-2520.575 + 313.038 * ln(C4), 0) -> 0 | Z4: =max(-4146.104 + 489.133 * ln(C4), 0) -> 0 | AA4: =max(-8204.713 + 871.536 * ln(C4), 0) -> 0 | AC4: =sum($E$4:$E4)-T4 -> 0 | AD4: =sum($E$4:$E4)-U4 -> 0 | AE4: =sum($E$4:$E4)-V4 -> 0 | AF4: =sum($E$4:$E4)-W4 -> 0 | AG4: =sum($E$4:$E4)-X4 -> 0 | AH4: =sum($E$4:$E4)-Y4 -> 0 | AI4: =sum($E$4:$E4)-Z4 -> 0 | AJ4: =sum($E$4:$E4)-AA4 -> 0 | AL4: =SUMPRODUCT(E4:P4,item_vals!$A$2:$L$2) -> 33.333333 | AM4: =AL4 -> 33.333333 | AO4: 130 | AP4: =AO4 -> 130 | AQ4: =MAX(0,MIN(1,(data_raw_3_day!$F$13-AP4+AO4)/AO4)) -> 1 | AR4: =MAX(0,MIN(1,(data_raw_3_day!$G$13-AP4+AO4)/AO4)) -> 1 | AS4: =MAX(0,MIN(1,(data_raw_3_day!$H$13-AP4+AO4)/AO4)) -> 1 | AT4: =MAX(0,MIN(1,(data_raw_3_day!$I$13-AP4+AO4)/AO4)) -> 1
A5: 2 | B5: 250 | C5: =B5+C4 -> 380 | D5: =COUNTA(E5:P5)>1 -> FALSE | E5: 10 | R5: =C5/500 -> 0.76 | T5: =MAX(-613.323 + 86.244 * ln(C5), 0) -> 0 | U5: =max(-1248.915 + 157.067 * ln(C5), 0) -> 0 | V5: =max(-1931.345 + 229.908 * ln(C5), 0) -> 0 | W5: =max(-3774.534 + 408.262 * ln(C5), 0) -> 0 | X5: =max(-1101.513 + 151.176 * ln(C5), 0) -> 0 | Y5: =max(-2520.575 + 313.038 * ln(C5), 0) -> 0 | Z5: =max(-4146.104 + 489.133 * ln(C5), 0) -> 0 | AA5: =max(-8204.713 + 871.536 * ln(C5), 0) -> 0 | AC5: =sum($E$4:$E5)-T5 -> 10 | AD5: =sum($E$4:$E5)-U5 -> 10 | AE5: =sum($E$4:$E5)-V5 -> 10 | AF5: =sum($E$4:$E5)-W5 -> 10 | AG5: =sum($E$4:$E5)-X5 -> 10 | AH5: =sum($E$4:$E5)-Y5 -> 10 | AI5: =sum($E$4:$E5)-Z5 -> 10 | AJ5: =sum($E$4:$E5)-AA5 -> 10 | AL5: =SUMPRODUCT(E5:P5,item_vals!$A$2:$L$2) -> 10 | AM5: =AL5+AM4 -> 43.333333 | AO5: 250 | AP5: =AO5+AP4 -> 380 | AQ5: =MAX(0,MIN(1,(data_raw_3_day!$F$13-AP5+AO5)/AO5)) -> 1 | AR5: =MAX(0,MIN(1,(data_raw_3_day!$G$13-AP5+AO5)/AO5)) -> 1 | AS5: =MAX(0,MIN(1,(data_raw_3_day!$H$13-AP5+AO5)/AO5)) -> 1 | AT5: =MAX(0,MIN(1,(data_raw_3_day!$I$13-AP5+AO5)/AO5)) -> 1
A6: 3 | B6: 850 | C6: =B6+C5 -> 1230 | D6: =COUNTA(E6:P6)>1 -> FALSE | H6: 1 | R6: =C6/500 -> 2.46 | T6: =MAX(-613.323 + 86.244 * ln(C6), 0) -> 0.2831763 | U6: =max(-1248.915 + 157.067 * ln(C6), 0) -> 0 | V6: =max(-1931.345 + 229.908 * ln(C6), 0) -> 0 | W6: =max(-3774.534 + 408.262 * ln(C6), 0) -> 0 | X6: =max(-1101.513 + 151.176 * ln(C6), 0) -> 0 | Y6: =max(-2520.575 + 313.038 * ln(C6), 0) -> 0 | Z6: =max(-4146.104 + 489.133 * ln(C6), 0) -> 0 | AA6: =max(-8204.713 + 871.536 * ln(C6), 0) -> 0 | AC6: =sum($E$4:$E6)-T6 -> 9.7168237 | AD6: =sum($E$4:$E6)-U6 -> 10 | AE6: =sum($E$4:$E6)-V6 -> 10 | AF6: =sum($E$4:$E6)-W6 -> 10 | AG6: =sum($E$4:$E6)-X6 -> 10 | AH6: =sum($E$4:$E6)-Y6 -> 10 | AI6: =sum($E$4:$E6)-Z6 -> 10 | AJ6: =sum($E$4:$E6)-AA6 -> 10 | AL6: =SUMPRODUCT(E6:P6,item_vals!$A$2:$L$2) -> 50 | AM6: =AL6+AM5 -> 93.333333 | AO6: 850 | AP6: =AO6+AP5 -> 1230 | AQ6: =MAX(0,MIN(1,(data_raw_3_day!$F$13-AP6+AO6)/AO6)) -> 1 | AR6: =MAX(0,MIN(1,(data_raw_3_day!$G$13-AP6+AO6)/AO6)) -> 1 | AS6: =MAX(0,MIN(1,(data_raw_3_day!$H$13-AP6+AO6)/AO6)) -> 1 | AT6: =MAX(0,MIN(1,(data_raw_3_day!$I$13-AP6+AO6)/AO6)) -> 1
A7: 4 | B7: 200 | C7: =B7+C6 -> 1430 | D7: =COUNTA(E7:P7)>1 -> FALSE | M7: 15 | R7: =C7/500 -> 2.86 | T7: =MAX(-613.323 + 86.244 * ln(C7), 0) -> 13.276721 | U7: =max(-1248.915 + 157.067 * ln(C7), 0) -> 0 | V7: =max(-1931.345 + 229.908 * ln(C7), 0) -> 0 | W7: =max(-3774.534 + 408.262 * ln(C7), 0) -> 0 | X7: =max(-1101.513 + 151.176 * ln(C7), 0) -> 0 | Y7: =max(-2520.575 + 313.038 * ln(C7), 0) -> 0 | Z7: =max(-4146.104 + 489.133 * ln(C7), 0) -> 0 | AA7: =max(-8204.713 + 871.536 * ln(C7), 0) -> 0 | AC7: =sum($E$4:$E7)-T7 -> -3.2767211 | AD7: =sum($E$4:$E7)-U7 -> 10 | AE7: =sum($E$4:$E7)-V7 -> 10 | AF7: =sum($E$4:$E7)-W7 -> 10 | AG7: =sum($E$4:$E7)-X7 -> 10 | AH7: =sum($E$4:$E7)-Y7 -> 10 | AI7: =sum($E$4:$E7)-Z7 -> 10 | AJ7: =sum($E$4:$E7)-AA7 -> 10 | AL7: =SUMPRODUCT(E7:P7,item_vals!$A$2:$L$2) -> 31.25 | AM7: =AL7+AM6 -> 124.58333 | AO7: 200 | AP7: =AO7+AP6 -> 1430 | AQ7: =MAX(0,MIN(1,(data_raw_3_day!$F$13-AP7+AO7)/AO7)) -> 1 | AR7: =MAX(0,MIN(1,(data_raw_3_day!$G$13-AP7+AO7)/AO7)) -> 1 | AS7: =MAX(0,MIN(1,(data_raw_3_day!$H$13-AP7+AO7)/AO7)) -> 1 | AT7: =MAX(0,MIN(1,(data_raw_3_day!$I$13-AP7+AO7)/AO7)) -> 1
A8: 5 | B8: 450 | C8: =B8+C7 -> 1880 | D8: =COUNTA(E8:P8)>1 -> FALSE | I8: 1 | R8: =C8/500 -> 3.76 | T8: =MAX(-613.323 + 86.244 * ln(C8), 0) -> 36.872849 | U8: =max(-1248.915 + 157.067 * ln(C8), 0) -> 0 | V8: =max(-1931.345 + 229.908 * ln(C8), 0) -> 0 | W8: =max(-3774.534 + 408.262 * ln(C8), 0) -> 0 | X8: =max(-1101.513 + 151.176 * ln(C8), 0) -> 38.206954 | Y8: =max(-2520.575 + 313.038 * ln(C8), 0) -> 0 | Z8: =max(-4146.104 + 489.133 * ln(C8), 0) -> 0 | AA8: =max(-8204.713 + 871.536 * ln(C8), 0) -> 0 | AC8: =sum($E$4:$E8)-T8 -> -26.872849 | AD8: =sum($E$4:$E8)-U8 -> 10 | AE8: =sum($E$4:$E8)-V8 -> 10 | AF8: =sum($E$4:$E8)-W8 -> 10 | AG8: =sum($E$4:$E8)-X8 -> -28.206954 | AH8: =sum($E$4:$E8)-Y8 -> 10 | AI8: =sum($E$4:$E8)-Z8 -> 10 | AJ8: =sum($E$4:$E8)-AA8 -> 10 | AL8: =SUMPRODUCT(E8:P8,item_vals!$A$2:$L$2) -> 66.666667 | AM8: =AL8+AM7 -> 191.25 | AO8: 450 | AP8: =AO8+AP7 -> 1880 | AQ8: =MAX(0,MIN(1,(data_raw_3_day!$F$13-AP8+AO8)/AO8)) -> 1 | AR8: =MAX(0,MIN(1,(data_raw_3_day!$G$13-AP8+AO8)/AO8)) -> 1 | AS8: =MAX(0,MIN(1,(data_raw_3_day!$H$13-AP8+AO8)/AO8)) -> 1 | AT8: =MAX(0,MIN(1,(data_raw_3_day!$I$13-AP8+AO8)/AO8)) -> 1
A9: 6 | B9: 1300 | C9: =B9+C8 -> 3180 | D9: =COUNTA(E9:P9)>1 -> TRUE | H9: 1 | J9: 1 | R9: =C9/500 -> 6.36 | T9: =MAX(-613.323 + 86.244 * ln(C9), 0) -> 82.203508 | U9: =max(-1248.915 + 157.067 * ln(C9), 0) -> 17.773257 | V9: =max(-1931.345 + 229.908 * ln(C9), 0) -> 0 | W9: =max(-3774.534 + 408.262 * ln(C9), 0) -> 0 | X9: =max(-1101.513 + 151.176 * ln(C9), 0) -> 117.66648 | Y9: =max(-2520.575 + 313.038 * ln(C9), 0) -> 3.9626731 | Z9: =max(-4146.104 + 489.133 * ln(C9), 0) -> 0 | AA9: =max(-8204.713 + 871.536 * ln(C9), 0) -> 0 | AC9: =sum($E$4:$E9)-T9 -> -72.203508 | AD9: =sum($E$4:$E9)-U9 -> -7.7732573 | AE9: =sum($E$4:$E9)-V9 -> 10 | AF9: =sum($E$4:$E9)-W9 -> 10 | AG9: =sum($E$4:$E9)-X9 -> -107.66648 | AH9: =sum($E$4:$E9)-Y9 -> 6.0373269 | AI9: =sum($E$4:$E9)-Z9 -> 10 | AJ9: =sum($E$4:$E9)-AA9 -> 10 | AL9: =SUMPRODUCT(E9:P9,item_vals!$A$2:$L$2) -> 100 | AM9: =AL9+AM8 -> 291.25 | AO9: 1300 | AP9: =AO9+AP8 -> 3180 | AQ9: =MAX(0,MIN(1,(data_raw_3_day!$F$13-AP9+AO9)/AO9)) -> 1 | AR9: =MAX(0,MIN(1,(data_raw_3_day!$G$13-AP9+AO9)/AO9)) -> 1 | AS9: =MAX(0,MIN(1,(data_raw_3_day!$H$13-AP9+AO9)/AO9)) -> 1 | AT9: =MAX(0,MIN(1,(data_raw_3_day!$I$13-AP9+AO9)/AO9)) -> 1
A10: 7 | B10: 450 | C10: =B10+C9 -> 3630 | D10: =COUNTA(E10:P10)>1 -> FALSE | G10: 1 | R10: =C10/500 -> 7.26 | T10: =MAX(-613.323 + 86.244 * ln(C10), 0) -> 93.618027 | U10: =max(-1248.915 + 157.067 * ln(C10), 0) -> 38.561303 | V10: =max(-1931.345 + 229.908 * ln(C10), 0) -> 0 | W10: =max(-3774.534 + 408.262 * ln(C10), 0) -> 0 | X10: =max(-1101.513 + 151.176 * ln(C10), 0) -> 137.67485 | Y10: =max(-2520.575 + 313.038 * ln(C10), 0) -> 45.393707 | Z10: =max(-4146.104 + 489.133 * ln(C10), 0) -> 0 | AA10: =max(-8204.713 + 871.536 * ln(C10), 0) -> 0 | AC10: =sum($E$4:$E10)-T10 -> -83.618027 | AD10: =sum($E$4:$E10)-U10 -> -28.561303 | AE10: =sum($E$4:$E10)-V10 -> 10 | AF10: =sum($E$4:$E10)-W10 -> 10 | AG10: =sum($E$4:$E10)-X10 -> -127.67485 | AH10: =sum($E$4:$E10)-Y10 -> -35.393707 | AI10: =sum($E$4:$E10)-Z10 -> 10 | AJ10: =sum($E$4:$E10)-AA10 -> 10 | AL10: =SUMPRODUCT(E10:P10,item_vals!$A$2:$L$2) -> 33.333333 | AM10: =AL10+AM9 -> 324.58333 | AO10: 450 | AP10: =AO10+AP9 -> 3630 | AQ10: =MAX(0,MIN(1,(data_raw_3_day!$F$13-AP10+AO10)/AO10)) -> 1 | AR10: =MAX(0,MIN(1,(data_raw_3_day!$G$13-AP10+AO10)/AO10)) -> 1 | AS10: =MAX(0,MIN(1,(data_raw_3_day!$H$13-AP10+AO10)/AO10)) -> 1 | AT10: =MAX(0,MIN(1,(data_raw_3_day!$I$13-AP10+AO10)/AO10)) -> 1
A11: 8 | B11: 820 | C11: =B11+C10 -> 4450 | D11: =COUNTA(E11:P11)>1 -> FALSE | H11: 1 | R11: =C11/500 -> 8.9 | T11: =MAX(-613.323 + 86.244 * ln(C11), 0) -> 111.18347 | U11: =max(-1248.915 + 157.067 * ln(C11), 0) -> 70.551366 | V11: =max(-1931.345 + 229.908 * ln(C11), 0) -> 0.033795624 | W11: =max(-3774.534 + 408.262 * ln(C11), 0) -> 0 | X11: =max(-1101.513 + 151.176 * ln(C11), 0) -> 168.46508 | Y11: =max(-2520.575 + 313.038 * ln(C11), 0) -> 109.15061 | Z11: =max(-4146.104 + 489.133 * ln(C11), 0) -> 0 | AA11: =max(-8204.713 + 871.536 * ln(C11), 0) -> 0 | AC11: =sum($E$4:$E11)-T11 -> -101.18347 | AD11: =sum($E$4:$E11)-U11 -> -60.551366 | AE11: =sum($E$4:$E11)-V11 -> 9.9662044 | AF11: =sum($E$4:$E11)-W11 -> 10 | AG11: =sum($E$4:$E11)-X11 -> -158.46508 | AH11: =sum($E$4:$E11)-Y11 -> -99.150609 | AI11: =sum($E$4:$E11)-Z11 -> 10 | AJ11: =sum($E$4:$E11)-AA11 -> 10 | AL11: =SUMPRODUCT(E11:P11,item_vals!$A$2:$L$2) -> 50 | AM11: =AL11+AM10 -> 374.58333 | AO11: 820 | AP11: =AO11+AP10 -> 4450 | AQ11: =MAX(0,MIN(1,(data_raw_3_day!$F$13-AP11+AO11)/AO11)) -> 1 | AR11: =MAX(0,MIN(1,(data_raw_3_day!$G$13-AP11+AO11)/AO11)) -> 1 | AS11: =MAX(0,MIN(1,(data_raw_3_day!$H$13-AP11+AO11)/AO11)) -> 1 | AT11: =MAX(0,MIN(1,(data_raw_3_day!$I$13-AP11+AO11)/AO11)) -> 1
A12: 9 | B12: 3300 | C12: =B12+C11 -> 7750 | D12: =COUNTA(E12:P12)>1 -> TRUE | E12: 20 | I12: 1 | R12: =C12/500 -> 15.5 | T12: =MAX(-613.323 + 86.244 * ln(C12), 0) -> 159.03067 | U12: =max(-1248.915 + 157.067 * ln(C12), 0) -> 157.69037 | V12: =max(-1931.345 + 229.908 * ln(C12), 0) -> 127.58417 | W12: =max(-3774.534 + 408.262 * ln(C12), 0) -> 0 | X12: =max(-1101.513 + 151.176 * ln(C12), 0) -> 252.33583 | Y12: =max(-2520.575 + 313.038 * ln(C12), 0) -> 282.82057 | Z12: =max(-4146.104 + 489.133 * ln(C12), 0) -> 234.30121 | AA12: =max(-8204.713 + 871.536 * ln(C12), 0) -> 0 | AC12: =sum($E$4:$E12)-T12 -> -129.03067 | AD12: =sum($E$4:$E12)-U12 -> -127.69037 | AE12: =sum($E$4:$E12)-V12 -> -97.584167 | AF12: =sum($E$4:$E12)-W12 -> 30 | AG12: =sum($E$4:$E12)-X12 -> -222.33583 | AH12: =sum($E$4:$E12)-Y12 -> -252.82057 | AI12: =sum($E$4:$E12)-Z12 -> -204.30121 | AJ12: =sum($E$4:$E12)-AA12 -> 30 | AL12: =SUMPRODUCT(E12:P12,item_vals!$A$2:$L$2) -> 86.666667 | AM12: =AL12+AM11 -> 461.25 | AO12: 3300 | AP12: =AO12+AP11 -> 7750 | AQ12: =MAX(0,MIN(1,(data_raw_3_day!$F$13-AP12+AO12)/AO12)) -> 1 | AR12: =MAX(0,MIN(1,(data_raw_3_day!$G$13-AP12+AO12)/AO12)) -> 1 | AS12: =MAX(0,MIN(1,(data_raw_3_day!$H$13-AP12+AO12)/AO12)) -> 1 | AT12: =MAX(0,MIN(1,(data_raw_3_day!$I$13-AP12+AO12)/AO12)) -> 1
A13: 10 | B13: 1100 | C13: =B13+C12 -> 8850 | D13: =COUNTA(E13:P13)>1 -> FALSE | M13: 30 | R13: =C13/500 -> 17.7 | T13: =MAX(-613.323 + 86.244 * ln(C13), 0) -> 170.47737 | U13: =max(-1248.915 + 157.067 * ln(C13), 0) -> 178.53703 | V13: =max(-1931.345 + 229.908 * ln(C13), 0) -> 158.09862 | W13: =max(-3774.534 + 408.262 * ln(C13), 0) -> 0 | X13: =max(-1101.513 + 151.176 * ln(C13), 0) -> 272.4006 | Y13: =max(-2520.575 + 313.038 * ln(C13), 0) -> 324.36842 | Z13: =max(-4146.104 + 489.133 * ln(C13), 0) -> 299.2212 | AA13: =max(-8204.713 + 871.536 * ln(C13), 0) -> 0 | AC13: =sum($E$4:$E13)-T13 -> -140.47737 | AD13: =sum($E$4:$E13)-U13 -> -148.53703 | AE13: =sum($E$4:$E13)-V13 -> -128.09862 | AF13: =sum($E$4:$E13)-W13 -> 30 | AG13: =sum($E$4:$E13)-X13 -> -242.4006 | AH13: =sum($E$4:$E13)-Y13 -> -294.36842 | AI13: =sum($E$4:$E13)-Z13 -> -269.2212 | AJ13: =sum($E$4:$E13)-AA13 -> 30 | AL13: =SUMPRODUCT(E13:P13,item_vals!$A$2:$L$2) -> 62.5 | AM13: =AL13+AM12 -> 523.75 | AO13: 1100 | AP13: =AO13+AP12 -> 8850 | AQ13: =MAX(0,MIN(1,(data_raw_3_day!$F$13-AP13+AO13)/AO13)) -> 1 | AR13: =MAX(0,MIN(1,(data_raw_3_day!$G$13-AP13+AO13)/AO13)) -> 1 | AS13: =MAX(0,MIN(1,(data_raw_3_day!$H$13-AP13+AO13)/AO13)) -> 1 | AT13: =MAX(0,MIN(1,(data_raw_3_day!$I$13-AP13+AO13)/AO13)) -> 1
A14: 11 | B14: 2200 | C14: =B14+C13 -> 11050 | D14: =COUNTA(E14:P14)>1 -> FALSE | J14: 1 | R14: =C14/500 -> 22.1 | T14: =MAX(-613.323 + 86.244 * ln(C14), 0) -> 189.62466 | U14: =max(-1248.915 + 157.067 * ln(C14), 0) -> 213.40794 | V14: =max(-1931.345 + 229.908 * ln(C14), 0) -> 209.14118 | W14: =max(-3774.534 + 408.262 * ln(C14), 0) -> 26.461037 | X14: =max(-1101.513 + 151.176 * ln(C14), 0) -> 305.96363 | Y14: =max(-2520.575 + 313.038 * ln(C14), 0) -> 393.86691 | Z14: =max(-4146.104 + 489.133 * ln(C14), 0) -> 407.81507 | AA14: =max(-8204.713 + 871.536 * ln(C14), 0) -> 0 | AC14: =sum($E$4:$E14)-T14 -> -159.62466 | AD14: =sum($E$4:$E14)-U14 -> -183.40794 | AE14: =sum($E$4:$E14)-V14 -> -179.14118 | AF14: =sum($E$4:$E14)-W14 -> 3.5389629 | AG14: =sum($E$4:$E14)-X14 -> -275.96363 | AH14: =sum($E$4:$E14)-Y14 -> -363.86691 | AI14: =sum($E$4:$E14)-Z14 -> -377.81507 | AJ14: =sum($E$4:$E14)-AA14 -> 30 | AL14: =SUMPRODUCT(E14:P14,item_vals!$A$2:$L$2) -> 50 | AM14: =AL14+AM13 -> 573.75 | AO14: 2200 | AP14: =AO14+AP13 -> 11050 | AQ14: =MAX(0,MIN(1,(data_raw_3_day!$F$13-AP14+AO14)/AO14)) -> 1 | AR14: =MAX(0,MIN(1,(data_raw_3_day!$G$13-AP14+AO14)/AO14)) -> 1 | AS14: =MAX(0,MIN(1,(data_raw_3_day!$H$13-AP14+AO14)/AO14)) -> 1 | AT14: =MAX(0,MIN(1,(data_raw_3_day!$I$13-AP14+AO14)/AO14)) -> 1
A15: 12 | B15: 6500 | C15: =B15+C14 -> 17550 | D15: =COUNTA(E15:P15)>1 -> TRUE | E15: 35 | K15: 1 | R15: =C15/500 -> 35.1 | T15: =MAX(-613.323 + 86.244 * ln(C15), 0) -> 229.52316 | U15: =max(-1248.915 + 157.067 * ln(C15), 0) -> 286.07083 | V15: =max(-1931.345 + 229.908 * ln(C15), 0) -> 315.50202 | W15: =max(-3774.534 + 408.262 * ln(C15), 0) -> 215.33264 | X15: =max(-1101.513 + 151.176 * ln(C15), 0) -> 375.90121 | Y15: =max(-2520.575 + 313.038 * ln(C15), 0) -> 538.68566 | Z15: =max(-4146.104 + 489.133 * ln(C15), 0) -> 634.0995 | AA15: =max(-8204.713 + 871.536 * ln(C15), 0) -> 312.64206 | AC15: =sum($E$4:$E15)-T15 -> -164.52316 | AD15: =sum($E$4:$E15)-U15 -> -221.07083 | AE15: =sum($E$4:$E15)-V15 -> -250.50202 | AF15: =sum($E$4:$E15)-W15 -> -150.33264 | AG15: =sum($E$4:$E15)-X15 -> -310.90121 | AH15: =sum($E$4:$E15)-Y15 -> -473.68566 | AI15: =sum($E$4:$E15)-Z15 -> -569.0995 | AJ15: =sum($E$4:$E15)-AA15 -> -247.64206 | AL15: =SUMPRODUCT(E15:P15,item_vals!$A$2:$L$2) -> 101.66667 | AM15: =AL15+AM14 -> 675.41667 | AO15: 6500 | AP15: =AO15+AP14 -> 17550 | AQ15: =MAX(0,MIN(1,(data_raw_3_day!$F$13-AP15+AO15)/AO15)) -> 1 | AR15: =MAX(0,MIN(1,(data_raw_3_day!$G$13-AP15+AO15)/AO15)) -> 1 | AS15: =MAX(0,MIN(1,(data_raw_3_day!$H$13-AP15+AO15)/AO15)) -> 1 | AT15: =MAX(0,MIN(1,(data_raw_3_day!$I$13-AP15+AO15)/AO15)) -> 1
A16: 13 | B16: 2200 | C16: =B16+C15 -> 19750 | D16: =COUNTA(E16:P16)>1 -> FALSE | N16: 10 | R16: =C16/500 -> 39.5 | T16: =MAX(-613.323 + 86.244 * ln(C16), 0) -> 239.70854 | U16: =max(-1248.915 + 157.067 * ln(C16), 0) -> 304.62037 | V16: =max(-1931.345 + 229.908 * ln(C16), 0) -> 342.65405 | W16: =max(-3774.534 + 408.262 * ln(C16), 0) -> 263.5482 | X16: =max(-1101.513 + 151.176 * ln(C16), 0) -> 393.75502 | Y16: =max(-2520.575 + 313.038 * ln(C16), 0) -> 575.6553 | Z16: =max(-4146.104 + 489.133 * ln(C16), 0) -> 691.86588 | AA16: =max(-8204.713 + 871.536 * ln(C16), 0) -> 415.57007 | AC16: =sum($E$4:$E16)-T16 -> -174.70854 | AD16: =sum($E$4:$E16)-U16 -> -239.62037 | AE16: =sum($E$4:$E16)-V16 -> -277.65405 | AF16: =sum($E$4:$E16)-W16 -> -198.5482 | AG16: =sum($E$4:$E16)-X16 -> -328.75502 | AH16: =sum($E$4:$E16)-Y16 -> -510.6553 | AI16: =sum($E$4:$E16)-Z16 -> -626.86588 | AJ16: =sum($E$4:$E16)-AA16 -> -350.57007 | AL16: =SUMPRODUCT(E16:P16,item_vals!$A$2:$L$2) -> 73.833333 | AM16: =AL16+AM15 -> 749.25 | AO16: 2200 | AP16: =AO16+AP15 -> 19750 | AQ16: =MAX(0,MIN(1,(data_raw_3_day!$F$13-AP16+AO16)/AO16)) -> 1 | AR16: =MAX(0,MIN(1,(data_raw_3_day!$G$13-AP16+AO16)/AO16)) -> 1 | AS16: =MAX(0,MIN(1,(data_raw_3_day!$H$13-AP16+AO16)/AO16)) -> 1 | AT16: =MAX(0,MIN(1,(data_raw_3_day!$I$13-AP16+AO16)/AO16)) -> 1
A17: 14 | B17: 4300 | C17: =B17+C16 -> 24050 | D17: =COUNTA(E17:P17)>1 -> FALSE | G17: 2 | R17: =C17/500 -> 48.1 | T17: =MAX(-613.323 + 86.244 * ln(C17), 0) -> 256.69701 | U17: =max(-1248.915 + 157.067 * ln(C17), 0) -> 335.55966 | V17: =max(-1931.345 + 229.908 * ln(C17), 0) -> 387.94168 | W17: =max(-3774.534 + 408.262 * ln(C17), 0) -> 343.96826 | X17: =max(-1101.513 + 151.176 * ln(C17), 0) -> 423.5339 | Y17: =max(-2520.575 + 313.038 * ln(C17), 0) -> 637.318 | Z17: =max(-4146.104 + 489.133 * ln(C17), 0) -> 788.21603 | AA17: =max(-8204.713 + 871.536 * ln(C17), 0) -> 587.24654 | AC17: =sum($E$4:$E17)-T17 -> -191.69701 | AD17: =sum($E$4:$E17)-U17 -> -270.55966 | AE17: =sum($E$4:$E17)-V17 -> -322.94168 | AF17: =sum($E$4:$E17)-W17 -> -278.96826 | AG17: =sum($E$4:$E17)-X17 -> -358.5339 | AH17: =sum($E$4:$E17)-Y17 -> -572.318 | AI17: =sum($E$4:$E17)-Z17 -> -723.21603 | AJ17: =sum($E$4:$E17)-AA17 -> -522.24654 | AL17: =SUMPRODUCT(E17:P17,item_vals!$A$2:$L$2) -> 66.666667 | AM17: =AL17+AM16 -> 815.91667 | AO17: 4300 | AP17: =AO17+AP16 -> 24050 | AQ17: =MAX(0,MIN(1,(data_raw_3_day!$F$13-AP17+AO17)/AO17)) -> 1 | AR17: =MAX(0,MIN(1,(data_raw_3_day!$G$13-AP17+AO17)/AO17)) -> 1 | AS17: =MAX(0,MIN(1,(data_raw_3_day!$H$13-AP17+AO17)/AO17)) -> 1 | AT17: =MAX(0,MIN(1,(data_raw_3_day!$I$13-AP17+AO17)/AO17)) -> 1
A18: 15 | B18: 13000 | C18: =B18+C17 -> 37050 | D18: =COUNTA(E18:P18)>1 -> TRUE | H18: 1 | L18: 1 | R18: =C18/500 -> 74.1 | T18: =MAX(-613.323 + 86.244 * ln(C18), 0) -> 293.96592 | U18: =max(-1248.915 + 157.067 * ln(C18), 0) -> 403.43355 | V18: =max(-1931.345 + 229.908 * ln(C18), 0) -> 487.29259 | W18: =max(-3774.534 + 408.262 * ln(C18), 0) -> 520.39189 | X18: =max(-1101.513 + 151.176 * ln(C18), 0) -> 488.86209 | Y18: =max(-2520.575 + 313.038 * ln(C18), 0) -> 772.59216 | Z18: =max(-4146.104 + 489.133 * ln(C18), 0) -> 999.58672 | AA18: =max(-8204.713 + 871.536 * ln(C18), 0) -> 963.86631 | AC18: =sum($E$4:$E18)-T18 -> -228.96592 | AD18: =sum($E$4:$E18)-U18 -> -338.43355 | AE18: =sum($E$4:$E18)-V18 -> -422.29259 | AF18: =sum($E$4:$E18)-W18 -> -455.39189 | AG18: =sum($E$4:$E18)-X18 -> -423.86209 | AH18: =sum($E$4:$E18)-Y18 -> -707.59216 | AI18: =sum($E$4:$E18)-Z18 -> -934.58672 | AJ18: =sum($E$4:$E18)-AA18 -> -898.86631 | AL18: =SUMPRODUCT(E18:P18,item_vals!$A$2:$L$2) -> 216.66667 | AM18: =AL18+AM17 -> 1032.5833 | AO18: 13000 | AP18: =AO18+AP17 -> 37050 | AQ18: =MAX(0,MIN(1,(data_raw_3_day!$F$13-AP18+AO18)/AO18)) -> 1 | AR18: =MAX(0,MIN(1,(data_raw_3_day!$G$13-AP18+AO18)/AO18)) -> 1 | AS18: =MAX(0,MIN(1,(data_raw_3_day!$H$13-AP18+AO18)/AO18)) -> 1 | AT18: =MAX(0,MIN(1,(data_raw_3_day!$I$13-AP18+AO18)/AO18)) -> 1
A19: 16 | B19: 3300 | C19: =B19+C18 -> 40350 | D19: =COUNTA(E19:P19)>1 -> FALSE | I19: 1 | R19: =C19/500 -> 80.7 | T19: =MAX(-613.323 + 86.244 * ln(C19), 0) -> 301.32452 | U19: =max(-1248.915 + 157.067 * ln(C19), 0) -> 416.83499 | V19: =max(-1931.345 + 229.908 * ln(C19), 0) -> 506.90904 | W19: =max(-3774.534 + 408.262 * ln(C19), 0) -> 555.22604 | X19: =max(-1101.513 + 151.176 * ln(C19), 0) -> 501.76089 | Y19: =max(-2520.575 + 313.038 * ln(C19), 0) -> 799.30151 | Z19: =max(-4146.104 + 489.133 * ln(C19), 0) -> 1041.321 | AA19: =max(-8204.713 + 871.536 * ln(C19), 0) -> 1038.2284 | AC19: =sum($E$4:$E19)-T19 -> -236.32452 | AD19: =sum($E$4:$E19)-U19 -> -351.83499 | AE19: =sum($E$4:$E19)-V19 -> -441.90904 | AF19: =sum($E$4:$E19)-W19 -> -490.22604 | AG19: =sum($E$4:$E19)-X19 -> -436.76089 | AH19: =sum($E$4:$E19)-Y19 -> -734.30151 | AI19: =sum($E$4:$E19)-Z19 -> -976.32103 | AJ19: =sum($E$4:$E19)-AA19 -> -973.22842 | AL19: =SUMPRODUCT(E19:P19,item_vals!$A$2:$L$2) -> 66.666667 | AM19: =AL19+AM18 -> 1099.25 | AO19: 3300 | AP19: =AO19+AP18 -> 40350 | AQ19: =MAX(0,MIN(1,(data_raw_3_day!$F$13-AP19+AO19)/AO19)) -> 1 | AR19: =MAX(0,MIN(1,(data_raw_3_day!$G$13-AP19+AO19)/AO19)) -> 1 | AS19: =MAX(0,MIN(1,(data_raw_3_day!$H$13-AP19+AO19)/AO19)) -> 1 | AT19: =MAX(0,MIN(1,(data_raw_3_day!$I$13-AP19+AO19)/AO19)) -> 1
A20: 17 | B20: 5500 | C20: =B20+C19 -> 45850 | D20: =COUNTA(E20:P20)>1 -> FALSE | J20: 2 | R20: =C20/500 -> 91.7 | T20: =MAX(-613.323 + 86.244 * ln(C20), 0) -> 312.3451 | U20: =max(-1248.915 + 157.067 * ln(C20), 0) -> 436.9056 | V20: =max(-1931.345 + 229.908 * ln(C20), 0) -> 536.28756 | W20: =max(-3774.534 + 408.262 * ln(C20), 0) -> 607.39532 | X20: =max(-1101.513 + 151.176 * ln(C20), 0) -> 521.07873 | Y20: =max(-2520.575 + 313.038 * ln(C20), 0) -> 839.3027 | Z20: =max(-4146.104 + 489.133 * ln(C20), 0) -> 1103.8243 | AA20: =max(-8204.713 + 871.536 * ln(C20), 0) -> 1149.5966 | AC20: =sum($E$4:$E20)-T20 -> -247.3451 | AD20: =sum($E$4:$E20)-U20 -> -371.9056 | AE20: =sum($E$4:$E20)-V20 -> -471.28756 | AF20: =sum($E$4:$E20)-W20 -> -542.39532 | AG20: =sum($E$4:$E20)-X20 -> -456.07873 | AH20: =sum($E$4:$E20)-Y20 -> -774.3027 | AI20: =sum($E$4:$E20)-Z20 -> -1038.8243 | AJ20: =sum($E$4:$E20)-AA20 -> -1084.5966 | AL20: =SUMPRODUCT(E20:P20,item_vals!$A$2:$L$2) -> 100 | AM20: =AL20+AM19 -> 1199.25 | AO20: 5500 | AP20: =AO20+AP19 -> 45850 | AQ20: =MAX(0,MIN(1,(data_raw_3_day!$F$13-AP20+AO20)/AO20)) -> 1 | AR20: =MAX(0,MIN(1,(data_raw_3_day!$G$13-AP20+AO20)/AO20)) -> 1 | AS20: =MAX(0,MIN(1,(data_raw_3_day!$H$13-AP20+AO20)/AO20)) -> 1 | AT20: =MAX(0,MIN(1,(data_raw_3_day!$I$13-AP20+AO20)/AO20)) -> 1
A21: 18 | B21: 16250 | C21: =B21+C20 -> 62100 | D21: =COUNTA(E21:P21)>1 -> TRUE | E21: 50 | K21: 2 | R21: =C21/500 -> 124.2 | T21: =MAX(-613.323 + 86.244 * ln(C21), 0) -> 338.50902 | U21: =max(-1248.915 + 157.067 * ln(C21), 0) -> 484.55514 | V21: =max(-1931.345 + 229.908 * ln(C21), 0) -> 606.03493 | W21: =max(-3774.534 + 408.262 * ln(C21), 0) -> 731.25008 | X21: =max(-1101.513 + 151.176 * ln(C21), 0) -> 566.94112 | Y21: =max(-2520.575 + 313.038 * ln(C21), 0) -> 934.26928 | Z21: =max(-4146.104 + 489.133 * ln(C21), 0) -> 1252.213 | AA21: =max(-8204.713 + 871.536 * ln(C21), 0) -> 1413.9952 | AC21: =sum($E$4:$E21)-T21 -> -223.50902 | AD21: =sum($E$4:$E21)-U21 -> -369.55514 | AE21: =sum($E$4:$E21)-V21 -> -491.03493 | AF21: =sum($E$4:$E21)-W21 -> -616.25008 | AG21: =sum($E$4:$E21)-X21 -> -451.94112 | AH21: =sum($E$4:$E21)-Y21 -> -819.26928 | AI21: =sum($E$4:$E21)-Z21 -> -1137.213 | AJ21: =sum($E$4:$E21)-AA21 -> -1298.9952 | AL21: =SUMPRODUCT(E21:P21,item_vals!$A$2:$L$2) -> 183.33333 | AM21: =AL21+AM20 -> 1382.5833 | AO21: 16250 | AP21: =AO21+AP20 -> 62100 | AQ21: =MAX(0,MIN(1,(data_raw_3_day!$F$13-AP21+AO21)/AO21)) -> 1 | AR21: =MAX(0,MIN(1,(data_raw_3_day!$G$13-AP21+AO21)/AO21)) -> 1 | AS21: =MAX(0,MIN(1,(data_raw_3_day!$H$13-AP21+AO21)/AO21)) -> 1 | AT21: =MAX(0,MIN(1,(data_raw_3_day!$I$13-AP21+AO21)/AO21)) -> 1
A22: 19 | B22: 3800 | C22: =B22+C21 -> 65900 | D22: =COUNTA(E22:P22)>1 -> FALSE | M22: 60 | R22: =C22/500 -> 131.8 | T22: =MAX(-613.323 + 86.244 * ln(C22), 0) -> 343.63126 | U22: =max(-1248.915 + 157.067 * ln(C22), 0) -> 493.88374 | V22: =max(-1931.345 + 229.908 * ln(C22), 0) -> 619.68973 | W22: =max(-3774.534 + 408.262 * ln(C22), 0) -> 755.49776 | X22: =max(-1101.513 + 151.176 * ln(C22), 0) -> 575.91983 | Y22: =max(-2520.575 + 313.038 * ln(C22), 0) -> 952.86138 | Z22: =max(-4146.104 + 489.133 * ln(C22), 0) -> 1281.2638 | AA22: =max(-8204.713 + 871.536 * ln(C22), 0) -> 1465.7578 | AC22: =sum($E$4:$E22)-T22 -> -228.63126 | AD22: =sum($E$4:$E22)-U22 -> -378.88374 | AE22: =sum($E$4:$E22)-V22 -> -504.68973 | AF22: =sum($E$4:$E22)-W22 -> -640.49776 | AG22: =sum($E$4:$E22)-X22 -> -460.91983 | AH22: =sum($E$4:$E22)-Y22 -> -837.86138 | AI22: =sum($E$4:$E22)-Z22 -> -1166.2638 | AJ22: =sum($E$4:$E22)-AA22 -> -1350.7578 | AL22: =SUMPRODUCT(E22:P22,item_vals!$A$2:$L$2) -> 125 | AM22: =AL22+AM21 -> 1507.5833 | AO22: 3800 | AP22: =AO22+AP21 -> 65900 | AQ22: =MAX(0,MIN(1,(data_raw_3_day!$F$13-AP22+AO22)/AO22)) -> 1 | AR22: =MAX(0,MIN(1,(data_raw_3_day!$G$13-AP22+AO22)/AO22)) -> 1 | AS22: =MAX(0,MIN(1,(data_raw_3_day!$H$13-AP22+AO22)/AO22)) -> 1 | AT22: =MAX(0,MIN(1,(data_raw_3_day!$I$13-AP22+AO22)/AO22)) -> 1
A23: 20 | B23: 7000 | C23: =B23+C22 -> 72900 | D23: =COUNTA(E23:P23)>1 -> FALSE | G23: 2 | R23: =C23/500 -> 145.8 | T23: =MAX(-613.323 + 86.244 * ln(C23), 0) -> 352.33761 | U23: =max(-1248.915 + 157.067 * ln(C23), 0) -> 509.73968 | V23: =max(-1931.345 + 229.908 * ln(C23), 0) -> 642.89899 | W23: =max(-3774.534 + 408.262 * ln(C23), 0) -> 796.71189 | X23: =max(-1101.513 + 151.176 * ln(C23), 0) -> 591.18108 | Y23: =max(-2520.575 + 313.038 * ln(C23), 0) -> 984.46263 | Z23: =max(-4146.104 + 489.133 * ln(C23), 0) -> 1330.6419 | AA23: =max(-8204.713 + 871.536 * ln(C23), 0) -> 1553.7396 | AC23: =sum($E$4:$E23)-T23 -> -237.33761 | AD23: =sum($E$4:$E23)-U23 -> -394.73968 | AE23: =sum($E$4:$E23)-V23 -> -527.89899 | AF23: =sum($E$4:$E23)-W23 -> -681.71189 | AG23: =sum($E$4:$E23)-X23 -> -476.18108 | AH23: =sum($E$4:$E23)-Y23 -> -869.46263 | AI23: =sum($E$4:$E23)-Z23 -> -1215.6419 | AJ23: =sum($E$4:$E23)-AA23 -> -1438.7396 | AL23: =SUMPRODUCT(E23:P23,item_vals!$A$2:$L$2) -> 66.666667 | AM23: =AL23+AM22 -> 1574.25 | AO23: 7000 | AP23: =AO23+AP22 -> 72900 | AQ23: =MAX(0,MIN(1,(data_raw_3_day!$F$13-AP23+AO23)/AO23)) -> 1 | AR23: =MAX(0,MIN(1,(data_raw_3_day!$G$13-AP23+AO23)/AO23)) -> 1 | AS23: =MAX(0,MIN(1,(data_raw_3_day!$H$13-AP23+AO23)/AO23)) -> 1 | AT23: =MAX(0,MIN(1,(data_raw_3_day!$I$13-AP23+AO23)/AO23)) -> 1
A24: 21 | B24: 19500 | C24: =B24+C23 -> 92400 | D24: =COUNTA(E24:P24)>1 -> TRUE | J24: 2 | L24: 2 | R24: =C24/500 -> 184.8 | T24: =MAX(-613.323 + 86.244 * ln(C24), 0) -> 372.78074 | U24: =max(-1248.915 + 157.067 * ln(C24), 0) -> 546.97058 | V24: =max(-1931.345 + 229.908 * ln(C24), 0) -> 697.396 | W24: =max(-3774.534 + 408.262 * ln(C24), 0) -> 893.48564 | X24: =max(-1101.513 + 151.176 * ln(C24), 0) -> 627.01558 | Y24: =max(-2520.575 + 313.038 * ln(C24), 0) -> 1058.6646 | Z24: =max(-4146.104 + 489.133 * ln(C24), 0) -> 1446.5851 | AA24: =max(-8204.713 + 871.536 * ln(C24), 0) -> 1760.327 | AC24: =sum($E$4:$E24)-T24 -> -257.78074 | AD24: =sum($E$4:$E24)-U24 -> -431.97058 | AE24: =sum($E$4:$E24)-V24 -> -582.396 | AF24: =sum($E$4:$E24)-W24 -> -778.48564 | AG24: =sum($E$4:$E24)-X24 -> -512.01558 | AH24: =sum($E$4:$E24)-Y24 -> -943.66463 | AI24: =sum($E$4:$E24)-Z24 -> -1331.5851 | AJ24: =sum($E$4:$E24)-AA24 -> -1645.327 | AL24: =SUMPRODUCT(E24:P24,item_vals!$A$2:$L$2) -> 433.33333 | AM24: =AL24+AM23 -> 2007.5833 | AO24: 19500 | AP24: =AO24+AP23 -> 92400 | AQ24: =MAX(0,MIN(1,(data_raw_3_day!$F$13-AP24+AO24)/AO24)) -> 0.49861538 | AR24: =MAX(0,MIN(1,(data_raw_3_day!$G$13-AP24+AO24)/AO24)) -> 1 | AS24: =MAX(0,MIN(1,(data_raw_3_day!$H$13-AP24+AO24)/AO24)) -> 1 | AT24: =MAX(0,MIN(1,(data_raw_3_day!$I$13-AP24+AO24)/AO24)) -> 1
A25: 22 | B25: 4900 | C25: =B25+C24 -> 97300 | D25: =COUNTA(E25:P25)>1 -> FALSE | O25: 10 | R25: =C25/500 -> 194.6 | T25: =MAX(-613.323 + 86.244 * ln(C25), 0) -> 377.23714 | U25: =max(-1248.915 + 157.067 * ln(C25), 0) -> 555.08655 | V25: =max(-1931.345 + 229.908 * ln(C25), 0) -> 709.27581 | W25: =max(-3774.534 + 408.262 * ln(C25), 0) -> 914.58136 | X25: =max(-1101.513 + 151.176 * ln(C25), 0) -> 634.82715 | Y25: =max(-2520.575 + 313.038 * ln(C25), 0) -> 1074.8399 | Z25: =max(-4146.104 + 489.133 * ln(C25), 0) -> 1471.8596 | AA25: =max(-8204.713 + 871.536 * ln(C25), 0) -> 1805.361 | AC25: =sum($E$4:$E25)-T25 -> -262.23714 | AD25: =sum($E$4:$E25)-U25 -> -440.08655 | AE25: =sum($E$4:$E25)-V25 -> -594.27581 | AF25: =sum($E$4:$E25)-W25 -> -799.58136 | AG25: =sum($E$4:$E25)-X25 -> -519.82715 | AH25: =sum($E$4:$E25)-Y25 -> -959.83994 | AI25: =sum($E$4:$E25)-Z25 -> -1356.8596 | AJ25: =sum($E$4:$E25)-AA25 -> -1690.361 | AL25: =SUMPRODUCT(E25:P25,item_vals!$A$2:$L$2) -> 76.166667 | AM25: =AL25+AM24 -> 2083.75 | AO25: 4900 | AP25: =AO25+AP24 -> 97300 | AQ25: =MAX(0,MIN(1,(data_raw_3_day!$F$13-AP25+AO25)/AO25)) -> 0 | AR25: =MAX(0,MIN(1,(data_raw_3_day!$G$13-AP25+AO25)/AO25)) -> 1 | AS25: =MAX(0,MIN(1,(data_raw_3_day!$H$13-AP25+AO25)/AO25)) -> 1 | AT25: =MAX(0,MIN(1,(data_raw_3_day!$I$13-AP25+AO25)/AO25)) -> 1
A26: 23 | B26: 8750 | C26: =B26+C25 -> 106050 | D26: =COUNTA(E26:P26)>1 -> FALSE | H26: 2 | R26: =C26/500 -> 212.1 | T26: =MAX(-613.323 + 86.244 * ln(C26), 0) -> 384.66376 | U26: =max(-1248.915 + 157.067 * ln(C26), 0) -> 568.61186 | V26: =max(-1931.345 + 229.908 * ln(C26), 0) -> 729.07358 | W26: =max(-3774.534 + 408.262 * ln(C26), 0) -> 949.73749 | X26: =max(-1101.513 + 151.176 * ln(C26), 0) -> 647.84517 | Y26: =max(-2520.575 + 313.038 * ln(C26), 0) -> 1101.7962 | Z26: =max(-4146.104 + 489.133 * ln(C26), 0) -> 1513.9797 | AA26: =max(-8204.713 + 871.536 * ln(C26), 0) -> 1880.4105 | AC26: =sum($E$4:$E26)-T26 -> -269.66376 | AD26: =sum($E$4:$E26)-U26 -> -453.61186 | AE26: =sum($E$4:$E26)-V26 -> -614.07358 | AF26: =sum($E$4:$E26)-W26 -> -834.73749 | AG26: =sum($E$4:$E26)-X26 -> -532.84517 | AH26: =sum($E$4:$E26)-Y26 -> -986.79617 | AI26: =sum($E$4:$E26)-Z26 -> -1398.9797 | AJ26: =sum($E$4:$E26)-AA26 -> -1765.4105 | AL26: =SUMPRODUCT(E26:P26,item_vals!$A$2:$L$2) -> 100 | AM26: =AL26+AM25 -> 2183.75 | AO26: 8750 | AP26: =AO26+AP25 -> 106050 | AQ26: =MAX(0,MIN(1,(data_raw_3_day!$F$13-AP26+AO26)/AO26)) -> 0 | AR26: =MAX(0,MIN(1,(data_raw_3_day!$G$13-AP26+AO26)/AO26)) -> 1 | AS26: =MAX(0,MIN(1,(data_raw_3_day!$H$13-AP26+AO26)/AO26)) -> 1 | AT26: =MAX(0,MIN(1,(data_raw_3_day!$I$13-AP26+AO26)/AO26)) -> 1
A27: 24 | B27: 22000 | C27: =B27+C26 -> 128050 | D27: =COUNTA(E27:P27)>1 -> TRUE | E27: 100 | J27: 1 | K27: 1 | L27: 1 | R27: =C27/500 -> 256.1 | T27: =MAX(-613.323 + 86.244 * ln(C27), 0) -> 400.92163 | U27: =max(-1248.915 + 157.067 * ln(C27), 0) -> 598.22058 | V27: =max(-1931.345 + 229.908 * ln(C27), 0) -> 772.41356 | W27: =max(-3774.534 + 408.262 * ln(C27), 0) -> 1026.699 | X27: =max(-1101.513 + 151.176 * ln(C27), 0) -> 676.34338 | Y27: =max(-2520.575 + 313.038 * ln(C27), 0) -> 1160.807 | Z27: =max(-4146.104 + 489.133 * ln(C27), 0) -> 1606.1862 | AA27: =max(-8204.713 + 871.536 * ln(C27), 0) -> 2044.7038 | AC27: =sum($E$4:$E27)-T27 -> -185.92163 | AD27: =sum($E$4:$E27)-U27 -> -383.22058 | AE27: =sum($E$4:$E27)-V27 -> -557.41356 | AF27: =sum($E$4:$E27)-W27 -> -811.69901 | AG27: =sum($E$4:$E27)-X27 -> -461.34338 | AH27: =sum($E$4:$E27)-Y27 -> -945.807 | AI27: =sum($E$4:$E27)-Z27 -> -1391.1862 | AJ27: =sum($E$4:$E27)-AA27 -> -1829.7038 | AL27: =SUMPRODUCT(E27:P27,item_vals!$A$2:$L$2) -> 383.33333 | AM27: =AL27+AM26 -> 2567.0833 | AO27: 22000 | AP27: =AO27+AP26 -> 128050 | AQ27: =MAX(0,MIN(1,(data_raw_3_day!$F$13-AP27+AO27)/AO27)) -> 0 | AR27: =MAX(0,MIN(1,(data_raw_3_day!$G$13-AP27+AO27)/AO27)) -> 1 | AS27: =MAX(0,MIN(1,(data_raw_3_day!$H$13-AP27+AO27)/AO27)) -> 1 | AT27: =MAX(0,MIN(1,(data_raw_3_day!$I$13-AP27+AO27)/AO27)) -> 1
A28: 25 | B28: 5500 | C28: =B28+C27 -> 133550 | D28: =COUNTA(E28:P28)>1 -> FALSE | M28: 60 | R28: =C28/500 -> 267.1 | T28: =MAX(-613.323 + 86.244 * ln(C28), 0) -> 404.54863 | U28: =max(-1248.915 + 157.067 * ln(C28), 0) -> 604.82605 | V28: =max(-1931.345 + 229.908 * ln(C28), 0) -> 782.08237 | W28: =max(-3774.534 + 408.262 * ln(C28), 0) -> 1043.8685 | X28: =max(-1101.513 + 151.176 * ln(C28), 0) -> 682.70111 | Y28: =max(-2520.575 + 313.038 * ln(C28), 0) -> 1173.9719 | Z28: =max(-4146.104 + 489.133 * ln(C28), 0) -> 1626.7568 | AA28: =max(-8204.713 + 871.536 * ln(C28), 0) -> 2081.3564 | AC28: =sum($E$4:$E28)-T28 -> -189.54863 | AD28: =sum($E$4:$E28)-U28 -> -389.82605 | AE28: =sum($E$4:$E28)-V28 -> -567.08237 | AF28: =sum($E$4:$E28)-W28 -> -828.86852 | AG28: =sum($E$4:$E28)-X28 -> -467.70111 | AH28: =sum($E$4:$E28)-Y28 -> -958.97186 | AI28: =sum($E$4:$E28)-Z28 -> -1411.7568 | AJ28: =sum($E$4:$E28)-AA28 -> -1866.3564 | AL28: =SUMPRODUCT(E28:P28,item_vals!$A$2:$L$2) -> 125 | AM28: =AL28+AM27 -> 2692.0833 | AO28: 5500 | AP28: =AO28+AP27 -> 133550 | AQ28: =MAX(0,MIN(1,(data_raw_3_day!$F$13-AP28+AO28)/AO28)) -> 0 | AR28: =MAX(0,MIN(1,(data_raw_3_day!$G$13-AP28+AO28)/AO28)) -> 1 | AS28: =MAX(0,MIN(1,(data_raw_3_day!$H$13-AP28+AO28)/AO28)) -> 1 | AT28: =MAX(0,MIN(1,(data_raw_3_day!$I$13-AP28+AO28)/AO28)) -> 1
A29: 26 | B29: 8210 | C29: =B29+C28 -> 141760 | D29: =COUNTA(E29:P29)>1 -> FALSE | I29: 2 | R29: =C29/500 -> 283.52 | T29: =MAX(-613.323 + 86.244 * ln(C29), 0) -> 409.69391 | U29: =max(-1248.915 + 157.067 * ln(C29), 0) -> 614.1966 | V29: =max(-1931.345 + 229.908 * ln(C29), 0) -> 795.79858 | W29: =max(-3774.534 + 408.262 * ln(C29), 0) -> 1068.2252 | X29: =max(-1101.513 + 151.176 * ln(C29), 0) -> 691.7202 | Y29: =max(-2520.575 + 313.038 * ln(C29), 0) -> 1192.6476 | Z29: =max(-4146.104 + 489.133 * ln(C29), 0) -> 1655.9382 | AA29: =max(-8204.713 + 871.536 * ln(C29), 0) -> 2133.3518 | AC29: =sum($E$4:$E29)-T29 -> -194.69391 | AD29: =sum($E$4:$E29)-U29 -> -399.1966 | AE29: =sum($E$4:$E29)-V29 -> -580.79858 | AF29: =sum($E$4:$E29)-W29 -> -853.22525 | AG29: =sum($E$4:$E29)-X29 -> -476.7202 | AH29: =sum($E$4:$E29)-Y29 -> -977.64756 | AI29: =sum($E$4:$E29)-Z29 -> -1440.9382 | AJ29: =sum($E$4:$E29)-AA29 -> -1918.3518 | AL29: =SUMPRODUCT(E29:P29,item_vals!$A$2:$L$2) -> 133.33333 | AM29: =AL29+AM28 -> 2825.4167 | AO29: 8210 | AP29: =AO29+AP28 -> 141760 | AQ29: =MAX(0,MIN(1,(data_raw_3_day!$F$13-AP29+AO29)/AO29)) -> 0 | AR29: =MAX(0,MIN(1,(data_raw_3_day!$G$13-AP29+AO29)/AO29)) -> 0.59464068 | AS29: =MAX(0,MIN(1,(data_raw_3_day!$H$13-AP29+AO29)/AO29)) -> 1 | AT29: =MAX(0,MIN(1,(data_raw_3_day!$I$13-AP29+AO29)/AO29)) -> 1
A30: 27 | B30: 49000 | C30: =B30+C29 -> 190760 | D30: =COUNTA(E30:P30)>1 -> TRUE | E30: 250 | J30: 2 | K30: 2 | L30: 2 | P30: 20 | R30: =C30/500 -> 381.52 | T30: =MAX(-613.323 + 86.244 * ln(C30), 0) -> 435.29808 | U30: =max(-1248.915 + 157.067 * ln(C30), 0) -> 660.82674 | V30: =max(-1931.345 + 229.908 * ln(C30), 0) -> 864.05381 | W30: =max(-3774.534 + 408.262 * ln(C30), 0) -> 1189.4303 | X30: =max(-1101.513 + 151.176 * ln(C30), 0) -> 736.60142 | Y30: =max(-2520.575 + 313.038 * ln(C30), 0) -> 1285.5825 | Z30: =max(-4146.104 + 489.133 * ln(C30), 0) -> 1801.1523 | AA30: =max(-8204.713 + 871.536 * ln(C30), 0) -> 2392.094 | AC30: =sum($E$4:$E30)-T30 -> 29.701922 | AD30: =sum($E$4:$E30)-U30 -> -195.82674 | AE30: =sum($E$4:$E30)-V30 -> -399.05381 | AF30: =sum($E$4:$E30)-W30 -> -724.43032 | AG30: =sum($E$4:$E30)-X30 -> -271.60142 | AH30: =sum($E$4:$E30)-Y30 -> -820.58247 | AI30: =sum($E$4:$E30)-Z30 -> -1336.1523 | AJ30: =sum($E$4:$E30)-AA30 -> -1927.094 | AL30: =SUMPRODUCT(E30:P30,item_vals!$A$2:$L$2) -> 972.33333 | AM30: =AL30+AM29 -> 3797.75 | AO30: 49000 | AP30: =AO30+AP29 -> 190760 | AQ30: =MAX(0,MIN(1,(data_raw_3_day!$F$13-AP30+AO30)/AO30)) -> 0 | AR30: =MAX(0,MIN(1,(data_raw_3_day!$G$13-AP30+AO30)/AO30)) -> 0 | AS30: =MAX(0,MIN(1,(data_raw_3_day!$H$13-AP30+AO30)/AO30)) -> 1 | AT30: =MAX(0,MIN(1,(data_raw_3_day!$I$13-AP30+AO30)/AO30)) -> 1
A31: 28 | B31: 12250 | C31: =B31+C30 -> 203010 | D31: =COUNTA(E31:P31)>1 -> FALSE | M31: 60 | R31: =C31/500 -> 406.02 | T31: =MAX(-613.323 + 86.244 * ln(C31), 0) -> 440.66583 | U31: =max(-1248.915 + 157.067 * ln(C31), 0) -> 670.60246 | V31: =max(-1931.345 + 229.908 * ln(C31), 0) -> 878.36309 | W31: =max(-3774.534 + 408.262 * ln(C31), 0) -> 1214.8402 | X31: =max(-1101.513 + 151.176 * ln(C31), 0) -> 746.01049 | Y31: =max(-2520.575 + 313.038 * ln(C31), 0) -> 1305.0657 | Z31: =max(-4146.104 + 489.133 * ln(C31), 0) -> 1831.5955 | AA31: =max(-8204.713 + 871.536 * ln(C31), 0) -> 2446.3376 | AC31: =sum($E$4:$E31)-T31 -> 24.334169 | AD31: =sum($E$4:$E31)-U31 -> -205.60246 | AE31: =sum($E$4:$E31)-V31 -> -413.36309 | AF31: =sum($E$4:$E31)-W31 -> -749.8402 | AG31: =sum($E$4:$E31)-X31 -> -281.01049 | AH31: =sum($E$4:$E31)-Y31 -> -840.06569 | AI31: =sum($E$4:$E31)-Z31 -> -1366.5955 | AJ31: =sum($E$4:$E31)-AA31 -> -1981.3376 | AL31: =SUMPRODUCT(E31:P31,item_vals!$A$2:$L$2) -> 125 | AM31: =AL31+AM30 -> 3922.75 | AO31: 12250 | AP31: =AO31+AP30 -> 203010 | AQ31: =MAX(0,MIN(1,(data_raw_3_day!$F$13-AP31+AO31)/AO31)) -> 0 | AR31: =MAX(0,MIN(1,(data_raw_3_day!$G$13-AP31+AO31)/AO31)) -> 0 | AS31: =MAX(0,MIN(1,(data_raw_3_day!$H$13-AP31+AO31)/AO31)) -> 1 | AT31: =MAX(0,MIN(1,(data_raw_3_day!$I$13-AP31+AO31)/AO31)) -> 1
A32: 29 | B32: 22000 | C32: =B32+C31 -> 225010 | D32: =COUNTA(E32:P32)>1 -> FALSE | I32: 3 | R32: =C32/500 -> 450.02 | T32: =MAX(-613.323 + 86.244 * ln(C32), 0) -> 449.53944 | U32: =max(-1248.915 + 157.067 * ln(C32), 0) -> 686.76302 | V32: =max(-1931.345 + 229.908 * ln(C32), 0) -> 902.01823 | W32: =max(-3774.534 + 408.262 * ln(C32), 0) -> 1256.8461 | X32: =max(-1101.513 + 151.176 * ln(C32), 0) -> 761.56493 | Y32: =max(-2520.575 + 313.038 * ln(C32), 0) -> 1337.274 | Z32: =max(-4146.104 + 489.133 * ln(C32), 0) -> 1881.9222 | AA32: =max(-8204.713 + 871.536 * ln(C32), 0) -> 2536.0096 | AC32: =sum($E$4:$E32)-T32 -> 15.460558 | AD32: =sum($E$4:$E32)-U32 -> -221.76302 | AE32: =sum($E$4:$E32)-V32 -> -437.01823 | AF32: =sum($E$4:$E32)-W32 -> -791.84611 | AG32: =sum($E$4:$E32)-X32 -> -296.56493 | AH32: =sum($E$4:$E32)-Y32 -> -872.27405 | AI32: =sum($E$4:$E32)-Z32 -> -1416.9222 | AJ32: =sum($E$4:$E32)-AA32 -> -2071.0096 | AL32: =SUMPRODUCT(E32:P32,item_vals!$A$2:$L$2) -> 200 | AM32: =AL32+AM31 -> 4122.75 | AO32: 22000 | AP32: =AO32+AP31 -> 225010 | AQ32: =MAX(0,MIN(1,(data_raw_3_day!$F$13-AP32+AO32)/AO32)) -> 0 | AR32: =MAX(0,MIN(1,(data_raw_3_day!$G$13-AP32+AO32)/AO32)) -> 0 | AS32: =MAX(0,MIN(1,(data_raw_3_day!$H$13-AP32+AO32)/AO32)) -> 0.53395455 | AT32: =MAX(0,MIN(1,(data_raw_3_day!$I$13-AP32+AO32)/AO32)) -> 1
A33: 30 | B33: 67000 | C33: =B33+C32 -> 292010 | D33: =COUNTA(E33:P33)>1 -> TRUE | E33: 1000 | J33: 3 | K33: 3 | L33: 3 | R33: =C33/500 -> 584.02 | T33: =MAX(-613.323 + 86.244 * ln(C33), 0) -> 472.01835 | U33: =max(-1248.915 + 157.067 * ln(C33), 0) -> 727.70147 | V33: =max(-1931.345 + 229.908 * ln(C33), 0) -> 961.94219 | W33: =max(-3774.534 + 408.262 * ln(C33), 0) -> 1363.2568 | X33: =max(-1101.513 + 151.176 * ln(C33), 0) -> 800.96792 | Y33: =max(-2520.575 + 313.038 * ln(C33), 0) -> 1418.8653 | Z33: =max(-4146.104 + 489.133 * ln(C33), 0) -> 2009.4114 | AA33: =max(-8204.713 + 871.536 * ln(C33), 0) -> 2763.1696 | AC33: =sum($E$4:$E33)-T33 -> 992.98165 | AD33: =sum($E$4:$E33)-U33 -> 737.29853 | AE33: =sum($E$4:$E33)-V33 -> 503.05781 | AF33: =sum($E$4:$E33)-W33 -> 101.74317 | AG33: =sum($E$4:$E33)-X33 -> 664.03208 | AH33: =sum($E$4:$E33)-Y33 -> 46.134726 | AI33: =sum($E$4:$E33)-Z33 -> -544.41143 | AJ33: =sum($E$4:$E33)-AA33 -> -1298.1696 | AL33: =SUMPRODUCT(E33:P33,item_vals!$A$2:$L$2) -> 1850 | AM33: =AL33+AM32 -> 5972.75 | AO33: 67000 | AP33: =AO33+AP32 -> 292010 | AQ33: =MAX(0,MIN(1,(data_raw_3_day!$F$13-AP33+AO33)/AO33)) -> 0 | AR33: =MAX(0,MIN(1,(data_raw_3_day!$G$13-AP33+AO33)/AO33)) -> 0 | AS33: =MAX(0,MIN(1,(data_raw_3_day!$H$13-AP33+AO33)/AO33)) -> 0 | AT33: =MAX(0,MIN(1,(data_raw_3_day!$I$13-AP33+AO33)/AO33)) -> 0.84423881
AL35: =SUM(AL2:AL33)/3 -> 1990.9167
L50: 10
N51: 15
O52: 1
AP53: 15
N55: 15
L56: 25 | AL56: 1
O57: 1
P58: 1
L59: 40
N60: 30
AL61: 1 | AM61: 1
AP62: 30
P63: 1
AO64: 1
L65: 60
N66: 30
AO67: 2
AM68: 2
O69: 2
L70: 80 | AP70: 60
P71: 2
N72: 30
L73: 400
AP75: 80
AL76: 2 | AM76: 2 | AO76: 2
N77: 30
L79: 1000 | AL79: 3 | AM79: 3 | AO79: 3

Sheet milestone_4day_new
A1: MILESTONE CONFIG 4 day
S2: HC spend est | AB2: Net | AN2: wiup
A3: Milestone | B3: Matchables Req | C3: Req Accum | D3: Chest | E3: Coin | F3: SPT | G3: Red | H3: Chuck | I3: Bomb | J3: Slingshot | K3: Shuffle | L3: Comet | M3: Unlimited Lives | N3: Unlimited Red | O3: Unlimited Chuck | P3: Unlimited Bomb | S3: npu 1-9 | T3: npu 10-19 | U3: npu 20-39 | V3: npu 40-99 | W3: pu 1-9 | X3: pu 10-19 | Y3: pu 20-39 | Z3: pu 40-99 | AB3: npu 1-9 | AC3: npu 10-19 | AD3: npu 20-39 | AE3: npu 40-99 | AF3: pu 1-9 | AG3: pu 10-19 | AH3: pu 20-39 | AI3: pu 40-99 | AK3: Reward HC value | AL3: Cum HC value | AN3: Suggested Matchables Req | AO3: Suggested Req Accum | AP3: PAU 100+ p25 (% reach) | AQ3: PAU 100+ p50 (% reach) | AR3: PAU 100+ p75 (% reach) | AS3: PAU 100+ p90 (% reach)
A4: 1 | B4: 160 | C4: =B4 -> 160 | D4: =COUNTA(E4:P4)>1 -> FALSE | G4: 1 | R4: =AL4/C4 -> 0.20833333 | S4: =MAX(-753.323 + 103.47 * ln(C4), 0) -> 0 | T4: =max(-1480.915 + 182.938 * ln(C4), 0) -> 0 | U4: =max(-2266.818 + 265.622 * ln(C4), 0) -> 0 | V4: =max(-5836.423 + 595.247 * ln(C4), 0) -> 0 | W4: =max(-1405.696 + 187.738 * ln(C4), 0) -> 0 | X4: =max(-2910.346 + 356.024 * ln(C4), 0) -> 0 | Y4: =max(-5016.514 + 579.75 * ln(C4), 0) -> 0 | Z4: =max(-13718.301 + 1372.151 * ln(C4), 0) -> 0 | AB4: =sum($E$4:$E4)-S4 -> 0 | AC4: =sum($E$4:$E4)-T4 -> 0 | AD4: =sum($E$4:$E4)-U4 -> 0 | AE4: =sum($E$4:$E4)-V4 -> 0 | AF4: =sum($E$4:$E4)-W4 -> 0 | AG4: =sum($E$4:$E4)-X4 -> 0 | AH4: =sum($E$4:$E4)-Y4 -> 0 | AI4: =sum($E$4:$E4)-Z4 -> 0 | AK4: =SUMPRODUCT(E4:P4,item_vals!$A$2:$L$2) -> 33.333333 | AL4: =AK4 -> 33.333333 | AN4: 160 | AO4: =AN4 -> 160 | AP4: =MAX(0,MIN(1,(data_raw_4_day!$F$13-AO4+AN4)/AN4)) -> 1 | AQ4: =MAX(0,MIN(1,(data_raw_4_day!$G$13-AO4+AN4)/AN4)) -> 1 | AR4: =MAX(0,MIN(1,(data_raw_4_day!$H$13-AO4+AN4)/AN4)) -> 1 | AS4: =MAX(0,MIN(1,(data_raw_4_day!$I$13-AO4+AN4)/AN4)) -> 1
A5: 2 | B5: 300 | C5: =B5+C4 -> 460 | D5: =COUNTA(E5:P5)>1 -> FALSE | E5: 10 | R5: =AL5/C5 -> 0.094202899 | S5: =MAX(-753.323 + 103.47 * ln(C5), 0) -> 0 | T5: =max(-1480.915 + 182.938 * ln(C5), 0) -> 0 | U5: =max(-2266.818 + 265.622 * ln(C5), 0) -> 0 | V5: =max(-5836.423 + 595.247 * ln(C5), 0) -> 0 | W5: =max(-1405.696 + 187.738 * ln(C5), 0) -> 0 | X5: =max(-2910.346 + 356.024 * ln(C5), 0) -> 0 | Y5: =max(-5016.514 + 579.75 * ln(C5), 0) -> 0 | Z5: =max(-13718.301 + 1372.151 * ln(C5), 0) -> 0 | AB5: =sum($E$4:$E5)-S5 -> 10 | AC5: =sum($E$4:$E5)-T5 -> 10 | AD5: =sum($E$4:$E5)-U5 -> 10 | AE5: =sum($E$4:$E5)-V5 -> 10 | AF5: =sum($E$4:$E5)-W5 -> 10 | AG5: =sum($E$4:$E5)-X5 -> 10 | AH5: =sum($E$4:$E5)-Y5 -> 10 | AI5: =sum($E$4:$E5)-Z5 -> 10 | AK5: =SUMPRODUCT(E5:P5,item_vals!$A$2:$L$2) -> 10 | AL5: =AK5+AL4 -> 43.333333 | AN5: 300 | AO5: =AN5+AO4 -> 460 | AP5: =MAX(0,MIN(1,(data_raw_4_day!$F$13-AO5+AN5)/AN5)) -> 1 | AQ5: =MAX(0,MIN(1,(data_raw_4_day!$G$13-AO5+AN5)/AN5)) -> 1 | AR5: =MAX(0,MIN(1,(data_raw_4_day!$H$13-AO5+AN5)/AN5)) -> 1 | AS5: =MAX(0,MIN(1,(data_raw_4_day!$I$13-AO5+AN5)/AN5)) -> 1
A6: 3 | B6: 1000 | C6: =B6+C5 -> 1460 | D6: =COUNTA(E6:P6)>1 -> FALSE | H6: 1 | R6: =AL6/C6 -> 0.063926941 | S6: =MAX(-753.323 + 103.47 * ln(C6), 0) -> 0.57925672 | T6: =max(-1480.915 + 182.938 * ln(C6), 0) -> 0 | U6: =max(-2266.818 + 265.622 * ln(C6), 0) -> 0 | V6: =max(-5836.423 + 595.247 * ln(C6), 0) -> 0 | W6: =max(-1405.696 + 187.738 * ln(C6), 0) -> 0 | X6: =max(-2910.346 + 356.024 * ln(C6), 0) -> 0 | Y6: =max(-5016.514 + 579.75 * ln(C6), 0) -> 0 | Z6: =max(-13718.301 + 1372.151 * ln(C6), 0) -> 0 | AB6: =sum($E$4:$E6)-S6 -> 9.4207433 | AC6: =sum($E$4:$E6)-T6 -> 10 | AD6: =sum($E$4:$E6)-U6 -> 10 | AE6: =sum($E$4:$E6)-V6 -> 10 | AF6: =sum($E$4:$E6)-W6 -> 10 | AG6: =sum($E$4:$E6)-X6 -> 10 | AH6: =sum($E$4:$E6)-Y6 -> 10 | AI6: =sum($E$4:$E6)-Z6 -> 10 | AK6: =SUMPRODUCT(E6:P6,item_vals!$A$2:$L$2) -> 50 | AL6: =AK6+AL5 -> 93.333333 | AN6: 1000 | AO6: =AN6+AO5 -> 1460 | AP6: =MAX(0,MIN(1,(data_raw_4_day!$F$13-AO6+AN6)/AN6)) -> 1 | AQ6: =MAX(0,MIN(1,(data_raw_4_day!$G$13-AO6+AN6)/AN6)) -> 1 | AR6: =MAX(0,MIN(1,(data_raw_4_day!$H$13-AO6+AN6)/AN6)) -> 1 | AS6: =MAX(0,MIN(1,(data_raw_4_day!$I$13-AO6+AN6)/AN6)) -> 1
A7: 4 | B7: 250 | C7: =B7+C6 -> 1710 | D7: =COUNTA(E7:P7)>1 -> FALSE | M7: 15 | R7: =AL7/C7 -> 0.07285575 | S7: =MAX(-753.323 + 103.47 * ln(C7), 0) -> 16.933408 | T7: =max(-1480.915 + 182.938 * ln(C7), 0) -> 0 | U7: =max(-2266.818 + 265.622 * ln(C7), 0) -> 0 | V7: =max(-5836.423 + 595.247 * ln(C7), 0) -> 0 | W7: =max(-1405.696 + 187.738 * ln(C7), 0) -> 0 | X7: =max(-2910.346 + 356.024 * ln(C7), 0) -> 0 | Y7: =max(-5016.514 + 579.75 * ln(C7), 0) -> 0 | Z7: =max(-13718.301 + 1372.151 * ln(C7), 0) -> 0 | AB7: =sum($E$4:$E7)-S7 -> -6.9334078 | AC7: =sum($E$4:$E7)-T7 -> 10 | AD7: =sum($E$4:$E7)-U7 -> 10 | AE7: =sum($E$4:$E7)-V7 -> 10 | AF7: =sum($E$4:$E7)-W7 -> 10 | AG7: =sum($E$4:$E7)-X7 -> 10 | AH7: =sum($E$4:$E7)-Y7 -> 10 | AI7: =sum($E$4:$E7)-Z7 -> 10 | AK7: =SUMPRODUCT(E7:P7,item_vals!$A$2:$L$2) -> 31.25 | AL7: =AK7+AL6 -> 124.58333 | AN7: 250 | AO7: =AN7+AO6 -> 1710 | AP7: =MAX(0,MIN(1,(data_raw_4_day!$F$13-AO7+AN7)/AN7)) -> 1 | AQ7: =MAX(0,MIN(1,(data_raw_4_day!$G$13-AO7+AN7)/AN7)) -> 1 | AR7: =MAX(0,MIN(1,(data_raw_4_day!$H$13-AO7+AN7)/AN7)) -> 1 | AS7: =MAX(0,MIN(1,(data_raw_4_day!$I$13-AO7+AN7)/AN7)) -> 1
A8: 5 | B8: 500 | C8: =B8+C7 -> 2210 | D8: =COUNTA(E8:P8)>1 -> FALSE | I8: 1 | R8: =AL8/C8 -> 0.086538462 | S8: =MAX(-753.323 + 103.47 * ln(C8), 0) -> 43.473374 | T8: =max(-1480.915 + 182.938 * ln(C8), 0) -> 0 | U8: =max(-2266.818 + 265.622 * ln(C8), 0) -> 0 | V8: =max(-5836.423 + 595.247 * ln(C8), 0) -> 0 | W8: =max(-1405.696 + 187.738 * ln(C8), 0) -> 40.026989 | X8: =max(-2910.346 + 356.024 * ln(C8), 0) -> 0 | Y8: =max(-5016.514 + 579.75 * ln(C8), 0) -> 0 | Z8: =max(-13718.301 + 1372.151 * ln(C8), 0) -> 0 | AB8: =sum($E$4:$E8)-S8 -> -33.473374 | AC8: =sum($E$4:$E8)-T8 -> 10 | AD8: =sum($E$4:$E8)-U8 -> 10 | AE8: =sum($E$4:$E8)-V8 -> 10 | AF8: =sum($E$4:$E8)-W8 -> -30.026989 | AG8: =sum($E$4:$E8)-X8 -> 10 | AH8: =sum($E$4:$E8)-Y8 -> 10 | AI8: =sum($E$4:$E8)-Z8 -> 10 | AK8: =SUMPRODUCT(E8:P8,item_vals!$A$2:$L$2) -> 66.666667 | AL8: =AK8+AL7 -> 191.25 | AN8: 500 | AO8: =AN8+AO7 -> 2210 | AP8: =MAX(0,MIN(1,(data_raw_4_day!$F$13-AO8+AN8)/AN8)) -> 1 | AQ8: =MAX(0,MIN(1,(data_raw_4_day!$G$13-AO8+AN8)/AN8)) -> 1 | AR8: =MAX(0,MIN(1,(data_raw_4_day!$H$13-AO8+AN8)/AN8)) -> 1 | AS8: =MAX(0,MIN(1,(data_raw_4_day!$I$13-AO8+AN8)/AN8)) -> 1
A9: 6 | B9: 1600 | C9: =B9+C8 -> 3810 | D9: =COUNTA(E9:P9)>1 -> TRUE | H9: 1 | J9: 1 | R9: =AL9/C9 -> 0.07644357 | S9: =MAX(-753.323 + 103.47 * ln(C9), 0) -> 99.826931 | T9: =max(-1480.915 + 182.938 * ln(C9), 0) -> 27.479144 | U9: =max(-2266.818 + 265.622 * ln(C9), 0) -> 0 | V9: =max(-5836.423 + 595.247 * ln(C9), 0) -> 0 | W9: =max(-1405.696 + 187.738 * ln(C9), 0) -> 142.27599 | X9: =max(-2910.346 + 356.024 * ln(C9), 0) -> 25.20876 | Y9: =max(-5016.514 + 579.75 * ln(C9), 0) -> 0 | Z9: =max(-13718.301 + 1372.151 * ln(C9), 0) -> 0 | AB9: =sum($E$4:$E9)-S9 -> -89.826931 | AC9: =sum($E$4:$E9)-T9 -> -17.479144 | AD9: =sum($E$4:$E9)-U9 -> 10 | AE9: =sum($E$4:$E9)-V9 -> 10 | AF9: =sum($E$4:$E9)-W9 -> -132.27599 | AG9: =sum($E$4:$E9)-X9 -> -15.20876 | AH9: =sum($E$4:$E9)-Y9 -> 10 | AI9: =sum($E$4:$E9)-Z9 -> 10 | AK9: =SUMPRODUCT(E9:P9,item_vals!$A$2:$L$2) -> 100 | AL9: =AK9+AL8 -> 291.25 | AN9: 1600 | AO9: =AN9+AO8 -> 3810 | AP9: =MAX(0,MIN(1,(data_raw_4_day!$F$13-AO9+AN9)/AN9)) -> 1 | AQ9: =MAX(0,MIN(1,(data_raw_4_day!$G$13-AO9+AN9)/AN9)) -> 1 | AR9: =MAX(0,MIN(1,(data_raw_4_day!$H$13-AO9+AN9)/AN9)) -> 1 | AS9: =MAX(0,MIN(1,(data_raw_4_day!$I$13-AO9+AN9)/AN9)) -> 1
A10: 7 | B10: 500 | C10: =B10+C9 -> 4310 | D10: =COUNTA(E10:P10)>1 -> FALSE | G10: 1 | R10: =AL10/C10 -> 0.075309358 | S10: =MAX(-753.323 + 103.47 * ln(C10), 0) -> 112.58568 | T10: =max(-1480.915 + 182.938 * ln(C10), 0) -> 50.036994 | U10: =max(-2266.818 + 265.622 * ln(C10), 0) -> 0 | V10: =max(-5836.423 + 595.247 * ln(C10), 0) -> 0 | W10: =max(-1405.696 + 187.738 * ln(C10), 0) -> 165.42572 | X10: =max(-2910.346 + 356.024 * ln(C10), 0) -> 69.109622 | Y10: =max(-5016.514 + 579.75 * ln(C10), 0) -> 0 | Z10: =max(-13718.301 + 1372.151 * ln(C10), 0) -> 0 | AB10: =sum($E$4:$E10)-S10 -> -102.58568 | AC10: =sum($E$4:$E10)-T10 -> -40.036994 | AD10: =sum($E$4:$E10)-U10 -> 10 | AE10: =sum($E$4:$E10)-V10 -> 10 | AF10: =sum($E$4:$E10)-W10 -> -155.42572 | AG10: =sum($E$4:$E10)-X10 -> -59.109622 | AH10: =sum($E$4:$E10)-Y10 -> 10 | AI10: =sum($E$4:$E10)-Z10 -> 10 | AK10: =SUMPRODUCT(E10:P10,item_vals!$A$2:$L$2) -> 33.333333 | AL10: =AK10+AL9 -> 324.58333 | AN10: 500 | AO10: =AN10+AO9 -> 4310 | AP10: =MAX(0,MIN(1,(data_raw_4_day!$F$13-AO10+AN10)/AN10)) -> 1 | AQ10: =MAX(0,MIN(1,(data_raw_4_day!$G$13-AO10+AN10)/AN10)) -> 1 | AR10: =MAX(0,MIN(1,(data_raw_4_day!$H$13-AO10+AN10)/AN10)) -> 1 | AS10: =MAX(0,MIN(1,(data_raw_4_day!$I$13-AO10+AN10)/AN10)) -> 1
A11: 8 | B11: 1000 | C11: =B11+C10 -> 5310 | D11: =COUNTA(E11:P11)>1 -> FALSE | H11: 1 | R11: =AL11/C11 -> 0.070543001 | S11: =MAX(-753.323 + 103.47 * ln(C11), 0) -> 134.17511 | T11: =max(-1480.915 + 182.938 * ln(C11), 0) -> 88.207726 | U11: =max(-2266.818 + 265.622 * ln(C11), 0) -> 11.514095 | V11: =max(-5836.423 + 595.247 * ln(C11), 0) -> 0 | W11: =max(-1405.696 + 187.738 * ln(C11), 0) -> 204.59799 | X11: =max(-2910.346 + 356.024 * ln(C11), 0) -> 143.39543 | Y11: =max(-5016.514 + 579.75 * ln(C11), 0) -> 0 | Z11: =max(-13718.301 + 1372.151 * ln(C11), 0) -> 0 | AB11: =sum($E$4:$E11)-S11 -> -124.17511 | AC11: =sum($E$4:$E11)-T11 -> -78.207726 | AD11: =sum($E$4:$E11)-U11 -> -1.5140952 | AE11: =sum($E$4:$E11)-V11 -> 10 | AF11: =sum($E$4:$E11)-W11 -> -194.59799 | AG11: =sum($E$4:$E11)-X11 -> -133.39543 | AH11: =sum($E$4:$E11)-Y11 -> 10 | AI11: =sum($E$4:$E11)-Z11 -> 10 | AK11: =SUMPRODUCT(E11:P11,item_vals!$A$2:$L$2) -> 50 | AL11: =AK11+AL10 -> 374.58333 | AN11: 1000 | AO11: =AN11+AO10 -> 5310 | AP11: =MAX(0,MIN(1,(data_raw_4_day!$F$13-AO11+AN11)/AN11)) -> 1 | AQ11: =MAX(0,MIN(1,(data_raw_4_day!$G$13-AO11+AN11)/AN11)) -> 1 | AR11: =MAX(0,MIN(1,(data_raw_4_day!$H$13-AO11+AN11)/AN11)) -> 1 | AS11: =MAX(0,MIN(1,(data_raw_4_day!$I$13-AO11+AN11)/AN11)) -> 1
A12: 9 | B12: 3300 | C12: =B12+C11 -> 8610 | D12: =COUNTA(E12:P12)>1 -> TRUE | E12: 20 | J12: 1 | R12: =AL12/C12 -> 0.051635695 | S12: =MAX(-753.323 + 103.47 * ln(C12), 0) -> 184.18552 | T12: =max(-1480.915 + 182.938 * ln(C12), 0) -> 176.6276 | U12: =max(-2266.818 + 265.622 * ln(C12), 0) -> 139.89784 | V12: =max(-5836.423 + 595.247 * ln(C12), 0) -> 0 | W12: =max(-1405.696 + 187.738 * ln(C12), 0) -> 295.33787 | X12: =max(-2910.346 + 356.024 * ln(C12), 0) -> 315.47339 | Y12: =max(-5016.514 + 579.75 * ln(C12), 0) -> 236.415 | Z12: =max(-13718.301 + 1372.151 * ln(C12), 0) -> 0 | AB12: =sum($E$4:$E12)-S12 -> -154.18552 | AC12: =sum($E$4:$E12)-T12 -> -146.6276 | AD12: =sum($E$4:$E12)-U12 -> -109.89784 | AE12: =sum($E$4:$E12)-V12 -> 30 | AF12: =sum($E$4:$E12)-W12 -> -265.33787 | AG12: =sum($E$4:$E12)-X12 -> -285.47339 | AH12: =sum($E$4:$E12)-Y12 -> -206.415 | AI12: =sum($E$4:$E12)-Z12 -> 30 | AK12: =SUMPRODUCT(E12:P12,item_vals!$A$2:$L$2) -> 70 | AL12: =AK12+AL11 -> 444.58333 | AN12: 3300 | AO12: =AN12+AO11 -> 8610 | AP12: =MAX(0,MIN(1,(data_raw_4_day!$F$13-AO12+AN12)/AN12)) -> 1 | AQ12: =MAX(0,MIN(1,(data_raw_4_day!$G$13-AO12+AN12)/AN12)) -> 1 | AR12: =MAX(0,MIN(1,(data_raw_4_day!$H$13-AO12+AN12)/AN12)) -> 1 | AS12: =MAX(0,MIN(1,(data_raw_4_day!$I$13-AO12+AN12)/AN12)) -> 1
A13: 10 | B13: 1100 | C13: =B13+C12 -> 9710 | D13: =COUNTA(E13:P13)>1 -> FALSE | M13: 30 | R13: =AL13/C13 -> 0.052222794 | S13: =MAX(-753.323 + 103.47 * ln(C13), 0) -> 196.62592 | T13: =max(-1480.915 + 182.938 * ln(C13), 0) -> 198.6226 | U13: =max(-2266.818 + 265.622 * ln(C13), 0) -> 171.83409 | V13: =max(-5836.423 + 595.247 * ln(C13), 0) -> 0 | W13: =max(-1405.696 + 187.738 * ln(C13), 0) -> 317.90997 | X13: =max(-2910.346 + 356.024 * ln(C13), 0) -> 358.27886 | Y13: =max(-5016.514 + 579.75 * ln(C13), 0) -> 306.11948 | Z13: =max(-13718.301 + 1372.151 * ln(C13), 0) -> 0 | AB13: =sum($E$4:$E13)-S13 -> -166.62592 | AC13: =sum($E$4:$E13)-T13 -> -168.6226 | AD13: =sum($E$4:$E13)-U13 -> -141.83409 | AE13: =sum($E$4:$E13)-V13 -> 30 | AF13: =sum($E$4:$E13)-W13 -> -287.90997 | AG13: =sum($E$4:$E13)-X13 -> -328.27886 | AH13: =sum($E$4:$E13)-Y13 -> -276.11948 | AI13: =sum($E$4:$E13)-Z13 -> 30 | AK13: =SUMPRODUCT(E13:P13,item_vals!$A$2:$L$2) -> 62.5 | AL13: =AK13+AL12 -> 507.08333 | AN13: 1100 | AO13: =AN13+AO12 -> 9710 | AP13: =MAX(0,MIN(1,(data_raw_4_day!$F$13-AO13+AN13)/AN13)) -> 1 | AQ13: =MAX(0,MIN(1,(data_raw_4_day!$G$13-AO13+AN13)/AN13)) -> 1 | AR13: =MAX(0,MIN(1,(data_raw_4_day!$H$13-AO13+AN13)/AN13)) -> 1 | AS13: =MAX(0,MIN(1,(data_raw_4_day!$I$13-AO13+AN13)/AN13)) -> 1
A14: 11 | B14: 2200 | C14: =B14+C13 -> 11910 | D14: =COUNTA(E14:P14)>1 -> FALSE | J14: 1 | R14: =AL14/C14 -> 0.046774419 | S14: =MAX(-753.323 + 103.47 * ln(C14), 0) -> 217.75678 | T14: =max(-1480.915 + 182.938 * ln(C14), 0) -> 235.98258 | U14: =max(-2266.818 + 265.622 * ln(C14), 0) -> 226.07997 | V14: =max(-5836.423 + 595.247 * ln(C14), 0) -> 0 | W14: =max(-1405.696 + 187.738 * ln(C14), 0) -> 356.25022 | X14: =max(-2910.346 + 356.024 * ln(C14), 0) -> 430.98683 | Y14: =max(-5016.514 + 579.75 * ln(C14), 0) -> 424.51724 | Z14: =max(-13718.301 + 1372.151 * ln(C14), 0) -> 0 | AB14: =sum($E$4:$E14)-S14 -> -187.75678 | AC14: =sum($E$4:$E14)-T14 -> -205.98258 | AD14: =sum($E$4:$E14)-U14 -> -196.07997 | AE14: =sum($E$4:$E14)-V14 -> 30 | AF14: =sum($E$4:$E14)-W14 -> -326.25022 | AG14: =sum($E$4:$E14)-X14 -> -400.98683 | AH14: =sum($E$4:$E14)-Y14 -> -394.51724 | AI14: =sum($E$4:$E14)-Z14 -> 30 | AK14: =SUMPRODUCT(E14:P14,item_vals!$A$2:$L$2) -> 50 | AL14: =AK14+AL13 -> 557.08333 | AN14: 2200 | AO14: =AN14+AO13 -> 11910 | AP14: =MAX(0,MIN(1,(data_raw_4_day!$F$13-AO14+AN14)/AN14)) -> 1 | AQ14: =MAX(0,MIN(1,(data_raw_4_day!$G$13-AO14+AN14)/AN14)) -> 1 | AR14: =MAX(0,MIN(1,(data_raw_4_day!$H$13-AO14+AN14)/AN14)) -> 1 | AS14: =MAX(0,MIN(1,(data_raw_4_day!$I$13-AO14+AN14)/AN14)) -> 1
A15: 12 | B15: 6500 | C15: =B15+C14 -> 18410 | D15: =COUNTA(E15:P15)>1 -> TRUE | E15: 35 | K15: 1 | R15: =AL15/C15 -> 0.035782184 | S15: =MAX(-753.323 + 103.47 * ln(C15), 0) -> 262.81958 | T15: =max(-1480.915 + 182.938 * ln(C15), 0) -> 315.65494 | U15: =max(-2266.818 + 265.622 * ln(C15), 0) -> 341.7625 | V15: =max(-5836.423 + 595.247 * ln(C15), 0) -> 9.2890185 | W15: =max(-1405.696 + 187.738 * ln(C15), 0) -> 438.01305 | X15: =max(-2910.346 + 356.024 * ln(C15), 0) -> 586.04084 | Y15: =max(-5016.514 + 579.75 * ln(C15), 0) -> 677.00742 | Z15: =max(-13718.301 + 1372.151 * ln(C15), 0) -> 0 | AB15: =sum($E$4:$E15)-S15 -> -197.81958 | AC15: =sum($E$4:$E15)-T15 -> -250.65494 | AD15: =sum($E$4:$E15)-U15 -> -276.7625 | AE15: =sum($E$4:$E15)-V15 -> 55.710981 | AF15: =sum($E$4:$E15)-W15 -> -373.01305 | AG15: =sum($E$4:$E15)-X15 -> -521.04084 | AH15: =sum($E$4:$E15)-Y15 -> -612.00742 | AI15: =sum($E$4:$E15)-Z15 -> 65 | AK15: =SUMPRODUCT(E15:P15,item_vals!$A$2:$L$2) -> 101.66667 | AL15: =AK15+AL14 -> 658.75 | AN15: 6500 | AO15: =AN15+AO14 -> 18410 | AP15: =MAX(0,MIN(1,(data_raw_4_day!$F$13-AO15+AN15)/AN15)) -> 1 | AQ15: =MAX(0,MIN(1,(data_raw_4_day!$G$13-AO15+AN15)/AN15)) -> 1 | AR15: =MAX(0,MIN(1,(data_raw_4_day!$H$13-AO15+AN15)/AN15)) -> 1 | AS15: =MAX(0,MIN(1,(data_raw_4_day!$I$13-AO15+AN15)/AN15)) -> 1
A16: 13 | B16: 2200 | C16: =B16+C15 -> 20610 | D16: =COUNTA(E16:P16)>1 -> FALSE | N16: 10 | R16: =AL16/C16 -> 0.035545043 | S16: =MAX(-753.323 + 103.47 * ln(C16), 0) -> 274.49952 | T16: =max(-1480.915 + 182.938 * ln(C16), 0) -> 336.30542 | U16: =max(-2266.818 + 265.622 * ln(C16), 0) -> 371.74655 | V16: =max(-5836.423 + 595.247 * ln(C16), 0) -> 76.481928 | W16: =max(-1405.696 + 187.738 * ln(C16), 0) -> 459.20537 | X16: =max(-2910.346 + 356.024 * ln(C16), 0) -> 626.22968 | Y16: =max(-5016.514 + 579.75 * ln(C16), 0) -> 742.45099 | Z16: =max(-13718.301 + 1372.151 * ln(C16), 0) -> 0 | AB16: =sum($E$4:$E16)-S16 -> -209.49952 | AC16: =sum($E$4:$E16)-T16 -> -271.30542 | AD16: =sum($E$4:$E16)-U16 -> -306.74655 | AE16: =sum($E$4:$E16)-V16 -> -11.481928 | AF16: =sum($E$4:$E16)-W16 -> -394.20537 | AG16: =sum($E$4:$E16)-X16 -> -561.22968 | AH16: =sum($E$4:$E16)-Y16 -> -677.45099 | AI16: =sum($E$4:$E16)-Z16 -> 65 | AK16: =SUMPRODUCT(E16:P16,item_vals!$A$2:$L$2) -> 73.833333 | AL16: =AK16+AL15 -> 732.58333 | AN16: 2200 | AO16: =AN16+AO15 -> 20610 | AP16: =MAX(0,MIN(1,(data_raw_4_day!$F$13-AO16+AN16)/AN16)) -> 1 | AQ16: =MAX(0,MIN(1,(data_raw_4_day!$G$13-AO16+AN16)/AN16)) -> 1 | AR16: =MAX(0,MIN(1,(data_raw_4_day!$H$13-AO16+AN16)/AN16)) -> 1 | AS16: =MAX(0,MIN(1,(data_raw_4_day!$I$13-AO16+AN16)/AN16)) -> 1
A17: 14 | B17: 4400 | C17: =B17+C16 -> 25010 | D17: =COUNTA(E17:P17)>1 -> FALSE | G17: 2 | R17: =AL17/C17 -> 0.031957217 | S17: =MAX(-753.323 + 103.47 * ln(C17), 0) -> 294.5209 | T17: =max(-1480.915 + 182.938 * ln(C17), 0) -> 371.7038 | U17: =max(-2266.818 + 265.622 * ln(C17), 0) -> 423.14423 | V17: =max(-5836.423 + 595.247 * ln(C17), 0) -> 191.66184 | W17: =max(-1405.696 + 187.738 * ln(C17), 0) -> 495.53255 | X17: =max(-2910.346 + 356.024 * ln(C17), 0) -> 695.12009 | Y17: =max(-5016.514 + 579.75 * ln(C17), 0) -> 854.63224 | Z17: =max(-13718.301 + 1372.151 * ln(C17), 0) -> 177.51475 | AB17: =sum($E$4:$E17)-S17 -> -229.5209 | AC17: =sum($E$4:$E17)-T17 -> -306.7038 | AD17: =sum($E$4:$E17)-U17 -> -358.14423 | AE17: =sum($E$4:$E17)-V17 -> -126.66184 | AF17: =sum($E$4:$E17)-W17 -> -430.53255 | AG17: =sum($E$4:$E17)-X17 -> -630.12009 | AH17: =sum($E$4:$E17)-Y17 -> -789.63224 | AI17: =sum($E$4:$E17)-Z17 -> -112.51475 | AK17: =SUMPRODUCT(E17:P17,item_vals!$A$2:$L$2) -> 66.666667 | AL17: =AK17+AL16 -> 799.25 | AN17: 4400 | AO17: =AN17+AO16 -> 25010 | AP17: =MAX(0,MIN(1,(data_raw_4_day!$F$13-AO17+AN17)/AN17)) -> 1 | AQ17: =MAX(0,MIN(1,(data_raw_4_day!$G$13-AO17+AN17)/AN17)) -> 1 | AR17: =MAX(0,MIN(1,(data_raw_4_day!$H$13-AO17+AN17)/AN17)) -> 1 | AS17: =MAX(0,MIN(1,(data_raw_4_day!$I$13-AO17+AN17)/AN17)) -> 1
