Workbook

Sheet Sim per Segment
B2: NS Streak Increase Multiplier: | C2: 1.05
C4: Daily HC Gain | Q4: Spend & Net (data) | Y4: P25 | AN4: P50 | BC4: P75 | BR4: P90
B5: Segment | C5: avg_attempts (data) | D5: avg_completes (data) | E5: current gain (data) | F5: saga old (data) | G5: dr old (data) | H5: gain w/o saga & dr & NS (data) | I5: saga new (sim) | J5: dr new (sim) | K5: P_completing_R1 (sim) | L5: P_completing_R2 (sim) | M5: P_completing_R3 (sim) | N5: NS new (sim) | O5: Total Sim Gain (calc) | Q5: spend (data) | R5: net (data) (calc) | S5: streak (data) | T5: streak increase (sim) | U5: slope | V5: net (sim) | W5: net (sim) - with no hc spend change | Y5: Cur Streak (data) | Z5: Cur Gain (data) | AA5: Cur Spend (data) | AB5: Cur Net (data) | AC5: Cur Saga (data) | AD5: New Streak (sim) | AE5: New Gain (sim) | AF5: New Spend (sim) | AG5: New Net (auto) | AH5: New Saga (sim) | AI5: diff Net | AJ5: diff Streak | AK5: diff Saga | AL5: diff Spend | AN5: Cur Streak (data) | AO5: Cur Gain (data) | AP5: Cur Spend (data) | AQ5: Cur Net (data) | AR5: Cur Saga (data) | AS5: New Streak (sim) | AT5: New Gain (sim) | AU5: New Spend (sim) | AV5: New Net (auto) | AW5: New Saga (sim) | AX5: diff Net | AY5: diff Streak | AZ5: diff Saga | BA5: diff Spend | BC5: Cur Streak (data) | BD5: Cur Gain (data) | BE5: Cur Spend (data) | BF5: Cur Net (data) | BG5: Cur Saga (data) | BH5: New Streak (sim) | BI5: New Gain (sim) | BJ5: New Spend (sim) | BK5: New Net (auto) | BL5: New Saga (sim) | BM5: diff Net | BN5: diff Streak | BO5: diff Saga | BP5: diff Spend | BR5: Cur Streak (data) | BS5: Cur Gain (data) | BT5: Cur Spend (data) | BU5: Cur Net (data) | BV5: Cur Saga (data) | BW5: New Streak (sim) | BX5: New Gain (sim) | BY5: New Spend (sim) | BZ5: New Net (auto) | CA5: New Saga (sim) | CB5: diff Net | CC5: diff Streak | CD5: diff Saga | CE5: diff Spend
B6: NONPAYER
B7: 0-9 | C7: =data_processed!E2 -> 13.799245 | D7: =data_processed!G2 -> 5.6785639 | E7: =data_processed!H2 -> 55.056721 | F7: =data_processed!I2 -> 11.09847 | G7: =data_processed!X2 -> 19.725437 | H7: =data_processed!J2 -> 43.958595 | I7: =IFERROR(D7*saga_progression_new!$C17,"") -> 4.258923 | J7: =IFERROR(daily_rewards_new!$B$13*data_processed!Y2,"") -> 13.862335 | K7: =data_processed!L2 -> 0.73165776 | L7: =data_processed!M2 -> 0.30928374 | M7: =data_processed!N2 -> 0.086116813 | N7: =IFERROR(K7*ns_new!$F$5+L7*ns_new!$F$6+M7*ns_new!$F$7,"") -> 4.3845896 | O7: =IFERROR(H7+I7+N7+J7,"") -> 66.464443 | Q7: =data_processed!K2 -> 53.732503 | R7: =IFERROR(E7-Q7,"") -> 1.3242183 | S7: =data_processed!W2 -> 4.0143096 | T7: =IFERROR(S7*($C$2-1),"") -> 0.20071548 | U7: =data_processed!R2 -> 17.833 | V7: =IFERROR(O7-(Q7+U7*T7),"") -> 9.1525809 | W7: =IFERROR(O7-Q7,"") -> 12.73194 | Y7: =SUMPRODUCT((data_segment_HC_gains!$A$48:$A$67="0-9")*(data_segment_HC_gains!$B$48:$B$67="p25")*data_segment_HC_gains!$C$48:$C$67) -> 0 | Z7: =SUMPRODUCT((data_segment_HC_gains!$A$48:$A$67="0-9")*(data_segment_HC_gains!$B$48:$B$67="p25")*data_segment_HC_gains!$E$48:$E$67) -> 22 | AA7: =SUMPRODUCT((data_raw_slopes!$A$2:$A$41="0-9")*(data_raw_slopes!$B$2:$B$41="nonpayer")*(data_raw_slopes!$C$2:$C$41="p25")*data_raw_slopes!$E$2:$E$41) -> 2.03 | AB7: =Z7-AA7 -> 19.97 | AC7: =SUMPRODUCT((data_segment_HC_gains!$A$48:$A$67="0-9")*(data_segment_HC_gains!$B$48:$B$67="p25")*data_segment_HC_gains!$G$48:$G$67) -> 0.16 | AD7: =Y7*1.15 -> 0 | AE7: =Z7-AC7*(1-(saga_progression_new!$C$17/saga_progression_old!$C$16))+IF(Y7<ns_new!$E$5,0,IF(Y7*1.25<ns_new!$E$6-ns_new!$E$5,ns_new!$F$5,IF(Y7*1.25^2<ns_new!$E$7-ns_new!$E$6,ns_new!$F$5+ns_new!$F$6,ns_new!$F$5+ns_new!$F$6+ns_new!$F$7))) -> 21.897143 | AF7: =AA7+(IF(SUMPRODUCT((data_raw_slopes!$A$2:$A$41="0-9")*(data_raw_slopes!$B$2:$B$41="nonpayer")*(data_raw_slopes!$C$2:$C$41="p25")*data_raw_slopes!$F$2:$F$41)>0,SUMPRODUCT((data_raw_slopes!$A$2:$A$41="0-9")*(data_raw_slopes!$B$2:$B$41="nonpayer")*(data_raw_slopes!$C$2:$C$41="p25")*data_raw_slopes!$F$2:$F$41),SUMPRODUCT((data_raw_slopes!$A$2:$A$41="0-9")*(data_raw_slopes!$B$2:$B$41="nonpayer")*(data_raw_slopes!$C$2:$C$41="p25")*data_raw_slopes!$G$2:$G$41)))*Y7*0.15 -> 2.03 | AG7: =AE7-AF7 -> 19.867143 | AH7: =AC7*(saga_progression_new!$C$17/saga_progression_old!$C$16) -> 0.057142857 | AI7: =AG7-AB7 -> -0.10285714 | AJ7: =AD7-Y7 -> 0 | AK7: =AH7-AC7 -> -0.10285714 | AL7: =AF7-AA7 -> 0 | AN7: =SUMPRODUCT((data_segment_HC_gains!$A$48:$A$67="0-9")*(data_segment_HC_gains!$B$48:$B$67="p50")*data_segment_HC_gains!$C$48:$C$67) -> 1 | AO7: =SUMPRODUCT((data_segment_HC_gains!$A$48:$A$67="0-9")*(data_segment_HC_gains!$B$48:$B$67="p50")*data_segment_HC_gains!$E$48:$E$67) -> 28.55 | AP7: =SUMPRODUCT((data_raw_slopes!$A$2:$A$41="0-9")*(data_raw_slopes!$B$2:$B$41="nonpayer")*(data_raw_slopes!$C$2:$C$41="p50")*data_raw_slopes!$E$2:$E$41) -> 20.5 | AQ7: =AO7-AP7 -> 8.05 | AR7: =SUMPRODUCT((data_segment_HC_gains!$A$48:$A$67="0-9")*(data_segment_HC_gains!$B$48:$B$67="p50")*data_segment_HC_gains!$G$48:$G$67) -> 2.2 | AS7: =AN7*1.15 -> 1.15 | AT7: =AO7-AR7*(1-(saga_progression_new!$C$17/saga_progression_old!$C$16))+IF(AN7<ns_new!$E$5,0,IF(AN7*1.25<ns_new!$E$6-ns_new!$E$5,ns_new!$F$5,IF(AN7*1.25^2<ns_new!$E$7-ns_new!$E$6,ns_new!$F$5+ns_new!$F$6,ns_new!$F$5+ns_new!$F$6+ns_new!$F$7))) -> 27.135714 | AU7: =AP7+(IF(SUMPRODUCT((data_raw_slopes!$A$2:$A$41="0-9")*(data_raw_slopes!$B$2:$B$41="nonpayer")*(data_raw_slopes!$C$2:$C$41="p50")*data_raw_slopes!$F$2:$F$41)>0,SUMPRODUCT((data_raw_slopes!$A$2:$A$41="0-9")*(data_raw_slopes!$B$2:$B$41="nonpayer")*(data_raw_slopes!$C$2:$C$41="p50")*data_raw_slopes!$F$2:$F$41),SUMPRODUCT((data_raw_slopes!$A$2:$A$41="0-9")*(data_raw_slopes!$B$2:$B$41="nonpayer")*(data_raw_slopes!$C$2:$C$41="p50")*data_raw_slopes!$G$2:$G$41)))*AN7*0.15 -> 23.17495 | AV7: =AT7-AU7 -> 3.9607643 | AW7: =AR7*(saga_progression_new!$C$17/saga_progression_old!$C$16) -> 0.78571429 | AX7: =AV7-AQ7 -> -4.0892357 | AY7: =AS7-AN7 -> 0.15 | AZ7: =AW7-AR7 -> -1.4142857 | BA7: =AU7-AP7 -> 2.67495 | BC7: =SUMPRODUCT((data_segment_HC_gains!$A$48:$A$67="0-9")*(data_segment_HC_gains!$B$48:$B$67="p75")*data_segment_HC_gains!$C$48:$C$67) -> 3 | BD7: =SUMPRODUCT((data_segment_HC_gains!$A$48:$A$67="0-9")*(data_segment_HC_gains!$B$48:$B$67="p75")*data_segment_HC_gains!$E$48:$E$67) -> 46.44 | BE7: =SUMPRODUCT((data_raw_slopes!$A$2:$A$41="0-9")*(data_raw_slopes!$B$2:$B$41="nonpayer")*(data_raw_slopes!$C$2:$C$41="p75")*data_raw_slopes!$E$2:$E$41) -> 43.7 | BF7: =BD7-BE7 -> 2.74 | BG7: =SUMPRODUCT((data_segment_HC_gains!$A$48:$A$67="0-9")*(data_segment_HC_gains!$B$48:$B$67="p75")*data_segment_HC_gains!$G$48:$G$67) -> 8.05 | BH7: =BC7*1.15 -> 3.45 | BI7: =BD7-BG7*(1-(saga_progression_new!$C$17/saga_progression_old!$C$16))+IF(BC7<ns_new!$E$5,0,IF(BC7*1.25<ns_new!$E$6-ns_new!$E$5,ns_new!$F$5,IF(BC7*1.25^2<ns_new!$E$7-ns_new!$E$6,ns_new!$F$5+ns_new!$F$6,ns_new!$F$5+ns_new!$F$6+ns_new!$F$7))) -> 51.265 | BJ7: =BE7+(IF(SUMPRODUCT((data_raw_slopes!$A$2:$A$41="0-9")*(data_raw_slopes!$B$2:$B$41="nonpayer")*(data_raw_slopes!$C$2:$C$41="p75")*data_raw_slopes!$F$2:$F$41)>0,SUMPRODUCT((data_raw_slopes!$A$2:$A$41="0-9")*(data_raw_slopes!$B$2:$B$41="nonpayer")*(data_raw_slopes!$C$2:$C$41="p75")*data_raw_slopes!$F$2:$F$41),SUMPRODUCT((data_raw_slopes!$A$2:$A$41="0-9")*(data_raw_slopes!$B$2:$B$41="nonpayer")*(data_raw_slopes!$C$2:$C$41="p75")*data_raw_slopes!$G$2:$G$41)))*BC7*0.15 -> 47.582735 | BK7: =BI7-BJ7 -> 3.682265 | BL7: =BG7*(saga_progression_new!$C$17/saga_progression_old!$C$16) -> 2.875 | BM7: =BK7-BF7 -> 0.942265 | BN7: =BH7-BC7 -> 0.45 | BO7: =BL7-BG7 -> -5.175 | BP7: =BJ7-BE7 -> 3.882735 | BR7: =SUMPRODUCT((data_segment_HC_gains!$A$48:$A$67="0-9")*(data_segment_HC_gains!$B$48:$B$67="p90")*data_segment_HC_gains!$C$48:$C$67) -> 7 | BS7: =SUMPRODUCT((data_segment_HC_gains!$A$48:$A$67="0-9")*(data_segment_HC_gains!$B$48:$B$67="p90")*data_segment_HC_gains!$E$48:$E$67) -> 64.94 | BT7: =SUMPRODUCT((data_raw_slopes!$A$2:$A$41="0-9")*(data_raw_slopes!$B$2:$B$41="nonpayer")*(data_raw_slopes!$C$2:$C$41="p90")*data_raw_slopes!$E$2:$E$41) -> 79.1 | BU7: =BS7-BT7 -> -14.16 | BV7: =SUMPRODUCT((data_segment_HC_gains!$A$48:$A$67="0-9")*(data_segment_HC_gains!$B$48:$B$67="p90")*data_segment_HC_gains!$G$48:$G$67) -> 15.63 | BW7: =BR7*1.15 -> 8.05 | BX7: =BS7-BV7*(1-(saga_progression_new!$C$17/saga_progression_old!$C$16))+IF(BR7<ns_new!$E$5,0,IF(BR7*1.25<ns_new!$E$6-ns_new!$E$5,ns_new!$F$5,IF(BR7*1.25^2<ns_new!$E$7-ns_new!$E$6,ns_new!$F$5+ns_new!$F$6,ns_new!$F$5+ns_new!$F$6+ns_new!$F$7))) -> 79.892143 | BY7: =BT7+(IF(SUMPRODUCT((data_raw_slopes!$A$2:$A$41="0-9")*(data_raw_slopes!$B$2:$B$41="nonpayer")*(data_raw_slopes!$C$2:$C$41="p90")*data_raw_slopes!$F$2:$F$41)>0,SUMPRODUCT((data_raw_slopes!$A$2:$A$41="0-9")*(data_raw_slopes!$B$2:$B$41="nonpayer")*(data_raw_slopes!$C$2:$C$41="p90")*data_raw_slopes!$F$2:$F$41),SUMPRODUCT((data_raw_slopes!$A$2:$A$41="0-9")*(data_raw_slopes!$B$2:$B$41="nonpayer")*(data_raw_slopes!$C$2:$C$41="p90")*data_raw_slopes!$G$2:$G$41)))*BR7*0.15 -> 86.442125 | BZ7: =BX7-BY7 -> -6.5499821 | CA7: =BV7*(saga_progression_new!$C$17/saga_progression_old!$C$16) -> 5.5821429 | CB7: =BZ7-BU7 -> 7.6100179 | CC7: =BW7-BR7 -> 1.05 | CD7: =CA7-BV7 -> -10.047857 | CE7: =BY7-BT7 -> 7.342125
B8: 10-19 | C8: =data_processed!E3 -> 26.966064 | D8: =data_processed!G3 -> 14.385494 | E8: =data_processed!H3 -> 100.28446 | F8: =data_processed!I3 -> 27.60078 | G8: =data_processed!X3 -> 20.633988 | H8: =data_processed!J3 -> 72.683758 | I8: =IFERROR(D8*saga_progression_new!$E17,"") -> 10.789121 | J8: =IFERROR(daily_rewards_new!$B$13*data_processed!Y3,"") -> 15.685967 | K8: =data_processed!L3 -> 0.60927831 | L8: =data_processed!M3 -> 0.26257701 | M8: =data_processed!N3 -> 0.046402923 | N8: =IFERROR(K8*ns_new!$F$11+L8*ns_new!$F$12+M8*ns_new!$F$13,"") -> 16.754269 | O8: =IFERROR(H8+I8+N8+J8,"") -> 115.91311 | Q8: =data_processed!K3 -> 101.00605 | R8: =IFERROR(E8-Q8,"") -> -0.72159187 | S8: =data_processed!W3 -> 9.449237 | T8: =IFERROR(S8*($C$2-1),"") -> 0.47246185 | U8: =data_processed!R3 -> 5.3655 | V8: =IFERROR(O8-(Q8+U8*T8),"") -> 12.372066 | W8: =IFERROR(O8-Q8,"") -> 14.90706 | Y8: =SUMPRODUCT((data_segment_HC_gains!$A$48:$A$67="10-19")*(data_segment_HC_gains!$B$48:$B$67="p25")*data_segment_HC_gains!$C$48:$C$67) -> 3 | Z8: =SUMPRODUCT((data_segment_HC_gains!$A$48:$A$67="10-19")*(data_segment_HC_gains!$B$48:$B$67="p25")*data_segment_HC_gains!$E$48:$E$67) -> 73.44 | AA8: =SUMPRODUCT((data_raw_slopes!$A$2:$A$41="10-19")*(data_raw_slopes!$B$2:$B$41="nonpayer")*(data_raw_slopes!$C$2:$C$41="p25")*data_raw_slopes!$E$2:$E$41) -> 60.89 | AB8: =Z8-AA8 -> 12.55 | AC8: =SUMPRODUCT((data_segment_HC_gains!$A$48:$A$67="10-19")*(data_segment_HC_gains!$B$48:$B$67="p25")*data_segment_HC_gains!$G$48:$G$67) -> 16.36 | AD8: =Y8*1.15 -> 3.45 | AE8: =Z8-AC8*(1-(saga_progression_new!$E$17/saga_progression_old!$C$16))+IF(Y8<ns_new!$E$11,0,IF(Y8*1.25<ns_new!$E$12-ns_new!$E$11,ns_new!$F$11,IF(Y8*1.25^2<ns_new!$E$13-ns_new!$E$12,ns_new!$F$11+ns_new!$F$12,ns_new!$F$11+ns_new!$F$12+ns_new!$F$13))) -> 62.922857 | AF8: =AA8+(IF(SUMPRODUCT((data_raw_slopes!$A$2:$A$41="10-19")*(data_raw_slopes!$B$2:$B$41="nonpayer")*(data_raw_slopes!$C$2:$C$41="p25")*data_raw_slopes!$F$2:$F$41)>0,SUMPRODUCT((data_raw_slopes!$A$2:$A$41="10-19")*(data_raw_slopes!$B$2:$B$41="nonpayer")*(data_raw_slopes!$C$2:$C$41="p25")*data_raw_slopes!$F$2:$F$41),SUMPRODUCT((data_raw_slopes!$A$2:$A$41="10-19")*(data_raw_slopes!$B$2:$B$41="nonpayer")*(data_raw_slopes!$C$2:$C$41="p25")*data_raw_slopes!$G$2:$G$41)))*Y8*0.15 -> 65.834105 | AG8: =AE8-AF8 -> -2.9112479 | AH8: =AC8*(saga_progression_new!$E$17/saga_progression_old!$C$16) -> 5.8428571 | AI8: =AG8-AB8 -> -15.461248 | AJ8: =AD8-Y8 -> 0.45 | AK8: =AH8-AC8 -> -10.517143 | AL8: =AF8-AA8 -> 4.944105 | AN8: =SUMPRODUCT((data_segment_HC_gains!$A$48:$A$67="10-19")*(data_segment_HC_gains!$B$48:$B$67="p50")*data_segment_HC_gains!$C$48:$C$67) -> 7 | AO8: =SUMPRODUCT((data_segment_HC_gains!$A$48:$A$67="10-19")*(data_segment_HC_gains!$B$48:$B$67="p50")*data_segment_HC_gains!$E$48:$E$67) -> 92.78 | AP8: =SUMPRODUCT((data_raw_slopes!$A$2:$A$41="10-19")*(data_raw_slopes!$B$2:$B$41="nonpayer")*(data_raw_slopes!$C$2:$C$41="p50")*data_raw_slopes!$E$2:$E$41) -> 91.46 | AQ8: =AO8-AP8 -> 1.32 | AR8: =SUMPRODUCT((data_segment_HC_gains!$A$48:$A$67="10-19")*(data_segment_HC_gains!$B$48:$B$67="p50")*data_segment_HC_gains!$G$48:$G$67) -> 24.86 | AS8: =AN8*1.15 -> 8.05 | AT8: =AO8-AR8*(1-(saga_progression_new!$E$17/saga_progression_old!$C$16))+IF(AN8<ns_new!$E$11,0,IF(AN8*1.25<ns_new!$E$12-ns_new!$E$11,ns_new!$F$11,IF(AN8*1.25^2<ns_new!$E$13-ns_new!$E$12,ns_new!$F$11+ns_new!$F$12,ns_new!$F$11+ns_new!$F$12+ns_new!$F$13))) -> 116.79857 | AU8: =AP8+(IF(SUMPRODUCT((data_raw_slopes!$A$2:$A$41="10-19")*(data_raw_slopes!$B$2:$B$41="nonpayer")*(data_raw_slopes!$C$2:$C$41="p50")*data_raw_slopes!$F$2:$F$41)>0,SUMPRODUCT((data_raw_slopes!$A$2:$A$41="10-19")*(data_raw_slopes!$B$2:$B$41="nonpayer")*(data_raw_slopes!$C$2:$C$41="p50")*data_raw_slopes!$F$2:$F$41),SUMPRODUCT((data_raw_slopes!$A$2:$A$41="10-19")*(data_raw_slopes!$B$2:$B$41="nonpayer")*(data_raw_slopes!$C$2:$C$41="p50")*data_raw_slopes!$G$2:$G$41)))*AN8*0.15 -> 97.093775 | AV8: =AT8-AU8 -> 19.704796 | AW8: =AR8*(saga_progression_new!$E$17/saga_progression_old!$C$16) -> 8.8785714 | AX8: =AV8-AQ8 -> 18.384796 | AY8: =AS8-AN8 -> 1.05 | AZ8: =AW8-AR8 -> -15.981429 | BA8: =AU8-AP8 -> 5.633775 | BC8: =SUMPRODUCT((data_segment_HC_gains!$A$48:$A$67="10-19")*(data_segment_HC_gains!$B$48:$B$67="p75")*data_segment_HC_gains!$C$48:$C$67) -> 13 | BD8: =SUMPRODUCT((data_segment_HC_gains!$A$48:$A$67="10-19")*(data_segment_HC_gains!$B$48:$B$67="p75")*data_segment_HC_gains!$E$48:$E$67) -> 104.9 | BE8: =SUMPRODUCT((data_raw_slopes!$A$2:$A$41="10-19")*(data_raw_slopes!$B$2:$B$41="nonpayer")*(data_raw_slopes!$C$2:$C$41="p75")*data_raw_slopes!$E$2:$E$41) -> 115.5 | BF8: =BD8-BE8 -> -10.6 | BG8: =SUMPRODUCT((data_segment_HC_gains!$A$48:$A$67="10-19")*(data_segment_HC_gains!$B$48:$B$67="p75")*data_segment_HC_gains!$G$48:$G$67) -> 31.52 | BH8: =BC8*1.15 -> 14.95 | BI8: =BD8-BG8*(1-(saga_progression_new!$E$17/saga_progression_old!$C$16))+IF(BC8<ns_new!$E$11,0,IF(BC8*1.25<ns_new!$E$12-ns_new!$E$11,ns_new!$F$11,IF(BC8*1.25^2<ns_new!$E$13-ns_new!$E$12,ns_new!$F$11+ns_new!$F$12,ns_new!$F$11+ns_new!$F$12+ns_new!$F$13))) -> 184.63714 | BJ8: =BE8+(IF(SUMPRODUCT((data_raw_slopes!$A$2:$A$41="10-19")*(data_raw_slopes!$B$2:$B$41="nonpayer")*(data_raw_slopes!$C$2:$C$41="p75")*data_raw_slopes!$F$2:$F$41)>0,SUMPRODUCT((data_raw_slopes!$A$2:$A$41="10-19")*(data_raw_slopes!$B$2:$B$41="nonpayer")*(data_raw_slopes!$C$2:$C$41="p75")*data_raw_slopes!$F$2:$F$41),SUMPRODUCT((data_raw_slopes!$A$2:$A$41="10-19")*(data_raw_slopes!$B$2:$B$41="nonpayer")*(data_raw_slopes!$C$2:$C$41="p75")*data_raw_slopes!$G$2:$G$41)))*BC8*0.15 -> 127.11557 | BK8: =BI8-BJ8 -> 57.521578 | BL8: =BG8*(saga_progression_new!$E$17/saga_progression_old!$C$16) -> 11.257143 | BM8: =BK8-BF8 -> 68.121578 | BN8: =BH8-BC8 -> 1.95 | BO8: =BL8-BG8 -> -20.262857 | BP8: =BJ8-BE8 -> 11.615565 | BR8: =SUMPRODUCT((data_segment_HC_gains!$A$48:$A$67="10-19")*(data_segment_HC_gains!$B$48:$B$67="p90")*data_segment_HC_gains!$C$48:$C$67) -> 19 | BS8: =SUMPRODUCT((data_segment_HC_gains!$A$48:$A$67="10-19")*(data_segment_HC_gains!$B$48:$B$67="p90")*data_segment_HC_gains!$E$48:$E$67) -> 142.33 | BT8: =SUMPRODUCT((data_raw_slopes!$A$2:$A$41="10-19")*(data_raw_slopes!$B$2:$B$41="nonpayer")*(data_raw_slopes!$C$2:$C$41="p90")*data_raw_slopes!$E$2:$E$41) -> 170.28 | BU8: =BS8-BT8 -> -27.95 | BV8: =SUMPRODUCT((data_segment_HC_gains!$A$48:$A$67="10-19")*(data_segment_HC_gains!$B$48:$B$67="p90")*data_segment_HC_gains!$G$48:$G$67) -> 45.45 | BW8: =BR8*1.15 -> 21.85 | BX8: =BS8-BV8*(1-(saga_progression_new!$E$17/saga_progression_old!$C$16))+IF(BR8<ns_new!$E$11,0,IF(BR8*1.25<ns_new!$E$12-ns_new!$E$11,ns_new!$F$11,IF(BR8*1.25^2<ns_new!$E$13-ns_new!$E$12,ns_new!$F$11+ns_new!$F$12,ns_new!$F$11+ns_new!$F$12+ns_new!$F$13))) -> 213.11214 | BY8: =BT8+(IF(SUMPRODUCT((data_raw_slopes!$A$2:$A$41="10-19")*(data_raw_slopes!$B$2:$B$41="nonpayer")*(data_raw_slopes!$C$2:$C$41="p90")*data_raw_slopes!$F$2:$F$41)>0,SUMPRODUCT((data_raw_slopes!$A$2:$A$41="10-19")*(data_raw_slopes!$B$2:$B$41="nonpayer")*(data_raw_slopes!$C$2:$C$41="p90")*data_raw_slopes!$F$2:$F$41),SUMPRODUCT((data_raw_slopes!$A$2:$A$41="10-19")*(data_raw_slopes!$B$2:$B$41="nonpayer")*(data_raw_slopes!$C$2:$C$41="p90")*data_raw_slopes!$G$2:$G$41)))*BR8*0.15 -> 188.74144 | BZ8: =BX8-BY8 -> 24.370698 | CA8: =BV8*(saga_progression_new!$E$17/saga_progression_old!$C$16) -> 16.232143 | CB8: =BZ8-BU8 -> 52.320698 | CC8: =BW8-BR8 -> 2.85 | CD8: =CA8-BV8 -> -29.217857 | CE8: =BY8-BT8 -> 18.461445
B9: 20-39 | C9: =data_processed!E4 -> 41.841104 | D9: =data_processed!G4 -> 27.709983 | E9: =data_processed!H4 -> 170.38752 | F9: =data_processed!I4 -> 53.237215 | G9: =data_processed!X4 -> 20.949968 | H9: =data_processed!J4 -> 117.15079 | I9: =IFERROR(D9*saga_progression_new!$G17,"") -> 20.782488 | J9: =IFERROR(daily_rewards_new!$B$13*data_processed!Y4,"") -> 16.138901 | K9: =data_processed!L4 -> 0.61092145 | L9: =data_processed!M4 -> 0.23962887 | M9: =data_processed!N4 -> 0.069363634 | N9: =IFERROR(K9*ns_new!$F$17+L9*ns_new!$F$18+M9*ns_new!$F$19,"") -> 28.081629 | O9: =IFERROR(H9+I9+N9+J9,"") -> 182.1538 | Q9: =data_processed!K4 -> 174.98742 | R9: =IFERROR(E9-Q9,"") -> -4.5999022 | S9: =data_processed!W4 -> 18.0621 | T9: =IFERROR(S9*($C$2-1),"") -> 0.90310502 | U9: =data_processed!R4 -> 5.6273 | V9: =IFERROR(O9-(Q9+U9*T9),"") -> 2.0843377 | W9: =IFERROR(O9-Q9,"") -> 7.1663806 | Y9: =SUMPRODUCT((data_segment_HC_gains!$A$48:$A$67="20-39")*(data_segment_HC_gains!$B$48:$B$67="p25")*data_segment_HC_gains!$C$48:$C$67) -> 7 | Z9: =SUMPRODUCT((data_segment_HC_gains!$A$48:$A$67="20-39")*(data_segment_HC_gains!$B$48:$B$67="p25")*data_segment_HC_gains!$E$48:$E$67) -> 122.95 | AA9: =SUMPRODUCT((data_raw_slopes!$A$2:$A$41="20-39")*(data_raw_slopes!$B$2:$B$41="nonpayer")*(data_raw_slopes!$C$2:$C$41="p25")*data_raw_slopes!$E$2:$E$41) -> 106.9 | AB9: =Z9-AA9 -> 16.05 | AC9: =SUMPRODUCT((data_segment_HC_gains!$A$48:$A$67="20-39")*(data_segment_HC_gains!$B$48:$B$67="p25")*data_segment_HC_gains!$G$48:$G$67) -> 34.28 | AD9: =Y9*1.15 -> 8.05 | AE9: =Z9-AC9*(1-(saga_progression_new!$G$17/saga_progression_old!$C$16))+IF(Y9<ns_new!$E$17,0,IF(Y9*1.25<ns_new!$E$18-ns_new!$E$17,ns_new!$F$17,IF(Y9*1.25^2<ns_new!$E$19-ns_new!$E$18,ns_new!$F$17+ns_new!$F$18,ns_new!$F$17+ns_new!$F$18+ns_new!$F$19))) -> 100.91286 | AF9: =AA9+(IF(SUMPRODUCT((data_raw_slopes!$A$2:$A$41="20-39")*(data_raw_slopes!$B$2:$B$41="nonpayer")*(data_raw_slopes!$C$2:$C$41="p25")*data_raw_slopes!$F$2:$F$41)>0,SUMPRODUCT((data_raw_slopes!$A$2:$A$41="20-39")*(data_raw_slopes!$B$2:$B$41="nonpayer")*(data_raw_slopes!$C$2:$C$41="p25")*data_raw_slopes!$F$2:$F$41),SUMPRODUCT((data_raw_slopes!$A$2:$A$41="20-39")*(data_raw_slopes!$B$2:$B$41="nonpayer")*(data_raw_slopes!$C$2:$C$41="p25")*data_raw_slopes!$G$2:$G$41)))*Y9*0.15 -> 116.88729 | AG9: =AE9-AF9 -> -15.974428 | AH9: =AC9*(saga_progression_new!$G$17/saga_progression_old!$C$16) -> 12.242857 | AI9: =AG9-AB9 -> -32.024428 | AJ9: =AD9-Y9 -> 1.05 | AK9: =AH9-AC9 -> -22.037143 | AL9: =AF9-AA9 -> 9.987285 | AN9: =SUMPRODUCT((data_segment_HC_gains!$A$48:$A$67="20-39")*(data_segment_HC_gains!$B$48:$B$67="p50")*data_segment_HC_gains!$C$48:$C$67) -> 14 | AO9: =SUMPRODUCT((data_segment_HC_gains!$A$48:$A$67="20-39")*(data_segment_HC_gains!$B$48:$B$67="p50")*data_segment_HC_gains!$E$48:$E$67) -> 163.46 | AP9: =SUMPRODUCT((data_raw_slopes!$A$2:$A$41="20-39")*(data_raw_slopes!$B$2:$B$41="nonpayer")*(data_raw_slopes!$C$2:$C$41="p50")*data_raw_slopes!$E$2:$E$41) -> 158.17 | AQ9: =AO9-AP9 -> 5.29 | AR9: =SUMPRODUCT((data_segment_HC_gains!$A$48:$A$67="20-39")*(data_segment_HC_gains!$B$48:$B$67="p50")*data_segment_HC_gains!$G$48:$G$67) -> 51.4 | AS9: =AN9*1.15 -> 16.1 | AT9: =AO9-AR9*(1-(saga_progression_new!$G$17/saga_progression_old!$C$16))+IF(AN9<ns_new!$E$17,0,IF(AN9*1.25<ns_new!$E$18-ns_new!$E$17,ns_new!$F$17,IF(AN9*1.25^2<ns_new!$E$19-ns_new!$E$18,ns_new!$F$17+ns_new!$F$18,ns_new!$F$17+ns_new!$F$18+ns_new!$F$19))) -> 295.41714 | AU9: =AP9+(IF(SUMPRODUCT((data_raw_slopes!$A$2:$A$41="20-39")*(data_raw_slopes!$B$2:$B$41="nonpayer")*(data_raw_slopes!$C$2:$C$41="p50")*data_raw_slopes!$F$2:$F$41)>0,SUMPRODUCT((data_raw_slopes!$A$2:$A$41="20-39")*(data_raw_slopes!$B$2:$B$41="nonpayer")*(data_raw_slopes!$C$2:$C$41="p50")*data_raw_slopes!$F$2:$F$41),SUMPRODUCT((data_raw_slopes!$A$2:$A$41="20-39")*(data_raw_slopes!$B$2:$B$41="nonpayer")*(data_raw_slopes!$C$2:$C$41="p50")*data_raw_slopes!$G$2:$G$41)))*AN9*0.15 -> 169.98733 | AV9: =AT9-AU9 -> 125.42981 | AW9: =AR9*(saga_progression_new!$G$17/saga_progression_old!$C$16) -> 18.357143 | AX9: =AV9-AQ9 -> 120.13981 | AY9: =AS9-AN9 -> 2.1 | AZ9: =AW9-AR9 -> -33.042857 | BA9: =AU9-AP9 -> 11.81733 | BC9: =SUMPRODUCT((data_segment_HC_gains!$A$48:$A$67="20-39")*(data_segment_HC_gains!$B$48:$B$67="p75")*data_segment_HC_gains!$C$48:$C$67) -> 25 | BD9: =SUMPRODUCT((data_segment_HC_gains!$A$48:$A$67="20-39")*(data_segment_HC_gains!$B$48:$B$67="p75")*data_segment_HC_gains!$E$48:$E$67) -> 184.96 | BE9: =SUMPRODUCT((data_raw_slopes!$A$2:$A$41="20-39")*(data_raw_slopes!$B$2:$B$41="nonpayer")*(data_raw_slopes!$C$2:$C$41="p75")*data_raw_slopes!$E$2:$E$41) -> 205.98 | BF9: =BD9-BE9 -> -21.02 | BG9: =SUMPRODUCT((data_segment_HC_gains!$A$48:$A$67="20-39")*(data_segment_HC_gains!$B$48:$B$67="p75")*data_segment_HC_gains!$G$48:$G$67) -> 60.44 | BH9: =BC9*1.15 -> 28.75 | BI9: =BD9-BG9*(1-(saga_progression_new!$G$17/saga_progression_old!$C$16))+IF(BC9<ns_new!$E$17,0,IF(BC9*1.25<ns_new!$E$18-ns_new!$E$17,ns_new!$F$17,IF(BC9*1.25^2<ns_new!$E$19-ns_new!$E$18,ns_new!$F$17+ns_new!$F$18,ns_new!$F$17+ns_new!$F$18+ns_new!$F$19))) -> 311.10571 | BJ9: =BE9+(IF(SUMPRODUCT((data_raw_slopes!$A$2:$A$41="20-39")*(data_raw_slopes!$B$2:$B$41="nonpayer")*(data_raw_slopes!$C$2:$C$41="p75")*data_raw_slopes!$F$2:$F$41)>0,SUMPRODUCT((data_raw_slopes!$A$2:$A$41="20-39")*(data_raw_slopes!$B$2:$B$41="nonpayer")*(data_raw_slopes!$C$2:$C$41="p75")*data_raw_slopes!$F$2:$F$41),SUMPRODUCT((data_raw_slopes!$A$2:$A$41="20-39")*(data_raw_slopes!$B$2:$B$41="nonpayer")*(data_raw_slopes!$C$2:$C$41="p75")*data_raw_slopes!$G$2:$G$41)))*BC9*0.15 -> 226.40363 | BK9: =BI9-BJ9 -> 84.702089 | BL9: =BG9*(saga_progression_new!$G$17/saga_progression_old!$C$16) -> 21.585714 | BM9: =BK9-BF9 -> 105.72209 | BN9: =BH9-BC9 -> 3.75 | BO9: =BL9-BG9 -> -38.854286 | BP9: =BJ9-BE9 -> 20.423625 | BR9: =SUMPRODUCT((data_segment_HC_gains!$A$48:$A$67="20-39")*(data_segment_HC_gains!$B$48:$B$67="p90")*data_segment_HC_gains!$C$48:$C$67) -> 36 | BS9: =SUMPRODUCT((data_segment_HC_gains!$A$48:$A$67="20-39")*(data_segment_HC_gains!$B$48:$B$67="p90")*data_segment_HC_gains!$E$48:$E$67) -> 247.92 | BT9: =SUMPRODUCT((data_raw_slopes!$A$2:$A$41="20-39")*(data_raw_slopes!$B$2:$B$41="nonpayer")*(data_raw_slopes!$C$2:$C$41="p90")*data_raw_slopes!$E$2:$E$41) -> 295.42 | BU9: =BS9-BT9 -> -47.5 | BV9: =SUMPRODUCT((data_segment_HC_gains!$A$48:$A$67="20-39")*(data_segment_HC_gains!$B$48:$B$67="p90")*data_segment_HC_gains!$G$48:$G$67) -> 84.07 | BW9: =BR9*1.15 -> 41.4 | BX9: =BS9-BV9*(1-(saga_progression_new!$G$17/saga_progression_old!$C$16))+IF(BR9<ns_new!$E$17,0,IF(BR9*1.25<ns_new!$E$18-ns_new!$E$17,ns_new!$F$17,IF(BR9*1.25^2<ns_new!$E$19-ns_new!$E$18,ns_new!$F$17+ns_new!$F$18,ns_new!$F$17+ns_new!$F$18+ns_new!$F$19))) -> 358.875 | BY9: =BT9+(IF(SUMPRODUCT((data_raw_slopes!$A$2:$A$41="20-39")*(data_raw_slopes!$B$2:$B$41="nonpayer")*(data_raw_slopes!$C$2:$C$41="p90")*data_raw_slopes!$F$2:$F$41)>0,SUMPRODUCT((data_raw_slopes!$A$2:$A$41="20-39")*(data_raw_slopes!$B$2:$B$41="nonpayer")*(data_raw_slopes!$C$2:$C$41="p90")*data_raw_slopes!$F$2:$F$41),SUMPRODUCT((data_raw_slopes!$A$2:$A$41="20-39")*(data_raw_slopes!$B$2:$B$41="nonpayer")*(data_raw_slopes!$C$2:$C$41="p90")*data_raw_slopes!$G$2:$G$41)))*BR9*0.15 -> 325.59898 | BZ9: =BX9-BY9 -> 33.27602 | CA9: =BV9*(saga_progression_new!$G$17/saga_progression_old!$C$16) -> 30.025 | CB9: =BZ9-BU9 -> 80.77602 | CC9: =BW9-BR9 -> 5.4 | CD9: =CA9-BV9 -> -54.045 | CE9: =BY9-BT9 -> 30.17898
B10: 40-99 | C10: =data_processed!E5 -> 71.430605 | D10: =data_processed!G5 -> 56.270393 | E10: =data_processed!H5 -> 314.99462 | F10: =data_processed!I5 -> 109.4148 | G10: =data_processed!X5 -> 21.838502 | H10: =data_processed!J5 -> 205.57903 | I10: =IFERROR(D10*saga_progression_new!$I17,"") -> 42.202795 | J10: =IFERROR(daily_rewards_new!$B$13*data_processed!Y5,"") -> 17.124364 | K10: =data_processed!L5 -> 0.53582225 | L10: =data_processed!M5 -> 0.19671082 | M10: =data_processed!N5 -> 0.047749505 | N10: =IFERROR(K10*ns_new!$F$23+L10*ns_new!$F$24+M10*ns_new!$F$25,"") -> 62.333788 | O10: =IFERROR(H10+I10+N10+J10,"") -> 327.23997 | Q10: =data_processed!K5 -> 330.35282 | R10: =IFERROR(E10-Q10,"") -> -15.358201 | S10: =data_processed!W5 -> 38.001617 | T10: =IFERROR(S10*($C$2-1),"") -> 1.9000809 | U10: =data_processed!R5 -> 5.0627 | V10: =IFERROR(O10-(Q10+U10*T10),"") -> -12.732386 | W10: =IFERROR(O10-Q10,"") -> -3.1128462 | Y10: =SUMPRODUCT((data_segment_HC_gains!$A$48:$A$67="40-99")*(data_segment_HC_gains!$B$48:$B$67="p25")*data_segment_HC_gains!$C$48:$C$67) -> 14 | Z10: =SUMPRODUCT((data_segment_HC_gains!$A$48:$A$67="40-99")*(data_segment_HC_gains!$B$48:$B$67="p25")*data_segment_HC_gains!$E$48:$E$67) -> 237.49 | AA10: =SUMPRODUCT((data_raw_slopes!$A$2:$A$41="40-99")*(data_raw_slopes!$B$2:$B$41="nonpayer")*(data_raw_slopes!$C$2:$C$41="p25")*data_raw_slopes!$E$2:$E$41) -> 208.48 | AB10: =Z10-AA10 -> 29.01 | AC10: =SUMPRODUCT((data_segment_HC_gains!$A$48:$A$67="40-99")*(data_segment_HC_gains!$B$48:$B$67="p25")*data_segment_HC_gains!$G$48:$G$67) -> 75.36 | AD10: =Y10*1.15 -> 16.1 | AE10: =Z10-AC10*(1-(saga_progression_new!$I$17/saga_progression_old!$C$16))+IF(Y10<ns_new!$E$23,0,IF(Y10*1.25<ns_new!$E$24-ns_new!$E$23,ns_new!$F$23,IF(Y10*1.25^2<ns_new!$E$25-ns_new!$E$24,ns_new!$F$23+ns_new!$F$24,ns_new!$F$23+ns_new!$F$24+ns_new!$F$25))) -> 189.04429 | AF10: =AA10+(IF(SUMPRODUCT((data_raw_slopes!$A$2:$A$41="40-99")*(data_raw_slopes!$B$2:$B$41="nonpayer")*(data_raw_slopes!$C$2:$C$41="p25")*data_raw_slopes!$F$2:$F$41)>0,SUMPRODUCT((data_raw_slopes!$A$2:$A$41="40-99")*(data_raw_slopes!$B$2:$B$41="nonpayer")*(data_raw_slopes!$C$2:$C$41="p25")*data_raw_slopes!$F$2:$F$41),SUMPRODUCT((data_raw_slopes!$A$2:$A$41="40-99")*(data_raw_slopes!$B$2:$B$41="nonpayer")*(data_raw_slopes!$C$2:$C$41="p25")*data_raw_slopes!$G$2:$G$41)))*Y10*0.15 -> 226.61035 | AG10: =AE10-AF10 -> -37.566064 | AH10: =AC10*(saga_progression_new!$I$17/saga_progression_old!$C$16) -> 26.914286 | AI10: =AG10-AB10 -> -66.576064 | AJ10: =AD10-Y10 -> 2.1 | AK10: =AH10-AC10 -> -48.445714 | AL10: =AF10-AA10 -> 18.13035 | AN10: =SUMPRODUCT((data_segment_HC_gains!$A$48:$A$67="40-99")*(data_segment_HC_gains!$B$48:$B$67="p50")*data_segment_HC_gains!$C$48:$C$67) -> 29 | AO10: =SUMPRODUCT((data_segment_HC_gains!$A$48:$A$67="40-99")*(data_segment_HC_gains!$B$48:$B$67="p50")*data_segment_HC_gains!$E$48:$E$67) -> 303.92 | AP10: =SUMPRODUCT((data_raw_slopes!$A$2:$A$41="40-99")*(data_raw_slopes!$B$2:$B$41="nonpayer")*(data_raw_slopes!$C$2:$C$41="p50")*data_raw_slopes!$E$2:$E$41) -> 307.03 | AQ10: =AO10-AP10 -> -3.11 | AR10: =SUMPRODUCT((data_segment_HC_gains!$A$48:$A$67="40-99")*(data_segment_HC_gains!$B$48:$B$67="p50")*data_segment_HC_gains!$G$48:$G$67) -> 102.38 | AS10: =AN10*1.15 -> 33.35 | AT10: =AO10-AR10*(1-(saga_progression_new!$I$17/saga_progression_old!$C$16))+IF(AN10<ns_new!$E$23,0,IF(AN10*1.25<ns_new!$E$24-ns_new!$E$23,ns_new!$F$23,IF(AN10*1.25^2<ns_new!$E$25-ns_new!$E$24,ns_new!$F$23+ns_new!$F$24,ns_new!$F$23+ns_new!$F$24+ns_new!$F$25))) -> 658.10429 | AU10: =AP10+(IF(SUMPRODUCT((data_raw_slopes!$A$2:$A$41="40-99")*(data_raw_slopes!$B$2:$B$41="nonpayer")*(data_raw_slopes!$C$2:$C$41="p50")*data_raw_slopes!$F$2:$F$41)>0,SUMPRODUCT((data_raw_slopes!$A$2:$A$41="40-99")*(data_raw_slopes!$B$2:$B$41="nonpayer")*(data_raw_slopes!$C$2:$C$41="p50")*data_raw_slopes!$F$2:$F$41),SUMPRODUCT((data_raw_slopes!$A$2:$A$41="40-99")*(data_raw_slopes!$B$2:$B$41="nonpayer")*(data_raw_slopes!$C$2:$C$41="p50")*data_raw_slopes!$G$2:$G$41)))*AN10*0.15 -> 329.05275 | AV10: =AT10-AU10 -> 329.05154 | AW10: =AR10*(saga_progression_new!$I$17/saga_progression_old!$C$16) -> 36.564286 | AX10: =AV10-AQ10 -> 332.16154 | AY10: =AS10-AN10 -> 4.35 | AZ10: =AW10-AR10 -> -65.815714 | BA10: =AU10-AP10 -> 22.022745 | BC10: =SUMPRODUCT((data_segment_HC_gains!$A$48:$A$67="40-99")*(data_segment_HC_gains!$B$48:$B$67="p75")*data_segment_HC_gains!$C$48:$C$67) -> 50 | BD10: =SUMPRODUCT((data_segment_HC_gains!$A$48:$A$67="40-99")*(data_segment_HC_gains!$B$48:$B$67="p75")*data_segment_HC_gains!$E$48:$E$67) -> 352.42 | BE10: =SUMPRODUCT((data_raw_slopes!$A$2:$A$41="40-99")*(data_raw_slopes!$B$2:$B$41="nonpayer")*(data_raw_slopes!$C$2:$C$41="p75")*data_raw_slopes!$E$2:$E$41) -> 390.26 | BF10: =BD10-BE10 -> -37.84 | BG10: =SUMPRODUCT((data_segment_HC_gains!$A$48:$A$67="40-99")*(data_segment_HC_gains!$B$48:$B$67="p75")*data_segment_HC_gains!$G$48:$G$67) -> 120.97 | BH10: =BC10*1.15 -> 57.5 | BI10: =BD10-BG10*(1-(saga_progression_new!$I$17/saga_progression_old!$C$16))+IF(BC10<ns_new!$E$23,0,IF(BC10*1.25<ns_new!$E$24-ns_new!$E$23,ns_new!$F$23,IF(BC10*1.25^2<ns_new!$E$25-ns_new!$E$24,ns_new!$F$23+ns_new!$F$24,ns_new!$F$23+ns_new!$F$24+ns_new!$F$25))) -> 694.65357 | BJ10: =BE10+(IF(SUMPRODUCT((data_raw_slopes!$A$2:$A$41="40-99")*(data_raw_slopes!$B$2:$B$41="nonpayer")*(data_raw_slopes!$C$2:$C$41="p75")*data_raw_slopes!$F$2:$F$41)>0,SUMPRODUCT((data_raw_slopes!$A$2:$A$41="40-99")*(data_raw_slopes!$B$2:$B$41="nonpayer")*(data_raw_slopes!$C$2:$C$41="p75")*data_raw_slopes!$F$2:$F$41),SUMPRODUCT((data_raw_slopes!$A$2:$A$41="40-99")*(data_raw_slopes!$B$2:$B$41="nonpayer")*(data_raw_slopes!$C$2:$C$41="p75")*data_raw_slopes!$G$2:$G$41)))*BC10*0.15 -> 421.76825 | BK10: =BI10-BJ10 -> 272.88532 | BL10: =BG10*(saga_progression_new!$I$17/saga_progression_old!$C$16) -> 43.203571 | BM10: =BK10-BF10 -> 310.72532 | BN10: =BH10-BC10 -> 7.5 | BO10: =BL10-BG10 -> -77.766429 | BP10: =BJ10-BE10 -> 31.50825 | BR10: =SUMPRODUCT((data_segment_HC_gains!$A$48:$A$67="40-99")*(data_segment_HC_gains!$B$48:$B$67="p90")*data_segment_HC_gains!$C$48:$C$67) -> 76 | BS10: =SUMPRODUCT((data_segment_HC_gains!$A$48:$A$67="40-99")*(data_segment_HC_gains!$B$48:$B$67="p90")*data_segment_HC_gains!$E$48:$E$67) -> 466.06 | BT10: =SUMPRODUCT((data_raw_slopes!$A$2:$A$41="40-99")*(data_raw_slopes!$B$2:$B$41="nonpayer")*(data_raw_slopes!$C$2:$C$41="p90")*data_raw_slopes!$E$2:$E$41) -> 547.26 | BU10: =BS10-BT10 -> -81.2 | BV10: =SUMPRODUCT((data_segment_HC_gains!$A$48:$A$67="40-99")*(data_segment_HC_gains!$B$48:$B$67="p90")*data_segment_HC_gains!$G$48:$G$67) -> 170.37 | BW10: =BR10*1.15 -> 87.4 | BX10: =BS10-BV10*(1-(saga_progression_new!$I$17/saga_progression_old!$C$16))+IF(BR10<ns_new!$E$23,0,IF(BR10*1.25<ns_new!$E$24-ns_new!$E$23,ns_new!$F$23,IF(BR10*1.25^2<ns_new!$E$25-ns_new!$E$24,ns_new!$F$23+ns_new!$F$24,ns_new!$F$23+ns_new!$F$24+ns_new!$F$25))) -> 776.53643 | BY10: =BT10+(IF(SUMPRODUCT((data_raw_slopes!$A$2:$A$41="40-99")*(data_raw_slopes!$B$2:$B$41="nonpayer")*(data_raw_slopes!$C$2:$C$41="p90")*data_raw_slopes!$F$2:$F$41)>0,SUMPRODUCT((data_raw_slopes!$A$2:$A$41="40-99")*(data_raw_slopes!$B$2:$B$41="nonpayer")*(data_raw_slopes!$C$2:$C$41="p90")*data_raw_slopes!$F$2:$F$41),SUMPRODUCT((data_raw_slopes!$A$2:$A$41="40-99")*(data_raw_slopes!$B$2:$B$41="nonpayer")*(data_raw_slopes!$C$2:$C$41="p90")*data_raw_slopes!$G$2:$G$41)))*BR10*0.15 -> 610.12758 | BZ10: =BX10-BY10 -> 166.40885 | CA10: =BV10*(saga_progression_new!$I$17/saga_progression_old!$C$16) -> 60.846429 | CB10: =BZ10-BU10 -> 247.60885 | CC10: =BW10-BR10 -> 11.4 | CD10: =CA10-BV10 -> -109.52357 | CE10: =BY10-BT10 -> 62.86758
B11: 100+ | C11: =data_processed!E6 -> 144.47267 | D11: =data_processed!G6 -> 126.44089 | E11: =data_processed!H6 -> 616.81017 | F11: =data_processed!I6 -> 252.57991 | G11: =data_processed!X6 -> 23.431515 | H11: =data_processed!J6 -> 364.22986 | I11: =IFERROR(D11*saga_progression_new!$K17,"") -> 94.830671 | J11: =IFERROR(daily_rewards_new!$B$13*data_processed!Y6,"") -> 17.761737 | K11: =data_processed!L6 -> 0.4732223 | L11: =data_processed!M6 -> 0.10358635 | M11: =data_processed!N6 -> 0.013922355 | N11: =IFERROR(K11*ns_new!$F$29+L11*ns_new!$F$30+M11*ns_new!$F$31,"") -> 83.967079 | O11: =IFERROR(H11+I11+N11+J11,"") -> 560.78935 | Q11: =data_processed!K6 -> 689.68873 | R11: =IFERROR(E11-Q11,"") -> -72.878559 | S11: =data_processed!W6 -> 88.588364 | T11: =IFERROR(S11*($C$2-1),"") -> 4.4294182 | U11: =data_processed!R6 -> 3.9052 | V11: =IFERROR(O11-(Q11+U11*T11),"") -> -146.19715 | W11: =IFERROR(O11-Q11,"") -> -128.89939 | Y11: =SUMPRODUCT((data_segment_HC_gains!$A$48:$A$67="100+")*(data_segment_HC_gains!$B$48:$B$67="p25")*data_segment_HC_gains!$C$48:$C$67) -> 33 | Z11: =SUMPRODUCT((data_segment_HC_gains!$A$48:$A$67="100+")*(data_segment_HC_gains!$B$48:$B$67="p25")*data_segment_HC_gains!$E$48:$E$67) -> 518.1 | AA11: =SUMPRODUCT((data_raw_slopes!$A$2:$A$41="100+")*(data_raw_slopes!$B$2:$B$41="nonpayer")*(data_raw_slopes!$C$2:$C$41="p25")*data_raw_slopes!$E$2:$E$41) -> 459.17 | AB11: =Z11-AA11 -> 58.93 | AC11: =SUMPRODUCT((data_segment_HC_gains!$A$48:$A$67="100+")*(data_segment_HC_gains!$B$48:$B$67="p25")*data_segment_HC_gains!$G$48:$G$67) -> 200.98 | AD11: =Y11*1.15 -> 37.95 | AE11: =Z11-AC11*(1-(saga_progression_new!$K$17/saga_progression_old!$C$16))+IF(Y11<ns_new!$E$29,0,IF(Y11*1.25<ns_new!$E$30-ns_new!$E$29,ns_new!$F$29,IF(Y11*1.25^2<ns_new!$E$31-ns_new!$E$30,ns_new!$F$29+ns_new!$F$30,ns_new!$F$29+ns_new!$F$30+ns_new!$F$31))) -> 388.89857 | AF11: =AA11+(IF(SUMPRODUCT((data_raw_slopes!$A$2:$A$41="100+")*(data_raw_slopes!$B$2:$B$41="nonpayer")*(data_raw_slopes!$C$2:$C$41="p25")*data_raw_slopes!$F$2:$F$41)>0,SUMPRODUCT((data_raw_slopes!$A$2:$A$41="100+")*(data_raw_slopes!$B$2:$B$41="nonpayer")*(data_raw_slopes!$C$2:$C$41="p25")*data_raw_slopes!$F$2:$F$41),SUMPRODUCT((data_raw_slopes!$A$2:$A$41="100+")*(data_raw_slopes!$B$2:$B$41="nonpayer")*(data_raw_slopes!$C$2:$C$41="p25")*data_raw_slopes!$G$2:$G$41)))*Y11*0.15 -> 488.21512 | AG11: =AE11-AF11 -> -99.316544 | AH11: =AC11*(saga_progression_new!$K$17/saga_progression_old!$C$16) -> 71.778571 | AI11: =AG11-AB11 -> -158.24654 | AJ11: =AD11-Y11 -> 4.95 | AK11: =AH11-AC11 -> -129.20143 | AL11: =AF11-AA11 -> 29.045115 | AN11: =SUMPRODUCT((data_segment_HC_gains!$A$48:$A$67="100+")*(data_segment_HC_gains!$B$48:$B$67="p50")*data_segment_HC_gains!$C$48:$C$67) -> 68 | AO11: =SUMPRODUCT((data_segment_HC_gains!$A$48:$A$67="100+")*(data_segment_HC_gains!$B$48:$B$67="p50")*data_segment_HC_gains!$E$48:$E$67) -> 624.31 | AP11: =SUMPRODUCT((data_raw_slopes!$A$2:$A$41="100+")*(data_raw_slopes!$B$2:$B$41="nonpayer")*(data_raw_slopes!$C$2:$C$41="p50")*data_raw_slopes!$E$2:$E$41) -> 634.17 | AQ11: =AO11-AP11 -> -9.86 | AR11: =SUMPRODUCT((data_segment_HC_gains!$A$48:$A$67="100+")*(data_segment_HC_gains!$B$48:$B$67="p50")*data_segment_HC_gains!$G$48:$G$67) -> 247.18 | AS11: =AN11*1.15 -> 78.2 | AT11: =AO11-AR11*(1-(saga_progression_new!$K$17/saga_progression_old!$C$16))+IF(AN11<ns_new!$E$29,0,IF(AN11*1.25<ns_new!$E$30-ns_new!$E$29,ns_new!$F$29,IF(AN11*1.25^2<ns_new!$E$31-ns_new!$E$30,ns_new!$F$29+ns_new!$F$30,ns_new!$F$29+ns_new!$F$30+ns_new!$F$31))) -> 465.40857 | AU11: =AP11+(IF(SUMPRODUCT((data_raw_slopes!$A$2:$A$41="100+")*(data_raw_slopes!$B$2:$B$41="nonpayer")*(data_raw_slopes!$C$2:$C$41="p50")*data_raw_slopes!$F$2:$F$41)>0,SUMPRODUCT((data_raw_slopes!$A$2:$A$41="100+")*(data_raw_slopes!$B$2:$B$41="nonpayer")*(data_raw_slopes!$C$2:$C$41="p50")*data_raw_slopes!$F$2:$F$41),SUMPRODUCT((data_raw_slopes!$A$2:$A$41="100+")*(data_raw_slopes!$B$2:$B$41="nonpayer")*(data_raw_slopes!$C$2:$C$41="p50")*data_raw_slopes!$G$2:$G$41)))*AN11*0.15 -> 674.00304 | AV11: =AT11-AU11 -> -208.59447 | AW11: =AR11*(saga_progression_new!$K$17/saga_progression_old!$C$16) -> 88.278571 | AX11: =AV11-AQ11 -> -198.73447 | AY11: =AS11-AN11 -> 10.2 | AZ11: =AW11-AR11 -> -158.90143 | BA11: =AU11-AP11 -> 39.83304 | BC11: =SUMPRODUCT((data_segment_HC_gains!$A$48:$A$67="100+")*(data_segment_HC_gains!$B$48:$B$67="p75")*data_segment_HC_gains!$C$48:$C$67) -> 118 | BD11: =SUMPRODUCT((data_segment_HC_gains!$A$48:$A$67="100+")*(data_segment_HC_gains!$B$48:$B$67="p75")*data_segment_HC_gains!$E$48:$E$67) -> 687.28 | BE11: =SUMPRODUCT((data_raw_slopes!$A$2:$A$41="100+")*(data_raw_slopes!$B$2:$B$41="nonpayer")*(data_raw_slopes!$C$2:$C$41="p75")*data_raw_slopes!$E$2:$E$41) -> 792.43 | BF11: =BD11-BE11 -> -105.15 | BG11: =SUMPRODUCT((data_segment_HC_gains!$A$48:$A$67="100+")*(data_segment_HC_gains!$B$48:$B$67="p75")*data_segment_HC_gains!$G$48:$G$67) -> 279.6 | BH11: =BC11*1.15 -> 135.7 | BI11: =BD11-BG11*(1-(saga_progression_new!$K$17/saga_progression_old!$C$16))+IF(BC11<ns_new!$E$29,0,IF(BC11*1.25<ns_new!$E$30-ns_new!$E$29,ns_new!$F$29,IF(BC11*1.25^2<ns_new!$E$31-ns_new!$E$30,ns_new!$F$29+ns_new!$F$30,ns_new!$F$29+ns_new!$F$30+ns_new!$F$31))) -> 1307.5371 | BJ11: =BE11+(IF(SUMPRODUCT((data_raw_slopes!$A$2:$A$41="100+")*(data_raw_slopes!$B$2:$B$41="nonpayer")*(data_raw_slopes!$C$2:$C$41="p75")*data_raw_slopes!$F$2:$F$41)>0,SUMPRODUCT((data_raw_slopes!$A$2:$A$41="100+")*(data_raw_slopes!$B$2:$B$41="nonpayer")*(data_raw_slopes!$C$2:$C$41="p75")*data_raw_slopes!$F$2:$F$41),SUMPRODUCT((data_raw_slopes!$A$2:$A$41="100+")*(data_raw_slopes!$B$2:$B$41="nonpayer")*(data_raw_slopes!$C$2:$C$41="p75")*data_raw_slopes!$G$2:$G$41)))*BC11*0.15 -> 864.98053 | BK11: =BI11-BJ11 -> 442.55661 | BL11: =BG11*(saga_progression_new!$K$17/saga_progression_old!$C$16) -> 99.857143 | BM11: =BK11-BF11 -> 547.70661 | BN11: =BH11-BC11 -> 17.7 | BO11: =BL11-BG11 -> -179.74286 | BP11: =BJ11-BE11 -> 72.55053 | BR11: =SUMPRODUCT((data_segment_HC_gains!$A$48:$A$67="100+")*(data_segment_HC_gains!$B$48:$B$67="p90")*data_segment_HC_gains!$C$48:$C$67) -> 172 | BS11: =SUMPRODUCT((data_segment_HC_gains!$A$48:$A$67="100+")*(data_segment_HC_gains!$B$48:$B$67="p90")*data_segment_HC_gains!$E$48:$E$67) -> 912.86 | BT11: =SUMPRODUCT((data_raw_slopes!$A$2:$A$41="100+")*(data_raw_slopes!$B$2:$B$41="nonpayer")*(data_raw_slopes!$C$2:$C$41="p90")*data_raw_slopes!$E$2:$E$41) -> 1103.44 | BU11: =BS11-BT11 -> -190.58 | BV11: =SUMPRODUCT((data_segment_HC_gains!$A$48:$A$67="100+")*(data_segment_HC_gains!$B$48:$B$67="p90")*data_segment_HC_gains!$G$48:$G$67) -> 381.8 | BW11: =BR11*1.15 -> 197.8 | BX11: =BS11-BV11*(1-(saga_progression_new!$K$17/saga_progression_old!$C$16))+IF(BR11<ns_new!$E$29,0,IF(BR11*1.25<ns_new!$E$30-ns_new!$E$29,ns_new!$F$29,IF(BR11*1.25^2<ns_new!$E$31-ns_new!$E$30,ns_new!$F$29+ns_new!$F$30,ns_new!$F$29+ns_new!$F$30+ns_new!$F$31))) -> 1467.4171 | BY11: =BT11+(IF(SUMPRODUCT((data_raw_slopes!$A$2:$A$41="100+")*(data_raw_slopes!$B$2:$B$41="nonpayer")*(data_raw_slopes!$C$2:$C$41="p90")*data_raw_slopes!$F$2:$F$41)>0,SUMPRODUCT((data_raw_slopes!$A$2:$A$41="100+")*(data_raw_slopes!$B$2:$B$41="nonpayer")*(data_raw_slopes!$C$2:$C$41="p90")*data_raw_slopes!$F$2:$F$41),SUMPRODUCT((data_raw_slopes!$A$2:$A$41="100+")*(data_raw_slopes!$B$2:$B$41="nonpayer")*(data_raw_slopes!$C$2:$C$41="p90")*data_raw_slopes!$G$2:$G$41)))*BR11*0.15 -> 1219.6535 | BZ11: =BX11-BY11 -> 247.76362 | CA11: =BV11*(saga_progression_new!$K$17/saga_progression_old!$C$16) -> 136.35714 | CB11: =BZ11-BU11 -> 438.34362 | CC11: =BW11-BR11 -> 25.8 | CD11: =CA11-BV11 -> -245.44286 | CE11: =BY11-BT11 -> 116.21352
B13: PAYERS
B14: 0-9 | C14: =data_processed!E7 -> 17.583935 | D14: =data_processed!G7 -> 5.3576657 | E14: =data_processed!H7 -> 75.580818 | F14: =data_processed!I7 -> 10.435025 | G14: =data_processed!X7 -> 20.447022 | H14: =data_processed!J7 -> 65.146107 | I14: =IFERROR(D14*saga_progression_new!$C17,"") -> 4.0182493 | J14: =IFERROR(daily_rewards_new!$B$13*data_processed!Y7,"") -> 14.423205 | K14: =data_processed!L7 -> 0.66797371 | L14: =data_processed!M7 -> 0.24991682 | M14: =data_processed!N7 -> 0.069544411 | N14: =IFERROR(K14*ns_new!$F$5+L14*ns_new!$F$6+M14*ns_new!$F$7,"") -> 3.5423344 | O14: =IFERROR(H14+I14+N14+J14,"") -> 87.129895 | Q14: =data_processed!K7 -> 77.209809 | R14: =IFERROR(E14-Q14,"") -> -1.6289908 | S14: =data_processed!W7 -> 3.5477807 | T14: =IFERROR(S14*($C$2-1),"") -> 0.17738904 | U14: =data_processed!R7 -> 28.5464 | V14: =IFERROR(O14-(Q14+U14*T14),"") -> 4.8562677 | W14: =IFERROR(O14-Q14,"") -> 9.9200861 | Y14: =SUMPRODUCT((data_segment_HC_gains!$A$25:$A$44="0-9")*(data_segment_HC_gains!$B$25:$B$44="p25")*data_segment_HC_gains!$C$25:$C$44) -> 0 | Z14: =SUMPRODUCT((data_segment_HC_gains!$A$25:$A$44="0-9")*(data_segment_HC_gains!$B$25:$B$44="p25")*data_segment_HC_gains!$E$25:$E$44) -> 27.59 | AA14: =SUMPRODUCT((data_raw_slopes!$A$2:$A$41="0-9")*(data_raw_slopes!$B$2:$B$41="payer")*(data_raw_slopes!$C$2:$C$41="p25")*data_raw_slopes!$E$2:$E$41) -> 2.25 | AB14: =Z14-AA14 -> 25.34 | AC14: =SUMPRODUCT((data_segment_HC_gains!$A$25:$A$44="0-9")*(data_segment_HC_gains!$B$25:$B$44="p25")*data_segment_HC_gains!$G$25:$G$44) -> 0.07 | AD14: =Y14*1.15 -> 0 | AE14: =Z14-AC14*(1-(saga_progression_new!$C$17/saga_progression_old!$C$16))+IF(Y14<ns_new!$E$5,0,IF(Y14*1.25<ns_new!$E$6-ns_new!$E$5,ns_new!$F$5,IF(Y14*1.25^2<ns_new!$E$7-ns_new!$E$6,ns_new!$F$5+ns_new!$F$6,ns_new!$F$5+ns_new!$F$6+ns_new!$F$7))) -> 27.545 | AF14: =AA14+(IF(SUMPRODUCT((data_raw_slopes!$A$2:$A$41="0-9")*(data_raw_slopes!$B$2:$B$41="payer")*(data_raw_slopes!$C$2:$C$41="p25")*data_raw_slopes!$F$2:$F$41)>0,SUMPRODUCT((data_raw_slopes!$A$2:$A$41="0-9")*(data_raw_slopes!$B$2:$B$41="payer")*(data_raw_slopes!$C$2:$C$41="p25")*data_raw_slopes!$F$2:$F$41),SUMPRODUCT((data_raw_slopes!$A$2:$A$41="0-9")*(data_raw_slopes!$B$2:$B$41="payer")*(data_raw_slopes!$C$2:$C$41="p25")*data_raw_slopes!$G$2:$G$41)))*Y14*0.15 -> 2.25 | AG14: =AE14-AF14 -> 25.295 | AH14: =AC14*(saga_progression_new!$C$17/saga_progression_old!$C$16) -> 0.025 | AI14: =AG14-AB14 -> -0.045 | AJ14: =AD14-Y14 -> 0 | AK14: =AH14-AC14 -> -0.045 | AL14: =AF14-AA14 -> 0 | AN14: =SUMPRODUCT((data_segment_HC_gains!$A$25:$A$44="0-9")*(data_segment_HC_gains!$B$25:$B$44="p50")*data_segment_HC_gains!$C$25:$C$44) -> 1 | AO14: =SUMPRODUCT((data_segment_HC_gains!$A$25:$A$44="0-9")*(data_segment_HC_gains!$B$25:$B$44="p50")*data_segment_HC_gains!$E$25:$E$44) -> 38.94 | AP14: =SUMPRODUCT((data_raw_slopes!$A$2:$A$41="0-9")*(data_raw_slopes!$B$2:$B$41="payer")*(data_raw_slopes!$C$2:$C$41="p50")*data_raw_slopes!$E$2:$E$41) -> 24.74 | AQ14: =AO14-AP14 -> 14.2 | AR14: =SUMPRODUCT((data_segment_HC_gains!$A$25:$A$44="0-9")*(data_segment_HC_gains!$B$25:$B$44="p50")*data_segment_HC_gains!$G$25:$G$44) -> 2.96 | AS14: =AN14*1.15 -> 1.15 | AT14: =AO14-AR14*(1-(saga_progression_new!$C$17/saga_progression_old!$C$16))+IF(AN14<ns_new!$E$5,0,IF(AN14*1.25<ns_new!$E$6-ns_new!$E$5,ns_new!$F$5,IF(AN14*1.25^2<ns_new!$E$7-ns_new!$E$6,ns_new!$F$5+ns_new!$F$6,ns_new!$F$5+ns_new!$F$6+ns_new!$F$7))) -> 37.037143 | AU14: =AP14+(IF(SUMPRODUCT((data_raw_slopes!$A$2:$A$41="0-9")*(data_raw_slopes!$B$2:$B$41="payer")*(data_raw_slopes!$C$2:$C$41="p50")*data_raw_slopes!$F$2:$F$41)>0,SUMPRODUCT((data_raw_slopes!$A$2:$A$41="0-9")*(data_raw_slopes!$B$2:$B$41="payer")*(data_raw_slopes!$C$2:$C$41="p50")*data_raw_slopes!$F$2:$F$41),SUMPRODUCT((data_raw_slopes!$A$2:$A$41="0-9")*(data_raw_slopes!$B$2:$B$41="payer")*(data_raw_slopes!$C$2:$C$41="p50")*data_raw_slopes!$G$2:$G$41)))*AN14*0.15 -> 29.02196 | AV14: =AT14-AU14 -> 8.0151829 | AW14: =AR14*(saga_progression_new!$C$17/saga_progression_old!$C$16) -> 1.0571429 | AX14: =AV14-AQ14 -> -6.1848171 | AY14: =AS14-AN14 -> 0.15 | AZ14: =AW14-AR14 -> -1.9028571 | BA14: =AU14-AP14 -> 4.28196 | BC14: =SUMPRODUCT((data_segment_HC_gains!$A$25:$A$44="0-9")*(data_segment_HC_gains!$B$25:$B$44="p75")*data_segment_HC_gains!$C$25:$C$44) -> 3 | BD14: =SUMPRODUCT((data_segment_HC_gains!$A$25:$A$44="0-9")*(data_segment_HC_gains!$B$25:$B$44="p75")*data_segment_HC_gains!$E$25:$E$44) -> 58.44 | BE14: =SUMPRODUCT((data_raw_slopes!$A$2:$A$41="0-9")*(data_raw_slopes!$B$2:$B$41="payer")*(data_raw_slopes!$C$2:$C$41="p75")*data_raw_slopes!$E$2:$E$41) -> 56.58 | BF14: =BD14-BE14 -> 1.86 | BG14: =SUMPRODUCT((data_segment_HC_gains!$A$25:$A$44="0-9")*(data_segment_HC_gains!$B$25:$B$44="p75")*data_segment_HC_gains!$G$25:$G$44) -> 7.56 | BH14: =BC14*1.15 -> 3.45 | BI14: =BD14-BG14*(1-(saga_progression_new!$C$17/saga_progression_old!$C$16))+IF(BC14<ns_new!$E$5,0,IF(BC14*1.25<ns_new!$E$6-ns_new!$E$5,ns_new!$F$5,IF(BC14*1.25^2<ns_new!$E$7-ns_new!$E$6,ns_new!$F$5+ns_new!$F$6,ns_new!$F$5+ns_new!$F$6+ns_new!$F$7))) -> 63.58 | BJ14: =BE14+(IF(SUMPRODUCT((data_raw_slopes!$A$2:$A$41="0-9")*(data_raw_slopes!$B$2:$B$41="payer")*(data_raw_slopes!$C$2:$C$41="p75")*data_raw_slopes!$F$2:$F$41)>0,SUMPRODUCT((data_raw_slopes!$A$2:$A$41="0-9")*(data_raw_slopes!$B$2:$B$41="payer")*(data_raw_slopes!$C$2:$C$41="p75")*data_raw_slopes!$F$2:$F$41),SUMPRODUCT((data_raw_slopes!$A$2:$A$41="0-9")*(data_raw_slopes!$B$2:$B$41="payer")*(data_raw_slopes!$C$2:$C$41="p75")*data_raw_slopes!$G$2:$G$41)))*BC14*0.15 -> 64.376565 | BK14: =BI14-BJ14 -> -0.796565 | BL14: =BG14*(saga_progression_new!$C$17/saga_progression_old!$C$16) -> 2.7 | BM14: =BK14-BF14 -> -2.656565 | BN14: =BH14-BC14 -> 0.45 | BO14: =BL14-BG14 -> -4.86 | BP14: =BJ14-BE14 -> 7.796565 | BR14: =SUMPRODUCT((data_segment_HC_gains!$A$25:$A$44="0-9")*(data_segment_HC_gains!$B$25:$B$44="p90")*data_segment_HC_gains!$C$25:$C$44) -> 6 | BS14: =SUMPRODUCT((data_segment_HC_gains!$A$25:$A$44="0-9")*(data_segment_HC_gains!$B$25:$B$44="p90")*data_segment_HC_gains!$E$25:$E$44) -> 110.87 | BT14: =SUMPRODUCT((data_raw_slopes!$A$2:$A$41="0-9")*(data_raw_slopes!$B$2:$B$41="payer")*(data_raw_slopes!$C$2:$C$41="p90")*data_raw_slopes!$E$2:$E$41) -> 121.33 | BU14: =BS14-BT14 -> -10.46 | BV14: =SUMPRODUCT((data_segment_HC_gains!$A$25:$A$44="0-9")*(data_segment_HC_gains!$B$25:$B$44="p90")*data_segment_HC_gains!$G$25:$G$44) -> 16.94 | BW14: =BR14*1.15 -> 6.9 | BX14: =BS14-BV14*(1-(saga_progression_new!$C$17/saga_progression_old!$C$16))+IF(BR14<ns_new!$E$5,0,IF(BR14*1.25<ns_new!$E$6-ns_new!$E$5,ns_new!$F$5,IF(BR14*1.25^2<ns_new!$E$7-ns_new!$E$6,ns_new!$F$5+ns_new!$F$6,ns_new!$F$5+ns_new!$F$6+ns_new!$F$7))) -> 124.98 | BY14: =BT14+(IF(SUMPRODUCT((data_raw_slopes!$A$2:$A$41="0-9")*(data_raw_slopes!$B$2:$B$41="payer")*(data_raw_slopes!$C$2:$C$41="p90")*data_raw_slopes!$F$2:$F$41)>0,SUMPRODUCT((data_raw_slopes!$A$2:$A$41="0-9")*(data_raw_slopes!$B$2:$B$41="payer")*(data_raw_slopes!$C$2:$C$41="p90")*data_raw_slopes!$F$2:$F$41),SUMPRODUCT((data_raw_slopes!$A$2:$A$41="0-9")*(data_raw_slopes!$B$2:$B$41="payer")*(data_raw_slopes!$C$2:$C$41="p90")*data_raw_slopes!$G$2:$G$41)))*BR14*0.15 -> 134.71012 | BZ14: =BX14-BY14 -> -9.73012 | CA14: =BV14*(saga_progression_new!$C$17/saga_progression_old!$C$16) -> 6.05 | CB14: =BZ14-BU14 -> 0.72988 | CC14: =BW14-BR14 -> 0.9 | CD14: =CA14-BV14 -> -10.89 | CE14: =BY14-BT14 -> 13.38012
B15: 10-19 | C15: =data_processed!E8 -> 34.26795 | D15: =data_processed!G8 -> 14.124382 | E15: =data_processed!H8 -> 175.78658 | F15: =data_processed!I8 -> 27.043509 | G15: =data_processed!X8 -> 21.036063 | H15: =data_processed!J8 -> 148.7436 | I15: =IFERROR(D15*saga_progression_new!$E17,"") -> 10.593287 | J15: =IFERROR(daily_rewards_new!$B$13*data_processed!Y8,"") -> 15.527882 | K15: =data_processed!L8 -> 0.54521614 | L15: =data_processed!M8 -> 0.24569015 | M15: =data_processed!N8 -> 0.048395913 | N15: =IFERROR(K15*ns_new!$F$11+L15*ns_new!$F$12+M15*ns_new!$F$13,"") -> 15.726621 | O15: =IFERROR(H15+I15+N15+J15,"") -> 190.59139 | Q15: =data_processed!K8 -> 181.42485 | R15: =IFERROR(E15-Q15,"") -> -5.6382709 | S15: =data_processed!W8 -> 8.8916592 | T15: =IFERROR(S15*($C$2-1),"") -> 0.44458296 | U15: =data_processed!R8 -> 13.3578 | V15: =IFERROR(O15-(Q15+U15*T15),"") -> 3.2278839 | W15: =IFERROR(O15-Q15,"") -> 9.1665341 | Y15: =SUMPRODUCT((data_segment_HC_gains!$A$25:$A$44="10-19")*(data_segment_HC_gains!$B$25:$B$44="p25")*data_segment_HC_gains!$C$25:$C$44) -> 3 | Z15: =SUMPRODUCT((data_segment_HC_gains!$A$25:$A$44="10-19")*(data_segment_HC_gains!$B$25:$B$44="p25")*data_segment_HC_gains!$E$25:$E$44) -> 93.5 | AA15: =SUMPRODUCT((data_raw_slopes!$A$2:$A$41="10-19")*(data_raw_slopes!$B$2:$B$41="payer")*(data_raw_slopes!$C$2:$C$41="p25")*data_raw_slopes!$E$2:$E$41) -> 89.02 | AB15: =Z15-AA15 -> 4.48 | AC15: =SUMPRODUCT((data_segment_HC_gains!$A$25:$A$44="10-19")*(data_segment_HC_gains!$B$25:$B$44="p25")*data_segment_HC_gains!$G$25:$G$44) -> 14.79 | AD15: =Y15*1.15 -> 3.45 | AE15: =Z15-AC15*(1-(saga_progression_new!$E$17/saga_progression_old!$C$16))+IF(Y15<ns_new!$E$11,0,IF(Y15*1.25<ns_new!$E$12-ns_new!$E$11,ns_new!$F$11,IF(Y15*1.25^2<ns_new!$E$13-ns_new!$E$12,ns_new!$F$11+ns_new!$F$12,ns_new!$F$11+ns_new!$F$12+ns_new!$F$13))) -> 83.992143 | AF15: =AA15+(IF(SUMPRODUCT((data_raw_slopes!$A$2:$A$41="10-19")*(data_raw_slopes!$B$2:$B$41="payer")*(data_raw_slopes!$C$2:$C$41="p25")*data_raw_slopes!$F$2:$F$41)>0,SUMPRODUCT((data_raw_slopes!$A$2:$A$41="10-19")*(data_raw_slopes!$B$2:$B$41="payer")*(data_raw_slopes!$C$2:$C$41="p25")*data_raw_slopes!$F$2:$F$41),SUMPRODUCT((data_raw_slopes!$A$2:$A$41="10-19")*(data_raw_slopes!$B$2:$B$41="payer")*(data_raw_slopes!$C$2:$C$41="p25")*data_raw_slopes!$G$2:$G$41)))*Y15*0.15 -> 99.424135 | AG15: =AE15-AF15 -> -15.431992 | AH15: =AC15*(saga_progression_new!$E$17/saga_progression_old!$C$16) -> 5.2821429 | AI15: =AG15-AB15 -> -19.911992 | AJ15: =AD15-Y15 -> 0.45 | AK15: =AH15-AC15 -> -9.5078571 | AL15: =AF15-AA15 -> 10.404135 | AN15: =SUMPRODUCT((data_segment_HC_gains!$A$25:$A$44="10-19")*(data_segment_HC_gains!$B$25:$B$44="p50")*data_segment_HC_gains!$C$25:$C$44) -> 6 | AO15: =SUMPRODUCT((data_segment_HC_gains!$A$25:$A$44="10-19")*(data_segment_HC_gains!$B$25:$B$44="p50")*data_segment_HC_gains!$E$25:$E$44) -> 148.23 | AP15: =SUMPRODUCT((data_raw_slopes!$A$2:$A$41="10-19")*(data_raw_slopes!$B$2:$B$41="payer")*(data_raw_slopes!$C$2:$C$41="p50")*data_raw_slopes!$E$2:$E$41) -> 151.27 | AQ15: =AO15-AP15 -> -3.04 | AR15: =SUMPRODUCT((data_segment_HC_gains!$A$25:$A$44="10-19")*(data_segment_HC_gains!$B$25:$B$44="p50")*data_segment_HC_gains!$G$25:$G$44) -> 25.07 | AS15: =AN15*1.15 -> 6.9 | AT15: =AO15-AR15*(1-(saga_progression_new!$E$17/saga_progression_old!$C$16))+IF(AN15<ns_new!$E$11,0,IF(AN15*1.25<ns_new!$E$12-ns_new!$E$11,ns_new!$F$11,IF(AN15*1.25^2<ns_new!$E$13-ns_new!$E$12,ns_new!$F$11+ns_new!$F$12,ns_new!$F$11+ns_new!$F$12+ns_new!$F$13))) -> 172.11357 | AU15: =AP15+(IF(SUMPRODUCT((data_raw_slopes!$A$2:$A$41="10-19")*(data_raw_slopes!$B$2:$B$41="payer")*(data_raw_slopes!$C$2:$C$41="p50")*data_raw_slopes!$F$2:$F$41)>0,SUMPRODUCT((data_raw_slopes!$A$2:$A$41="10-19")*(data_raw_slopes!$B$2:$B$41="payer")*(data_raw_slopes!$C$2:$C$41="p50")*data_raw_slopes!$F$2:$F$41),SUMPRODUCT((data_raw_slopes!$A$2:$A$41="10-19")*(data_raw_slopes!$B$2:$B$41="payer")*(data_raw_slopes!$C$2:$C$41="p50")*data_raw_slopes!$G$2:$G$41)))*AN15*0.15 -> 163.29202 | AV15: =AT15-AU15 -> 8.8215514 | AW15: =AR15*(saga_progression_new!$E$17/saga_progression_old!$C$16) -> 8.9535714 | AX15: =AV15-AQ15 -> 11.861551 | AY15: =AS15-AN15 -> 0.9 | AZ15: =AW15-AR15 -> -16.116429 | BA15: =AU15-AP15 -> 12.02202 | BC15: =SUMPRODUCT((data_segment_HC_gains!$A$25:$A$44="10-19")*(data_segment_HC_gains!$B$25:$B$44="p75")*data_segment_HC_gains!$C$25:$C$44) -> 12 | BD15: =SUMPRODUCT((data_segment_HC_gains!$A$25:$A$44="10-19")*(data_segment_HC_gains!$B$25:$B$44="p75")*data_segment_HC_gains!$E$25:$E$44) -> 200.4 | BE15: =SUMPRODUCT((data_raw_slopes!$A$2:$A$41="10-19")*(data_raw_slopes!$B$2:$B$41="payer")*(data_raw_slopes!$C$2:$C$41="p75")*data_raw_slopes!$E$2:$E$41) -> 210.6 | BF15: =BD15-BE15 -> -10.2 | BG15: =SUMPRODUCT((data_segment_HC_gains!$A$25:$A$44="10-19")*(data_segment_HC_gains!$B$25:$B$44="p75")*data_segment_HC_gains!$G$25:$G$44) -> 32.05 | BH15: =BC15*1.15 -> 13.8 | BI15: =BD15-BG15*(1-(saga_progression_new!$E$17/saga_progression_old!$C$16))+IF(BC15<ns_new!$E$11,0,IF(BC15*1.25<ns_new!$E$12-ns_new!$E$11,ns_new!$F$11,IF(BC15*1.25^2<ns_new!$E$13-ns_new!$E$12,ns_new!$F$11+ns_new!$F$12,ns_new!$F$11+ns_new!$F$12+ns_new!$F$13))) -> 279.79643 | BJ15: =BE15+(IF(SUMPRODUCT((data_raw_slopes!$A$2:$A$41="10-19")*(data_raw_slopes!$B$2:$B$41="payer")*(data_raw_slopes!$C$2:$C$41="p75")*data_raw_slopes!$F$2:$F$41)>0,SUMPRODUCT((data_raw_slopes!$A$2:$A$41="10-19")*(data_raw_slopes!$B$2:$B$41="payer")*(data_raw_slopes!$C$2:$C$41="p75")*data_raw_slopes!$F$2:$F$41),SUMPRODUCT((data_raw_slopes!$A$2:$A$41="10-19")*(data_raw_slopes!$B$2:$B$41="payer")*(data_raw_slopes!$C$2:$C$41="p75")*data_raw_slopes!$G$2:$G$41)))*BC15*0.15 -> 232.49736 | BK15: =BI15-BJ15 -> 47.299069 | BL15: =BG15*(saga_progression_new!$E$17/saga_progression_old!$C$16) -> 11.446429 | BM15: =BK15-BF15 -> 57.499069 | BN15: =BH15-BC15 -> 1.8 | BO15: =BL15-BG15 -> -20.603571 | BP15: =BJ15-BE15 -> 21.89736 | BR15: =SUMPRODUCT((data_segment_HC_gains!$A$25:$A$44="10-19")*(data_segment_HC_gains!$B$25:$B$44="p90")*data_segment_HC_gains!$C$25:$C$44) -> 20 | BS15: =SUMPRODUCT((data_segment_HC_gains!$A$25:$A$44="10-19")*(data_segment_HC_gains!$B$25:$B$44="p90")*data_segment_HC_gains!$E$25:$E$44) -> 315.99 | BT15: =SUMPRODUCT((data_raw_slopes!$A$2:$A$41="10-19")*(data_raw_slopes!$B$2:$B$41="payer")*(data_raw_slopes!$C$2:$C$41="p90")*data_raw_slopes!$E$2:$E$41) -> 343.63 | BU15: =BS15-BT15 -> -27.64 | BV15: =SUMPRODUCT((data_segment_HC_gains!$A$25:$A$44="10-19")*(data_segment_HC_gains!$B$25:$B$44="p90")*data_segment_HC_gains!$G$25:$G$44) -> 46.02 | BW15: =BR15*1.15 -> 23 | BX15: =BS15-BV15*(1-(saga_progression_new!$E$17/saga_progression_old!$C$16))+IF(BR15<ns_new!$E$11,0,IF(BR15*1.25<ns_new!$E$12-ns_new!$E$11,ns_new!$F$11,IF(BR15*1.25^2<ns_new!$E$13-ns_new!$E$12,ns_new!$F$11+ns_new!$F$12,ns_new!$F$11+ns_new!$F$12+ns_new!$F$13))) -> 386.40571 | BY15: =BT15+(IF(SUMPRODUCT((data_raw_slopes!$A$2:$A$41="10-19")*(data_raw_slopes!$B$2:$B$41="payer")*(data_raw_slopes!$C$2:$C$41="p90")*data_raw_slopes!$F$2:$F$41)>0,SUMPRODUCT((data_raw_slopes!$A$2:$A$41="10-19")*(data_raw_slopes!$B$2:$B$41="payer")*(data_raw_slopes!$C$2:$C$41="p90")*data_raw_slopes!$F$2:$F$41),SUMPRODUCT((data_raw_slopes!$A$2:$A$41="10-19")*(data_raw_slopes!$B$2:$B$41="payer")*(data_raw_slopes!$C$2:$C$41="p90")*data_raw_slopes!$G$2:$G$41)))*BR15*0.15 -> 394.3387 | BZ15: =BX15-BY15 -> -7.9329857 | CA15: =BV15*(saga_progression_new!$E$17/saga_progression_old!$C$16) -> 16.435714 | CB15: =BZ15-BU15 -> 19.707014 | CC15: =BW15-BR15 -> 3 | CD15: =CA15-BV15 -> -29.584286 | CE15: =BY15-BT15 -> 50.7087
B16: 20-39 | C16: =data_processed!E9 -> 50.836764 | D16: =data_processed!G9 -> 27.152669 | E16: =data_processed!H9 -> 341.04613 | F16: =data_processed!I9 -> 52.401808 | G16: =data_processed!X9 -> 20.844657 | H16: =data_processed!J9 -> 288.64536 | I16: =IFERROR(D16*saga_progression_new!$G17,"") -> 20.364501 | J16: =IFERROR(daily_rewards_new!$B$13*data_processed!Y9,"") -> 15.560833 | K16: =data_processed!L9 -> 0.55796688 | L16: =data_processed!M9 -> 0.23168409 | M16: =data_processed!N9 -> 0.070162367 | N16: =IFERROR(K16*ns_new!$F$17+L16*ns_new!$F$18+M16*ns_new!$F$19,"") -> 26.969944 | O16: =IFERROR(H16+I16+N16+J16,"") -> 351.54064 | Q16: =data_processed!K9 -> 351.64172 | R16: =IFERROR(E16-Q16,"") -> -10.595588 | S16: =data_processed!W9 -> 17.237822 | T16: =IFERROR(S16*($C$2-1),"") -> 0.86189108 | U16: =data_processed!R9 -> 12.7456 | V16: =IFERROR(O16-(Q16+U16*T16),"") -> -11.086403 | W16: =IFERROR(O16-Q16,"") -> -0.10108419 | Y16: =SUMPRODUCT((data_segment_HC_gains!$A$25:$A$44="20-39")*(data_segment_HC_gains!$B$25:$B$44="p25")*data_segment_HC_gains!$C$25:$C$44) -> 6 | Z16: =SUMPRODUCT((data_segment_HC_gains!$A$25:$A$44="20-39")*(data_segment_HC_gains!$B$25:$B$44="p25")*data_segment_HC_gains!$E$25:$E$44) -> 186.81 | AA16: =SUMPRODUCT((data_raw_slopes!$A$2:$A$41="20-39")*(data_raw_slopes!$B$2:$B$41="payer")*(data_raw_slopes!$C$2:$C$41="p25")*data_raw_slopes!$E$2:$E$41) -> 182.33 | AB16: =Z16-AA16 -> 4.48 | AC16: =SUMPRODUCT((data_segment_HC_gains!$A$25:$A$44="20-39")*(data_segment_HC_gains!$B$25:$B$44="p25")*data_segment_HC_gains!$G$25:$G$44) -> 33 | AD16: =Y16*1.15 -> 6.9 | AE16: =Z16-AC16*(1-(saga_progression_new!$G$17/saga_progression_old!$C$16))+IF(Y16<ns_new!$E$17,0,IF(Y16*1.25<ns_new!$E$18-ns_new!$E$17,ns_new!$F$17,IF(Y16*1.25^2<ns_new!$E$19-ns_new!$E$18,ns_new!$F$17+ns_new!$F$18,ns_new!$F$17+ns_new!$F$18+ns_new!$F$19))) -> 165.59571 | AF16: =AA16+(IF(SUMPRODUCT((data_raw_slopes!$A$2:$A$41="20-39")*(data_raw_slopes!$B$2:$B$41="payer")*(data_raw_slopes!$C$2:$C$41="p25")*data_raw_slopes!$F$2:$F$41)>0,SUMPRODUCT((data_raw_slopes!$A$2:$A$41="20-39")*(data_raw_slopes!$B$2:$B$41="payer")*(data_raw_slopes!$C$2:$C$41="p25")*data_raw_slopes!$F$2:$F$41),SUMPRODUCT((data_raw_slopes!$A$2:$A$41="20-39")*(data_raw_slopes!$B$2:$B$41="payer")*(data_raw_slopes!$C$2:$C$41="p25")*data_raw_slopes!$G$2:$G$41)))*Y16*0.15 -> 201.52664 | AG16: =AE16-AF16 -> -35.930926 | AH16: =AC16*(saga_progression_new!$G$17/saga_progression_old!$C$16) -> 11.785714 | AI16: =AG16-AB16 -> -40.410926 | AJ16: =AD16-Y16 -> 0.9 | AK16: =AH16-AC16 -> -21.214286 | AL16: =AF16-AA16 -> 19.19664 | AN16: =SUMPRODUCT((data_segment_HC_gains!$A$25:$A$44="20-39")*(data_segment_HC_gains!$B$25:$B$44="p50")*data_segment_HC_gains!$C$25:$C$44) -> 13 | AO16: =SUMPRODUCT((data_segment_HC_gains!$A$25:$A$44="20-39")*(data_segment_HC_gains!$B$25:$B$44="p50")*data_segment_HC_gains!$E$25:$E$44) -> 292.33 | AP16: =SUMPRODUCT((data_raw_slopes!$A$2:$A$41="20-39")*(data_raw_slopes!$B$2:$B$41="payer")*(data_raw_slopes!$C$2:$C$41="p50")*data_raw_slopes!$E$2:$E$41) -> 301.15 | AQ16: =AO16-AP16 -> -8.82 | AR16: =SUMPRODUCT((data_segment_HC_gains!$A$25:$A$44="20-39")*(data_segment_HC_gains!$B$25:$B$44="p50")*data_segment_HC_gains!$G$25:$G$44) -> 50.36 | AS16: =AN16*1.15 -> 14.95 | AT16: =AO16-AR16*(1-(saga_progression_new!$G$17/saga_progression_old!$C$16))+IF(AN16<ns_new!$E$17,0,IF(AN16*1.25<ns_new!$E$18-ns_new!$E$17,ns_new!$F$17,IF(AN16*1.25^2<ns_new!$E$19-ns_new!$E$18,ns_new!$F$17+ns_new!$F$18,ns_new!$F$17+ns_new!$F$18+ns_new!$F$19))) -> 424.95571 | AU16: =AP16+(IF(SUMPRODUCT((data_raw_slopes!$A$2:$A$41="20-39")*(data_raw_slopes!$B$2:$B$41="payer")*(data_raw_slopes!$C$2:$C$41="p50")*data_raw_slopes!$F$2:$F$41)>0,SUMPRODUCT((data_raw_slopes!$A$2:$A$41="20-39")*(data_raw_slopes!$B$2:$B$41="payer")*(data_raw_slopes!$C$2:$C$41="p50")*data_raw_slopes!$F$2:$F$41),SUMPRODUCT((data_raw_slopes!$A$2:$A$41="20-39")*(data_raw_slopes!$B$2:$B$41="payer")*(data_raw_slopes!$C$2:$C$41="p50")*data_raw_slopes!$G$2:$G$41)))*AN16*0.15 -> 326.00392 | AV16: =AT16-AU16 -> 98.951794 | AW16: =AR16*(saga_progression_new!$G$17/saga_progression_old!$C$16) -> 17.985714 | AX16: =AV16-AQ16 -> 107.77179 | AY16: =AS16-AN16 -> 1.95 | AZ16: =AW16-AR16 -> -32.374286 | BA16: =AU16-AP16 -> 24.85392 | BC16: =SUMPRODUCT((data_segment_HC_gains!$A$25:$A$44="20-39")*(data_segment_HC_gains!$B$25:$B$44="p75")*data_segment_HC_gains!$C$25:$C$44) -> 24 | BD16: =SUMPRODUCT((data_segment_HC_gains!$A$25:$A$44="20-39")*(data_segment_HC_gains!$B$25:$B$44="p75")*data_segment_HC_gains!$E$25:$E$44) -> 400.43 | BE16: =SUMPRODUCT((data_raw_slopes!$A$2:$A$41="20-39")*(data_raw_slopes!$B$2:$B$41="payer")*(data_raw_slopes!$C$2:$C$41="p75")*data_raw_slopes!$E$2:$E$41) -> 425.4 | BF16: =BD16-BE16 -> -24.97 | BG16: =SUMPRODUCT((data_segment_HC_gains!$A$25:$A$44="20-39")*(data_segment_HC_gains!$B$25:$B$44="p75")*data_segment_HC_gains!$G$25:$G$44) -> 61.53 | BH16: =BC16*1.15 -> 27.6 | BI16: =BD16-BG16*(1-(saga_progression_new!$G$17/saga_progression_old!$C$16))+IF(BC16<ns_new!$E$17,0,IF(BC16*1.25<ns_new!$E$18-ns_new!$E$17,ns_new!$F$17,IF(BC16*1.25^2<ns_new!$E$19-ns_new!$E$18,ns_new!$F$17+ns_new!$F$18,ns_new!$F$17+ns_new!$F$18+ns_new!$F$19))) -> 525.875 | BJ16: =BE16+(IF(SUMPRODUCT((data_raw_slopes!$A$2:$A$41="20-39")*(data_raw_slopes!$B$2:$B$41="payer")*(data_raw_slopes!$C$2:$C$41="p75")*data_raw_slopes!$F$2:$F$41)>0,SUMPRODUCT((data_raw_slopes!$A$2:$A$41="20-39")*(data_raw_slopes!$B$2:$B$41="payer")*(data_raw_slopes!$C$2:$C$41="p75")*data_raw_slopes!$F$2:$F$41),SUMPRODUCT((data_raw_slopes!$A$2:$A$41="20-39")*(data_raw_slopes!$B$2:$B$41="payer")*(data_raw_slopes!$C$2:$C$41="p75")*data_raw_slopes!$G$2:$G$41)))*BC16*0.15 -> 473.19792 | BK16: =BI16-BJ16 -> 52.67708 | BL16: =BG16*(saga_progression_new!$G$17/saga_progression_old!$C$16) -> 21.975 | BM16: =BK16-BF16 -> 77.64708 | BN16: =BH16-BC16 -> 3.6 | BO16: =BL16-BG16 -> -39.555 | BP16: =BJ16-BE16 -> 47.79792 | BR16: =SUMPRODUCT((data_segment_HC_gains!$A$25:$A$44="20-39")*(data_segment_HC_gains!$B$25:$B$44="p90")*data_segment_HC_gains!$C$25:$C$44) -> 37 | BS16: =SUMPRODUCT((data_segment_HC_gains!$A$25:$A$44="20-39")*(data_segment_HC_gains!$B$25:$B$44="p90")*data_segment_HC_gains!$E$25:$E$44) -> 625.07 | BT16: =SUMPRODUCT((data_raw_slopes!$A$2:$A$41="20-39")*(data_raw_slopes!$B$2:$B$41="payer")*(data_raw_slopes!$C$2:$C$41="p90")*data_raw_slopes!$E$2:$E$41) -> 677.95 | BU16: =BS16-BT16 -> -52.88 | BV16: =SUMPRODUCT((data_segment_HC_gains!$A$25:$A$44="20-39")*(data_segment_HC_gains!$B$25:$B$44="p90")*data_segment_HC_gains!$G$25:$G$44) -> 85.68 | BW16: =BR16*1.15 -> 42.55 | BX16: =BS16-BV16*(1-(saga_progression_new!$G$17/saga_progression_old!$C$16))+IF(BR16<ns_new!$E$17,0,IF(BR16*1.25<ns_new!$E$18-ns_new!$E$17,ns_new!$F$17,IF(BR16*1.25^2<ns_new!$E$19-ns_new!$E$18,ns_new!$F$17+ns_new!$F$18,ns_new!$F$17+ns_new!$F$18+ns_new!$F$19))) -> 734.99 | BY16: =BT16+(IF(SUMPRODUCT((data_raw_slopes!$A$2:$A$41="20-39")*(data_raw_slopes!$B$2:$B$41="payer")*(data_raw_slopes!$C$2:$C$41="p90")*data_raw_slopes!$F$2:$F$41)>0,SUMPRODUCT((data_raw_slopes!$A$2:$A$41="20-39")*(data_raw_slopes!$B$2:$B$41="payer")*(data_raw_slopes!$C$2:$C$41="p90")*data_raw_slopes!$F$2:$F$41),SUMPRODUCT((data_raw_slopes!$A$2:$A$41="20-39")*(data_raw_slopes!$B$2:$B$41="payer")*(data_raw_slopes!$C$2:$C$41="p90")*data_raw_slopes!$G$2:$G$41)))*BR16*0.15 -> 773.89784 | BZ16: =BX16-BY16 -> -38.907845 | CA16: =BV16*(saga_progression_new!$G$17/saga_progression_old!$C$16) -> 30.6 | CB16: =BZ16-BU16 -> 13.972155 | CC16: =BW16-BR16 -> 5.55 | CD16: =CA16-BV16 -> -55.08 | CE16: =BY16-BT16 -> 95.947845
B17: 40-99 | C17: =data_processed!E10 -> 81.613874 | D17: =data_processed!G10 -> 55.00387 | E17: =data_processed!H10 -> 684.69092 | F17: =data_processed!I10 -> 107.15798 | G17: =data_processed!X10 -> 20.858326 | H17: =data_processed!J10 -> 577.53323 | I17: =IFERROR(D17*saga_progression_new!$I17,"") -> 41.252902 | J17: =IFERROR(daily_rewards_new!$B$13*data_processed!Y10,"") -> 15.678827 | K17: =data_processed!L10 -> 0.49724755 | L17: =data_processed!M10 -> 0.18491344 | M17: =data_processed!N10 -> 0.047207108 | N17: =IFERROR(K17*ns_new!$F$23+L17*ns_new!$F$24+M17*ns_new!$F$25,"") -> 58.853768 | O17: =IFERROR(H17+I17+N17+J17,"") -> 693.31873 | Q17: =data_processed!K10 -> 705.64261 | R17: =IFERROR(E17-Q17,"") -> -20.951687 | S17: =data_processed!W10 -> 35.956124 | T17: =IFERROR(S17*($C$2-1),"") -> 1.7978062 | U17: =data_processed!R10 -> 15.4689 | V17: =IFERROR(O17-(Q17+U17*T17),"") -> -40.133968 | W17: =IFERROR(O17-Q17,"") -> -12.323883 | Y17: =SUMPRODUCT((data_segment_HC_gains!$A$25:$A$44="40-99")*(data_segment_HC_gains!$B$25:$B$44="p25")*data_segment_HC_gains!$C$25:$C$44) -> 12 | Z17: =SUMPRODUCT((data_segment_HC_gains!$A$25:$A$44="40-99")*(data_segment_HC_gains!$B$25:$B$44="p25")*data_segment_HC_gains!$E$25:$E$44) -> 364.39 | AA17: =SUMPRODUCT((data_raw_slopes!$A$2:$A$41="40-99")*(data_raw_slopes!$B$2:$B$41="payer")*(data_raw_slopes!$C$2:$C$41="p25")*data_raw_slopes!$E$2:$E$41) -> 363.51 | AB17: =Z17-AA17 -> 0.88 | AC17: =SUMPRODUCT((data_segment_HC_gains!$A$25:$A$44="40-99")*(data_segment_HC_gains!$B$25:$B$44="p25")*data_segment_HC_gains!$G$25:$G$44) -> 71.21 | AD17: =Y17*1.15 -> 13.8 | AE17: =Z17-AC17*(1-(saga_progression_new!$I$17/saga_progression_old!$C$16))+IF(Y17<ns_new!$E$23,0,IF(Y17*1.25<ns_new!$E$24-ns_new!$E$23,ns_new!$F$23,IF(Y17*1.25^2<ns_new!$E$25-ns_new!$E$24,ns_new!$F$23+ns_new!$F$24,ns_new!$F$23+ns_new!$F$24+ns_new!$F$25))) -> 318.61214 | AF17: =AA17+(IF(SUMPRODUCT((data_raw_slopes!$A$2:$A$41="40-99")*(data_raw_slopes!$B$2:$B$41="payer")*(data_raw_slopes!$C$2:$C$41="p25")*data_raw_slopes!$F$2:$F$41)>0,SUMPRODUCT((data_raw_slopes!$A$2:$A$41="40-99")*(data_raw_slopes!$B$2:$B$41="payer")*(data_raw_slopes!$C$2:$C$41="p25")*data_raw_slopes!$F$2:$F$41),SUMPRODUCT((data_raw_slopes!$A$2:$A$41="40-99")*(data_raw_slopes!$B$2:$B$41="payer")*(data_raw_slopes!$C$2:$C$41="p25")*data_raw_slopes!$G$2:$G$41)))*Y17*0.15 -> 400.7124 | AG17: =AE17-AF17 -> -82.100257 | AH17: =AC17*(saga_progression_new!$I$17/saga_progression_old!$C$16) -> 25.432143 | AI17: =AG17-AB17 -> -82.980257 | AJ17: =AD17-Y17 -> 1.8 | AK17: =AH17-AC17 -> -45.777857 | AL17: =AF17-AA17 -> 37.2024 | AN17: =SUMPRODUCT((data_segment_HC_gains!$A$25:$A$44="40-99")*(data_segment_HC_gains!$B$25:$B$44="p50")*data_segment_HC_gains!$C$25:$C$44) -> 27 | AO17: =SUMPRODUCT((data_segment_HC_gains!$A$25:$A$44="40-99")*(data_segment_HC_gains!$B$25:$B$44="p50")*data_segment_HC_gains!$E$25:$E$44) -> 607.99 | AP17: =SUMPRODUCT((data_raw_slopes!$A$2:$A$41="40-99")*(data_raw_slopes!$B$2:$B$41="payer")*(data_raw_slopes!$C$2:$C$41="p50")*data_raw_slopes!$E$2:$E$41) -> 641.78 | AQ17: =AO17-AP17 -> -33.79 | AR17: =SUMPRODUCT((data_segment_HC_gains!$A$25:$A$44="40-99")*(data_segment_HC_gains!$B$25:$B$44="p50")*data_segment_HC_gains!$G$25:$G$44) -> 100.23 | AS17: =AN17*1.15 -> 31.05 | AT17: =AO17-AR17*(1-(saga_progression_new!$I$17/saga_progression_old!$C$16))+IF(AN17<ns_new!$E$23,0,IF(AN17*1.25<ns_new!$E$24-ns_new!$E$23,ns_new!$F$23,IF(AN17*1.25^2<ns_new!$E$25-ns_new!$E$24,ns_new!$F$23+ns_new!$F$24,ns_new!$F$23+ns_new!$F$24+ns_new!$F$25))) -> 543.55643 | AU17: =AP17+(IF(SUMPRODUCT((data_raw_slopes!$A$2:$A$41="40-99")*(data_raw_slopes!$B$2:$B$41="payer")*(data_raw_slopes!$C$2:$C$41="p50")*data_raw_slopes!$F$2:$F$41)>0,SUMPRODUCT((data_raw_slopes!$A$2:$A$41="40-99")*(data_raw_slopes!$B$2:$B$41="payer")*(data_raw_slopes!$C$2:$C$41="p50")*data_raw_slopes!$F$2:$F$41),SUMPRODUCT((data_raw_slopes!$A$2:$A$41="40-99")*(data_raw_slopes!$B$2:$B$41="payer")*(data_raw_slopes!$C$2:$C$41="p50")*data_raw_slopes!$G$2:$G$41)))*AN17*0.15 -> 704.42904 | AV17: =AT17-AU17 -> -160.87262 | AW17: =AR17*(saga_progression_new!$I$17/saga_progression_old!$C$16) -> 35.796429 | AX17: =AV17-AQ17 -> -127.08262 | AY17: =AS17-AN17 -> 4.05 | AZ17: =AW17-AR17 -> -64.433571 | BA17: =AU17-AP17 -> 62.649045 | BC17: =SUMPRODUCT((data_segment_HC_gains!$A$25:$A$44="40-99")*(data_segment_HC_gains!$B$25:$B$44="p75")*data_segment_HC_gains!$C$25:$C$44) -> 50 | BD17: =SUMPRODUCT((data_segment_HC_gains!$A$25:$A$44="40-99")*(data_segment_HC_gains!$B$25:$B$44="p75")*data_segment_HC_gains!$E$25:$E$44) -> 828.58 | BE17: =SUMPRODUCT((data_raw_slopes!$A$2:$A$41="40-99")*(data_raw_slopes!$B$2:$B$41="payer")*(data_raw_slopes!$C$2:$C$41="p75")*data_raw_slopes!$E$2:$E$41) -> 893.71 | BF17: =BD17-BE17 -> -65.13 | BG17: =SUMPRODUCT((data_segment_HC_gains!$A$25:$A$44="40-99")*(data_segment_HC_gains!$B$25:$B$44="p75")*data_segment_HC_gains!$G$25:$G$44) -> 120.7 | BH17: =BC17*1.15 -> 57.5 | BI17: =BD17-BG17*(1-(saga_progression_new!$I$17/saga_progression_old!$C$16))+IF(BC17<ns_new!$E$23,0,IF(BC17*1.25<ns_new!$E$24-ns_new!$E$23,ns_new!$F$23,IF(BC17*1.25^2<ns_new!$E$25-ns_new!$E$24,ns_new!$F$23+ns_new!$F$24,ns_new!$F$23+ns_new!$F$24+ns_new!$F$25))) -> 1170.9871 | BJ17: =BE17+(IF(SUMPRODUCT((data_raw_slopes!$A$2:$A$41="40-99")*(data_raw_slopes!$B$2:$B$41="payer")*(data_raw_slopes!$C$2:$C$41="p75")*data_raw_slopes!$F$2:$F$41)>0,SUMPRODUCT((data_raw_slopes!$A$2:$A$41="40-99")*(data_raw_slopes!$B$2:$B$41="payer")*(data_raw_slopes!$C$2:$C$41="p75")*data_raw_slopes!$F$2:$F$41),SUMPRODUCT((data_raw_slopes!$A$2:$A$41="40-99")*(data_raw_slopes!$B$2:$B$41="payer")*(data_raw_slopes!$C$2:$C$41="p75")*data_raw_slopes!$G$2:$G$41)))*BC17*0.15 -> 982.2235 | BK17: =BI17-BJ17 -> 188.76364 | BL17: =BG17*(saga_progression_new!$I$17/saga_progression_old!$C$16) -> 43.107143 | BM17: =BK17-BF17 -> 253.89364 | BN17: =BH17-BC17 -> 7.5 | BO17: =BL17-BG17 -> -77.592857 | BP17: =BJ17-BE17 -> 88.5135 | BR17: =SUMPRODUCT((data_segment_HC_gains!$A$25:$A$44="40-99")*(data_segment_HC_gains!$B$25:$B$44="p90")*data_segment_HC_gains!$C$25:$C$44) -> 77 | BS17: =SUMPRODUCT((data_segment_HC_gains!$A$25:$A$44="40-99")*(data_segment_HC_gains!$B$25:$B$44="p90")*data_segment_HC_gains!$E$25:$E$44) -> 1242.63 | BT17: =SUMPRODUCT((data_raw_slopes!$A$2:$A$41="40-99")*(data_raw_slopes!$B$2:$B$41="payer")*(data_raw_slopes!$C$2:$C$41="p90")*data_raw_slopes!$E$2:$E$41) -> 1354.72 | BU17: =BS17-BT17 -> -112.09 | BV17: =SUMPRODUCT((data_segment_HC_gains!$A$25:$A$44="40-99")*(data_segment_HC_gains!$B$25:$B$44="p90")*data_segment_HC_gains!$G$25:$G$44) -> 176.22 | BW17: =BR17*1.15 -> 88.55 | BX17: =BS17-BV17*(1-(saga_progression_new!$I$17/saga_progression_old!$C$16))+IF(BR17<ns_new!$E$23,0,IF(BR17*1.25<ns_new!$E$24-ns_new!$E$23,ns_new!$F$23,IF(BR17*1.25^2<ns_new!$E$25-ns_new!$E$24,ns_new!$F$23+ns_new!$F$24,ns_new!$F$23+ns_new!$F$24+ns_new!$F$25))) -> 1549.3457 | BY17: =BT17+(IF(SUMPRODUCT((data_raw_slopes!$A$2:$A$41="40-99")*(data_raw_slopes!$B$2:$B$41="payer")*(data_raw_slopes!$C$2:$C$41="p90")*data_raw_slopes!$F$2:$F$41)>0,SUMPRODUCT((data_raw_slopes!$A$2:$A$41="40-99")*(data_raw_slopes!$B$2:$B$41="payer")*(data_raw_slopes!$C$2:$C$41="p90")*data_raw_slopes!$F$2:$F$41),SUMPRODUCT((data_raw_slopes!$A$2:$A$41="40-99")*(data_raw_slopes!$B$2:$B$41="payer")*(data_raw_slopes!$C$2:$C$41="p90")*data_raw_slopes!$G$2:$G$41)))*BR17*0.15 -> 1534.0026 | BZ17: =BX17-BY17 -> 15.343149 | CA17: =BV17*(saga_progression_new!$I$17/saga_progression_old!$C$16) -> 62.935714 | CB17: =BZ17-BU17 -> 127.43315 | CC17: =BW17-BR17 -> 11.55 | CD17: =CA17-BV17 -> -113.28429 | CE17: =BY17-BT17 -> 179.28257
B18: 100+ | C18: =data_processed!E11 -> 158.4661 | D18: =data_processed!G11 -> 127.75566 | E18: =data_processed!H11 -> 1315.776 | F18: =data_processed!I11 -> 255.2873 | G18: =data_processed!X11 -> 21.645812 | H18: =data_processed!J11 -> 1060.4891 | I18: =IFERROR(D18*saga_progression_new!$K17,"") -> 95.816745 | J18: =IFERROR(daily_rewards_new!$B$13*data_processed!Y11,"") -> 15.124537 | K18: =data_processed!L11 -> 0.44225215 | L18: =data_processed!M11 -> 0.10865715 | M18: =data_processed!N11 -> 0.019778331 | N18: =IFERROR(K18*ns_new!$F$29+L18*ns_new!$F$30+M18*ns_new!$F$31,"") -> 84.733693 | O18: =IFERROR(H18+I18+N18+J18,"") -> 1256.1641 | Q18: =data_processed!K11 -> 1368.0113 | R18: =IFERROR(E18-Q18,"") -> -52.235278 | S18: =data_processed!W11 -> 85.416781 | T18: =IFERROR(S18*($C$2-1),"") -> 4.270839 | U18: =data_processed!R11 -> 10.8686 | V18: =IFERROR(O18-(Q18+U18*T18),"") -> -158.26528 | W18: =IFERROR(O18-Q18,"") -> -111.84724 | Y18: =SUMPRODUCT((data_segment_HC_gains!$A$25:$A$44="100+")*(data_segment_HC_gains!$B$25:$B$44="p25")*data_segment_HC_gains!$C$25:$C$44) -> 29 | Z18: =SUMPRODUCT((data_segment_HC_gains!$A$25:$A$44="100+")*(data_segment_HC_gains!$B$25:$B$44="p25")*data_segment_HC_gains!$E$25:$E$44) -> 773.66 | AA18: =SUMPRODUCT((data_raw_slopes!$A$2:$A$41="100+")*(data_raw_slopes!$B$2:$B$41="payer")*(data_raw_slopes!$C$2:$C$41="p25")*data_raw_slopes!$E$2:$E$41) -> 788.37 | AB18: =Z18-AA18 -> -14.71 | AC18: =SUMPRODUCT((data_segment_HC_gains!$A$25:$A$44="100+")*(data_segment_HC_gains!$B$25:$B$44="p25")*data_segment_HC_gains!$G$25:$G$44) -> 183.63 | AD18: =Y18*1.15 -> 33.35 | AE18: =Z18-AC18*(1-(saga_progression_new!$K$17/saga_progression_old!$C$16))+IF(Y18<ns_new!$E$29,0,IF(Y18*1.25<ns_new!$E$30-ns_new!$E$29,ns_new!$F$29,IF(Y18*1.25^2<ns_new!$E$31-ns_new!$E$30,ns_new!$F$29+ns_new!$F$30,ns_new!$F$29+ns_new!$F$30+ns_new!$F$31))) -> 655.61214 | AF18: =AA18+(IF(SUMPRODUCT((data_raw_slopes!$A$2:$A$41="100+")*(data_raw_slopes!$B$2:$B$41="payer")*(data_raw_slopes!$C$2:$C$41="p25")*data_raw_slopes!$F$2:$F$41)>0,SUMPRODUCT((data_raw_slopes!$A$2:$A$41="100+")*(data_raw_slopes!$B$2:$B$41="payer")*(data_raw_slopes!$C$2:$C$41="p25")*data_raw_slopes!$F$2:$F$41),SUMPRODUCT((data_raw_slopes!$A$2:$A$41="100+")*(data_raw_slopes!$B$2:$B$41="payer")*(data_raw_slopes!$C$2:$C$41="p25")*data_raw_slopes!$G$2:$G$41)))*Y18*0.15 -> 865.05267 | AG18: =AE18-AF18 -> -209.44053 | AH18: =AC18*(saga_progression_new!$K$17/saga_progression_old!$C$16) -> 65.582143 | AI18: =AG18-AB18 -> -194.73053 | AJ18: =AD18-Y18 -> 4.35 | AK18: =AH18-AC18 -> -118.04786 | AL18: =AF18-AA18 -> 76.68267 | AN18: =SUMPRODUCT((data_segment_HC_gains!$A$25:$A$44="100+")*(data_segment_HC_gains!$B$25:$B$44="p50")*data_segment_HC_gains!$C$25:$C$44) -> 67 | AO18: =SUMPRODUCT((data_segment_HC_gains!$A$25:$A$44="100+")*(data_segment_HC_gains!$B$25:$B$44="p50")*data_segment_HC_gains!$E$25:$E$44) -> 1213.14 | AP18: =SUMPRODUCT((data_raw_slopes!$A$2:$A$41="100+")*(data_raw_slopes!$B$2:$B$41="payer")*(data_raw_slopes!$C$2:$C$41="p50")*data_raw_slopes!$E$2:$E$41) -> 1312.35 | AQ18: =AO18-AP18 -> -99.21 | AR18: =SUMPRODUCT((data_segment_HC_gains!$A$25:$A$44="100+")*(data_segment_HC_gains!$B$25:$B$44="p50")*data_segment_HC_gains!$G$25:$G$44) -> 233.68 | AS18: =AN18*1.15 -> 77.05 | AT18: =AO18-AR18*(1-(saga_progression_new!$K$17/saga_progression_old!$C$16))+IF(AN18<ns_new!$E$29,0,IF(AN18*1.25<ns_new!$E$30-ns_new!$E$29,ns_new!$F$29,IF(AN18*1.25^2<ns_new!$E$31-ns_new!$E$30,ns_new!$F$29+ns_new!$F$30,ns_new!$F$29+ns_new!$F$30+ns_new!$F$31))) -> 1062.9171 | AU18: =AP18+(IF(SUMPRODUCT((data_raw_slopes!$A$2:$A$41="100+")*(data_raw_slopes!$B$2:$B$41="payer")*(data_raw_slopes!$C$2:$C$41="p50")*data_raw_slopes!$F$2:$F$41)>0,SUMPRODUCT((data_raw_slopes!$A$2:$A$41="100+")*(data_raw_slopes!$B$2:$B$41="payer")*(data_raw_slopes!$C$2:$C$41="p50")*data_raw_slopes!$F$2:$F$41),SUMPRODUCT((data_raw_slopes!$A$2:$A$41="100+")*(data_raw_slopes!$B$2:$B$41="payer")*(data_raw_slopes!$C$2:$C$41="p50")*data_raw_slopes!$G$2:$G$41)))*AN18*0.15 -> 1421.5794 | AV18: =AT18-AU18 -> -358.66229 | AW18: =AR18*(saga_progression_new!$K$17/saga_progression_old!$C$16) -> 83.457143 | AX18: =AV18-AQ18 -> -259.45229 | AY18: =AS18-AN18 -> 10.05 | AZ18: =AW18-AR18 -> -150.22286 | BA18: =AU18-AP18 -> 109.22943 | BC18: =SUMPRODUCT((data_segment_HC_gains!$A$25:$A$44="100+")*(data_segment_HC_gains!$B$25:$B$44="p75")*data_segment_HC_gains!$C$25:$C$44) -> 121 | BD18: =SUMPRODUCT((data_segment_HC_gains!$A$25:$A$44="100+")*(data_segment_HC_gains!$B$25:$B$44="p75")*data_segment_HC_gains!$E$25:$E$44) -> 1602.6 | BE18: =SUMPRODUCT((data_raw_slopes!$A$2:$A$41="100+")*(data_raw_slopes!$B$2:$B$41="payer")*(data_raw_slopes!$C$2:$C$41="p75")*data_raw_slopes!$E$2:$E$41) -> 1782.22 | BF18: =BD18-BE18 -> -179.62 | BG18: =SUMPRODUCT((data_segment_HC_gains!$A$25:$A$44="100+")*(data_segment_HC_gains!$B$25:$B$44="p75")*data_segment_HC_gains!$G$25:$G$44) -> 280.49 | BH18: =BC18*1.15 -> 139.15 | BI18: =BD18-BG18*(1-(saga_progression_new!$K$17/saga_progression_old!$C$16))+IF(BC18<ns_new!$E$29,0,IF(BC18*1.25<ns_new!$E$30-ns_new!$E$29,ns_new!$F$29,IF(BC18*1.25^2<ns_new!$E$31-ns_new!$E$30,ns_new!$F$29+ns_new!$F$30,ns_new!$F$29+ns_new!$F$30+ns_new!$F$31))) -> 2222.285 | BJ18: =BE18+(IF(SUMPRODUCT((data_raw_slopes!$A$2:$A$41="100+")*(data_raw_slopes!$B$2:$B$41="payer")*(data_raw_slopes!$C$2:$C$41="p75")*data_raw_slopes!$F$2:$F$41)>0,SUMPRODUCT((data_raw_slopes!$A$2:$A$41="100+")*(data_raw_slopes!$B$2:$B$41="payer")*(data_raw_slopes!$C$2:$C$41="p75")*data_raw_slopes!$F$2:$F$41),SUMPRODUCT((data_raw_slopes!$A$2:$A$41="100+")*(data_raw_slopes!$B$2:$B$41="payer")*(data_raw_slopes!$C$2:$C$41="p75")*data_raw_slopes!$G$2:$G$41)))*BC18*0.15 -> 1953.3273 | BK18: =BI18-BJ18 -> 268.95769 | BL18: =BG18*(saga_progression_new!$K$17/saga_progression_old!$C$16) -> 100.175 | BM18: =BK18-BF18 -> 448.57769 | BN18: =BH18-BC18 -> 18.15 | BO18: =BL18-BG18 -> -180.315 | BP18: =BJ18-BE18 -> 171.10731 | BR18: =SUMPRODUCT((data_segment_HC_gains!$A$25:$A$44="100+")*(data_segment_HC_gains!$B$25:$B$44="p90")*data_segment_HC_gains!$C$25:$C$44) -> 179 | BS18: =SUMPRODUCT((data_segment_HC_gains!$A$25:$A$44="100+")*(data_segment_HC_gains!$B$25:$B$44="p90")*data_segment_HC_gains!$E$25:$E$44) -> 2269.96 | BT18: =SUMPRODUCT((data_raw_slopes!$A$2:$A$41="100+")*(data_raw_slopes!$B$2:$B$41="payer")*(data_raw_slopes!$C$2:$C$41="p90")*data_raw_slopes!$E$2:$E$41) -> 2566.89 | BU18: =BS18-BT18 -> -296.93 | BV18: =SUMPRODUCT((data_segment_HC_gains!$A$25:$A$44="100+")*(data_segment_HC_gains!$B$25:$B$44="p90")*data_segment_HC_gains!$G$25:$G$44) -> 400.43 | BW18: =BR18*1.15 -> 205.85 | BX18: =BS18-BV18*(1-(saga_progression_new!$K$17/saga_progression_old!$C$16))+IF(BR18<ns_new!$E$29,0,IF(BR18*1.25<ns_new!$E$30-ns_new!$E$29,ns_new!$F$29,IF(BR18*1.25^2<ns_new!$E$31-ns_new!$E$30,ns_new!$F$29+ns_new!$F$30,ns_new!$F$29+ns_new!$F$30+ns_new!$F$31))) -> 2812.5407 | BY18: =BT18+(IF(SUMPRODUCT((data_raw_slopes!$A$2:$A$41="100+")*(data_raw_slopes!$B$2:$B$41="payer")*(data_raw_slopes!$C$2:$C$41="p90")*data_raw_slopes!$F$2:$F$41)>0,SUMPRODUCT((data_raw_slopes!$A$2:$A$41="100+")*(data_raw_slopes!$B$2:$B$41="payer")*(data_raw_slopes!$C$2:$C$41="p90")*data_raw_slopes!$F$2:$F$41),SUMPRODUCT((data_raw_slopes!$A$2:$A$41="100+")*(data_raw_slopes!$B$2:$B$41="payer")*(data_raw_slopes!$C$2:$C$41="p90")*data_raw_slopes!$G$2:$G$41)))*BR18*0.15 -> 2819.5431 | BZ18: =BX18-BY18 -> -7.0024157 | CA18: =BV18*(saga_progression_new!$K$17/saga_progression_old!$C$16) -> 143.01071 | CB18: =BZ18-BU18 -> 289.92758 | CC18: =BW18-BR18 -> 26.85 | CD18: =CA18-BV18 -> -257.41929 | CE18: =BY18-BT18 -> 252.65313
K20: =min(K7:K18)-max(K7:K18) -> -0.28940561 | L20: =min(L7:L18)-max(L7:L18) -> -0.20569739 | M20: =min(M7:M18)-max(M7:M18) -> -0.072194458
F21: chart data | K21: =min(K15:K17)-max(K15:K17) -> -0.06071933 | L21: =min(L15:L17)-max(L15:L17) -> -0.060776706 | M21: =min(M15:M17)-max(M15:M17) -> -0.022955259
F22: group | G22: current net | H22: net (sim) | I22: net (sim) spend same
F23: 0-9 | G23: =R7 -> 1.3242183 | H23: =V7 -> 9.1525809 | I23: =W7 -> 12.73194
F24: 10-19 | G24: =R8 -> -0.72159187 | H24: =V8 -> 12.372066 | I24: =W8 -> 14.90706
F25: 20-39 | G25: =R9 -> -4.5999022 | H25: =V9 -> 2.0843377 | I25: =W9 -> 7.1663806
F26: 40-99 | G26: =R10 -> -15.358201 | H26: =V10 -> -12.732386 | I26: =W10 -> -3.1128462
F27: 100+ | G27: =R11 -> -72.878559 | H27: =V11 -> -146.19715 | I27: =W11 -> -128.89939
F28: 0-9 (pau) | G28: =R14 -> -1.6289908 | H28: =V14 -> 4.8562677 | I28: =W14 -> 9.9200861
F29: 10-19 (pau) | G29: =R15 -> -5.6382709 | H29: =V15 -> 3.2278839 | I29: =W15 -> 9.1665341
F30: 20-39 (pau) | G30: =R16 -> -10.595588 | H30: =V16 -> -11.086403 | I30: =W16 -> -0.10108419
F31: 40-99 (pau) | G31: =R17 -> -20.951687 | H31: =V17 -> -40.133968 | I31: =W17 -> -12.323883
F32: 100+ (pau) | G32: =R18 -> -52.235278 | H32: =V18 -> -158.26528 | I32: =W18 -> -111.84724
D46: chart table | E46: different streak percentiles
D47: group | E47: hc net (0-9) | F47: hc net (10-39) | H47: hc net (40+)
D48: p25_all | E48: =AE7 -> 21.897143 | F48: =AE8 -> 62.922857 | H48: =AE9 -> 100.91286
D49: p25_pau | E49: =AE12 | F49: =AE13 | H49: =AE14 -> 27.545
D50: p50_all | E50: =AM7 | F50: =AM8 | H50: =AM9
D51: p50_pau | E51: =AM12 | F51: =AM13 | H51: =AM14
D52: p75_all | E52: =AU7 -> 23.17495 | F52: =AU8 -> 97.093775 | H52: =AU9 -> 169.98733
D53: p75_pau | E53: =AU12 | F53: =AU13 | H53: =AU14 -> 29.02196
D54: p90_all | E54: =BC7 -> 3 | F54: =BC8 -> 13 | H54: =BC9 -> 25
D55: p90_pau | E55: =BC12 | F55: =BC13 | H55: =BC14 -> 3

Sheet daily_rewards_old
A1: Daily Rewards - OLD Config
A3: Day | B3: HC Reward | E3: 👁 | L3: Variant 1 | AB3: cur | AC3: image
A4: 1 | B4: =average(M5,M16,M26,M35,M45) -> 22 | L4: Day | M4: Coin | N4: SPT | O4: Red | P4: Chuck | Q4: Bomb | R4: Slingshot | S4: Shuffle | T4: Comet | U4: Unlimited Lives | V4: Unlimited Red | W4: Unlimited Chuck | X4: Unlimited Bomb | AB4: Coins
A5: 2 | B5: 0 | E5: =IFERROR(__xludf.DUMMYFUNCTION("LET( names, HSTACK(""Coins"", $N$4:$X$4), amounts, HSTACK(M5, N5:X5), lookupNames, $AB$4:$AB$15, lookupImages, $AC$4:$AC$15, imgs, MAP(names, LAMBDA(n, XLOOKUP(n, lookupNames, lookupImages))), keepImgs, FILTER(imgs, amounts<>0), keepAmounts,"&" FILTER(amounts, amounts<>0), MAKEARRAY( 1, COLUMNS(keepAmounts)*2, LAMBDA(r,c, IF( ISODD(c), INDEX(keepImgs, 1, ROUNDUP(c/2)), INDEX(keepAmounts, 1, c/2) ) ) ) )"),"") | F5: =IFERROR(__xludf.DUMMYFUNCTION("""COMPUTED_VALUE"""),20.0) -> 20 | L5: 1 | M5: 20 | N5: 0 | O5: 0 | P5: 0 | Q5: 0 | R5: 0 | S5: 0 | T5: 0 | U5: 0 | V5: 0 | W5: 0 | X5: 0 | AB5: SPT
A6: 3 | B6: 0 | E6: =IFERROR(__xludf.DUMMYFUNCTION("LET( names, HSTACK(""Coins"", $N$4:$X$4), amounts, HSTACK(M6, N6:X6), lookupNames, $AB$4:$AB$15, lookupImages, $AC$4:$AC$15, imgs, MAP(names, LAMBDA(n, XLOOKUP(n, lookupNames, lookupImages))), keepImgs, FILTER(imgs, amounts<>0), keepAmounts,"&" FILTER(amounts, amounts<>0), MAKEARRAY( 1, COLUMNS(keepAmounts)*2, LAMBDA(r,c, IF( ISODD(c), INDEX(keepImgs, 1, ROUNDUP(c/2)), INDEX(keepAmounts, 1, c/2) ) ) ) )"),"") | F6: =IFERROR(__xludf.DUMMYFUNCTION("""COMPUTED_VALUE"""),15.0) -> 15 | L6: 2 | M6: 0 | N6: 0 | O6: 0 | P6: 0 | Q6: 0 | R6: 0 | S6: 0 | T6: 0 | U6: 15 | V6: 0 | W6: 0 | X6: 0 | AB6: Red
A7: 4 | B7: =mround(average(M8,M18,M28), 1) -> 27 | E7: =IFERROR(__xludf.DUMMYFUNCTION("LET( names, HSTACK(""Coins"", $N$4:$X$4), amounts, HSTACK(M7, N7:X7), lookupNames, $AB$4:$AB$15, lookupImages, $AC$4:$AC$15, imgs, MAP(names, LAMBDA(n, XLOOKUP(n, lookupNames, lookupImages))), keepImgs, FILTER(imgs, amounts<>0), keepAmounts,"&" FILTER(amounts, amounts<>0), MAKEARRAY( 1, COLUMNS(keepAmounts)*2, LAMBDA(r,c, IF( ISODD(c), INDEX(keepImgs, 1, ROUNDUP(c/2)), INDEX(keepAmounts, 1, c/2) ) ) ) )"),"") | F7: =IFERROR(__xludf.DUMMYFUNCTION("""COMPUTED_VALUE"""),1.0) -> 1 | L7: 3 | M7: 0 | N7: 0 | O7: 0 | P7: 0 | Q7: 0 | R7: 1 | S7: 0 | T7: 0 | U7: 0 | V7: 0 | W7: 0 | X7: 0 | AB7: Chuck
A8: 5 | B8: 0 | E8: =IFERROR(__xludf.DUMMYFUNCTION("LET( names, HSTACK(""Coins"", $N$4:$X$4), amounts, HSTACK(M8, N8:X8), lookupNames, $AB$4:$AB$15, lookupImages, $AC$4:$AC$15, imgs, MAP(names, LAMBDA(n, XLOOKUP(n, lookupNames, lookupImages))), keepImgs, FILTER(imgs, amounts<>0), keepAmounts,"&" FILTER(amounts, amounts<>0), MAKEARRAY( 1, COLUMNS(keepAmounts)*2, LAMBDA(r,c, IF( ISODD(c), INDEX(keepImgs, 1, ROUNDUP(c/2)), INDEX(keepAmounts, 1, c/2) ) ) ) )"),"") | F8: =IFERROR(__xludf.DUMMYFUNCTION("""COMPUTED_VALUE"""),25.0) -> 25 | L8: 4 | M8: 25 | N8: 0 | O8: 0 | P8: 0 | Q8: 0 | R8: 0 | S8: 0 | T8: 0 | U8: 0 | V8: 0 | W8: 0 | X8: 0 | AB8: Bomb
A9: 6 | B9: =mround(AVERAGE(M10, M20, M30, M50),1) -> 33 | E9: =IFERROR(__xludf.DUMMYFUNCTION("LET( names, HSTACK(""Coins"", $N$4:$X$4), amounts, HSTACK(M9, N9:X9), lookupNames, $AB$4:$AB$15, lookupImages, $AC$4:$AC$15, imgs, MAP(names, LAMBDA(n, XLOOKUP(n, lookupNames, lookupImages))), keepImgs, FILTER(imgs, amounts<>0), keepAmounts,"&" FILTER(amounts, amounts<>0), MAKEARRAY( 1, COLUMNS(keepAmounts)*2, LAMBDA(r,c, IF( ISODD(c), INDEX(keepImgs, 1, ROUNDUP(c/2)), INDEX(keepAmounts, 1, c/2) ) ) ) )"),"") | F9: =IFERROR(__xludf.DUMMYFUNCTION("""COMPUTED_VALUE"""),1.0) -> 1 | L9: 5 | M9: 0 | N9: 0 | O9: 0 | P9: 0 | Q9: 0 | R9: 0 | S9: 1 | T9: 0 | U9: 0 | V9: 0 | W9: 0 | X9: 0 | AB9: Slingshot
A10: 7 | B10: 100 | E10: =IFERROR(__xludf.DUMMYFUNCTION("LET( names, HSTACK(""Coins"", $N$4:$X$4), amounts, HSTACK(M10, N10:X10), lookupNames, $AB$4:$AB$15, lookupImages, $AC$4:$AC$15, imgs, MAP(names, LAMBDA(n, XLOOKUP(n, lookupNames, lookupImages))), keepImgs, FILTER(imgs, amounts<>0), keepAmoun"&"ts, FILTER(amounts, amounts<>0), MAKEARRAY( 1, COLUMNS(keepAmounts)*2, LAMBDA(r,c, IF( ISODD(c), INDEX(keepImgs, 1, ROUNDUP(c/2)), INDEX(keepAmounts, 1, c/2) ) ) ) )"),"") | F10: =IFERROR(__xludf.DUMMYFUNCTION("""COMPUTED_VALUE"""),30.0) -> 30 | L10: 6 | M10: 30 | N10: 0 | O10: 0 | P10: 0 | Q10: 0 | R10: 0 | S10: 0 | T10: 0 | U10: 0 | V10: 0 | W10: 0 | X10: 0 | AB10: Shuffle
E11: =IFERROR(__xludf.DUMMYFUNCTION("LET( names, HSTACK(""Coins"", $N$4:$X$4), amounts, HSTACK(M11, N11:X11), lookupNames, $AB$4:$AB$15, lookupImages, $AC$4:$AC$15, imgs, MAP(names, LAMBDA(n, XLOOKUP(n, lookupNames, lookupImages))), keepImgs, FILTER(imgs, amounts<>0), keepAmoun"&"ts, FILTER(amounts, amounts<>0), MAKEARRAY( 1, COLUMNS(keepAmounts)*2, LAMBDA(r,c, IF( ISODD(c), INDEX(keepImgs, 1, ROUNDUP(c/2)), INDEX(keepAmounts, 1, c/2) ) ) ) )"),"") | F11: =IFERROR(__xludf.DUMMYFUNCTION("""COMPUTED_VALUE"""),100.0) -> 100 | G11: =IFERROR(__xludf.DUMMYFUNCTION("""COMPUTED_VALUE"""),"") | H11: =IFERROR(__xludf.DUMMYFUNCTION("""COMPUTED_VALUE"""),120.0) -> 120 | I11: =IFERROR(__xludf.DUMMYFUNCTION("""COMPUTED_VALUE"""),"") | J11: =IFERROR(__xludf.DUMMYFUNCTION("""COMPUTED_VALUE"""),60.0) -> 60 | L11: 7 | M11: 100 | N11: 0 | O11: 0 | P11: 0 | Q11: 0 | R11: 0 | S11: 0 | T11: 0 | U11: 120 | V11: 60 | W11: 0 | X11: 0 | AB11: Comet
A12: Total per cycle | B12: =SUM(B4:B10) -> 182 | AB12: Unlimited Lives
A13: Avg HC/day (7d) | B13: =B12/7 -> 26 | L13: Variant 2 | AB13: Unlimited Red
L14: Day | M14: Coin | N14: SPT | O14: Red | P14: Chuck | Q14: Bomb | R14: Slingshot | S14: Shuffle | T14: Comet | U14: Unlimited Lives | V14: Unlimited Red | W14: Unlimited Chuck | X14: Unlimited Bomb | AB14: Unlimited Chuck
E15: =IFERROR(__xludf.DUMMYFUNCTION("LET( names, HSTACK(""Coins"", $N$4:$X$4), amounts, HSTACK(M15, N15:X15), lookupNames, $AB$4:$AB$15, lookupImages, $AC$4:$AC$15, imgs, MAP(names, LAMBDA(n, XLOOKUP(n, lookupNames, lookupImages))), keepImgs, FILTER(imgs, amounts<>0), keepAmoun"&"ts, FILTER(amounts, amounts<>0), MAKEARRAY( 1, COLUMNS(keepAmounts)*2, LAMBDA(r,c, IF( ISODD(c), INDEX(keepImgs, 1, ROUNDUP(c/2)), INDEX(keepAmounts, 1, c/2) ) ) ) )"),"") | F15: =IFERROR(__xludf.DUMMYFUNCTION("""COMPUTED_VALUE"""),20.0) -> 20 | L15: 1 | M15: 0 | N15: 0 | O15: 0 | P15: 0 | Q15: 0 | R15: 0 | S15: 0 | T15: 0 | U15: 20 | V15: 0 | W15: 0 | X15: 0 | AB15: Unlimited Bomb
E16: =IFERROR(__xludf.DUMMYFUNCTION("LET( names, HSTACK(""Coins"", $N$4:$X$4), amounts, HSTACK(M16, N16:X16), lookupNames, $AB$4:$AB$15, lookupImages, $AC$4:$AC$15, imgs, MAP(names, LAMBDA(n, XLOOKUP(n, lookupNames, lookupImages))), keepImgs, FILTER(imgs, amounts<>0), keepAmoun"&"ts, FILTER(amounts, amounts<>0), MAKEARRAY( 1, COLUMNS(keepAmounts)*2, LAMBDA(r,c, IF( ISODD(c), INDEX(keepImgs, 1, ROUNDUP(c/2)), INDEX(keepAmounts, 1, c/2) ) ) ) )"),"") | F16: =IFERROR(__xludf.DUMMYFUNCTION("""COMPUTED_VALUE"""),25.0) -> 25 | L16: 2 | M16: 25 | N16: 0 | O16: 0 | P16: 0 | Q16: 0 | R16: 0 | S16: 0 | T16: 0 | U16: 0 | V16: 0 | W16: 0 | X16: 0
E17: =IFERROR(__xludf.DUMMYFUNCTION("LET( names, HSTACK(""Coins"", $N$4:$X$4), amounts, HSTACK(M17, N17:X17), lookupNames, $AB$4:$AB$15, lookupImages, $AC$4:$AC$15, imgs, MAP(names, LAMBDA(n, XLOOKUP(n, lookupNames, lookupImages))), keepImgs, FILTER(imgs, amounts<>0), keepAmoun"&"ts, FILTER(amounts, amounts<>0), MAKEARRAY( 1, COLUMNS(keepAmounts)*2, LAMBDA(r,c, IF( ISODD(c), INDEX(keepImgs, 1, ROUNDUP(c/2)), INDEX(keepAmounts, 1, c/2) ) ) ) )"),"") | F17: =IFERROR(__xludf.DUMMYFUNCTION("""COMPUTED_VALUE"""),1.0) -> 1 | L17: 3 | M17: 0 | N17: 0 | O17: 0 | P17: 0 | Q17: 0 | R17: 1 | S17: 0 | T17: 0 | U17: 0 | V17: 0 | W17: 0 | X17: 0
E18: =IFERROR(__xludf.DUMMYFUNCTION("LET( names, HSTACK(""Coins"", $N$4:$X$4), amounts, HSTACK(M18, N18:X18), lookupNames, $AB$4:$AB$15, lookupImages, $AC$4:$AC$15, imgs, MAP(names, LAMBDA(n, XLOOKUP(n, lookupNames, lookupImages))), keepImgs, FILTER(imgs, amounts<>0), keepAmoun"&"ts, FILTER(amounts, amounts<>0), MAKEARRAY( 1, COLUMNS(keepAmounts)*2, LAMBDA(r,c, IF( ISODD(c), INDEX(keepImgs, 1, ROUNDUP(c/2)), INDEX(keepAmounts, 1, c/2) ) ) ) )"),"") | F18: =IFERROR(__xludf.DUMMYFUNCTION("""COMPUTED_VALUE"""),30.0) -> 30 | L18: 4 | M18: 30 | N18: 0 | O18: 0 | P18: 0 | Q18: 0 | R18: 0 | S18: 0 | T18: 0 | U18: 0 | V18: 0 | W18: 0 | X18: 0
E19: =IFERROR(__xludf.DUMMYFUNCTION("LET( names, HSTACK(""Coins"", $N$4:$X$4), amounts, HSTACK(M19, N19:X19), lookupNames, $AB$4:$AB$15, lookupImages, $AC$4:$AC$15, imgs, MAP(names, LAMBDA(n, XLOOKUP(n, lookupNames, lookupImages))), keepImgs, FILTER(imgs, amounts<>0), keepAmoun"&"ts, FILTER(amounts, amounts<>0), MAKEARRAY( 1, COLUMNS(keepAmounts)*2, LAMBDA(r,c, IF( ISODD(c), INDEX(keepImgs, 1, ROUNDUP(c/2)), INDEX(keepAmounts, 1, c/2) ) ) ) )"),"") | F19: =IFERROR(__xludf.DUMMYFUNCTION("""COMPUTED_VALUE"""),1.0) -> 1 | L19: 5 | M19: 0 | N19: 0 | O19: 0 | P19: 0 | Q19: 0 | R19: 0 | S19: 1 | T19: 0 | U19: 0 | V19: 0 | W19: 0 | X19: 0
E20: =IFERROR(__xludf.DUMMYFUNCTION("LET( names, HSTACK(""Coins"", $N$4:$X$4), amounts, HSTACK(M20, N20:X20), lookupNames, $AB$4:$AB$15, lookupImages, $AC$4:$AC$15, imgs, MAP(names, LAMBDA(n, XLOOKUP(n, lookupNames, lookupImages))), keepImgs, FILTER(imgs, amounts<>0), keepAmoun"&"ts, FILTER(amounts, amounts<>0), MAKEARRAY( 1, COLUMNS(keepAmounts)*2, LAMBDA(r,c, IF( ISODD(c), INDEX(keepImgs, 1, ROUNDUP(c/2)), INDEX(keepAmounts, 1, c/2) ) ) ) )"),"") | F20: =IFERROR(__xludf.DUMMYFUNCTION("""COMPUTED_VALUE"""),35.0) -> 35 | L20: 6 | M20: 35 | N20: 0 | O20: 0 | P20: 0 | Q20: 0 | R20: 0 | S20: 0 | T20: 0 | U20: 0 | V20: 0 | W20: 0 | X20: 0
E21: =IFERROR(__xludf.DUMMYFUNCTION("LET( names, HSTACK(""Coins"", $N$4:$X$4), amounts, HSTACK(M21, N21:X21), lookupNames, $AB$4:$AB$15, lookupImages, $AC$4:$AC$15, imgs, MAP(names, LAMBDA(n, XLOOKUP(n, lookupNames, lookupImages))), keepImgs, FILTER(imgs, amounts<>0), keepAmoun"&"ts, FILTER(amounts, amounts<>0), MAKEARRAY( 1, COLUMNS(keepAmounts)*2, LAMBDA(r,c, IF( ISODD(c), INDEX(keepImgs, 1, ROUNDUP(c/2)), INDEX(keepAmounts, 1, c/2) ) ) ) )"),"") | F21: =IFERROR(__xludf.DUMMYFUNCTION("""COMPUTED_VALUE"""),100.0) -> 100 | G21: =IFERROR(__xludf.DUMMYFUNCTION("""COMPUTED_VALUE"""),"") | H21: =IFERROR(__xludf.DUMMYFUNCTION("""COMPUTED_VALUE"""),120.0) -> 120 | I21: =IFERROR(__xludf.DUMMYFUNCTION("""COMPUTED_VALUE"""),"") | J21: =IFERROR(__xludf.DUMMYFUNCTION("""COMPUTED_VALUE"""),60.0) -> 60 | L21: 7 | M21: 100 | N21: 0 | O21: 0 | P21: 0 | Q21: 0 | R21: 0 | S21: 0 | T21: 0 | U21: 120 | V21: 0 | W21: 60 | X21: 0
L23: Variant 3
L24: Day | M24: Coin | N24: SPT | O24: Red | P24: Chuck | Q24: Bomb | R24: Slingshot | S24: Shuffle | T24: Comet | U24: Unlimited Lives | V24: Unlimited Red | W24: Unlimited Chuck | X24: Unlimited Bomb
E25: =IFERROR(__xludf.DUMMYFUNCTION("LET( names, HSTACK(""Coins"", $N$4:$X$4), amounts, HSTACK(M25, N25:X25), lookupNames, $AB$4:$AB$15, lookupImages, $AC$4:$AC$15, imgs, MAP(names, LAMBDA(n, XLOOKUP(n, lookupNames, lookupImages))), keepImgs, FILTER(imgs, amounts<>0), keepAmoun"&"ts, FILTER(amounts, amounts<>0), MAKEARRAY( 1, COLUMNS(keepAmounts)*2, LAMBDA(r,c, IF( ISODD(c), INDEX(keepImgs, 1, ROUNDUP(c/2)), INDEX(keepAmounts, 1, c/2) ) ) ) )"),"") | F25: =IFERROR(__xludf.DUMMYFUNCTION("""COMPUTED_VALUE"""),15.0) -> 15 | L25: 1 | M25: 0 | N25: 0 | O25: 0 | P25: 0 | Q25: 0 | R25: 0 | S25: 0 | T25: 0 | U25: 15 | V25: 0 | W25: 0 | X25: 0
E26: =IFERROR(__xludf.DUMMYFUNCTION("LET( names, HSTACK(""Coins"", $N$4:$X$4), amounts, HSTACK(M26, N26:X26), lookupNames, $AB$4:$AB$15, lookupImages, $AC$4:$AC$15, imgs, MAP(names, LAMBDA(n, XLOOKUP(n, lookupNames, lookupImages))), keepImgs, FILTER(imgs, amounts<>0), keepAmoun"&"ts, FILTER(amounts, amounts<>0), MAKEARRAY( 1, COLUMNS(keepAmounts)*2, LAMBDA(r,c, IF( ISODD(c), INDEX(keepImgs, 1, ROUNDUP(c/2)), INDEX(keepAmounts, 1, c/2) ) ) ) )"),"") | F26: =IFERROR(__xludf.DUMMYFUNCTION("""COMPUTED_VALUE"""),20.0) -> 20 | L26: 2 | M26: 20 | N26: 0 | O26: 0 | P26: 0 | Q26: 0 | R26: 0 | S26: 0 | T26: 0 | U26: 0 | V26: 0 | W26: 0 | X26: 0
E27: =IFERROR(__xludf.DUMMYFUNCTION("LET( names, HSTACK(""Coins"", $N$4:$X$4), amounts, HSTACK(M27, N27:X27), lookupNames, $AB$4:$AB$15, lookupImages, $AC$4:$AC$15, imgs, MAP(names, LAMBDA(n, XLOOKUP(n, lookupNames, lookupImages))), keepImgs, FILTER(imgs, amounts<>0), keepAmoun"&"ts, FILTER(amounts, amounts<>0), MAKEARRAY( 1, COLUMNS(keepAmounts)*2, LAMBDA(r,c, IF( ISODD(c), INDEX(keepImgs, 1, ROUNDUP(c/2)), INDEX(keepAmounts, 1, c/2) ) ) ) )"),"") | F27: =IFERROR(__xludf.DUMMYFUNCTION("""COMPUTED_VALUE"""),1.0) -> 1 | L27: 3 | M27: 0 | N27: 0 | O27: 0 | P27: 0 | Q27: 0 | R27: 1 | S27: 0 | T27: 0 | U27: 0 | V27: 0 | W27: 0 | X27: 0
E28: =IFERROR(__xludf.DUMMYFUNCTION("LET( names, HSTACK(""Coins"", $N$4:$X$4), amounts, HSTACK(M28, N28:X28), lookupNames, $AB$4:$AB$15, lookupImages, $AC$4:$AC$15, imgs, MAP(names, LAMBDA(n, XLOOKUP(n, lookupNames, lookupImages))), keepImgs, FILTER(imgs, amounts<>0), keepAmoun"&"ts, FILTER(amounts, amounts<>0), MAKEARRAY( 1, COLUMNS(keepAmounts)*2, LAMBDA(r,c, IF( ISODD(c), INDEX(keepImgs, 1, ROUNDUP(c/2)), INDEX(keepAmounts, 1, c/2) ) ) ) )"),"") | F28: =IFERROR(__xludf.DUMMYFUNCTION("""COMPUTED_VALUE"""),25.0) -> 25 | L28: 4 | M28: 25 | N28: 0 | O28: 0 | P28: 0 | Q28: 0 | R28: 0 | S28: 0 | T28: 0 | U28: 0 | V28: 0 | W28: 0 | X28: 0
E29: =IFERROR(__xludf.DUMMYFUNCTION("LET( names, HSTACK(""Coins"", $N$4:$X$4), amounts, HSTACK(M29, N29:X29), lookupNames, $AB$4:$AB$15, lookupImages, $AC$4:$AC$15, imgs, MAP(names, LAMBDA(n, XLOOKUP(n, lookupNames, lookupImages))), keepImgs, FILTER(imgs, amounts<>0), keepAmoun"&"ts, FILTER(amounts, amounts<>0), MAKEARRAY( 1, COLUMNS(keepAmounts)*2, LAMBDA(r,c, IF( ISODD(c), INDEX(keepImgs, 1, ROUNDUP(c/2)), INDEX(keepAmounts, 1, c/2) ) ) ) )"),"") | F29: =IFERROR(__xludf.DUMMYFUNCTION("""COMPUTED_VALUE"""),1.0) -> 1 | L29: 5 | M29: 0 | N29: 0 | O29: 0 | P29: 0 | Q29: 0 | R29: 0 | S29: 1 | T29: 0 | U29: 0 | V29: 0 | W29: 0 | X29: 0
E30: =IFERROR(__xludf.DUMMYFUNCTION("LET( names, HSTACK(""Coins"", $N$4:$X$4), amounts, HSTACK(M30, N30:X30), lookupNames, $AB$4:$AB$15, lookupImages, $AC$4:$AC$15, imgs, MAP(names, LAMBDA(n, XLOOKUP(n, lookupNames, lookupImages))), keepImgs, FILTER(imgs, amounts<>0), keepAmoun"&"ts, FILTER(amounts, amounts<>0), MAKEARRAY( 1, COLUMNS(keepAmounts)*2, LAMBDA(r,c, IF( ISODD(c), INDEX(keepImgs, 1, ROUNDUP(c/2)), INDEX(keepAmounts, 1, c/2) ) ) ) )"),"") | F30: =IFERROR(__xludf.DUMMYFUNCTION("""COMPUTED_VALUE"""),30.0) -> 30 | L30: 6 | M30: 30 | N30: 0 | O30: 0 | P30: 0 | Q30: 0 | R30: 0 | S30: 0 | T30: 0 | U30: 0 | V30: 0 | W30: 0 | X30: 0
E31: =IFERROR(__xludf.DUMMYFUNCTION("LET( names, HSTACK(""Coins"", $N$4:$X$4), amounts, HSTACK(M31, N31:X31), lookupNames, $AB$4:$AB$15, lookupImages, $AC$4:$AC$15, imgs, MAP(names, LAMBDA(n, XLOOKUP(n, lookupNames, lookupImages))), keepImgs, FILTER(imgs, amounts<>0), keepAmoun"&"ts, FILTER(amounts, amounts<>0), MAKEARRAY( 1, COLUMNS(keepAmounts)*2, LAMBDA(r,c, IF( ISODD(c), INDEX(keepImgs, 1, ROUNDUP(c/2)), INDEX(keepAmounts, 1, c/2) ) ) ) )"),"") | F31: =IFERROR(__xludf.DUMMYFUNCTION("""COMPUTED_VALUE"""),100.0) -> 100 | G31: =IFERROR(__xludf.DUMMYFUNCTION("""COMPUTED_VALUE"""),"") | H31: =IFERROR(__xludf.DUMMYFUNCTION("""COMPUTED_VALUE"""),120.0) -> 120 | I31: =IFERROR(__xludf.DUMMYFUNCTION("""COMPUTED_VALUE"""),"") | J31: =IFERROR(__xludf.DUMMYFUNCTION("""COMPUTED_VALUE"""),30.0) -> 30 | L31: 7 | M31: 100 | N31: 0 | O31: 0 | P31: 0 | Q31: 0 | R31: 0 | S31: 0 | T31: 0 | U31: 120 | V31: 0 | W31: 0 | X31: 30
L33: Variant 4
L34: Day | M34: Coin | N34: SPT | O34: Red | P34: Chuck | Q34: Bomb | R34: Slingshot | S34: Shuffle | T34: Comet | U34: Unlimited Lives | V34: Unlimited Red | W34: Unlimited Chuck | X34: Unlimited Bomb
E35: =IFERROR(__xludf.DUMMYFUNCTION("LET( names, HSTACK(""Coins"", $N$4:$X$4), amounts, HSTACK(M35, N35:X35), lookupNames, $AB$4:$AB$15, lookupImages, $AC$4:$AC$15, imgs, MAP(names, LAMBDA(n, XLOOKUP(n, lookupNames, lookupImages))), keepImgs, FILTER(imgs, amounts<>0), keepAmoun"&"ts, FILTER(amounts, amounts<>0), MAKEARRAY( 1, COLUMNS(keepAmounts)*2, LAMBDA(r,c, IF( ISODD(c), INDEX(keepImgs, 1, ROUNDUP(c/2)), INDEX(keepAmounts, 1, c/2) ) ) ) )"),"") | F35: =IFERROR(__xludf.DUMMYFUNCTION("""COMPUTED_VALUE"""),25.0) -> 25 | L35: 1 | M35: 25 | N35: 0 | O35: 0 | P35: 0 | Q35: 0 | R35: 0 | S35: 0 | T35: 0 | U35: 0 | V35: 0 | W35: 0 | X35: 0
E36: =IFERROR(__xludf.DUMMYFUNCTION("LET( names, HSTACK(""Coins"", $N$4:$X$4), amounts, HSTACK(M36, N36:X36), lookupNames, $AB$4:$AB$15, lookupImages, $AC$4:$AC$15, imgs, MAP(names, LAMBDA(n, XLOOKUP(n, lookupNames, lookupImages))), keepImgs, FILTER(imgs, amounts<>0), keepAmoun"&"ts, FILTER(amounts, amounts<>0), MAKEARRAY( 1, COLUMNS(keepAmounts)*2, LAMBDA(r,c, IF( ISODD(c), INDEX(keepImgs, 1, ROUNDUP(c/2)), INDEX(keepAmounts, 1, c/2) ) ) ) )"),"") | F36: =IFERROR(__xludf.DUMMYFUNCTION("""COMPUTED_VALUE"""),30.0) -> 30 | L36: 2 | M36: 0 | N36: 0 | O36: 0 | P36: 0 | Q36: 0 | R36: 0 | S36: 0 | T36: 0 | U36: 30 | V36: 0 | W36: 0 | X36: 0
E37: =IFERROR(__xludf.DUMMYFUNCTION("LET( names, HSTACK(""Coins"", $N$4:$X$4), amounts, HSTACK(M37, N37:X37), lookupNames, $AB$4:$AB$15, lookupImages, $AC$4:$AC$15, imgs, MAP(names, LAMBDA(n, XLOOKUP(n, lookupNames, lookupImages))), keepImgs, FILTER(imgs, amounts<>0), keepAmoun"&"ts, FILTER(amounts, amounts<>0), MAKEARRAY( 1, COLUMNS(keepAmounts)*2, LAMBDA(r,c, IF( ISODD(c), INDEX(keepImgs, 1, ROUNDUP(c/2)), INDEX(keepAmounts, 1, c/2) ) ) ) )"),"") | F37: =IFERROR(__xludf.DUMMYFUNCTION("""COMPUTED_VALUE"""),1.0) -> 1 | L37: 3 | M37: 0 | N37: 0 | O37: 0 | P37: 0 | Q37: 0 | R37: 0 | S37: 1 | T37: 0 | U37: 0 | V37: 0 | W37: 0 | X37: 0
E38: =IFERROR(__xludf.DUMMYFUNCTION("LET( names, HSTACK(""Coins"", $N$4:$X$4), amounts, HSTACK(M38, N38:X38), lookupNames, $AB$4:$AB$15, lookupImages, $AC$4:$AC$15, imgs, MAP(names, LAMBDA(n, XLOOKUP(n, lookupNames, lookupImages))), keepImgs, FILTER(imgs, amounts<>0), keepAmoun"&"ts, FILTER(amounts, amounts<>0), MAKEARRAY( 1, COLUMNS(keepAmounts)*2, LAMBDA(r,c, IF( ISODD(c), INDEX(keepImgs, 1, ROUNDUP(c/2)), INDEX(keepAmounts, 1, c/2) ) ) ) )"),"") | F38: =IFERROR(__xludf.DUMMYFUNCTION("""COMPUTED_VALUE"""),1.0) -> 1 | L38: 4 | M38: 0 | N38: 0 | O38: 0 | P38: 0 | Q38: 0 | R38: 1 | S38: 0 | T38: 0 | U38: 0 | V38: 0 | W38: 0 | X38: 0
E39: =IFERROR(__xludf.DUMMYFUNCTION("LET( names, HSTACK(""Coins"", $N$4:$X$4), amounts, HSTACK(M39, N39:X39), lookupNames, $AB$4:$AB$15, lookupImages, $AC$4:$AC$15, imgs, MAP(names, LAMBDA(n, XLOOKUP(n, lookupNames, lookupImages))), keepImgs, FILTER(imgs, amounts<>0), keepAmoun"&"ts, FILTER(amounts, amounts<>0), MAKEARRAY( 1, COLUMNS(keepAmounts)*2, LAMBDA(r,c, IF( ISODD(c), INDEX(keepImgs, 1, ROUNDUP(c/2)), INDEX(keepAmounts, 1, c/2) ) ) ) )"),"") | F39: =IFERROR(__xludf.DUMMYFUNCTION("""COMPUTED_VALUE"""),30.0) -> 30 | L39: 5 | M39: 30 | N39: 0 | O39: 0 | P39: 0 | Q39: 0 | R39: 0 | S39: 0 | T39: 0 | U39: 0 | V39: 0 | W39: 0 | X39: 0
E40: =IFERROR(__xludf.DUMMYFUNCTION("LET( names, HSTACK(""Coins"", $N$4:$X$4), amounts, HSTACK(M40, N40:X40), lookupNames, $AB$4:$AB$15, lookupImages, $AC$4:$AC$15, imgs, MAP(names, LAMBDA(n, XLOOKUP(n, lookupNames, lookupImages))), keepImgs, FILTER(imgs, amounts<>0), keepAmoun"&"ts, FILTER(amounts, amounts<>0), MAKEARRAY( 1, COLUMNS(keepAmounts)*2, LAMBDA(r,c, IF( ISODD(c), INDEX(keepImgs, 1, ROUNDUP(c/2)), INDEX(keepAmounts, 1, c/2) ) ) ) )"),"") | F40: =IFERROR(__xludf.DUMMYFUNCTION("""COMPUTED_VALUE"""),1.0) -> 1 | L40: 6 | M40: 0 | N40: 0 | O40: 0 | P40: 0 | Q40: 0 | R40: 1 | S40: 0 | T40: 0 | U40: 0 | V40: 0 | W40: 0 | X40: 0
E41: =IFERROR(__xludf.DUMMYFUNCTION("LET( names, HSTACK(""Coins"", $N$4:$X$4), amounts, HSTACK(M41, N41:X41), lookupNames, $AB$4:$AB$15, lookupImages, $AC$4:$AC$15, imgs, MAP(names, LAMBDA(n, XLOOKUP(n, lookupNames, lookupImages))), keepImgs, FILTER(imgs, amounts<>0), keepAmoun"&"ts, FILTER(amounts, amounts<>0), MAKEARRAY( 1, COLUMNS(keepAmounts)*2, LAMBDA(r,c, IF( ISODD(c), INDEX(keepImgs, 1, ROUNDUP(c/2)), INDEX(keepAmounts, 1, c/2) ) ) ) )"),"") | F41: =IFERROR(__xludf.DUMMYFUNCTION("""COMPUTED_VALUE"""),100.0) -> 100 | G41: =IFERROR(__xludf.DUMMYFUNCTION("""COMPUTED_VALUE"""),"") | H41: =IFERROR(__xludf.DUMMYFUNCTION("""COMPUTED_VALUE"""),1.0) -> 1 | I41: =IFERROR(__xludf.DUMMYFUNCTION("""COMPUTED_VALUE"""),"") | J41: =IFERROR(__xludf.DUMMYFUNCTION("""COMPUTED_VALUE"""),120.0) -> 120 | L41: 7 | M41: 100 | N41: 0 | O41: 0 | P41: 0 | Q41: 0 | R41: 0 | S41: 0 | T41: 1 | U41: 120 | V41: 0 | W41: 0 | X41: 0
L43: Variant 5
L44: Day | M44: Coin | N44: SPT | O44: Red | P44: Chuck | Q44: Bomb | R44: Slingshot | S44: Shuffle | T44: Comet | U44: Unlimited Lives | V44: Unlimited Red | W44: Unlimited Chuck | X44: Unlimited Bomb
E45: =IFERROR(__xludf.DUMMYFUNCTION("LET( names, HSTACK(""Coins"", $N$4:$X$4), amounts, HSTACK(M45, N45:X45), lookupNames, $AB$4:$AB$15, lookupImages, $AC$4:$AC$15, imgs, MAP(names, LAMBDA(n, XLOOKUP(n, lookupNames, lookupImages))), keepImgs, FILTER(imgs, amounts<>0), keepAmoun"&"ts, FILTER(amounts, amounts<>0), MAKEARRAY( 1, COLUMNS(keepAmounts)*2, LAMBDA(r,c, IF( ISODD(c), INDEX(keepImgs, 1, ROUNDUP(c/2)), INDEX(keepAmounts, 1, c/2) ) ) ) )"),"") | F45: =IFERROR(__xludf.DUMMYFUNCTION("""COMPUTED_VALUE"""),20.0) -> 20 | L45: 1 | M45: 20 | N45: 0 | O45: 0 | P45: 0 | Q45: 0 | R45: 0 | S45: 0 | T45: 0 | U45: 0 | V45: 0 | W45: 0 | X45: 0
E46: =IFERROR(__xludf.DUMMYFUNCTION("LET( names, HSTACK(""Coins"", $N$4:$X$4), amounts, HSTACK(M46, N46:X46), lookupNames, $AB$4:$AB$15, lookupImages, $AC$4:$AC$15, imgs, MAP(names, LAMBDA(n, XLOOKUP(n, lookupNames, lookupImages))), keepImgs, FILTER(imgs, amounts<>0), keepAmoun"&"ts, FILTER(amounts, amounts<>0), MAKEARRAY( 1, COLUMNS(keepAmounts)*2, LAMBDA(r,c, IF( ISODD(c), INDEX(keepImgs, 1, ROUNDUP(c/2)), INDEX(keepAmounts, 1, c/2) ) ) ) )"),"") | F46: =IFERROR(__xludf.DUMMYFUNCTION("""COMPUTED_VALUE"""),15.0) -> 15 | L46: 2 | M46: 0 | N46: 0 | O46: 0 | P46: 0 | Q46: 0 | R46: 0 | S46: 0 | T46: 0 | U46: 15 | V46: 0 | W46: 0 | X46: 0
E47: =IFERROR(__xludf.DUMMYFUNCTION("LET( names, HSTACK(""Coins"", $N$4:$X$4), amounts, HSTACK(M47, N47:X47), lookupNames, $AB$4:$AB$15, lookupImages, $AC$4:$AC$15, imgs, MAP(names, LAMBDA(n, XLOOKUP(n, lookupNames, lookupImages))), keepImgs, FILTER(imgs, amounts<>0), keepAmoun"&"ts, FILTER(amounts, amounts<>0), MAKEARRAY( 1, COLUMNS(keepAmounts)*2, LAMBDA(r,c, IF( ISODD(c), INDEX(keepImgs, 1, ROUNDUP(c/2)), INDEX(keepAmounts, 1, c/2) ) ) ) )"),"") | F47: =IFERROR(__xludf.DUMMYFUNCTION("""COMPUTED_VALUE"""),1.0) -> 1 | L47: 3 | M47: 0 | N47: 0 | O47: 0 | P47: 0 | Q47: 0 | R47: 1 | S47: 0 | T47: 0 | U47: 0 | V47: 0 | W47: 0 | X47: 0
E48: =IFERROR(__xludf.DUMMYFUNCTION("LET( names, HSTACK(""Coins"", $N$4:$X$4), amounts, HSTACK(M48, N48:X48), lookupNames, $AB$4:$AB$15, lookupImages, $AC$4:$AC$15, imgs, MAP(names, LAMBDA(n, XLOOKUP(n, lookupNames, lookupImages))), keepImgs, FILTER(imgs, amounts<>0), keepAmoun"&"ts, FILTER(amounts, amounts<>0), MAKEARRAY( 1, COLUMNS(keepAmounts)*2, LAMBDA(r,c, IF( ISODD(c), INDEX(keepImgs, 1, ROUNDUP(c/2)), INDEX(keepAmounts, 1, c/2) ) ) ) )"),"") | F48: =IFERROR(__xludf.DUMMYFUNCTION("""COMPUTED_VALUE"""),1.0) -> 1 | L48: 4 | M48: 0 | N48: 0 | O48: 0 | P48: 0 | Q48: 0 | R48: 0 | S48: 1 | T48: 0 | U48: 0 | V48: 0 | W48: 0 | X48: 0
E49: =IFERROR(__xludf.DUMMYFUNCTION("LET( names, HSTACK(""Coins"", $N$4:$X$4), amounts, HSTACK(M49, N49:X49), lookupNames, $AB$4:$AB$15, lookupImages, $AC$4:$AC$15, imgs, MAP(names, LAMBDA(n, XLOOKUP(n, lookupNames, lookupImages))), keepImgs, FILTER(imgs, amounts<>0), keepAmoun"&"ts, FILTER(amounts, amounts<>0), MAKEARRAY( 1, COLUMNS(keepAmounts)*2, LAMBDA(r,c, IF( ISODD(c), INDEX(keepImgs, 1, ROUNDUP(c/2)), INDEX(keepAmounts, 1, c/2) ) ) ) )"),"") | F49: =IFERROR(__xludf.DUMMYFUNCTION("""COMPUTED_VALUE"""),60.0) -> 60 | L49: 5 | M49: 0 | N49: 0 | O49: 0 | P49: 0 | Q49: 0 | R49: 0 | S49: 0 | T49: 0 | U49: 60 | V49: 0 | W49: 0 | X49: 0
E50: =IFERROR(__xludf.DUMMYFUNCTION("LET( names, HSTACK(""Coins"", $N$4:$X$4), amounts, HSTACK(M50, N50:X50), lookupNames, $AB$4:$AB$15, lookupImages, $AC$4:$AC$15, imgs, MAP(names, LAMBDA(n, XLOOKUP(n, lookupNames, lookupImages))), keepImgs, FILTER(imgs, amounts<>0), keepAmoun"&"ts, FILTER(amounts, amounts<>0), MAKEARRAY( 1, COLUMNS(keepAmounts)*2, LAMBDA(r,c, IF( ISODD(c), INDEX(keepImgs, 1, ROUNDUP(c/2)), INDEX(keepAmounts, 1, c/2) ) ) ) )"),"") | F50: =IFERROR(__xludf.DUMMYFUNCTION("""COMPUTED_VALUE"""),35.0) -> 35 | L50: 6 | M50: 35 | N50: 0 | O50: 0 | P50: 0 | Q50: 0 | R50: 0 | S50: 0 | T50: 0 | U50: 0 | V50: 0 | W50: 0 | X50: 0
E51: =IFERROR(__xludf.DUMMYFUNCTION("LET( names, HSTACK(""Coins"", $N$4:$X$4), amounts, HSTACK(M51, N51:X51), lookupNames, $AB$4:$AB$15, lookupImages, $AC$4:$AC$15, imgs, MAP(names, LAMBDA(n, XLOOKUP(n, lookupNames, lookupImages))), keepImgs, FILTER(imgs, amounts<>0), keepAmoun"&"ts, FILTER(amounts, amounts<>0), MAKEARRAY( 1, COLUMNS(keepAmounts)*2, LAMBDA(r,c, IF( ISODD(c), INDEX(keepImgs, 1, ROUNDUP(c/2)), INDEX(keepAmounts, 1, c/2) ) ) ) )"),"") | F51: =IFERROR(__xludf.DUMMYFUNCTION("""COMPUTED_VALUE"""),100.0) -> 100 | G51: =IFERROR(__xludf.DUMMYFUNCTION("""COMPUTED_VALUE"""),"") | H51: =IFERROR(__xludf.DUMMYFUNCTION("""COMPUTED_VALUE"""),1.0) -> 1 | I51: =IFERROR(__xludf.DUMMYFUNCTION("""COMPUTED_VALUE"""),"") | J51: =IFERROR(__xludf.DUMMYFUNCTION("""COMPUTED_VALUE"""),120.0) -> 120 | L51: 7 | M51: 100 | N51: 0 | O51: 0 | P51: 0 | Q51: 0 | R51: 1 | S51: 0 | T51: 0 | U51: 120 | V51: 0 | W51: 0 | X51: 0

Sheet daily_rewards_new
A1: Daily Rewards - NEW Config
L2: all segs
A3: Day | B3: HC Reward | E3: 👁 | L3: Variant 1 | AB3: cur | AC3: image
A4: 1 | B4: =average(M5,M16,M26,M35,M45) -> 12 | L4: Day | M4: Coin | N4: SPT | O4: Red | P4: Chuck | Q4: Bomb | R4: Slingshot | S4: Shuffle | T4: Comet | U4: Unlimited Lives | V4: Unlimited Red | W4: Unlimited Chuck | X4: Unlimited Bomb | AB4: Coins
A5: 2 | B5: 0 | E5: =IFERROR(__xludf.DUMMYFUNCTION("LET( names, HSTACK(""Coins"", $N$4:$X$4), amounts, HSTACK(M5, N5:X5), lookupNames, $AB$4:$AB$15, lookupImages, $AC$4:$AC$15, imgs, MAP(names, LAMBDA(n, XLOOKUP(n, lookupNames, lookupImages))), keepImgs, FILTER(imgs, amounts<>0), keepAmounts,"&" FILTER(amounts, amounts<>0), MAKEARRAY( 1, COLUMNS(keepAmounts)*2, LAMBDA(r,c, IF( ISODD(c), INDEX(keepImgs, 1, ROUNDUP(c/2)), INDEX(keepAmounts, 1, c/2) ) ) ) )"),"") | F5: =IFERROR(__xludf.DUMMYFUNCTION("""COMPUTED_VALUE"""),10.0) -> 10 | L5: 1 | M5: 10 | N5: 0 | O5: 0 | P5: 0 | Q5: 0 | R5: 0 | S5: 0 | T5: 0 | U5: 0 | V5: 0 | W5: 0 | X5: 0 | AB5: SPT
A6: 3 | B6: 0 | E6: =IFERROR(__xludf.DUMMYFUNCTION("LET( names, HSTACK(""Coins"", $N$4:$X$4), amounts, HSTACK(M6, N6:X6), lookupNames, $AB$4:$AB$15, lookupImages, $AC$4:$AC$15, imgs, MAP(names, LAMBDA(n, XLOOKUP(n, lookupNames, lookupImages))), keepImgs, FILTER(imgs, amounts<>0), keepAmounts,"&" FILTER(amounts, amounts<>0), MAKEARRAY( 1, COLUMNS(keepAmounts)*2, LAMBDA(r,c, IF( ISODD(c), INDEX(keepImgs, 1, ROUNDUP(c/2)), INDEX(keepAmounts, 1, c/2) ) ) ) )"),"") | F6: =IFERROR(__xludf.DUMMYFUNCTION("""COMPUTED_VALUE"""),15.0) -> 15 | L6: 2 | M6: 0 | N6: 0 | O6: 0 | P6: 0 | Q6: 0 | R6: 0 | S6: 0 | T6: 0 | U6: 15 | V6: 0 | W6: 0 | X6: 0 | AB6: Red
A7: 4 | B7: =mround(average(M8,M18,M28), 1) -> 17 | E7: =IFERROR(__xludf.DUMMYFUNCTION("LET( names, HSTACK(""Coins"", $N$4:$X$4), amounts, HSTACK(M7, N7:X7), lookupNames, $AB$4:$AB$15, lookupImages, $AC$4:$AC$15, imgs, MAP(names, LAMBDA(n, XLOOKUP(n, lookupNames, lookupImages))), keepImgs, FILTER(imgs, amounts<>0), keepAmounts,"&" FILTER(amounts, amounts<>0), MAKEARRAY( 1, COLUMNS(keepAmounts)*2, LAMBDA(r,c, IF( ISODD(c), INDEX(keepImgs, 1, ROUNDUP(c/2)), INDEX(keepAmounts, 1, c/2) ) ) ) )"),"") | F7: =IFERROR(__xludf.DUMMYFUNCTION("""COMPUTED_VALUE"""),1.0) -> 1 | L7: 3 | M7: 0 | N7: 0 | O7: 0 | P7: 0 | Q7: 0 | R7: 1 | S7: 0 | T7: 0 | U7: 0 | V7: 0 | W7: 0 | X7: 0 | AB7: Chuck
A8: 5 | B8: 0 | E8: =IFERROR(__xludf.DUMMYFUNCTION("LET( names, HSTACK(""Coins"", $N$4:$X$4), amounts, HSTACK(M8, N8:X8), lookupNames, $AB$4:$AB$15, lookupImages, $AC$4:$AC$15, imgs, MAP(names, LAMBDA(n, XLOOKUP(n, lookupNames, lookupImages))), keepImgs, FILTER(imgs, amounts<>0), keepAmounts,"&" FILTER(amounts, amounts<>0), MAKEARRAY( 1, COLUMNS(keepAmounts)*2, LAMBDA(r,c, IF( ISODD(c), INDEX(keepImgs, 1, ROUNDUP(c/2)), INDEX(keepAmounts, 1, c/2) ) ) ) )"),"") | F8: =IFERROR(__xludf.DUMMYFUNCTION("""COMPUTED_VALUE"""),15.0) -> 15 | L8: 4 | M8: 15 | N8: 0 | O8: 0 | P8: 0 | Q8: 0 | R8: 0 | S8: 0 | T8: 0 | U8: 0 | V8: 0 | W8: 0 | X8: 0 | AB8: Bomb
A9: 6 | B9: =mround(AVERAGE(M10, M20, M30, M50),1) -> 23 | E9: =IFERROR(__xludf.DUMMYFUNCTION("LET( names, HSTACK(""Coins"", $N$4:$X$4), amounts, HSTACK(M9, N9:X9), lookupNames, $AB$4:$AB$15, lookupImages, $AC$4:$AC$15, imgs, MAP(names, LAMBDA(n, XLOOKUP(n, lookupNames, lookupImages))), keepImgs, FILTER(imgs, amounts<>0), keepAmounts,"&" FILTER(amounts, amounts<>0), MAKEARRAY( 1, COLUMNS(keepAmounts)*2, LAMBDA(r,c, IF( ISODD(c), INDEX(keepImgs, 1, ROUNDUP(c/2)), INDEX(keepAmounts, 1, c/2) ) ) ) )"),"") | F9: =IFERROR(__xludf.DUMMYFUNCTION("""COMPUTED_VALUE"""),1.0) -> 1 | L9: 5 | M9: 0 | N9: 0 | O9: 0 | P9: 0 | Q9: 0 | R9: 0 | S9: 1 | T9: 0 | U9: 0 | V9: 0 | W9: 0 | X9: 0 | AB9: Slingshot
A10: 7 | B10: 100 | E10: =IFERROR(__xludf.DUMMYFUNCTION("LET( names, HSTACK(""Coins"", $N$4:$X$4), amounts, HSTACK(M10, N10:X10), lookupNames, $AB$4:$AB$15, lookupImages, $AC$4:$AC$15, imgs, MAP(names, LAMBDA(n, XLOOKUP(n, lookupNames, lookupImages))), keepImgs, FILTER(imgs, amounts<>0), keepAmoun"&"ts, FILTER(amounts, amounts<>0), MAKEARRAY( 1, COLUMNS(keepAmounts)*2, LAMBDA(r,c, IF( ISODD(c), INDEX(keepImgs, 1, ROUNDUP(c/2)), INDEX(keepAmounts, 1, c/2) ) ) ) )"),"") | F10: =IFERROR(__xludf.DUMMYFUNCTION("""COMPUTED_VALUE"""),20.0) -> 20 | L10: 6 | M10: 20 | N10: 0 | O10: 0 | P10: 0 | Q10: 0 | R10: 0 | S10: 0 | T10: 0 | U10: 0 | V10: 0 | W10: 0 | X10: 0 | AB10: Shuffle
E11: =IFERROR(__xludf.DUMMYFUNCTION("LET( names, HSTACK(""Coins"", $N$4:$X$4), amounts, HSTACK(M11, N11:X11), lookupNames, $AB$4:$AB$15, lookupImages, $AC$4:$AC$15, imgs, MAP(names, LAMBDA(n, XLOOKUP(n, lookupNames, lookupImages))), keepImgs, FILTER(imgs, amounts<>0), keepAmoun"&"ts, FILTER(amounts, amounts<>0), MAKEARRAY( 1, COLUMNS(keepAmounts)*2, LAMBDA(r,c, IF( ISODD(c), INDEX(keepImgs, 1, ROUNDUP(c/2)), INDEX(keepAmounts, 1, c/2) ) ) ) )"),"") | F11: =IFERROR(__xludf.DUMMYFUNCTION("""COMPUTED_VALUE"""),100.0) -> 100 | G11: =IFERROR(__xludf.DUMMYFUNCTION("""COMPUTED_VALUE"""),"") | H11: =IFERROR(__xludf.DUMMYFUNCTION("""COMPUTED_VALUE"""),120.0) -> 120 | I11: =IFERROR(__xludf.DUMMYFUNCTION("""COMPUTED_VALUE"""),"") | J11: =IFERROR(__xludf.DUMMYFUNCTION("""COMPUTED_VALUE"""),60.0) -> 60 | L11: 7 | M11: 100 | N11: 0 | O11: 0 | P11: 0 | Q11: 0 | R11: 0 | S11: 0 | T11: 0 | U11: 120 | V11: 60 | W11: 0 | X11: 0 | AB11: Comet
A12: Total per cycle | B12: =SUM(B4:B10) -> 152 | AB12: Unlimited Lives
A13: Avg HC/day (7d) | B13: =B12/7 -> 21.714286 | L13: Variant 2 | AB13: Unlimited Red
L14: Day | M14: Coin | N14: SPT | O14: Red | P14: Chuck | Q14: Bomb | R14: Slingshot | S14: Shuffle | T14: Comet | U14: Unlimited Lives | V14: Unlimited Red | W14: Unlimited Chuck | X14: Unlimited Bomb | AB14: Unlimited Chuck
A15: % of old | B15: =B12/daily_rewards_old!B12 -> 0.83516484 | E15: =IFERROR(__xludf.DUMMYFUNCTION("LET( names, HSTACK(""Coins"", $N$4:$X$4), amounts, HSTACK(M15, N15:X15), lookupNames, $AB$4:$AB$15, lookupImages, $AC$4:$AC$15, imgs, MAP(names, LAMBDA(n, XLOOKUP(n, lookupNames, lookupImages))), keepImgs, FILTER(imgs, amounts<>0), keepAmoun"&"ts, FILTER(amounts, amounts<>0), MAKEARRAY( 1, COLUMNS(keepAmounts)*2, LAMBDA(r,c, IF( ISODD(c), INDEX(keepImgs, 1, ROUNDUP(c/2)), INDEX(keepAmounts, 1, c/2) ) ) ) )"),"") | F15: =IFERROR(__xludf.DUMMYFUNCTION("""COMPUTED_VALUE"""),20.0) -> 20 | L15: 1 | M15: 0 | N15: 0 | O15: 0 | P15: 0 | Q15: 0 | R15: 0 | S15: 0 | T15: 0 | U15: 20 | V15: 0 | W15: 0 | X15: 0 | AB15: Unlimited Bomb
E16: =IFERROR(__xludf.DUMMYFUNCTION("LET( names, HSTACK(""Coins"", $N$4:$X$4), amounts, HSTACK(M16, N16:X16), lookupNames, $AB$4:$AB$15, lookupImages, $AC$4:$AC$15, imgs, MAP(names, LAMBDA(n, XLOOKUP(n, lookupNames, lookupImages))), keepImgs, FILTER(imgs, amounts<>0), keepAmoun"&"ts, FILTER(amounts, amounts<>0), MAKEARRAY( 1, COLUMNS(keepAmounts)*2, LAMBDA(r,c, IF( ISODD(c), INDEX(keepImgs, 1, ROUNDUP(c/2)), INDEX(keepAmounts, 1, c/2) ) ) ) )"),"") | F16: =IFERROR(__xludf.DUMMYFUNCTION("""COMPUTED_VALUE"""),15.0) -> 15 | L16: 2 | M16: 15 | N16: 0 | O16: 0 | P16: 0 | Q16: 0 | R16: 0 | S16: 0 | T16: 0 | U16: 0 | V16: 0 | W16: 0 | X16: 0
E17: =IFERROR(__xludf.DUMMYFUNCTION("LET( names, HSTACK(""Coins"", $N$4:$X$4), amounts, HSTACK(M17, N17:X17), lookupNames, $AB$4:$AB$15, lookupImages, $AC$4:$AC$15, imgs, MAP(names, LAMBDA(n, XLOOKUP(n, lookupNames, lookupImages))), keepImgs, FILTER(imgs, amounts<>0), keepAmoun"&"ts, FILTER(amounts, amounts<>0), MAKEARRAY( 1, COLUMNS(keepAmounts)*2, LAMBDA(r,c, IF( ISODD(c), INDEX(keepImgs, 1, ROUNDUP(c/2)), INDEX(keepAmounts, 1, c/2) ) ) ) )"),"") | F17: =IFERROR(__xludf.DUMMYFUNCTION("""COMPUTED_VALUE"""),1.0) -> 1 | L17: 3 | M17: 0 | N17: 0 | O17: 0 | P17: 0 | Q17: 0 | R17: 1 | S17: 0 | T17: 0 | U17: 0 | V17: 0 | W17: 0 | X17: 0
E18: =IFERROR(__xludf.DUMMYFUNCTION("LET( names, HSTACK(""Coins"", $N$4:$X$4), amounts, HSTACK(M18, N18:X18), lookupNames, $AB$4:$AB$15, lookupImages, $AC$4:$AC$15, imgs, MAP(names, LAMBDA(n, XLOOKUP(n, lookupNames, lookupImages))), keepImgs, FILTER(imgs, amounts<>0), keepAmoun"&"ts, FILTER(amounts, amounts<>0), MAKEARRAY( 1, COLUMNS(keepAmounts)*2, LAMBDA(r,c, IF( ISODD(c), INDEX(keepImgs, 1, ROUNDUP(c/2)), INDEX(keepAmounts, 1, c/2) ) ) ) )"),"") | F18: =IFERROR(__xludf.DUMMYFUNCTION("""COMPUTED_VALUE"""),20.0) -> 20 | L18: 4 | M18: 20 | N18: 0 | O18: 0 | P18: 0 | Q18: 0 | R18: 0 | S18: 0 | T18: 0 | U18: 0 | V18: 0 | W18: 0 | X18: 0
E19: =IFERROR(__xludf.DUMMYFUNCTION("LET( names, HSTACK(""Coins"", $N$4:$X$4), amounts, HSTACK(M19, N19:X19), lookupNames, $AB$4:$AB$15, lookupImages, $AC$4:$AC$15, imgs, MAP(names, LAMBDA(n, XLOOKUP(n, lookupNames, lookupImages))), keepImgs, FILTER(imgs, amounts<>0), keepAmoun"&"ts, FILTER(amounts, amounts<>0), MAKEARRAY( 1, COLUMNS(keepAmounts)*2, LAMBDA(r,c, IF( ISODD(c), INDEX(keepImgs, 1, ROUNDUP(c/2)), INDEX(keepAmounts, 1, c/2) ) ) ) )"),"") | F19: =IFERROR(__xludf.DUMMYFUNCTION("""COMPUTED_VALUE"""),1.0) -> 1 | L19: 5 | M19: 0 | N19: 0 | O19: 0 | P19: 0 | Q19: 0 | R19: 0 | S19: 1 | T19: 0 | U19: 0 | V19: 0 | W19: 0 | X19: 0
E20: =IFERROR(__xludf.DUMMYFUNCTION("LET( names, HSTACK(""Coins"", $N$4:$X$4), amounts, HSTACK(M20, N20:X20), lookupNames, $AB$4:$AB$15, lookupImages, $AC$4:$AC$15, imgs, MAP(names, LAMBDA(n, XLOOKUP(n, lookupNames, lookupImages))), keepImgs, FILTER(imgs, amounts<>0), keepAmoun"&"ts, FILTER(amounts, amounts<>0), MAKEARRAY( 1, COLUMNS(keepAmounts)*2, LAMBDA(r,c, IF( ISODD(c), INDEX(keepImgs, 1, ROUNDUP(c/2)), INDEX(keepAmounts, 1, c/2) ) ) ) )"),"") | F20: =IFERROR(__xludf.DUMMYFUNCTION("""COMPUTED_VALUE"""),25.0) -> 25 | L20: 6 | M20: 25 | N20: 0 | O20: 0 | P20: 0 | Q20: 0 | R20: 0 | S20: 0 | T20: 0 | U20: 0 | V20: 0 | W20: 0 | X20: 0
E21: =IFERROR(__xludf.DUMMYFUNCTION("LET( names, HSTACK(""Coins"", $N$4:$X$4), amounts, HSTACK(M21, N21:X21), lookupNames, $AB$4:$AB$15, lookupImages, $AC$4:$AC$15, imgs, MAP(names, LAMBDA(n, XLOOKUP(n, lookupNames, lookupImages))), keepImgs, FILTER(imgs, amounts<>0), keepAmoun"&"ts, FILTER(amounts, amounts<>0), MAKEARRAY( 1, COLUMNS(keepAmounts)*2, LAMBDA(r,c, IF( ISODD(c), INDEX(keepImgs, 1, ROUNDUP(c/2)), INDEX(keepAmounts, 1, c/2) ) ) ) )"),"") | F21: =IFERROR(__xludf.DUMMYFUNCTION("""COMPUTED_VALUE"""),100.0) -> 100 | G21: =IFERROR(__xludf.DUMMYFUNCTION("""COMPUTED_VALUE"""),"") | H21: =IFERROR(__xludf.DUMMYFUNCTION("""COMPUTED_VALUE"""),120.0) -> 120 | I21: =IFERROR(__xludf.DUMMYFUNCTION("""COMPUTED_VALUE"""),"") | J21: =IFERROR(__xludf.DUMMYFUNCTION("""COMPUTED_VALUE"""),60.0) -> 60 | L21: 7 | M21: 100 | N21: 0 | O21: 0 | P21: 0 | Q21: 0 | R21: 0 | S21: 0 | T21: 0 | U21: 120 | V21: 0 | W21: 60 | X21: 0
L23: Variant 3
L24: Day | M24: Coin | N24: SPT | O24: Red | P24: Chuck | Q24: Bomb | R24: Slingshot | S24: Shuffle | T24: Comet | U24: Unlimited Lives | V24: Unlimited Red | W24: Unlimited Chuck | X24: Unlimited Bomb
E25: =IFERROR(__xludf.DUMMYFUNCTION("LET( names, HSTACK(""Coins"", $N$4:$X$4), amounts, HSTACK(M25, N25:X25), lookupNames, $AB$4:$AB$15, lookupImages, $AC$4:$AC$15, imgs, MAP(names, LAMBDA(n, XLOOKUP(n, lookupNames, lookupImages))), keepImgs, FILTER(imgs, amounts<>0), keepAmoun"&"ts, FILTER(amounts, amounts<>0), MAKEARRAY( 1, COLUMNS(keepAmounts)*2, LAMBDA(r,c, IF( ISODD(c), INDEX(keepImgs, 1, ROUNDUP(c/2)), INDEX(keepAmounts, 1, c/2) ) ) ) )"),"") | F25: =IFERROR(__xludf.DUMMYFUNCTION("""COMPUTED_VALUE"""),15.0) -> 15 | L25: 1 | M25: 0 | N25: 0 | O25: 0 | P25: 0 | Q25: 0 | R25: 0 | S25: 0 | T25: 0 | U25: 15 | V25: 0 | W25: 0 | X25: 0
E26: =IFERROR(__xludf.DUMMYFUNCTION("LET( names, HSTACK(""Coins"", $N$4:$X$4), amounts, HSTACK(M26, N26:X26), lookupNames, $AB$4:$AB$15, lookupImages, $AC$4:$AC$15, imgs, MAP(names, LAMBDA(n, XLOOKUP(n, lookupNames, lookupImages))), keepImgs, FILTER(imgs, amounts<>0), keepAmoun"&"ts, FILTER(amounts, amounts<>0), MAKEARRAY( 1, COLUMNS(keepAmounts)*2, LAMBDA(r,c, IF( ISODD(c), INDEX(keepImgs, 1, ROUNDUP(c/2)), INDEX(keepAmounts, 1, c/2) ) ) ) )"),"") | F26: =IFERROR(__xludf.DUMMYFUNCTION("""COMPUTED_VALUE"""),10.0) -> 10 | L26: 2 | M26: 10 | N26: 0 | O26: 0 | P26: 0 | Q26: 0 | R26: 0 | S26: 0 | T26: 0 | U26: 0 | V26: 0 | W26: 0 | X26: 0
E27: =IFERROR(__xludf.DUMMYFUNCTION("LET( names, HSTACK(""Coins"", $N$4:$X$4), amounts, HSTACK(M27, N27:X27), lookupNames, $AB$4:$AB$15, lookupImages, $AC$4:$AC$15, imgs, MAP(names, LAMBDA(n, XLOOKUP(n, lookupNames, lookupImages))), keepImgs, FILTER(imgs, amounts<>0), keepAmoun"&"ts, FILTER(amounts, amounts<>0), MAKEARRAY( 1, COLUMNS(keepAmounts)*2, LAMBDA(r,c, IF( ISODD(c), INDEX(keepImgs, 1, ROUNDUP(c/2)), INDEX(keepAmounts, 1, c/2) ) ) ) )"),"") | F27: =IFERROR(__xludf.DUMMYFUNCTION("""COMPUTED_VALUE"""),1.0) -> 1 | L27: 3 | M27: 0 | N27: 0 | O27: 0 | P27: 0 | Q27: 0 | R27: 1 | S27: 0 | T27: 0 | U27: 0 | V27: 0 | W27: 0 | X27: 0
E28: =IFERROR(__xludf.DUMMYFUNCTION("LET( names, HSTACK(""Coins"", $N$4:$X$4), amounts, HSTACK(M28, N28:X28), lookupNames, $AB$4:$AB$15, lookupImages, $AC$4:$AC$15, imgs, MAP(names, LAMBDA(n, XLOOKUP(n, lookupNames, lookupImages))), keepImgs, FILTER(imgs, amounts<>0), keepAmoun"&"ts, FILTER(amounts, amounts<>0), MAKEARRAY( 1, COLUMNS(keepAmounts)*2, LAMBDA(r,c, IF( ISODD(c), INDEX(keepImgs, 1, ROUNDUP(c/2)), INDEX(keepAmounts, 1, c/2) ) ) ) )"),"") | F28: =IFERROR(__xludf.DUMMYFUNCTION("""COMPUTED_VALUE"""),15.0) -> 15 | L28: 4 | M28: 15 | N28: 0 | O28: 0 | P28: 0 | Q28: 0 | R28: 0 | S28: 0 | T28: 0 | U28: 0 | V28: 0 | W28: 0 | X28: 0
E29: =IFERROR(__xludf.DUMMYFUNCTION("LET( names, HSTACK(""Coins"", $N$4:$X$4), amounts, HSTACK(M29, N29:X29), lookupNames, $AB$4:$AB$15, lookupImages, $AC$4:$AC$15, imgs, MAP(names, LAMBDA(n, XLOOKUP(n, lookupNames, lookupImages))), keepImgs, FILTER(imgs, amounts<>0), keepAmoun"&"ts, FILTER(amounts, amounts<>0), MAKEARRAY( 1, COLUMNS(keepAmounts)*2, LAMBDA(r,c, IF( ISODD(c), INDEX(keepImgs, 1, ROUNDUP(c/2)), INDEX(keepAmounts, 1, c/2) ) ) ) )"),"") | F29: =IFERROR(__xludf.DUMMYFUNCTION("""COMPUTED_VALUE"""),1.0) -> 1 | L29: 5 | M29: 0 | N29: 0 | O29: 0 | P29: 0 | Q29: 0 | R29: 0 | S29: 1 | T29: 0 | U29: 0 | V29: 0 | W29: 0 | X29: 0
E30: =IFERROR(__xludf.DUMMYFUNCTION("LET( names, HSTACK(""Coins"", $N$4:$X$4), amounts, HSTACK(M30, N30:X30), lookupNames, $AB$4:$AB$15, lookupImages, $AC$4:$AC$15, imgs, MAP(names, LAMBDA(n, XLOOKUP(n, lookupNames, lookupImages))), keepImgs, FILTER(imgs, amounts<>0), keepAmoun"&"ts, FILTER(amounts, amounts<>0), MAKEARRAY( 1, COLUMNS(keepAmounts)*2, LAMBDA(r,c, IF( ISODD(c), INDEX(keepImgs, 1, ROUNDUP(c/2)), INDEX(keepAmounts, 1, c/2) ) ) ) )"),"") | F30: =IFERROR(__xludf.DUMMYFUNCTION("""COMPUTED_VALUE"""),20.0) -> 20 | L30: 6 | M30: 20 | N30: 0 | O30: 0 | P30: 0 | Q30: 0 | R30: 0 | S30: 0 | T30: 0 | U30: 0 | V30: 0 | W30: 0 | X30: 0
E31: =IFERROR(__xludf.DUMMYFUNCTION("LET( names, HSTACK(""Coins"", $N$4:$X$4), amounts, HSTACK(M31, N31:X31), lookupNames, $AB$4:$AB$15, lookupImages, $AC$4:$AC$15, imgs, MAP(names, LAMBDA(n, XLOOKUP(n, lookupNames, lookupImages))), keepImgs, FILTER(imgs, amounts<>0), keepAmoun"&"ts, FILTER(amounts, amounts<>0), MAKEARRAY( 1, COLUMNS(keepAmounts)*2, LAMBDA(r,c, IF( ISODD(c), INDEX(keepImgs, 1, ROUNDUP(c/2)), INDEX(keepAmounts, 1, c/2) ) ) ) )"),"") | F31: =IFERROR(__xludf.DUMMYFUNCTION("""COMPUTED_VALUE"""),100.0) -> 100 | G31: =IFERROR(__xludf.DUMMYFUNCTION("""COMPUTED_VALUE"""),"") | H31: =IFERROR(__xludf.DUMMYFUNCTION("""COMPUTED_VALUE"""),120.0) -> 120 | I31: =IFERROR(__xludf.DUMMYFUNCTION("""COMPUTED_VALUE"""),"") | J31: =IFERROR(__xludf.DUMMYFUNCTION("""COMPUTED_VALUE"""),30.0) -> 30 | L31: 7 | M31: 100 | N31: 0 | O31: 0 | P31: 0 | Q31: 0 | R31: 0 | S31: 0 | T31: 0 | U31: 120 | V31: 0 | W31: 0 | X31: 30
L33: Variant 4
L34: Day | M34: Coin | N34: SPT | O34: Red | P34: Chuck | Q34: Bomb | R34: Slingshot | S34: Shuffle | T34: Comet | U34: Unlimited Lives | V34: Unlimited Red | W34: Unlimited Chuck | X34: Unlimited Bomb
E35: =IFERROR(__xludf.DUMMYFUNCTION("LET( names, HSTACK(""Coins"", $N$4:$X$4), amounts, HSTACK(M35, N35:X35), lookupNames, $AB$4:$AB$15, lookupImages, $AC$4:$AC$15, imgs, MAP(names, LAMBDA(n, XLOOKUP(n, lookupNames, lookupImages))), keepImgs, FILTER(imgs, amounts<>0), keepAmoun"&"ts, FILTER(amounts, amounts<>0), MAKEARRAY( 1, COLUMNS(keepAmounts)*2, LAMBDA(r,c, IF( ISODD(c), INDEX(keepImgs, 1, ROUNDUP(c/2)), INDEX(keepAmounts, 1, c/2) ) ) ) )"),"") | F35: =IFERROR(__xludf.DUMMYFUNCTION("""COMPUTED_VALUE"""),15.0) -> 15 | L35: 1 | M35: 15 | N35: 0 | O35: 0 | P35: 0 | Q35: 0 | R35: 0 | S35: 0 | T35: 0 | U35: 0 | V35: 0 | W35: 0 | X35: 0
E36: =IFERROR(__xludf.DUMMYFUNCTION("LET( names, HSTACK(""Coins"", $N$4:$X$4), amounts, HSTACK(M36, N36:X36), lookupNames, $AB$4:$AB$15, lookupImages, $AC$4:$AC$15, imgs, MAP(names, LAMBDA(n, XLOOKUP(n, lookupNames, lookupImages))), keepImgs, FILTER(imgs, amounts<>0), keepAmoun"&"ts, FILTER(amounts, amounts<>0), MAKEARRAY( 1, COLUMNS(keepAmounts)*2, LAMBDA(r,c, IF( ISODD(c), INDEX(keepImgs, 1, ROUNDUP(c/2)), INDEX(keepAmounts, 1, c/2) ) ) ) )"),"") | F36: =IFERROR(__xludf.DUMMYFUNCTION("""COMPUTED_VALUE"""),30.0) -> 30 | L36: 2 | M36: 0 | N36: 0 | O36: 0 | P36: 0 | Q36: 0 | R36: 0 | S36: 0 | T36: 0 | U36: 30 | V36: 0 | W36: 0 | X36: 0
E37: =IFERROR(__xludf.DUMMYFUNCTION("LET( names, HSTACK(""Coins"", $N$4:$X$4), amounts, HSTACK(M37, N37:X37), lookupNames, $AB$4:$AB$15, lookupImages, $AC$4:$AC$15, imgs, MAP(names, LAMBDA(n, XLOOKUP(n, lookupNames, lookupImages))), keepImgs, FILTER(imgs, amounts<>0), keepAmoun"&"ts, FILTER(amounts, amounts<>0), MAKEARRAY( 1, COLUMNS(keepAmounts)*2, LAMBDA(r,c, IF( ISODD(c), INDEX(keepImgs, 1, ROUNDUP(c/2)), INDEX(keepAmounts, 1, c/2) ) ) ) )"),"") | F37: =IFERROR(__xludf.DUMMYFUNCTION("""COMPUTED_VALUE"""),1.0) -> 1 | L37: 3 | M37: 0 | N37: 0 | O37: 0 | P37: 0 | Q37: 0 | R37: 0 | S37: 1 | T37: 0 | U37: 0 | V37: 0 | W37: 0 | X37: 0
E38: =IFERROR(__xludf.DUMMYFUNCTION("LET( names, HSTACK(""Coins"", $N$4:$X$4), amounts, HSTACK(M38, N38:X38), lookupNames, $AB$4:$AB$15, lookupImages, $AC$4:$AC$15, imgs, MAP(names, LAMBDA(n, XLOOKUP(n, lookupNames, lookupImages))), keepImgs, FILTER(imgs, amounts<>0), keepAmoun"&"ts, FILTER(amounts, amounts<>0), MAKEARRAY( 1, COLUMNS(keepAmounts)*2, LAMBDA(r,c, IF( ISODD(c), INDEX(keepImgs, 1, ROUNDUP(c/2)), INDEX(keepAmounts, 1, c/2) ) ) ) )"),"") | F38: =IFERROR(__xludf.DUMMYFUNCTION("""COMPUTED_VALUE"""),1.0) -> 1 | L38: 4 | M38: 0 | N38: 0 | O38: 0 | P38: 0 | Q38: 0 | R38: 1 | S38: 0 | T38: 0 | U38: 0 | V38: 0 | W38: 0 | X38: 0
E39: =IFERROR(__xludf.DUMMYFUNCTION("LET( names, HSTACK(""Coins"", $N$4:$X$4), amounts, HSTACK(M39, N39:X39), lookupNames, $AB$4:$AB$15, lookupImages, $AC$4:$AC$15, imgs, MAP(names, LAMBDA(n, XLOOKUP(n, lookupNames, lookupImages))), keepImgs, FILTER(imgs, amounts<>0), keepAmoun"&"ts, FILTER(amounts, amounts<>0), MAKEARRAY( 1, COLUMNS(keepAmounts)*2, LAMBDA(r,c, IF( ISODD(c), INDEX(keepImgs, 1, ROUNDUP(c/2)), INDEX(keepAmounts, 1, c/2) ) ) ) )"),"") | F39: =IFERROR(__xludf.DUMMYFUNCTION("""COMPUTED_VALUE"""),20.0) -> 20 | L39: 5 | M39: 20 | N39: 0 | O39: 0 | P39: 0 | Q39: 0 | R39: 0 | S39: 0 | T39: 0 | U39: 0 | V39: 0 | W39: 0 | X39: 0
E40: =IFERROR(__xludf.DUMMYFUNCTION("LET( names, HSTACK(""Coins"", $N$4:$X$4), amounts, HSTACK(M40, N40:X40), lookupNames, $AB$4:$AB$15, lookupImages, $AC$4:$AC$15, imgs, MAP(names, LAMBDA(n, XLOOKUP(n, lookupNames, lookupImages))), keepImgs, FILTER(imgs, amounts<>0), keepAmoun"&"ts, FILTER(amounts, amounts<>0), MAKEARRAY( 1, COLUMNS(keepAmounts)*2, LAMBDA(r,c, IF( ISODD(c), INDEX(keepImgs, 1, ROUNDUP(c/2)), INDEX(keepAmounts, 1, c/2) ) ) ) )"),"") | F40: =IFERROR(__xludf.DUMMYFUNCTION("""COMPUTED_VALUE"""),1.0) -> 1 | L40: 6 | M40: 0 | N40: 0 | O40: 0 | P40: 0 | Q40: 0 | R40: 1 | S40: 0 | T40: 0 | U40: 0 | V40: 0 | W40: 0 | X40: 0
E41: =IFERROR(__xludf.DUMMYFUNCTION("LET( names, HSTACK(""Coins"", $N$4:$X$4), amounts, HSTACK(M41, N41:X41), lookupNames, $AB$4:$AB$15, lookupImages, $AC$4:$AC$15, imgs, MAP(names, LAMBDA(n, XLOOKUP(n, lookupNames, lookupImages))), keepImgs, FILTER(imgs, amounts<>0), keepAmoun"&"ts, FILTER(amounts, amounts<>0), MAKEARRAY( 1, COLUMNS(keepAmounts)*2, LAMBDA(r,c, IF( ISODD(c), INDEX(keepImgs, 1, ROUNDUP(c/2)), INDEX(keepAmounts, 1, c/2) ) ) ) )"),"") | F41: =IFERROR(__xludf.DUMMYFUNCTION("""COMPUTED_VALUE"""),100.0) -> 100 | G41: =IFERROR(__xludf.DUMMYFUNCTION("""COMPUTED_VALUE"""),"") | H41: =IFERROR(__xludf.DUMMYFUNCTION("""COMPUTED_VALUE"""),1.0) -> 1 | I41: =IFERROR(__xludf.DUMMYFUNCTION("""COMPUTED_VALUE"""),"") | J41: =IFERROR(__xludf.DUMMYFUNCTION("""COMPUTED_VALUE"""),120.0) -> 120 | L41: 7 | M41: 100 | N41: 0 | O41: 0 | P41: 0 | Q41: 0 | R41: 0 | S41: 0 | T41: 1 | U41: 120 | V41: 0 | W41: 0 | X41: 0
L43: Variant 5
L44: Day | M44: Coin | N44: SPT | O44: Red | P44: Chuck | Q44: Bomb | R44: Slingshot | S44: Shuffle | T44: Comet | U44: Unlimited Lives | V44: Unlimited Red | W44: Unlimited Chuck | X44: Unlimited Bomb
E45: =IFERROR(__xludf.DUMMYFUNCTION("LET( names, HSTACK(""Coins"", $N$4:$X$4), amounts, HSTACK(M45, N45:X45), lookupNames, $AB$4:$AB$15, lookupImages, $AC$4:$AC$15, imgs, MAP(names, LAMBDA(n, XLOOKUP(n, lookupNames, lookupImages))), keepImgs, FILTER(imgs, amounts<>0), keepAmoun"&"ts, FILTER(amounts, amounts<>0), MAKEARRAY( 1, COLUMNS(keepAmounts)*2, LAMBDA(r,c, IF( ISODD(c), INDEX(keepImgs, 1, ROUNDUP(c/2)), INDEX(keepAmounts, 1, c/2) ) ) ) )"),"") | F45: =IFERROR(__xludf.DUMMYFUNCTION("""COMPUTED_VALUE"""),10.0) -> 10 | L45: 1 | M45: 10 | N45: 0 | O45: 0 | P45: 0 | Q45: 0 | R45: 0 | S45: 0 | T45: 0 | U45: 0 | V45: 0 | W45: 0 | X45: 0
E46: =IFERROR(__xludf.DUMMYFUNCTION("LET( names, HSTACK(""Coins"", $N$4:$X$4), amounts, HSTACK(M46, N46:X46), lookupNames, $AB$4:$AB$15, lookupImages, $AC$4:$AC$15, imgs, MAP(names, LAMBDA(n, XLOOKUP(n, lookupNames, lookupImages))), keepImgs, FILTER(imgs, amounts<>0), keepAmoun"&"ts, FILTER(amounts, amounts<>0), MAKEARRAY( 1, COLUMNS(keepAmounts)*2, LAMBDA(r,c, IF( ISODD(c), INDEX(keepImgs, 1, ROUNDUP(c/2)), INDEX(keepAmounts, 1, c/2) ) ) ) )"),"") | F46: =IFERROR(__xludf.DUMMYFUNCTION("""COMPUTED_VALUE"""),15.0) -> 15 | L46: 2 | M46: 0 | N46: 0 | O46: 0 | P46: 0 | Q46: 0 | R46: 0 | S46: 0 | T46: 0 | U46: 15 | V46: 0 | W46: 0 | X46: 0
E47: =IFERROR(__xludf.DUMMYFUNCTION("LET( names, HSTACK(""Coins"", $N$4:$X$4), amounts, HSTACK(M47, N47:X47), lookupNames, $AB$4:$AB$15, lookupImages, $AC$4:$AC$15, imgs, MAP(names, LAMBDA(n, XLOOKUP(n, lookupNames, lookupImages))), keepImgs, FILTER(imgs, amounts<>0), keepAmoun"&"ts, FILTER(amounts, amounts<>0), MAKEARRAY( 1, COLUMNS(keepAmounts)*2, LAMBDA(r,c, IF( ISODD(c), INDEX(keepImgs, 1, ROUNDUP(c/2)), INDEX(keepAmounts, 1, c/2) ) ) ) )"),"") | F47: =IFERROR(__xludf.DUMMYFUNCTION("""COMPUTED_VALUE"""),1.0) -> 1 | L47: 3 | M47: 0 | N47: 0 | O47: 0 | P47: 0 | Q47: 0 | R47: 1 | S47: 0 | T47: 0 | U47: 0 | V47: 0 | W47: 0 | X47: 0
E48: =IFERROR(__xludf.DUMMYFUNCTION("LET( names, HSTACK(""Coins"", $N$4:$X$4), amounts, HSTACK(M48, N48:X48), lookupNames, $AB$4:$AB$15, lookupImages, $AC$4:$AC$15, imgs, MAP(names, LAMBDA(n, XLOOKUP(n, lookupNames, lookupImages))), keepImgs, FILTER(imgs, amounts<>0), keepAmoun"&"ts, FILTER(amounts, amounts<>0), MAKEARRAY( 1, COLUMNS(keepAmounts)*2, LAMBDA(r,c, IF( ISODD(c), INDEX(keepImgs, 1, ROUNDUP(c/2)), INDEX(keepAmounts, 1, c/2) ) ) ) )"),"") | F48: =IFERROR(__xludf.DUMMYFUNCTION("""COMPUTED_VALUE"""),1.0) -> 1 | L48: 4 | M48: 0 | N48: 0 | O48: 0 | P48: 0 | Q48: 0 | R48: 0 | S48: 1 | T48: 0 | U48: 0 | V48: 0 | W48: 0 | X48: 0
E49: =IFERROR(__xludf.DUMMYFUNCTION("LET( names, HSTACK(""Coins"", $N$4:$X$4), amounts, HSTACK(M49, N49:X49), lookupNames, $AB$4:$AB$15, lookupImages, $AC$4:$AC$15, imgs, MAP(names, LAMBDA(n, XLOOKUP(n, lookupNames, lookupImages))), keepImgs, FILTER(imgs, amounts<>0), keepAmoun"&"ts, FILTER(amounts, amounts<>0), MAKEARRAY( 1, COLUMNS(keepAmounts)*2, LAMBDA(r,c, IF( ISODD(c), INDEX(keepImgs, 1, ROUNDUP(c/2)), INDEX(keepAmounts, 1, c/2) ) ) ) )"),"") | F49: =IFERROR(__xludf.DUMMYFUNCTION("""COMPUTED_VALUE"""),60.0) -> 60 | L49: 5 | M49: 0 | N49: 0 | O49: 0 | P49: 0 | Q49: 0 | R49: 0 | S49: 0 | T49: 0 | U49: 60 | V49: 0 | W49: 0 | X49: 0
E50: =IFERROR(__xludf.DUMMYFUNCTION("LET( names, HSTACK(""Coins"", $N$4:$X$4), amounts, HSTACK(M50, N50:X50), lookupNames, $AB$4:$AB$15, lookupImages, $AC$4:$AC$15, imgs, MAP(names, LAMBDA(n, XLOOKUP(n, lookupNames, lookupImages))), keepImgs, FILTER(imgs, amounts<>0), keepAmoun"&"ts, FILTER(amounts, amounts<>0), MAKEARRAY( 1, COLUMNS(keepAmounts)*2, LAMBDA(r,c, IF( ISODD(c), INDEX(keepImgs, 1, ROUNDUP(c/2)), INDEX(keepAmounts, 1, c/2) ) ) ) )"),"") | F50: =IFERROR(__xludf.DUMMYFUNCTION("""COMPUTED_VALUE"""),25.0) -> 25 | L50: 6 | M50: 25 | N50: 0 | O50: 0 | P50: 0 | Q50: 0 | R50: 0 | S50: 0 | T50: 0 | U50: 0 | V50: 0 | W50: 0 | X50: 0
E51: =IFERROR(__xludf.DUMMYFUNCTION("LET( names, HSTACK(""Coins"", $N$4:$X$4), amounts, HSTACK(M51, N51:X51), lookupNames, $AB$4:$AB$15, lookupImages, $AC$4:$AC$15, imgs, MAP(names, LAMBDA(n, XLOOKUP(n, lookupNames, lookupImages))), keepImgs, FILTER(imgs, amounts<>0), keepAmoun"&"ts, FILTER(amounts, amounts<>0), MAKEARRAY( 1, COLUMNS(keepAmounts)*2, LAMBDA(r,c, IF( ISODD(c), INDEX(keepImgs, 1, ROUNDUP(c/2)), INDEX(keepAmounts, 1, c/2) ) ) ) )"),"") | F51: =IFERROR(__xludf.DUMMYFUNCTION("""COMPUTED_VALUE"""),100.0) -> 100 | G51: =IFERROR(__xludf.DUMMYFUNCTION("""COMPUTED_VALUE"""),"") | H51: =IFERROR(__xludf.DUMMYFUNCTION("""COMPUTED_VALUE"""),1.0) -> 1 | I51: =IFERROR(__xludf.DUMMYFUNCTION("""COMPUTED_VALUE"""),"") | J51: =IFERROR(__xludf.DUMMYFUNCTION("""COMPUTED_VALUE"""),120.0) -> 120 | L51: 7 | M51: 100 | N51: 0 | O51: 0 | P51: 0 | Q51: 0 | R51: 1 | S51: 0 | T51: 0 | U51: 120 | V51: 0 | W51: 0 | X51: 0

Sheet saga_progression_old
A1: Saga Progression - OLD Config
A3: Node | B3: Levels Req | C3: HC Reward | E3: 👁 | N3: SPT | O3: Red | P3: Chuck | Q3: Bomb | R3: Slingshot | S3: Shuffle | T3: Comet | U3: Unlimited Lives | V3: Unlimited Red | W3: Unlimited Chuck | X3: Unlimited Bomb | Y3: Coin Val | AA3: cur | AB3: image
A4: 1 | B4: 10 | C4: 15 | E4: =IFERROR(__xludf.DUMMYFUNCTION("LET( names, HSTACK(""Coins"", $N$3:$X$3), amounts, HSTACK(C4, N4:X4), lookupNames, $AA$4:$AA$15, lookupImages, $AB$4:$AB$15, imgs, MAP(names, LAMBDA(n, XLOOKUP(n, lookupNames, lookupImages))), keepImgs, FILTER(imgs, amounts<>0), keepAmounts,"&" FILTER(amounts, amounts<>0), MAKEARRAY( 1, COLUMNS(keepAmounts)*2, LAMBDA(r,c, IF( ISODD(c), INDEX(keepImgs, 1, ROUNDUP(c/2)), INDEX(keepAmounts, 1, c/2) ) ) ) )"),"") | F4: =IFERROR(__xludf.DUMMYFUNCTION("""COMPUTED_VALUE"""),15.0) -> 15 | G4: =IFERROR(__xludf.DUMMYFUNCTION("""COMPUTED_VALUE"""),"") | H4: =IFERROR(__xludf.DUMMYFUNCTION("""COMPUTED_VALUE"""),1.0) -> 1 | I4: =IFERROR(__xludf.DUMMYFUNCTION("""COMPUTED_VALUE"""),"") | J4: =IFERROR(__xludf.DUMMYFUNCTION("""COMPUTED_VALUE"""),1.0) -> 1 | N4: 0 | O4: 1 | P4: 0 | Q4: 1 | R4: 0 | S4: 0 | T4: 0 | U4: 0 | V4: 0 | W4: 0 | X4: 0 | Y4: =SUMPRODUCT(N4:X4, {0,33,50,67,167,67,50,4.17,7.56,12.17,16.22}) -> 100 | AA4: Coins
A5: 2 | B5: 10 | C5: 15 | E5: =IFERROR(__xludf.DUMMYFUNCTION("LET( names, HSTACK(""Coins"", $N$3:$X$3), amounts, HSTACK(C5, N5:X5), lookupNames, $AA$4:$AA$15, lookupImages, $AB$4:$AB$15, imgs, MAP(names, LAMBDA(n, XLOOKUP(n, lookupNames, lookupImages))), keepImgs, FILTER(imgs, amounts<>0), keepAmounts,"&" FILTER(amounts, amounts<>0), MAKEARRAY( 1, COLUMNS(keepAmounts)*2, LAMBDA(r,c, IF( ISODD(c), INDEX(keepImgs, 1, ROUNDUP(c/2)), INDEX(keepAmounts, 1, c/2) ) ) ) )"),"") | F5: =IFERROR(__xludf.DUMMYFUNCTION("""COMPUTED_VALUE"""),15.0) -> 15 | G5: =IFERROR(__xludf.DUMMYFUNCTION("""COMPUTED_VALUE"""),"") | H5: =IFERROR(__xludf.DUMMYFUNCTION("""COMPUTED_VALUE"""),1.0) -> 1 | I5: =IFERROR(__xludf.DUMMYFUNCTION("""COMPUTED_VALUE"""),"") | J5: =IFERROR(__xludf.DUMMYFUNCTION("""COMPUTED_VALUE"""),15.0) -> 15 | N5: 0 | O5: 0 | P5: 1 | Q5: 0 | R5: 0 | S5: 0 | T5: 0 | U5: 15 | V5: 0 | W5: 0 | X5: 0 | Y5: =SUMPRODUCT(N5:X5, {0,33,50,67,167,67,50,4.17,7.56,12.17,16.22}) -> 112.55 | AA5: {=TRANSPOSE(N3:X3)} -> SPT
A6: 3 | B6: 10 | C6: 15 | E6: =IFERROR(__xludf.DUMMYFUNCTION("LET( names, HSTACK(""Coins"", $N$3:$X$3), amounts, HSTACK(C6, N6:X6), lookupNames, $AA$4:$AA$15, lookupImages, $AB$4:$AB$15, imgs, MAP(names, LAMBDA(n, XLOOKUP(n, lookupNames, lookupImages))), keepImgs, FILTER(imgs, amounts<>0), keepAmounts,"&" FILTER(amounts, amounts<>0), MAKEARRAY( 1, COLUMNS(keepAmounts)*2, LAMBDA(r,c, IF( ISODD(c), INDEX(keepImgs, 1, ROUNDUP(c/2)), INDEX(keepAmounts, 1, c/2) ) ) ) )"),"") | F6: =IFERROR(__xludf.DUMMYFUNCTION("""COMPUTED_VALUE"""),15.0) -> 15 | G6: =IFERROR(__xludf.DUMMYFUNCTION("""COMPUTED_VALUE"""),"") | H6: =IFERROR(__xludf.DUMMYFUNCTION("""COMPUTED_VALUE"""),1.0) -> 1 | I6: =IFERROR(__xludf.DUMMYFUNCTION("""COMPUTED_VALUE"""),"") | J6: =IFERROR(__xludf.DUMMYFUNCTION("""COMPUTED_VALUE"""),15.0) -> 15 | N6: 0 | O6: 1 | P6: 0 | Q6: 0 | R6: 0 | S6: 0 | T6: 0 | U6: 15 | V6: 0 | W6: 0 | X6: 0 | Y6: =SUMPRODUCT(N6:X6, {0,33,50,67,167,67,50,4.17,7.56,12.17,16.22}) -> 95.55 | AA6: Red
A7: 4 | B7: 10 | C7: 20 | E7: =IFERROR(__xludf.DUMMYFUNCTION("LET( names, HSTACK(""Coins"", $N$3:$X$3), amounts, HSTACK(C7, N7:X7), lookupNames, $AA$4:$AA$15, lookupImages, $AB$4:$AB$15, imgs, MAP(names, LAMBDA(n, XLOOKUP(n, lookupNames, lookupImages))), keepImgs, FILTER(imgs, amounts<>0), keepAmounts,"&" FILTER(amounts, amounts<>0), MAKEARRAY( 1, COLUMNS(keepAmounts)*2, LAMBDA(r,c, IF( ISODD(c), INDEX(keepImgs, 1, ROUNDUP(c/2)), INDEX(keepAmounts, 1, c/2) ) ) ) )"),"") | F7: =IFERROR(__xludf.DUMMYFUNCTION("""COMPUTED_VALUE"""),20.0) -> 20 | G7: =IFERROR(__xludf.DUMMYFUNCTION("""COMPUTED_VALUE"""),"") | H7: =IFERROR(__xludf.DUMMYFUNCTION("""COMPUTED_VALUE"""),1.0) -> 1 | I7: =IFERROR(__xludf.DUMMYFUNCTION("""COMPUTED_VALUE"""),"") | J7: =IFERROR(__xludf.DUMMYFUNCTION("""COMPUTED_VALUE"""),15.0) -> 15 | N7: 0 | O7: 1 | P7: 0 | Q7: 0 | R7: 0 | S7: 0 | T7: 0 | U7: 15 | V7: 0 | W7: 0 | X7: 0 | Y7: =SUMPRODUCT(N7:X7, {0,33,50,67,167,67,50,4.17,7.56,12.17,16.22}) -> 95.55 | AA7: Chuck
A8: 5 | B8: 10 | C8: 20 | E8: =IFERROR(__xludf.DUMMYFUNCTION("LET( names, HSTACK(""Coins"", $N$3:$X$3), amounts, HSTACK(C8, N8:X8), lookupNames, $AA$4:$AA$15, lookupImages, $AB$4:$AB$15, imgs, MAP(names, LAMBDA(n, XLOOKUP(n, lookupNames, lookupImages))), keepImgs, FILTER(imgs, amounts<>0), keepAmounts,"&" FILTER(amounts, amounts<>0), MAKEARRAY( 1, COLUMNS(keepAmounts)*2, LAMBDA(r,c, IF( ISODD(c), INDEX(keepImgs, 1, ROUNDUP(c/2)), INDEX(keepAmounts, 1, c/2) ) ) ) )"),"") | F8: =IFERROR(__xludf.DUMMYFUNCTION("""COMPUTED_VALUE"""),20.0) -> 20 | G8: =IFERROR(__xludf.DUMMYFUNCTION("""COMPUTED_VALUE"""),"") | H8: =IFERROR(__xludf.DUMMYFUNCTION("""COMPUTED_VALUE"""),1.0) -> 1 | I8: =IFERROR(__xludf.DUMMYFUNCTION("""COMPUTED_VALUE"""),"") | J8: =IFERROR(__xludf.DUMMYFUNCTION("""COMPUTED_VALUE"""),1.0) -> 1 | N8: 0 | O8: 1 | P8: 0 | Q8: 0 | R8: 0 | S8: 1 | T8: 0 | U8: 0 | V8: 0 | W8: 0 | X8: 0 | Y8: =SUMPRODUCT(N8:X8, {0,33,50,67,167,67,50,4.17,7.56,12.17,16.22}) -> 100 | AA8: Bomb
A9: 6 | B9: 10 | C9: 20 | E9: =IFERROR(__xludf.DUMMYFUNCTION("LET( names, HSTACK(""Coins"", $N$3:$X$3), amounts, HSTACK(C9, N9:X9), lookupNames, $AA$4:$AA$15, lookupImages, $AB$4:$AB$15, imgs, MAP(names, LAMBDA(n, XLOOKUP(n, lookupNames, lookupImages))), keepImgs, FILTER(imgs, amounts<>0), keepAmounts,"&" FILTER(amounts, amounts<>0), MAKEARRAY( 1, COLUMNS(keepAmounts)*2, LAMBDA(r,c, IF( ISODD(c), INDEX(keepImgs, 1, ROUNDUP(c/2)), INDEX(keepAmounts, 1, c/2) ) ) ) )"),"") | F9: =IFERROR(__xludf.DUMMYFUNCTION("""COMPUTED_VALUE"""),20.0) -> 20 | G9: =IFERROR(__xludf.DUMMYFUNCTION("""COMPUTED_VALUE"""),"") | H9: =IFERROR(__xludf.DUMMYFUNCTION("""COMPUTED_VALUE"""),1.0) -> 1 | I9: =IFERROR(__xludf.DUMMYFUNCTION("""COMPUTED_VALUE"""),"") | J9: =IFERROR(__xludf.DUMMYFUNCTION("""COMPUTED_VALUE"""),15.0) -> 15 | N9: 0 | O9: 0 | P9: 0 | Q9: 0 | R9: 1 | S9: 0 | T9: 0 | U9: 15 | V9: 0 | W9: 0 | X9: 0 | Y9: =SUMPRODUCT(N9:X9, {0,33,50,67,167,67,50,4.17,7.56,12.17,16.22}) -> 229.55 | AA9: Slingshot
A10: 7 | B10: 10 | C10: 25 | E10: =IFERROR(__xludf.DUMMYFUNCTION("LET( names, HSTACK(""Coins"", $N$3:$X$3), amounts, HSTACK(C10, N10:X10), lookupNames, $AA$4:$AA$15, lookupImages, $AB$4:$AB$15, imgs, MAP(names, LAMBDA(n, XLOOKUP(n, lookupNames, lookupImages))), keepImgs, FILTER(imgs, amounts<>0), keepAmoun"&"ts, FILTER(amounts, amounts<>0), MAKEARRAY( 1, COLUMNS(keepAmounts)*2, LAMBDA(r,c, IF( ISODD(c), INDEX(keepImgs, 1, ROUNDUP(c/2)), INDEX(keepAmounts, 1, c/2) ) ) ) )"),"") | F10: =IFERROR(__xludf.DUMMYFUNCTION("""COMPUTED_VALUE"""),25.0) -> 25 | G10: =IFERROR(__xludf.DUMMYFUNCTION("""COMPUTED_VALUE"""),"") | H10: =IFERROR(__xludf.DUMMYFUNCTION("""COMPUTED_VALUE"""),1.0) -> 1 | I10: =IFERROR(__xludf.DUMMYFUNCTION("""COMPUTED_VALUE"""),"") | J10: =IFERROR(__xludf.DUMMYFUNCTION("""COMPUTED_VALUE"""),30.0) -> 30 | N10: 0 | O10: 0 | P10: 0 | Q10: 0 | R10: 0 | S10: 1 | T10: 0 | U10: 30 | V10: 0 | W10: 0 | X10: 0 | Y10: =SUMPRODUCT(N10:X10, {0,33,50,67,167,67,50,4.17,7.56,12.17,16.22}) -> 192.1 | AA10: Shuffle
A11: 8 | B11: 10 | C11: 25 | E11: =IFERROR(__xludf.DUMMYFUNCTION("LET( names, HSTACK(""Coins"", $N$3:$X$3), amounts, HSTACK(C11, N11:X11), lookupNames, $AA$4:$AA$15, lookupImages, $AB$4:$AB$15, imgs, MAP(names, LAMBDA(n, XLOOKUP(n, lookupNames, lookupImages))), keepImgs, FILTER(imgs, amounts<>0), keepAmoun"&"ts, FILTER(amounts, amounts<>0), MAKEARRAY( 1, COLUMNS(keepAmounts)*2, LAMBDA(r,c, IF( ISODD(c), INDEX(keepImgs, 1, ROUNDUP(c/2)), INDEX(keepAmounts, 1, c/2) ) ) ) )"),"") | F11: =IFERROR(__xludf.DUMMYFUNCTION("""COMPUTED_VALUE"""),25.0) -> 25 | G11: =IFERROR(__xludf.DUMMYFUNCTION("""COMPUTED_VALUE"""),"") | H11: =IFERROR(__xludf.DUMMYFUNCTION("""COMPUTED_VALUE"""),1.0) -> 1 | I11: =IFERROR(__xludf.DUMMYFUNCTION("""COMPUTED_VALUE"""),"") | J11: =IFERROR(__xludf.DUMMYFUNCTION("""COMPUTED_VALUE"""),1.0) -> 1 | N11: 0 | O11: 0 | P11: 1 | Q11: 0 | R11: 1 | S11: 0 | T11: 0 | U11: 0 | V11: 0 | W11: 0 | X11: 0 | Y11: =SUMPRODUCT(N11:X11, {0,33,50,67,167,67,50,4.17,7.56,12.17,16.22}) -> 217 | AA11: Comet
A12: 9 | B12: 10 | C12: 25 | E12: =IFERROR(__xludf.DUMMYFUNCTION("LET( names, HSTACK(""Coins"", $N$3:$X$3), amounts, HSTACK(C12, N12:X12), lookupNames, $AA$4:$AA$15, lookupImages, $AB$4:$AB$15, imgs, MAP(names, LAMBDA(n, XLOOKUP(n, lookupNames, lookupImages))), keepImgs, FILTER(imgs, amounts<>0), keepAmoun"&"ts, FILTER(amounts, amounts<>0), MAKEARRAY( 1, COLUMNS(keepAmounts)*2, LAMBDA(r,c, IF( ISODD(c), INDEX(keepImgs, 1, ROUNDUP(c/2)), INDEX(keepAmounts, 1, c/2) ) ) ) )"),"") | F12: =IFERROR(__xludf.DUMMYFUNCTION("""COMPUTED_VALUE"""),25.0) -> 25 | G12: =IFERROR(__xludf.DUMMYFUNCTION("""COMPUTED_VALUE"""),"") | H12: =IFERROR(__xludf.DUMMYFUNCTION("""COMPUTED_VALUE"""),1.0) -> 1 | I12: =IFERROR(__xludf.DUMMYFUNCTION("""COMPUTED_VALUE"""),"") | J12: =IFERROR(__xludf.DUMMYFUNCTION("""COMPUTED_VALUE"""),60.0) -> 60 | N12: 0 | O12: 0 | P12: 1 | Q12: 0 | R12: 0 | S12: 0 | T12: 0 | U12: 60 | V12: 0 | W12: 0 | X12: 0 | Y12: =SUMPRODUCT(N12:X12, {0,33,50,67,167,67,50,4.17,7.56,12.17,16.22}) -> 300.2 | AA12: Unlimited Lives
A13: 10 | B13: 10 | C13: 30 | E13: =IFERROR(__xludf.DUMMYFUNCTION("LET( names, HSTACK(""Coins"", $N$3:$X$3), amounts, HSTACK(C13, N13:X13), lookupNames, $AA$4:$AA$15, lookupImages, $AB$4:$AB$15, imgs, MAP(names, LAMBDA(n, XLOOKUP(n, lookupNames, lookupImages))), keepImgs, FILTER(imgs, amounts<>0), keepAmoun"&"ts, FILTER(amounts, amounts<>0), MAKEARRAY( 1, COLUMNS(keepAmounts)*2, LAMBDA(r,c, IF( ISODD(c), INDEX(keepImgs, 1, ROUNDUP(c/2)), INDEX(keepAmounts, 1, c/2) ) ) ) )"),"") | F13: =IFERROR(__xludf.DUMMYFUNCTION("""COMPUTED_VALUE"""),30.0) -> 30 | G13: =IFERROR(__xludf.DUMMYFUNCTION("""COMPUTED_VALUE"""),"") | H13: =IFERROR(__xludf.DUMMYFUNCTION("""COMPUTED_VALUE"""),1.0) -> 1 | I13: =IFERROR(__xludf.DUMMYFUNCTION("""COMPUTED_VALUE"""),"") | J13: =IFERROR(__xludf.DUMMYFUNCTION("""COMPUTED_VALUE"""),1.0) -> 1 | N13: 0 | O13: 0 | P13: 0 | Q13: 1 | R13: 0 | S13: 0 | T13: 1 | U13: 0 | V13: 0 | W13: 0 | X13: 0 | Y13: =SUMPRODUCT(N13:X13, {0,33,50,67,167,67,50,4.17,7.56,12.17,16.22}) -> 117 | AA13: Unlimited Red
AA14: Unlimited Chuck
A15: Total per cycle | B15: =SUM(B4:B13) -> 100 | C15: =SUM(C4:C13) -> 210 | AA15: Unlimited Bomb
A16: HC per level | C16: =C15/B15 -> 2.1

Sheet saga_progression_new
A1: Saga Progression - NEW Config (5-segment scheme)
B3: 0-9 | D3: 10-19 | F3: 20-39 | H3: 40-99 | J3: 100+ | W3: all segs
A4: Node | B4: Levels Req | C4: HC Reward | D4: Levels Req | E4: HC Reward | F4: Levels Req | G4: HC Reward | H4: Levels Req | I4: HC Reward | J4: Levels Req | K4: HC Reward | M4: 👁 | T4: Original | U4: Old Nerf | W4: SPT | X4: Red | Y4: Chuck | Z4: Bomb | AA4: Slingshot | AB4: Shuffle | AC4: Comet | AD4: Unlimited Lives | AE4: Unlimited Red | AF4: Unlimited Chuck | AG4: Unlimited Bomb | AH4: Coin Val | AJ4: cur | AK4: image
A5: 1 | B5: 10 | C5: 10 | D5: 10 | E5: 10 | F5: 10 | G5: 10 | H5: 10 | I5: 10 | J5: 10 | K5: 10 | M5: =IFERROR(__xludf.DUMMYFUNCTION("LET( names, HSTACK(""Coins"", W$4:AG$4), amounts, HSTACK(C5, W5:AG5), lookupNames, $AJ$5:$AJ$16, lookupImages, $AK$5:$AK$16, imgs, MAP(names, LAMBDA(n, XLOOKUP(n, lookupNames, lookupImages))), keepImgs, FILTER(imgs, amounts<>0), keepAmounts,"&" FILTER(amounts, amounts<>0), MAKEARRAY( 1, COLUMNS(keepAmounts)*2, LAMBDA(r,c, IF( ISODD(c), INDEX(keepImgs, 1, ROUNDUP(c/2)), INDEX(keepAmounts, 1, c/2) ) ) ) )"),"") | N5: =IFERROR(__xludf.DUMMYFUNCTION("""COMPUTED_VALUE"""),10.0) -> 10 | O5: =IFERROR(__xludf.DUMMYFUNCTION("""COMPUTED_VALUE"""),"") | P5: =IFERROR(__xludf.DUMMYFUNCTION("""COMPUTED_VALUE"""),1.0) -> 1 | Q5: =IFERROR(__xludf.DUMMYFUNCTION("""COMPUTED_VALUE"""),"") | R5: =IFERROR(__xludf.DUMMYFUNCTION("""COMPUTED_VALUE"""),15.0) -> 15 | T5: 15 | U5: 10 | W5: 0 | X5: 1 | Y5: 0 | Z5: 0 | AA5: 0 | AB5: 0 | AC5: 0 | AD5: 15 | AE5: 0 | AF5: 0 | AG5: 0 | AH5: =SUMPRODUCT(W5:AG5, {0,33,50,67,167,67,50,4.17,7.56,12.17,16.22}) -> 95.55 | AI5: 100 | AJ5: Coins | AL5: =AH5-AI5 -> -4.45
A6: 2 | B6: 10 | C6: 0 | D6: 10 | E6: 0 | F6: 10 | G6: 0 | H6: 10 | I6: 0 | J6: 10 | K6: 0 | M6: =IFERROR(__xludf.DUMMYFUNCTION("LET( names, HSTACK(""Coins"", W$4:AG$4), amounts, HSTACK(C6, W6:AG6), lookupNames, $AJ$5:$AJ$16, lookupImages, $AK$5:$AK$16, imgs, MAP(names, LAMBDA(n, XLOOKUP(n, lookupNames, lookupImages))), keepImgs, FILTER(imgs, amounts<>0), keepAmounts,"&" FILTER(amounts, amounts<>0), MAKEARRAY( 1, COLUMNS(keepAmounts)*2, LAMBDA(r,c, IF( ISODD(c), INDEX(keepImgs, 1, ROUNDUP(c/2)), INDEX(keepAmounts, 1, c/2) ) ) ) )"),"") | N6: =IFERROR(__xludf.DUMMYFUNCTION("""COMPUTED_VALUE"""),1.0) -> 1 | O6: =IFERROR(__xludf.DUMMYFUNCTION("""COMPUTED_VALUE"""),"") | P6: =IFERROR(__xludf.DUMMYFUNCTION("""COMPUTED_VALUE"""),1.0) -> 1 | Q6: =IFERROR(__xludf.DUMMYFUNCTION("""COMPUTED_VALUE"""),"") | R6: =IFERROR(__xludf.DUMMYFUNCTION("""COMPUTED_VALUE"""),15.0) -> 15 | T6: 15 | U6: 10 | W6: 0 | X6: 1 | Y6: 1 | Z6: 0 | AA6: 0 | AB6: 0 | AC6: 0 | AD6: 15 | AE6: 0 | AF6: 0 | AG6: 0 | AH6: =SUMPRODUCT(W6:AG6, {0,33,50,67,167,67,50,4.17,7.56,12.17,16.22}) -> 145.55 | AI6: 112.55 | AJ6: {=TRANSPOSE(W4:AG4)} -> SPT | AL6: =AH6-AI6 -> 33
A7: 3 | B7: 10 | C7: 10 | D7: 10 | E7: 10 | F7: 10 | G7: 10 | H7: 10 | I7: 10 | J7: 10 | K7: 10 | M7: =IFERROR(__xludf.DUMMYFUNCTION("LET( names, HSTACK(""Coins"", W$4:AG$4), amounts, HSTACK(C7, W7:AG7), lookupNames, $AJ$5:$AJ$16, lookupImages, $AK$5:$AK$16, imgs, MAP(names, LAMBDA(n, XLOOKUP(n, lookupNames, lookupImages))), keepImgs, FILTER(imgs, amounts<>0), keepAmounts,"&" FILTER(amounts, amounts<>0), MAKEARRAY( 1, COLUMNS(keepAmounts)*2, LAMBDA(r,c, IF( ISODD(c), INDEX(keepImgs, 1, ROUNDUP(c/2)), INDEX(keepAmounts, 1, c/2) ) ) ) )"),"") | N7: =IFERROR(__xludf.DUMMYFUNCTION("""COMPUTED_VALUE"""),10.0) -> 10 | O7: =IFERROR(__xludf.DUMMYFUNCTION("""COMPUTED_VALUE"""),"") | P7: =IFERROR(__xludf.DUMMYFUNCTION("""COMPUTED_VALUE"""),1.0) -> 1 | Q7: =IFERROR(__xludf.DUMMYFUNCTION("""COMPUTED_VALUE"""),"") | R7: =IFERROR(__xludf.DUMMYFUNCTION("""COMPUTED_VALUE"""),15.0) -> 15 | T7: 15 | U7: 10 | W7: 0 | X7: 0 | Y7: 0 | Z7: 1 | AA7: 0 | AB7: 0 | AC7: 0 | AD7: 15 | AE7: 0 | AF7: 0 | AG7: 0 | AH7: =SUMPRODUCT(W7:AG7, {0,33,50,67,167,67,50,4.17,7.56,12.17,16.22}) -> 129.55 | AI7: 95.55 | AJ7: Red | AL7: =AH7-AI7 -> 34
A8: 4 | B8: 10 | C8: 0 | D8: 10 | E8: 0 | F8: 10 | G8: 0 | H8: 10 | I8: 0 | J8: 10 | K8: 0 | M8: =IFERROR(__xludf.DUMMYFUNCTION("LET( names, HSTACK(""Coins"", W$4:AG$4), amounts, HSTACK(C8, W8:AG8), lookupNames, $AJ$5:$AJ$16, lookupImages, $AK$5:$AK$16, imgs, MAP(names, LAMBDA(n, XLOOKUP(n, lookupNames, lookupImages))), keepImgs, FILTER(imgs, amounts<>0), keepAmounts,"&" FILTER(amounts, amounts<>0), MAKEARRAY( 1, COLUMNS(keepAmounts)*2, LAMBDA(r,c, IF( ISODD(c), INDEX(keepImgs, 1, ROUNDUP(c/2)), INDEX(keepAmounts, 1, c/2) ) ) ) )"),"") | N8: =IFERROR(__xludf.DUMMYFUNCTION("""COMPUTED_VALUE"""),1.0) -> 1 | O8: =IFERROR(__xludf.DUMMYFUNCTION("""COMPUTED_VALUE"""),"") | P8: =IFERROR(__xludf.DUMMYFUNCTION("""COMPUTED_VALUE"""),1.0) -> 1 | Q8: =IFERROR(__xludf.DUMMYFUNCTION("""COMPUTED_VALUE"""),"") | R8: =IFERROR(__xludf.DUMMYFUNCTION("""COMPUTED_VALUE"""),15.0) -> 15 | T8: 20 | U8: 10 | W8: 0 | X8: 1 | Y8: 0 | Z8: 0 | AA8: 0 | AB8: 1 | AC8: 0 | AD8: 15 | AE8: 0 | AF8: 0 | AG8: 0 | AH8: =SUMPRODUCT(W8:AG8, {0,33,50,67,167,67,50,4.17,7.56,12.17,16.22}) -> 162.55 | AI8: 95.55 | AJ8: Chuck | AL8: =AH8-AI8 -> 67
A9: 5 | B9: 10 | C9: 10 | D9: 10 | E9: 10 | F9: 10 | G9: 10 | H9: 10 | I9: 10 | J9: 10 | K9: 10 | M9: =IFERROR(__xludf.DUMMYFUNCTION("LET( names, HSTACK(""Coins"", W$4:AG$4), amounts, HSTACK(C9, W9:AG9), lookupNames, $AJ$5:$AJ$16, lookupImages, $AK$5:$AK$16, imgs, MAP(names, LAMBDA(n, XLOOKUP(n, lookupNames, lookupImages))), keepImgs, FILTER(imgs, amounts<>0), keepAmounts,"&" FILTER(amounts, amounts<>0), MAKEARRAY( 1, COLUMNS(keepAmounts)*2, LAMBDA(r,c, IF( ISODD(c), INDEX(keepImgs, 1, ROUNDUP(c/2)), INDEX(keepAmounts, 1, c/2) ) ) ) )"),"") | N9: =IFERROR(__xludf.DUMMYFUNCTION("""COMPUTED_VALUE"""),10.0) -> 10 | O9: =IFERROR(__xludf.DUMMYFUNCTION("""COMPUTED_VALUE"""),"") | P9: =IFERROR(__xludf.DUMMYFUNCTION("""COMPUTED_VALUE"""),1.0) -> 1 | Q9: =IFERROR(__xludf.DUMMYFUNCTION("""COMPUTED_VALUE"""),"") | R9: =IFERROR(__xludf.DUMMYFUNCTION("""COMPUTED_VALUE"""),15.0) -> 15 | T9: 20 | U9: 10 | W9: 0 | X9: 0 | Y9: 0 | Z9: 1 | AA9: 0 | AB9: 0 | AC9: 0 | AD9: 15 | AE9: 0 | AF9: 0 | AG9: 0 | AH9: =SUMPRODUCT(W9:AG9, {0,33,50,67,167,67,50,4.17,7.56,12.17,16.22}) -> 129.55 | AI9: 100 | AJ9: Bomb | AL9: =AH9-AI9 -> 29.55
A10: 6 | B10: 10 | C10: 0 | D10: 10 | E10: 0 | F10: 10 | G10: 0 | H10: 10 | I10: 0 | J10: 10 | K10: 0 | M10: =IFERROR(__xludf.DUMMYFUNCTION("LET( names, HSTACK(""Coins"", W$4:AG$4), amounts, HSTACK(C10, W10:AG10), lookupNames, $AJ$5:$AJ$16, lookupImages, $AK$5:$AK$16, imgs, MAP(names, LAMBDA(n, XLOOKUP(n, lookupNames, lookupImages))), keepImgs, FILTER(imgs, amounts<>0), keepAmoun"&"ts, FILTER(amounts, amounts<>0), MAKEARRAY( 1, COLUMNS(keepAmounts)*2, LAMBDA(r,c, IF( ISODD(c), INDEX(keepImgs, 1, ROUNDUP(c/2)), INDEX(keepAmounts, 1, c/2) ) ) ) )"),"") | N10: =IFERROR(__xludf.DUMMYFUNCTION("""COMPUTED_VALUE"""),1.0) -> 1 | O10: =IFERROR(__xludf.DUMMYFUNCTION("""COMPUTED_VALUE"""),"") | P10: =IFERROR(__xludf.DUMMYFUNCTION("""COMPUTED_VALUE"""),1.0) -> 1 | Q10: =IFERROR(__xludf.DUMMYFUNCTION("""COMPUTED_VALUE"""),"") | R10: =IFERROR(__xludf.DUMMYFUNCTION("""COMPUTED_VALUE"""),20.0) -> 20 | T10: 20 | U10: 15 | W10: 0 | X10: 0 | Y10: 1 | Z10: 0 | AA10: 0 | AB10: 0 | AC10: 1 | AD10: 20 | AE10: 0 | AF10: 0 | AG10: 0 | AH10: =SUMPRODUCT(W10:AG10, {0,33,50,67,167,67,50,4.17,7.56,12.17,16.22}) -> 183.4 | AI10: 229.55 | AJ10: Slingshot | AL10: =AH10-AI10 -> -46.15
A11: 7 | B11: 10 | C11: 10 | D11: 10 | E11: 10 | F11: 10 | G11: 10 | H11: 10 | I11: 10 | J11: 10 | K11: 10 | M11: =IFERROR(__xludf.DUMMYFUNCTION("LET( names, HSTACK(""Coins"", W$4:AG$4), amounts, HSTACK(C11, W11:AG11), lookupNames, $AJ$5:$AJ$16, lookupImages, $AK$5:$AK$16, imgs, MAP(names, LAMBDA(n, XLOOKUP(n, lookupNames, lookupImages))), keepImgs, FILTER(imgs, amounts<>0), keepAmoun"&"ts, FILTER(amounts, amounts<>0), MAKEARRAY( 1, COLUMNS(keepAmounts)*2, LAMBDA(r,c, IF( ISODD(c), INDEX(keepImgs, 1, ROUNDUP(c/2)), INDEX(keepAmounts, 1, c/2) ) ) ) )"),"") | N11: =IFERROR(__xludf.DUMMYFUNCTION("""COMPUTED_VALUE"""),10.0) -> 10 | O11: =IFERROR(__xludf.DUMMYFUNCTION("""COMPUTED_VALUE"""),"") | P11: =IFERROR(__xludf.DUMMYFUNCTION("""COMPUTED_VALUE"""),1.0) -> 1 | Q11: =IFERROR(__xludf.DUMMYFUNCTION("""COMPUTED_VALUE"""),"") | R11: =IFERROR(__xludf.DUMMYFUNCTION("""COMPUTED_VALUE"""),20.0) -> 20 | T11: 25 | U11: 15 | W11: 0 | X11: 0 | Y11: 0 | Z11: 1 | AA11: 0 | AB11: 0 | AC11: 0 | AD11: 20 | AE11: 0 | AF11: 0 | AG11: 0 | AH11: =SUMPRODUCT(W11:AG11, {0,33,50,67,167,67,50,4.17,7.56,12.17,16.22}) -> 150.4 | AI11: 192.1 | AJ11: Shuffle | AL11: =AH11-AI11 -> -41.7
A12: 8 | B12: 10 | C12: 0 | D12: 10 | E12: 0 | F12: 10 | G12: 0 | H12: 10 | I12: 0 | J12: 10 | K12: 0 | M12: =IFERROR(__xludf.DUMMYFUNCTION("LET( names, HSTACK(""Coins"", W$4:AG$4), amounts, HSTACK(C12, W12:AG12), lookupNames, $AJ$5:$AJ$16, lookupImages, $AK$5:$AK$16, imgs, MAP(names, LAMBDA(n, XLOOKUP(n, lookupNames, lookupImages))), keepImgs, FILTER(imgs, amounts<>0), keepAmoun"&"ts, FILTER(amounts, amounts<>0), MAKEARRAY( 1, COLUMNS(keepAmounts)*2, LAMBDA(r,c, IF( ISODD(c), INDEX(keepImgs, 1, ROUNDUP(c/2)), INDEX(keepAmounts, 1, c/2) ) ) ) )"),"") | N12: =IFERROR(__xludf.DUMMYFUNCTION("""COMPUTED_VALUE"""),1.0) -> 1 | O12: =IFERROR(__xludf.DUMMYFUNCTION("""COMPUTED_VALUE"""),"") | P12: =IFERROR(__xludf.DUMMYFUNCTION("""COMPUTED_VALUE"""),1.0) -> 1 | Q12: =IFERROR(__xludf.DUMMYFUNCTION("""COMPUTED_VALUE"""),"") | R12: =IFERROR(__xludf.DUMMYFUNCTION("""COMPUTED_VALUE"""),30.0) -> 30 | T12: 25 | U12: 15 | W12: 0 | X12: 0 | Y12: 1 | Z12: 0 | AA12: 1 | AB12: 0 | AC12: 0 | AD12: 30 | AE12: 0 | AF12: 0 | AG12: 0 | AH12: =SUMPRODUCT(W12:AG12, {0,33,50,67,167,67,50,4.17,7.56,12.17,16.22}) -> 342.1 | AI12: 217 | AJ12: Comet | AL12: =AH12-AI12 -> 125.1
A13: 9 | B13: 10 | C13: 10 | D13: 10 | E13: 10 | F13: 10 | G13: 10 | H13: 10 | I13: 10 | J13: 10 | K13: 10 | M13: =IFERROR(__xludf.DUMMYFUNCTION("LET( names, HSTACK(""Coins"", W$4:AG$4), amounts, HSTACK(C13, W13:AG13), lookupNames, $AJ$5:$AJ$16, lookupImages, $AK$5:$AK$16, imgs, MAP(names, LAMBDA(n, XLOOKUP(n, lookupNames, lookupImages))), keepImgs, FILTER(imgs, amounts<>0), keepAmoun"&"ts, FILTER(amounts, amounts<>0), MAKEARRAY( 1, COLUMNS(keepAmounts)*2, LAMBDA(r,c, IF( ISODD(c), INDEX(keepImgs, 1, ROUNDUP(c/2)), INDEX(keepAmounts, 1, c/2) ) ) ) )"),"") | N13: =IFERROR(__xludf.DUMMYFUNCTION("""COMPUTED_VALUE"""),10.0) -> 10 | O13: =IFERROR(__xludf.DUMMYFUNCTION("""COMPUTED_VALUE"""),"") | P13: =IFERROR(__xludf.DUMMYFUNCTION("""COMPUTED_VALUE"""),1.0) -> 1 | Q13: =IFERROR(__xludf.DUMMYFUNCTION("""COMPUTED_VALUE"""),"") | R13: =IFERROR(__xludf.DUMMYFUNCTION("""COMPUTED_VALUE"""),60.0) -> 60 | T13: 25 | U13: 15 | W13: 0 | X13: 0 | Y13: 0 | Z13: 0 | AA13: 0 | AB13: 1 | AC13: 0 | AD13: 60 | AE13: 0 | AF13: 0 | AG13: 0 | AH13: =SUMPRODUCT(W13:AG13, {0,33,50,67,167,67,50,4.17,7.56,12.17,16.22}) -> 317.2 | AI13: 300.2 | AJ13: Unlimited Lives | AL13: =AH13-AI13 -> 17
A14: 10 | B14: 10 | C14: 25 | D14: 10 | E14: 25 | F14: 10 | G14: 25 | H14: 10 | I14: 25 | J14: 10 | K14: 25 | M14: =IFERROR(__xludf.DUMMYFUNCTION("LET( names, HSTACK(""Coins"", W$4:AG$4), amounts, HSTACK(C14, W14:AG14), lookupNames, $AJ$5:$AJ$16, lookupImages, $AK$5:$AK$16, imgs, MAP(names, LAMBDA(n, XLOOKUP(n, lookupNames, lookupImages))), keepImgs, FILTER(imgs, amounts<>0), keepAmoun"&"ts, FILTER(amounts, amounts<>0), MAKEARRAY( 1, COLUMNS(keepAmounts)*2, LAMBDA(r,c, IF( ISODD(c), INDEX(keepImgs, 1, ROUNDUP(c/2)), INDEX(keepAmounts, 1, c/2) ) ) ) )"),"") | N14: =IFERROR(__xludf.DUMMYFUNCTION("""COMPUTED_VALUE"""),25.0) -> 25 | O14: =IFERROR(__xludf.DUMMYFUNCTION("""COMPUTED_VALUE"""),"") | P14: =IFERROR(__xludf.DUMMYFUNCTION("""COMPUTED_VALUE"""),1.0) -> 1 | Q14: =IFERROR(__xludf.DUMMYFUNCTION("""COMPUTED_VALUE"""),"") | R14: =IFERROR(__xludf.DUMMYFUNCTION("""COMPUTED_VALUE"""),60.0) -> 60 | T14: 30 | U14: 20 | W14: 0 | X14: 0 | Y14: 0 | Z14: 0 | AA14: 0 | AB14: 0 | AC14: 1 | AD14: 60 | AE14: 0 | AF14: 0 | AG14: 0 | AH14: =SUMPRODUCT(W14:AG14, {0,33,50,67,167,67,50,4.17,7.56,12.17,16.22}) -> 300.2 | AI14: 117 | AJ14: Unlimited Red | AL14: =AH14-AI14 -> 183.2
AJ15: Unlimited Chuck
A16: Total per cycle | B16: =SUM(B5:B14) -> 100 | C16: =SUM(C5:C14) -> 75 | D16: =SUM(D5:D14) -> 100 | E16: =SUM(E5:E14) -> 75 | F16: =SUM(F5:F14) -> 100 | G16: =SUM(G5:G14) -> 75 | H16: =SUM(H5:H14) -> 100 | I16: =SUM(I5:I14) -> 75 | ... K16: =SUM(K5:K14) -> 75 | T16: =SUM(T5:T14) -> 210 | U16: =SUM(U5:U14) -> 130 | AJ16: Unlimited Bomb
A17: HC per level | C17: =C16/B16 -> 0.75 | E17: =E16/D16 -> 0.75 | G17: =G16/F16 -> 0.75 | I17: =I16/H16 -> 0.75 | K17: =K16/J16 -> 0.75 | T17: =T16/$J$16 -> 2.1 | U17: =U16/$J$16 -> 1.3
A19: % of not nerfed | C19: =C16/saga_progression_old!$C$15 -> 0.35714286 | E19: =E16/saga_progression_old!$C$15 -> 0.35714286 | G19: =G16/saga_progression_old!$C$15 -> 0.35714286 | I19: =I16/saga_progression_old!$C$15 -> 0.35714286 | K19: =K16/saga_progression_old!$C$15 -> 0.35714286 | T19: =T16/saga_progression_old!$C$15 -> 1 | U19: =U16/saga_progression_old!$C$15 -> 0.61904762

Sheet ns_old
A1: Night Sky - NEW Config (5-segs old) - (22.05 - 25.05)
I2: low tier increase (check updated current streaks), reward match (or more), see where to takeaway elsewhere
A3: 0-9 | I3: see hc / $ for different streak segments
A4: Round | B4: Milestone | C4: Path | D4: Streak Req | E4: Cum Streak Req | F4: HC Reward | G4: HC per streak | H4: Target Streak % | I4: Cur Streak (PAY) | J4: Cur Gain (PAY) | K4: Cur Spend (PAY) | L4: Cur Net (PAY) | M4: Cur Saga (PAY) | N4: New Streak (PAY) | O4: New Gain (PAY) | P4: New Spend (PAY) | Q4: New Net (PAY) | R4: New Saga (PAY) | S4: diff Net (PAY) | T4: diff Streak (PAY) | U4: diff Saga (PAY) | V4: diff Spend (PAY) | X4: Cur Streak (NON) | Y4: Cur Gain (NON) | Z4: Cur Spend (NON) | AA4: Cur Net (NON) | AB4: Cur Saga (NON) | AC4: New Streak (NON) | AD4: New Gain (NON) | AE4: New Spend (NON) | AF4: New Net (NON) | AG4: New Saga (NON) | AH4: diff Net (NON) | AI4: diff Streak (NON) | AJ4: diff Saga (NON) | AK4: diff Spend (NON) | AM4: SPT | AN4: Red | AO4: Chuck | AP4: Bomb | AQ4: Slingshot | AR4: Shuffle | AS4: Comet | AT4: Unlimited Lives | AU4: Unlimited Red | AV4: Unlimited Chuck | AW4: Unlimited Bomb | AX4: Coin Value
A5: 1 | B5: 1 | C5: Final | D5: =E5 -> 3 | E5: 3 | F5: 5 | G5: =F5/E5 -> 1.6666667 | H5: =IF(A5=1,"p50",IF(A5=2,"p75","p90")) -> p50 | I5: =SUMPRODUCT((data_segment_HC_gains!$A$25:$A$44="0-9")*(data_segment_HC_gains!$B$25:$B$44=H5)*data_segment_HC_gains!$C$25:$C$44) -> 1 | J5: =SUMPRODUCT((data_segment_HC_gains!$A$25:$A$44="0-9")*(data_segment_HC_gains!$B$25:$B$44=H5)*data_segment_HC_gains!$E$25:$E$44) -> 38.94 | K5: =SUMPRODUCT((data_raw_slopes!$A$2:$A$41="0-9")*(data_raw_slopes!$B$2:$B$41="payer")*(data_raw_slopes!$C$2:$C$41=H5)*data_raw_slopes!$E$2:$E$41) -> 24.74 | L5: =J5-K5 -> 14.2 | M5: =SUMPRODUCT((data_segment_HC_gains!$A$25:$A$44="0-9")*(data_segment_HC_gains!$B$25:$B$44=H5)*data_segment_HC_gains!$G$25:$G$44) -> 2.96 | N5: =I5*1.15 -> 1.15 | O5: =J5-M5*(1-(saga_progression_new!$C$17/saga_progression_old!$C$16))+SUM($F$5:F5) -> 42.037143 | P5: =K5+(IF(SUMPRODUCT((data_raw_slopes!$A$2:$A$41="0-9")*(data_raw_slopes!$B$2:$B$41="payer")*(data_raw_slopes!$C$2:$C$41=H5)*data_raw_slopes!$F$2:$F$41)>0,SUMPRODUCT((data_raw_slopes!$A$2:$A$41="0-9")*(data_raw_slopes!$B$2:$B$41="payer")*(data_raw_slopes!$C$2:$C$41=H5)*data_raw_slopes!$F$2:$F$41),SUMPRODUCT((data_raw_slopes!$A$2:$A$41="0-9")*(data_raw_slopes!$B$2:$B$41="payer")*(data_raw_slopes!$C$2:$C$41=H5)*data_raw_slopes!$G$2:$G$41)))*I5*0.15 -> 29.02196 | Q5: =O5-P5 -> 13.015183 | R5: =M5*(saga_progression_new!$C$17/saga_progression_old!$C$16) -> 1.0571429 | S5: =Q5-L5 -> -1.1848171 | T5: =N5-I5 -> 0.15 | U5: =R5-M5 -> -1.9028571 | V5: =P5-K5 -> 4.28196 | X5: =SUMPRODUCT((data_segment_HC_gains!$A$48:$A$67="0-9")*(data_segment_HC_gains!$B$48:$B$67=H5)*data_segment_HC_gains!$C$48:$C$67) -> 1 | Y5: =SUMPRODUCT((data_segment_HC_gains!$A$48:$A$67="0-9")*(data_segment_HC_gains!$B$48:$B$67=H5)*data_segment_HC_gains!$E$48:$E$67) -> 28.55 | Z5: =SUMPRODUCT((data_raw_slopes!$A$2:$A$41="0-9")*(data_raw_slopes!$B$2:$B$41="nonpayer")*(data_raw_slopes!$C$2:$C$41=H5)*data_raw_slopes!$E$2:$E$41) -> 20.5 | AA5: =Y5-Z5 -> 8.05 | AB5: =SUMPRODUCT((data_segment_HC_gains!$A$48:$A$67="0-9")*(data_segment_HC_gains!$B$48:$B$67=H5)*data_segment_HC_gains!$G$48:$G$67) -> 2.2 | AC5: =X5*1.15 -> 1.15 | AD5: =Y5-AB5*(1-(saga_progression_new!$C$17/saga_progression_old!$C$16))+SUM($F$5:F5) -> 32.135714 | AE5: =Z5+(IF(SUMPRODUCT((data_raw_slopes!$A$2:$A$41="0-9")*(data_raw_slopes!$B$2:$B$41="nonpayer")*(data_raw_slopes!$C$2:$C$41=H5)*data_raw_slopes!$F$2:$F$41)>0,SUMPRODUCT((data_raw_slopes!$A$2:$A$41="0-9")*(data_raw_slopes!$B$2:$B$41="nonpayer")*(data_raw_slopes!$C$2:$C$41=H5)*data_raw_slopes!$F$2:$F$41),SUMPRODUCT((data_raw_slopes!$A$2:$A$41="0-9")*(data_raw_slopes!$B$2:$B$41="nonpayer")*(data_raw_slopes!$C$2:$C$41=H5)*data_raw_slopes!$G$2:$G$41)))*X5*0.15 -> 23.17495 | AF5: =AD5-AE5 -> 8.9607643 | AG5: =AB5*(saga_progression_new!$C$17/saga_progression_old!$C$16) -> 0.78571429 | AH5: =AF5-AA5 -> 0.91076429 | AI5: =AC5-X5 -> 0.15 | AJ5: =AG5-AB5 -> -1.4142857 | AK5: =AE5-Z5 -> 2.67495 | AM5: 0 | AN5: 0 | AO5: 0 | AP5: 0 | AQ5: 0 | AR5: 0 | AS5: 0 | AT5: 20 | AU5: 0 | AV5: 0 | AW5: 0 | AX5: =SUMPRODUCT(AM5:AW5, {0,33,50,67,167,67,50,4.17,7.56,12.17,16.22}) -> 83.4
A6: 2 | B6: 1 | C6: Final | D6: =E6-E5 -> 3 | E6: 6 | F6: 10 | G6: =F6/E6 -> 1.6666667 | H6: =IF(A6=1,"p50",IF(A6=2,"p75","p90")) -> p75 | I6: =SUMPRODUCT((data_segment_HC_gains!$A$25:$A$44="0-9")*(data_segment_HC_gains!$B$25:$B$44=H6)*data_segment_HC_gains!$C$25:$C$44) -> 3 | J6: =SUMPRODUCT((data_segment_HC_gains!$A$25:$A$44="0-9")*(data_segment_HC_gains!$B$25:$B$44=H6)*data_segment_HC_gains!$E$25:$E$44) -> 58.44 | K6: =SUMPRODUCT((data_raw_slopes!$A$2:$A$41="0-9")*(data_raw_slopes!$B$2:$B$41="payer")*(data_raw_slopes!$C$2:$C$41=H6)*data_raw_slopes!$E$2:$E$41) -> 56.58 | L6: =J6-K6 -> 1.86 | M6: =SUMPRODUCT((data_segment_HC_gains!$A$25:$A$44="0-9")*(data_segment_HC_gains!$B$25:$B$44=H6)*data_segment_HC_gains!$G$25:$G$44) -> 7.56 | N6: =I6*1.15 -> 3.45 | O6: =J6-M6*(1-(saga_progression_new!$C$17/saga_progression_old!$C$16))+SUM($F$5:F6) -> 68.58 | P6: =K6+(IF(SUMPRODUCT((data_raw_slopes!$A$2:$A$41="0-9")*(data_raw_slopes!$B$2:$B$41="payer")*(data_raw_slopes!$C$2:$C$41=H6)*data_raw_slopes!$F$2:$F$41)>0,SUMPRODUCT((data_raw_slopes!$A$2:$A$41="0-9")*(data_raw_slopes!$B$2:$B$41="payer")*(data_raw_slopes!$C$2:$C$41=H6)*data_raw_slopes!$F$2:$F$41),SUMPRODUCT((data_raw_slopes!$A$2:$A$41="0-9")*(data_raw_slopes!$B$2:$B$41="payer")*(data_raw_slopes!$C$2:$C$41=H6)*data_raw_slopes!$G$2:$G$41)))*I6*0.15 -> 64.376565 | Q6: =O6-P6 -> 4.203435 | R6: =M6*(saga_progression_new!$C$17/saga_progression_old!$C$16) -> 2.7 | S6: =Q6-L6 -> 2.343435 | T6: =N6-I6 -> 0.45 | U6: =R6-M6 -> -4.86 | V6: =P6-K6 -> 7.796565 | X6: =SUMPRODUCT((data_segment_HC_gains!$A$48:$A$67="0-9")*(data_segment_HC_gains!$B$48:$B$67=H6)*data_segment_HC_gains!$C$48:$C$67) -> 3 | Y6: =SUMPRODUCT((data_segment_HC_gains!$A$48:$A$67="0-9")*(data_segment_HC_gains!$B$48:$B$67=H6)*data_segment_HC_gains!$E$48:$E$67) -> 46.44 | Z6: =SUMPRODUCT((data_raw_slopes!$A$2:$A$41="0-9")*(data_raw_slopes!$B$2:$B$41="nonpayer")*(data_raw_slopes!$C$2:$C$41=H6)*data_raw_slopes!$E$2:$E$41) -> 43.7 | AA6: =Y6-Z6 -> 2.74 | AB6: =SUMPRODUCT((data_segment_HC_gains!$A$48:$A$67="0-9")*(data_segment_HC_gains!$B$48:$B$67=H6)*data_segment_HC_gains!$G$48:$G$67) -> 8.05 | AC6: =X6*1.15 -> 3.45 | AD6: =Y6-AB6*(1-(saga_progression_new!$C$17/saga_progression_old!$C$16))+SUM($F$5:F6) -> 56.265 | AE6: =Z6+(IF(SUMPRODUCT((data_raw_slopes!$A$2:$A$41="0-9")*(data_raw_slopes!$B$2:$B$41="nonpayer")*(data_raw_slopes!$C$2:$C$41=H6)*data_raw_slopes!$F$2:$F$41)>0,SUMPRODUCT((data_raw_slopes!$A$2:$A$41="0-9")*(data_raw_slopes!$B$2:$B$41="nonpayer")*(data_raw_slopes!$C$2:$C$41=H6)*data_raw_slopes!$F$2:$F$41),SUMPRODUCT((data_raw_slopes!$A$2:$A$41="0-9")*(data_raw_slopes!$B$2:$B$41="nonpayer")*(data_raw_slopes!$C$2:$C$41=H6)*data_raw_slopes!$G$2:$G$41)))*X6*0.15 -> 47.582735 | AF6: =AD6-AE6 -> 8.682265 | AG6: =AB6*(saga_progression_new!$C$17/saga_progression_old!$C$16) -> 2.875 | AH6: =AF6-AA6 -> 5.942265 | AI6: =AC6-X6 -> 0.45 | AJ6: =AG6-AB6 -> -5.175 | AK6: =AE6-Z6 -> 3.882735 | AM6: 0 | AN6: 1 | AO6: 0 | AP6: 0 | AQ6: 0 | AR6: 0 | AS6: 0 | AT6: 0 | AU6: 0 | AV6: 0 | AW6: 0 | AX6: =SUMPRODUCT(AM6:AW6, {0,33,50,67,167,67,50,4.17,7.56,12.17,16.22}) -> 33
A7: 3 | B7: 1 | C7: Final | D7: =E7-E6 -> 4 | E7: 10 | F7: 20 | G7: =F7/E7 -> 2 | H7: =IF(A7=1,"p50",IF(A7=2,"p75","p90")) -> p90 | I7: =SUMPRODUCT((data_segment_HC_gains!$A$25:$A$44="0-9")*(data_segment_HC_gains!$B$25:$B$44=H7)*data_segment_HC_gains!$C$25:$C$44) -> 6 | J7: =SUMPRODUCT((data_segment_HC_gains!$A$25:$A$44="0-9")*(data_segment_HC_gains!$B$25:$B$44=H7)*data_segment_HC_gains!$E$25:$E$44) -> 110.87 | K7: =SUMPRODUCT((data_raw_slopes!$A$2:$A$41="0-9")*(data_raw_slopes!$B$2:$B$41="payer")*(data_raw_slopes!$C$2:$C$41=H7)*data_raw_slopes!$E$2:$E$41) -> 121.33 | L7: =J7-K7 -> -10.46 | M7: =SUMPRODUCT((data_segment_HC_gains!$A$25:$A$44="0-9")*(data_segment_HC_gains!$B$25:$B$44=H7)*data_segment_HC_gains!$G$25:$G$44) -> 16.94 | N7: =I7*1.15 -> 6.9 | O7: =J7-M7*(1-(saga_progression_new!$C$17/saga_progression_old!$C$16))+SUM($F$5:F7) -> 134.98 | P7: =K7+(IF(SUMPRODUCT((data_raw_slopes!$A$2:$A$41="0-9")*(data_raw_slopes!$B$2:$B$41="payer")*(data_raw_slopes!$C$2:$C$41=H7)*data_raw_slopes!$F$2:$F$41)>0,SUMPRODUCT((data_raw_slopes!$A$2:$A$41="0-9")*(data_raw_slopes!$B$2:$B$41="payer")*(data_raw_slopes!$C$2:$C$41=H7)*data_raw_slopes!$F$2:$F$41),SUMPRODUCT((data_raw_slopes!$A$2:$A$41="0-9")*(data_raw_slopes!$B$2:$B$41="payer")*(data_raw_slopes!$C$2:$C$41=H7)*data_raw_slopes!$G$2:$G$41)))*I7*0.15 -> 134.71012 | Q7: =O7-P7 -> 0.26988 | R7: =M7*(saga_progression_new!$C$17/saga_progression_old!$C$16) -> 6.05 | S7: =Q7-L7 -> 10.72988 | T7: =N7-I7 -> 0.9 | U7: =R7-M7 -> -10.89 | V7: =P7-K7 -> 13.38012 | X7: =SUMPRODUCT((data_segment_HC_gains!$A$48:$A$67="0-9")*(data_segment_HC_gains!$B$48:$B$67=H7)*data_segment_HC_gains!$C$48:$C$67) -> 7 | Y7: =SUMPRODUCT((data_segment_HC_gains!$A$48:$A$67="0-9")*(data_segment_HC_gains!$B$48:$B$67=H7)*data_segment_HC_gains!$E$48:$E$67) -> 64.94 | Z7: =SUMPRODUCT((data_raw_slopes!$A$2:$A$41="0-9")*(data_raw_slopes!$B$2:$B$41="nonpayer")*(data_raw_slopes!$C$2:$C$41=H7)*data_raw_slopes!$E$2:$E$41) -> 79.1 | AA7: =Y7-Z7 -> -14.16 | AB7: =SUMPRODUCT((data_segment_HC_gains!$A$48:$A$67="0-9")*(data_segment_HC_gains!$B$48:$B$67=H7)*data_segment_HC_gains!$G$48:$G$67) -> 15.63 | AC7: =X7*1.15 -> 8.05 | AD7: =Y7-AB7*(1-(saga_progression_new!$C$17/saga_progression_old!$C$16))+SUM($F$5:F7) -> 89.892143 | AE7: =Z7+(IF(SUMPRODUCT((data_raw_slopes!$A$2:$A$41="0-9")*(data_raw_slopes!$B$2:$B$41="nonpayer")*(data_raw_slopes!$C$2:$C$41=H7)*data_raw_slopes!$F$2:$F$41)>0,SUMPRODUCT((data_raw_slopes!$A$2:$A$41="0-9")*(data_raw_slopes!$B$2:$B$41="nonpayer")*(data_raw_slopes!$C$2:$C$41=H7)*data_raw_slopes!$F$2:$F$41),SUMPRODUCT((data_raw_slopes!$A$2:$A$41="0-9")*(data_raw_slopes!$B$2:$B$41="nonpayer")*(data_raw_slopes!$C$2:$C$41=H7)*data_raw_slopes!$G$2:$G$41)))*X7*0.15 -> 86.442125 | AF7: =AD7-AE7 -> 3.4500179 | AG7: =AB7*(saga_progression_new!$C$17/saga_progression_old!$C$16) -> 5.5821429 | AH7: =AF7-AA7 -> 17.610018 | AI7: =AC7-X7 -> 1.05 | AJ7: =AG7-AB7 -> -10.047857 | AK7: =AE7-Z7 -> 7.342125 | AM7: 0 | AN7: 0 | AO7: 1 | AP7: 0 | AQ7: 1 | AR7: 0 | AS7: 0 | AT7: 0 | AU7: 0 | AV7: 0 | AW7: 0 | AX7: =SUMPRODUCT(AM7:AW7, {0,33,50,67,167,67,50,4.17,7.56,12.17,16.22}) -> 217
A9: 10-19
A10: Round | B10: Milestone | C10: Path | D10: Streak Req | E10: Cum Streak Req | F10: HC Reward | G10: HC per streak | H10: Target Streak % | I10: Cur Streak (PAY) | J10: Cur Gain (PAY) | K10: Cur Spend (PAY) | L10: Cur Net (PAY) | M10: Cur Saga (PAY) | N10: New Streak (PAY) | O10: New Gain (PAY) | P10: New Spend (PAY) | Q10: New Net (PAY) | R10: New Saga (PAY) | S10: diff Net (PAY) | T10: diff Streak (PAY) | U10: diff Saga (PAY) | V10: diff Spend (PAY) | X10: Cur Streak (NON) | Y10: Cur Gain (NON) | Z10: Cur Spend (NON) | AA10: Cur Net (NON) | AB10: Cur Saga (NON) | AC10: New Streak (NON) | AD10: New Gain (NON) | AE10: New Spend (NON) | AF10: New Net (NON) | AG10: New Saga (NON) | AH10: diff Net (NON) | AI10: diff Streak (NON) | AJ10: diff Saga (NON) | AK10: diff Spend (NON) | AM10: SPT | AN10: Red | AO10: Chuck | AP10: Bomb | AQ10: Slingshot | AR10: Shuffle | AS10: Comet | AT10: Unlimited Lives | AU10: Unlimited Red | AV10: Unlimited Chuck | AW10: Unlimited Bomb | AX10: Coin Value
A11: 1 | B11: 1 | C11: Final | D11: =E11 -> 5 | E11: 5 | F11: 5 | G11: =F11/E11 -> 1 | H11: =IF(A11=1,"p50",IF(A11=2,"p75","p90")) -> p50 | I11: =SUMPRODUCT((data_segment_HC_gains!$A$25:$A$44="10-19")*(data_segment_HC_gains!$B$25:$B$44=H11)*data_segment_HC_gains!$C$25:$C$44) -> 6 | J11: =SUMPRODUCT((data_segment_HC_gains!$A$25:$A$44="10-19")*(data_segment_HC_gains!$B$25:$B$44=H11)*data_segment_HC_gains!$E$25:$E$44) -> 148.23 | K11: =SUMPRODUCT((data_raw_slopes!$A$2:$A$41="10-19")*(data_raw_slopes!$B$2:$B$41="payer")*(data_raw_slopes!$C$2:$C$41=H11)*data_raw_slopes!$E$2:$E$41) -> 151.27 | L11: =J11-K11 -> -3.04 | M11: =SUMPRODUCT((data_segment_HC_gains!$A$25:$A$44="10-19")*(data_segment_HC_gains!$B$25:$B$44=H11)*data_segment_HC_gains!$G$25:$G$44) -> 25.07 | N11: =I11*1.15 -> 6.9 | O11: =J11-M11*(1-(saga_progression_new!$E$17/saga_progression_old!$C$16))+SUM($F$11:F11) -> 137.11357 | P11: =K11+(IF(SUMPRODUCT((data_raw_slopes!$A$2:$A$41="10-19")*(data_raw_slopes!$B$2:$B$41="payer")*(data_raw_slopes!$C$2:$C$41=H11)*data_raw_slopes!$F$2:$F$41)>0,SUMPRODUCT((data_raw_slopes!$A$2:$A$41="10-19")*(data_raw_slopes!$B$2:$B$41="payer")*(data_raw_slopes!$C$2:$C$41=H11)*data_raw_slopes!$F$2:$F$41),SUMPRODUCT((data_raw_slopes!$A$2:$A$41="10-19")*(data_raw_slopes!$B$2:$B$41="payer")*(data_raw_slopes!$C$2:$C$41=H11)*data_raw_slopes!$G$2:$G$41)))*I11*0.15 -> 163.29202 | Q11: =O11-P11 -> -26.178449 | R11: =M11*(saga_progression_new!$E$17/saga_progression_old!$C$16) -> 8.9535714 | S11: =Q11-L11 -> -23.138449 | T11: =N11-I11 -> 0.9 | U11: =R11-M11 -> -16.116429 | V11: =P11-K11 -> 12.02202 | X11: =SUMPRODUCT((data_segment_HC_gains!$A$48:$A$67="10-19")*(data_segment_HC_gains!$B$48:$B$67=H11)*data_segment_HC_gains!$C$48:$C$67) -> 7 | Y11: =SUMPRODUCT((data_segment_HC_gains!$A$48:$A$67="10-19")*(data_segment_HC_gains!$B$48:$B$67=H11)*data_segment_HC_gains!$E$48:$E$67) -> 92.78 | Z11: =SUMPRODUCT((data_raw_slopes!$A$2:$A$41="10-19")*(data_raw_slopes!$B$2:$B$41="nonpayer")*(data_raw_slopes!$C$2:$C$41=H11)*data_raw_slopes!$E$2:$E$41) -> 91.46 | AA11: =Y11-Z11 -> 1.32 | AB11: =SUMPRODUCT((data_segment_HC_gains!$A$48:$A$67="10-19")*(data_segment_HC_gains!$B$48:$B$67=H11)*data_segment_HC_gains!$G$48:$G$67) -> 24.86 | AC11: =X11*1.15 -> 8.05 | AD11: =Y11-AB11*(1-(saga_progression_new!$E$17/saga_progression_old!$C$16))+SUM($F$11:F11) -> 81.798571 | AE11: =Z11+(IF(SUMPRODUCT((data_raw_slopes!$A$2:$A$41="10-19")*(data_raw_slopes!$B$2:$B$41="nonpayer")*(data_raw_slopes!$C$2:$C$41=H11)*data_raw_slopes!$F$2:$F$41)>0,SUMPRODUCT((data_raw_slopes!$A$2:$A$41="10-19")*(data_raw_slopes!$B$2:$B$41="nonpayer")*(data_raw_slopes!$C$2:$C$41=H11)*data_raw_slopes!$F$2:$F$41),SUMPRODUCT((data_raw_slopes!$A$2:$A$41="10-19")*(data_raw_slopes!$B$2:$B$41="nonpayer")*(data_raw_slopes!$C$2:$C$41=H11)*data_raw_slopes!$G$2:$G$41)))*X11*0.15 -> 97.093775 | AF11: =AD11-AE11 -> -15.295204 | AG11: =AB11*(saga_progression_new!$E$17/saga_progression_old!$C$16) -> 8.8785714 | AH11: =AF11-AA11 -> -16.615204 | AI11: =AC11-X11 -> 1.05 | AJ11: =AG11-AB11 -> -15.981429 | AK11: =AE11-Z11 -> 5.633775 | AM11: 0 | AN11: 0 | AO11: 0 | AP11: 0 | AQ11: 0 | AR11: 0 | AS11: 0 | AT11: 20 | AU11: 0 | AV11: 0 | AW11: 0 | AX11: =SUMPRODUCT(AM11:AW11, {0,33,50,67,167,67,50,4.17,7.56,12.17,16.22}) -> 83.4
A12: 2 | B12: 1 | C12: Final | D12: =E12-E11 -> 5 | E12: 10 | F12: 20 | G12: =F12/E12 -> 2 | H12: =IF(A12=1,"p50",IF(A12=2,"p75","p90")) -> p75 | I12: =SUMPRODUCT((data_segment_HC_gains!$A$25:$A$44="10-19")*(data_segment_HC_gains!$B$25:$B$44=H12)*data_segment_HC_gains!$C$25:$C$44) -> 12 | J12: =SUMPRODUCT((data_segment_HC_gains!$A$25:$A$44="10-19")*(data_segment_HC_gains!$B$25:$B$44=H12)*data_segment_HC_gains!$E$25:$E$44) -> 200.4 | K12: =SUMPRODUCT((data_raw_slopes!$A$2:$A$41="10-19")*(data_raw_slopes!$B$2:$B$41="payer")*(data_raw_slopes!$C$2:$C$41=H12)*data_raw_slopes!$E$2:$E$41) -> 210.6 | L12: =J12-K12 -> -10.2 | M12: =SUMPRODUCT((data_segment_HC_gains!$A$25:$A$44="10-19")*(data_segment_HC_gains!$B$25:$B$44=H12)*data_segment_HC_gains!$G$25:$G$44) -> 32.05 | N12: =I12*1.15 -> 13.8 | O12: =J12-M12*(1-(saga_progression_new!$E$17/saga_progression_old!$C$16))+SUM($F$11:F12) -> 204.79643 | P12: =K12+(IF(SUMPRODUCT((data_raw_slopes!$A$2:$A$41="10-19")*(data_raw_slopes!$B$2:$B$41="payer")*(data_raw_slopes!$C$2:$C$41=H12)*data_raw_slopes!$F$2:$F$41)>0,SUMPRODUCT((data_raw_slopes!$A$2:$A$41="10-19")*(data_raw_slopes!$B$2:$B$41="payer")*(data_raw_slopes!$C$2:$C$41=H12)*data_raw_slopes!$F$2:$F$41),SUMPRODUCT((data_raw_slopes!$A$2:$A$41="10-19")*(data_raw_slopes!$B$2:$B$41="payer")*(data_raw_slopes!$C$2:$C$41=H12)*data_raw_slopes!$G$2:$G$41)))*I12*0.15 -> 232.49736 | Q12: =O12-P12 -> -27.700931 | R12: =M12*(saga_progression_new!$E$17/saga_progression_old!$C$16) -> 11.446429 | S12: =Q12-L12 -> -17.500931 | T12: =N12-I12 -> 1.8 | U12: =R12-M12 -> -20.603571 | V12: =P12-K12 -> 21.89736 | X12: =SUMPRODUCT((data_segment_HC_gains!$A$48:$A$67="10-19")*(data_segment_HC_gains!$B$48:$B$67=H12)*data_segment_HC_gains!$C$48:$C$67) -> 13 | Y12: =SUMPRODUCT((data_segment_HC_gains!$A$48:$A$67="10-19")*(data_segment_HC_gains!$B$48:$B$67=H12)*data_segment_HC_gains!$E$48:$E$67) -> 104.9 | Z12: =SUMPRODUCT((data_raw_slopes!$A$2:$A$41="10-19")*(data_raw_slopes!$B$2:$B$41="nonpayer")*(data_raw_slopes!$C$2:$C$41=H12)*data_raw_slopes!$E$2:$E$41) -> 115.5 | AA12: =Y12-Z12 -> -10.6 | AB12: =SUMPRODUCT((data_segment_HC_gains!$A$48:$A$67="10-19")*(data_segment_HC_gains!$B$48:$B$67=H12)*data_segment_HC_gains!$G$48:$G$67) -> 31.52 | AC12: =X12*1.15 -> 14.95 | AD12: =Y12-AB12*(1-(saga_progression_new!$E$17/saga_progression_old!$C$16))+SUM($F$11:F12) -> 109.63714 | AE12: =Z12+(IF(SUMPRODUCT((data_raw_slopes!$A$2:$A$41="10-19")*(data_raw_slopes!$B$2:$B$41="nonpayer")*(data_raw_slopes!$C$2:$C$41=H12)*data_raw_slopes!$F$2:$F$41)>0,SUMPRODUCT((data_raw_slopes!$A$2:$A$41="10-19")*(data_raw_slopes!$B$2:$B$41="nonpayer")*(data_raw_slopes!$C$2:$C$41=H12)*data_raw_slopes!$F$2:$F$41),SUMPRODUCT((data_raw_slopes!$A$2:$A$41="10-19")*(data_raw_slopes!$B$2:$B$41="nonpayer")*(data_raw_slopes!$C$2:$C$41=H12)*data_raw_slopes!$G$2:$G$41)))*X12*0.15 -> 127.11557 | AF12: =AD12-AE12 -> -17.478422 | AG12: =AB12*(saga_progression_new!$E$17/saga_progression_old!$C$16) -> 11.257143 | AH12: =AF12-AA12 -> -6.8784221 | AI12: =AC12-X12 -> 1.95 | AJ12: =AG12-AB12 -> -20.262857 | AK12: =AE12-Z12 -> 11.615565 | AM12: 0 | AN12: 1 | AO12: 0 | AP12: 0 | AQ12: 0 | AR12: 0 | AS12: 0 | AT12: 0 | AU12: 0 | AV12: 0 | AW12: 0 | AX12: =SUMPRODUCT(AM12:AW12, {0,33,50,67,167,67,50,4.17,7.56,12.17,16.22}) -> 33
A13: 3 | B13: 1 | C13: Final | D13: =E13-E12 -> 10 | E13: 20 | F13: 50 | G13: =F13/E13 -> 2.5 | H13: =IF(A13=1,"p50",IF(A13=2,"p75","p90")) -> p90 | I13: =SUMPRODUCT((data_segment_HC_gains!$A$25:$A$44="10-19")*(data_segment_HC_gains!$B$25:$B$44=H13)*data_segment_HC_gains!$C$25:$C$44) -> 20 | J13: =SUMPRODUCT((data_segment_HC_gains!$A$25:$A$44="10-19")*(data_segment_HC_gains!$B$25:$B$44=H13)*data_segment_HC_gains!$E$25:$E$44) -> 315.99 | K13: =SUMPRODUCT((data_raw_slopes!$A$2:$A$41="10-19")*(data_raw_slopes!$B$2:$B$41="payer")*(data_raw_slopes!$C$2:$C$41=H13)*data_raw_slopes!$E$2:$E$41) -> 343.63 | L13: =J13-K13 -> -27.64 | M13: =SUMPRODUCT((data_segment_HC_gains!$A$25:$A$44="10-19")*(data_segment_HC_gains!$B$25:$B$44=H13)*data_segment_HC_gains!$G$25:$G$44) -> 46.02 | N13: =I13*1.15 -> 23 | O13: =J13-M13*(1-(saga_progression_new!$E$17/saga_progression_old!$C$16))+SUM($F$11:F13) -> 361.40571 | P13: =K13+(IF(SUMPRODUCT((data_raw_slopes!$A$2:$A$41="10-19")*(data_raw_slopes!$B$2:$B$41="payer")*(data_raw_slopes!$C$2:$C$41=H13)*data_raw_slopes!$F$2:$F$41)>0,SUMPRODUCT((data_raw_slopes!$A$2:$A$41="10-19")*(data_raw_slopes!$B$2:$B$41="payer")*(data_raw_slopes!$C$2:$C$41=H13)*data_raw_slopes!$F$2:$F$41),SUMPRODUCT((data_raw_slopes!$A$2:$A$41="10-19")*(data_raw_slopes!$B$2:$B$41="payer")*(data_raw_slopes!$C$2:$C$41=H13)*data_raw_slopes!$G$2:$G$41)))*I13*0.15 -> 394.3387 | Q13: =O13-P13 -> -32.932986 | R13: =M13*(saga_progression_new!$E$17/saga_progression_old!$C$16) -> 16.435714 | S13: =Q13-L13 -> -5.2929857 | T13: =N13-I13 -> 3 | U13: =R13-M13 -> -29.584286 | V13: =P13-K13 -> 50.7087 | X13: =SUMPRODUCT((data_segment_HC_gains!$A$48:$A$67="10-19")*(data_segment_HC_gains!$B$48:$B$67=H13)*data_segment_HC_gains!$C$48:$C$67) -> 19 | Y13: =SUMPRODUCT((data_segment_HC_gains!$A$48:$A$67="10-19")*(data_segment_HC_gains!$B$48:$B$67=H13)*data_segment_HC_gains!$E$48:$E$67) -> 142.33 | Z13: =SUMPRODUCT((data_raw_slopes!$A$2:$A$41="10-19")*(data_raw_slopes!$B$2:$B$41="nonpayer")*(data_raw_slopes!$C$2:$C$41=H13)*data_raw_slopes!$E$2:$E$41) -> 170.28 | AA13: =Y13-Z13 -> -27.95 | AB13: =SUMPRODUCT((data_segment_HC_gains!$A$48:$A$67="10-19")*(data_segment_HC_gains!$B$48:$B$67=H13)*data_segment_HC_gains!$G$48:$G$67) -> 45.45 | AC13: =X13*1.15 -> 21.85 | AD13: =Y13-AB13*(1-(saga_progression_new!$E$17/saga_progression_old!$C$16))+SUM($F$11:F13) -> 188.11214 | AE13: =Z13+(IF(SUMPRODUCT((data_raw_slopes!$A$2:$A$41="10-19")*(data_raw_slopes!$B$2:$B$41="nonpayer")*(data_raw_slopes!$C$2:$C$41=H13)*data_raw_slopes!$F$2:$F$41)>0,SUMPRODUCT((data_raw_slopes!$A$2:$A$41="10-19")*(data_raw_slopes!$B$2:$B$41="nonpayer")*(data_raw_slopes!$C$2:$C$41=H13)*data_raw_slopes!$F$2:$F$41),SUMPRODUCT((data_raw_slopes!$A$2:$A$41="10-19")*(data_raw_slopes!$B$2:$B$41="nonpayer")*(data_raw_slopes!$C$2:$C$41=H13)*data_raw_slopes!$G$2:$G$41)))*X13*0.15 -> 188.74144 | AF13: =AD13-AE13 -> -0.62930214 | AG13: =AB13*(saga_progression_new!$E$17/saga_progression_old!$C$16) -> 16.232143 | AH13: =AF13-AA13 -> 27.320698 | AI13: =AC13-X13 -> 2.85 | AJ13: =AG13-AB13 -> -29.217857 | AK13: =AE13-Z13 -> 18.461445 | AM13: 0 | AN13: 0 | AO13: 1 | AP13: 0 | AQ13: 1 | AR13: 0 | AS13: 0 | AT13: 0 | AU13: 0 | AV13: 0 | AW13: 0 | AX13: =SUMPRODUCT(AM13:AW13, {0,33,50,67,167,67,50,4.17,7.56,12.17,16.22}) -> 217
A15: 20-39
A16: Round | B16: Milestone | C16: Path | D16: Streak Req | E16: Cum Streak Req | F16: HC Reward | G16: HC per streak | H16: Target Streak % | I16: Cur Streak (PAY) | J16: Cur Gain (PAY) | K16: Cur Spend (PAY) | L16: Cur Net (PAY) | M16: Cur Saga (PAY) | N16: New Streak (PAY) | O16: New Gain (PAY) | P16: New Spend (PAY) | Q16: New Net (PAY) | R16: New Saga (PAY) | S16: diff Net (PAY) | T16: diff Streak (PAY) | U16: diff Saga (PAY) | V16: diff Spend (PAY) | X16: Cur Streak (NON) | Y16: Cur Gain (NON) | Z16: Cur Spend (NON) | AA16: Cur Net (NON) | AB16: Cur Saga (NON) | AC16: New Streak (NON) | AD16: New Gain (NON) | AE16: New Spend (NON) | AF16: New Net (NON) | AG16: New Saga (NON) | AH16: diff Net (NON) | AI16: diff Streak (NON) | AJ16: diff Saga (NON) | AK16: diff Spend (NON) | AM16: SPT | AN16: Red | AO16: Chuck | AP16: Bomb | AQ16: Slingshot | AR16: Shuffle | AS16: Comet | AT16: Unlimited Lives | AU16: Unlimited Red | AV16: Unlimited Chuck | AW16: Unlimited Bomb | AX16: Coin Value
A17: 1 | B17: 1 | C17: Final | D17: =E17 -> 10 | E17: 10 | F17: 15 | G17: =F17/E17 -> 1.5 | H17: =IF(A17=1,"p50",IF(A17=2,"p75","p90")) -> p50 | I17: =SUMPRODUCT((data_segment_HC_gains!$A$25:$A$44="20-39")*(data_segment_HC_gains!$B$25:$B$44=H17)*data_segment_HC_gains!$C$25:$C$44) -> 13 | J17: =SUMPRODUCT((data_segment_HC_gains!$A$25:$A$44="20-39")*(data_segment_HC_gains!$B$25:$B$44=H17)*data_segment_HC_gains!$E$25:$E$44) -> 292.33 | K17: =SUMPRODUCT((data_raw_slopes!$A$2:$A$41="20-39")*(data_raw_slopes!$B$2:$B$41="payer")*(data_raw_slopes!$C$2:$C$41=H17)*data_raw_slopes!$E$2:$E$41) -> 301.15 | L17: =J17-K17 -> -8.82 | M17: =SUMPRODUCT((data_segment_HC_gains!$A$25:$A$44="20-39")*(data_segment_HC_gains!$B$25:$B$44=H17)*data_segment_HC_gains!$G$25:$G$44) -> 50.36 | N17: =I17*1.15 -> 14.95 | O17: =J17-M17*(1-(saga_progression_new!$G$17/saga_progression_old!$C$16))+SUM($F$17:F17) -> 274.95571 | P17: =K17+(IF(SUMPRODUCT((data_raw_slopes!$A$2:$A$41="20-39")*(data_raw_slopes!$B$2:$B$41="payer")*(data_raw_slopes!$C$2:$C$41=H17)*data_raw_slopes!$F$2:$F$41)>0,SUMPRODUCT((data_raw_slopes!$A$2:$A$41="20-39")*(data_raw_slopes!$B$2:$B$41="payer")*(data_raw_slopes!$C$2:$C$41=H17)*data_raw_slopes!$F$2:$F$41),SUMPRODUCT((data_raw_slopes!$A$2:$A$41="20-39")*(data_raw_slopes!$B$2:$B$41="payer")*(data_raw_slopes!$C$2:$C$41=H17)*data_raw_slopes!$G$2:$G$41)))*I17*0.15 -> 326.00392 | Q17: =O17-P17 -> -51.048206 | R17: =M17*(saga_progression_new!$G$17/saga_progression_old!$C$16) -> 17.985714 | S17: =Q17-L17 -> -42.228206 | T17: =N17-I17 -> 1.95 | U17: =R17-M17 -> -32.374286 | V17: =P17-K17 -> 24.85392 | X17: =SUMPRODUCT((data_segment_HC_gains!$A$48:$A$67="20-39")*(data_segment_HC_gains!$B$48:$B$67=H17)*data_segment_HC_gains!$C$48:$C$67) -> 14 | Y17: =SUMPRODUCT((data_segment_HC_gains!$A$48:$A$67="20-39")*(data_segment_HC_gains!$B$48:$B$67=H17)*data_segment_HC_gains!$E$48:$E$67) -> 163.46 | Z17: =SUMPRODUCT((data_raw_slopes!$A$2:$A$41="20-39")*(data_raw_slopes!$B$2:$B$41="nonpayer")*(data_raw_slopes!$C$2:$C$41=H17)*data_raw_slopes!$E$2:$E$41) -> 158.17 | AA17: =Y17-Z17 -> 5.29 | AB17: =SUMPRODUCT((data_segment_HC_gains!$A$48:$A$67="20-39")*(data_segment_HC_gains!$B$48:$B$67=H17)*data_segment_HC_gains!$G$48:$G$67) -> 51.4 | AC17: =X17*1.15 -> 16.1 | AD17: =Y17-AB17*(1-(saga_progression_new!$G$17/saga_progression_old!$C$16))+SUM($F$17:F17) -> 145.41714 | AE17: =Z17+(IF(SUMPRODUCT((data_raw_slopes!$A$2:$A$41="20-39")*(data_raw_slopes!$B$2:$B$41="nonpayer")*(data_raw_slopes!$C$2:$C$41=H17)*data_raw_slopes!$F$2:$F$41)>0,SUMPRODUCT((data_raw_slopes!$A$2:$A$41="20-39")*(data_raw_slopes!$B$2:$B$41="nonpayer")*(data_raw_slopes!$C$2:$C$41=H17)*data_raw_slopes!$F$2:$F$41),SUMPRODUCT((data_raw_slopes!$A$2:$A$41="20-39")*(data_raw_slopes!$B$2:$B$41="nonpayer")*(data_raw_slopes!$C$2:$C$41=H17)*data_raw_slopes!$G$2:$G$41)))*X17*0.15 -> 169.98733 | AF17: =AD17-AE17 -> -24.570187 | AG17: =AB17*(saga_progression_new!$G$17/saga_progression_old!$C$16) -> 18.357143 | AH17: =AF17-AA17 -> -29.860187 | AI17: =AC17-X17 -> 2.1 | AJ17: =AG17-AB17 -> -33.042857 | AK17: =AE17-Z17 -> 11.81733 | AM17: 0 | AN17: 0 | AO17: 0 | AP17: 0 | AQ17: 0 | AR17: 0 | AS17: 0 | AT17: 20 | AU17: 0 | AV17: 0 | AW17: 0 | AX17: =SUMPRODUCT(AM17:AW17, {0,33,50,67,167,67,50,4.17,7.56,12.17,16.22}) -> 83.4
A18: 2 | B18: 1 | C18: Final | D18: =E18-E17 -> 15 | E18: 25 | F18: 50 | G18: =F18/E18 -> 2 | H18: =IF(A18=1,"p50",IF(A18=2,"p75","p90")) -> p75 | I18: =SUMPRODUCT((data_segment_HC_gains!$A$25:$A$44="20-39")*(data_segment_HC_gains!$B$25:$B$44=H18)*data_segment_HC_gains!$C$25:$C$44) -> 24 | J18: =SUMPRODUCT((data_segment_HC_gains!$A$25:$A$44="20-39")*(data_segment_HC_gains!$B$25:$B$44=H18)*data_segment_HC_gains!$E$25:$E$44) -> 400.43 | K18: =SUMPRODUCT((data_raw_slopes!$A$2:$A$41="20-39")*(data_raw_slopes!$B$2:$B$41="payer")*(data_raw_slopes!$C$2:$C$41=H18)*data_raw_slopes!$E$2:$E$41) -> 425.4 | L18: =J18-K18 -> -24.97 | M18: =SUMPRODUCT((data_segment_HC_gains!$A$25:$A$44="20-39")*(data_segment_HC_gains!$B$25:$B$44=H18)*data_segment_HC_gains!$G$25:$G$44) -> 61.53 | N18: =I18*1.15 -> 27.6 | O18: =J18-M18*(1-(saga_progression_new!$G$17/saga_progression_old!$C$16))+SUM($F$17:F18) -> 425.875 | P18: =K18+(IF(SUMPRODUCT((data_raw_slopes!$A$2:$A$41="20-39")*(data_raw_slopes!$B$2:$B$41="payer")*(data_raw_slopes!$C$2:$C$41=H18)*data_raw_slopes!$F$2:$F$41)>0,SUMPRODUCT((data_raw_slopes!$A$2:$A$41="20-39")*(data_raw_slopes!$B$2:$B$41="payer")*(data_raw_slopes!$C$2:$C$41=H18)*data_raw_slopes!$F$2:$F$41),SUMPRODUCT((data_raw_slopes!$A$2:$A$41="20-39")*(data_raw_slopes!$B$2:$B$41="payer")*(data_raw_slopes!$C$2:$C$41=H18)*data_raw_slopes!$G$2:$G$41)))*I18*0.15 -> 473.19792 | Q18: =O18-P18 -> -47.32292 | R18: =M18*(saga_progression_new!$G$17/saga_progression_old!$C$16) -> 21.975 | S18: =Q18-L18 -> -22.35292 | T18: =N18-I18 -> 3.6 | U18: =R18-M18 -> -39.555 | V18: =P18-K18 -> 47.79792 | X18: =SUMPRODUCT((data_segment_HC_gains!$A$48:$A$67="20-39")*(data_segment_HC_gains!$B$48:$B$67=H18)*data_segment_HC_gains!$C$48:$C$67) -> 25 | Y18: =SUMPRODUCT((data_segment_HC_gains!$A$48:$A$67="20-39")*(data_segment_HC_gains!$B$48:$B$67=H18)*data_segment_HC_gains!$E$48:$E$67) -> 184.96 | Z18: =SUMPRODUCT((data_raw_slopes!$A$2:$A$41="20-39")*(data_raw_slopes!$B$2:$B$41="nonpayer")*(data_raw_slopes!$C$2:$C$41=H18)*data_raw_slopes!$E$2:$E$41) -> 205.98 | AA18: =Y18-Z18 -> -21.02 | AB18: =SUMPRODUCT((data_segment_HC_gains!$A$48:$A$67="20-39")*(data_segment_HC_gains!$B$48:$B$67=H18)*data_segment_HC_gains!$G$48:$G$67) -> 60.44 | AC18: =X18*1.15 -> 28.75 | AD18: =Y18-AB18*(1-(saga_progression_new!$G$17/saga_progression_old!$C$16))+SUM($F$17:F18) -> 211.10571 | AE18: =Z18+(IF(SUMPRODUCT((data_raw_slopes!$A$2:$A$41="20-39")*(data_raw_slopes!$B$2:$B$41="nonpayer")*(data_raw_slopes!$C$2:$C$41=H18)*data_raw_slopes!$F$2:$F$41)>0,SUMPRODUCT((data_raw_slopes!$A$2:$A$41="20-39")*(data_raw_slopes!$B$2:$B$41="nonpayer")*(data_raw_slopes!$C$2:$C$41=H18)*data_raw_slopes!$F$2:$F$41),SUMPRODUCT((data_raw_slopes!$A$2:$A$41="20-39")*(data_raw_slopes!$B$2:$B$41="nonpayer")*(data_raw_slopes!$C$2:$C$41=H18)*data_raw_slopes!$G$2:$G$41)))*X18*0.15 -> 226.40363 | AF18: =AD18-AE18 -> -15.297911 | AG18: =AB18*(saga_progression_new!$G$17/saga_progression_old!$C$16) -> 21.585714 | AH18: =AF18-AA18 -> 5.7220893 | AI18: =AC18-X18 -> 3.75 | AJ18: =AG18-AB18 -> -38.854286 | AK18: =AE18-Z18 -> 20.423625 | AM18: 0 | AN18: 1 | AO18: 0 | AP18: 0 | AQ18: 0 | AR18: 0 | AS18: 0 | AT18: 0 | AU18: 0 | AV18: 0 | AW18: 0 | AX18: =SUMPRODUCT(AM18:AW18, {0,33,50,67,167,67,50,4.17,7.56,12.17,16.22}) -> 33
A19: 3 | B19: 1 | C19: Final | D19: =E19-E18 -> 15 | E19: 40 | F19: 100 | G19: =F19/E19 -> 2.5 | H19: =IF(A19=1,"p50",IF(A19=2,"p75","p90")) -> p90 | I19: =SUMPRODUCT((data_segment_HC_gains!$A$25:$A$44="20-39")*(data_segment_HC_gains!$B$25:$B$44=H19)*data_segment_HC_gains!$C$25:$C$44) -> 37 | J19: =SUMPRODUCT((data_segment_HC_gains!$A$25:$A$44="20-39")*(data_segment_HC_gains!$B$25:$B$44=H19)*data_segment_HC_gains!$E$25:$E$44) -> 625.07 | K19: =SUMPRODUCT((data_raw_slopes!$A$2:$A$41="20-39")*(data_raw_slopes!$B$2:$B$41="payer")*(data_raw_slopes!$C$2:$C$41=H19)*data_raw_slopes!$E$2:$E$41) -> 677.95 | L19: =J19-K19 -> -52.88 | M19: =SUMPRODUCT((data_segment_HC_gains!$A$25:$A$44="20-39")*(data_segment_HC_gains!$B$25:$B$44=H19)*data_segment_HC_gains!$G$25:$G$44) -> 85.68 | N19: =I19*1.15 -> 42.55 | O19: =J19-M19*(1-(saga_progression_new!$G$17/saga_progression_old!$C$16))+SUM($F$17:F19) -> 734.99 | P19: =K19+(IF(SUMPRODUCT((data_raw_slopes!$A$2:$A$41="20-39")*(data_raw_slopes!$B$2:$B$41="payer")*(data_raw_slopes!$C$2:$C$41=H19)*data_raw_slopes!$F$2:$F$41)>0,SUMPRODUCT((data_raw_slopes!$A$2:$A$41="20-39")*(data_raw_slopes!$B$2:$B$41="payer")*(data_raw_slopes!$C$2:$C$41=H19)*data_raw_slopes!$F$2:$F$41),SUMPRODUCT((data_raw_slopes!$A$2:$A$41="20-39")*(data_raw_slopes!$B$2:$B$41="payer")*(data_raw_slopes!$C$2:$C$41=H19)*data_raw_slopes!$G$2:$G$41)))*I19*0.15 -> 773.89784 | Q19: =O19-P19 -> -38.907845 | R19: =M19*(saga_progression_new!$G$17/saga_progression_old!$C$16) -> 30.6 | S19: =Q19-L19 -> 13.972155 | T19: =N19-I19 -> 5.55 | U19: =R19-M19 -> -55.08 | V19: =P19-K19 -> 95.947845 | X19: =SUMPRODUCT((data_segment_HC_gains!$A$48:$A$67="20-39")*(data_segment_HC_gains!$B$48:$B$67=H19)*data_segment_HC_gains!$C$48:$C$67) -> 36 | Y19: =SUMPRODUCT((data_segment_HC_gains!$A$48:$A$67="20-39")*(data_segment_HC_gains!$B$48:$B$67=H19)*data_segment_HC_gains!$E$48:$E$67) -> 247.92 | Z19: =SUMPRODUCT((data_raw_slopes!$A$2:$A$41="20-39")*(data_raw_slopes!$B$2:$B$41="nonpayer")*(data_raw_slopes!$C$2:$C$41=H19)*data_raw_slopes!$E$2:$E$41) -> 295.42 | AA19: =Y19-Z19 -> -47.5 | AB19: =SUMPRODUCT((data_segment_HC_gains!$A$48:$A$67="20-39")*(data_segment_HC_gains!$B$48:$B$67=H19)*data_segment_HC_gains!$G$48:$G$67) -> 84.07 | AC19: =X19*1.15 -> 41.4 | AD19: =Y19-AB19*(1-(saga_progression_new!$G$17/saga_progression_old!$C$16))+SUM($F$17:F19) -> 358.875 | AE19: =Z19+(IF(SUMPRODUCT((data_raw_slopes!$A$2:$A$41="20-39")*(data_raw_slopes!$B$2:$B$41="nonpayer")*(data_raw_slopes!$C$2:$C$41=H19)*data_raw_slopes!$F$2:$F$41)>0,SUMPRODUCT((data_raw_slopes!$A$2:$A$41="20-39")*(data_raw_slopes!$B$2:$B$41="nonpayer")*(data_raw_slopes!$C$2:$C$41=H19)*data_raw_slopes!$F$2:$F$41),SUMPRODUCT((data_raw_slopes!$A$2:$A$41="20-39")*(data_raw_slopes!$B$2:$B$41="nonpayer")*(data_raw_slopes!$C$2:$C$41=H19)*data_raw_slopes!$G$2:$G$41)))*X19*0.15 -> 325.59898 | AF19: =AD19-AE19 -> 33.27602 | AG19: =AB19*(saga_progression_new!$G$17/saga_progression_old!$C$16) -> 30.025 | AH19: =AF19-AA19 -> 80.77602 | AI19: =AC19-X19 -> 5.4 | AJ19: =AG19-AB19 -> -54.045 | AK19: =AE19-Z19 -> 30.17898 | AM19: 0 | AN19: 0 | AO19: 1 | AP19: 0 | AQ19: 1 | AR19: 0 | AS19: 0 | AT19: 0 | AU19: 0 | AV19: 0 | AW19: 0 | AX19: =SUMPRODUCT(AM19:AW19, {0,33,50,67,167,67,50,4.17,7.56,12.17,16.22}) -> 217
A21: 40-99
A22: Round | B22: Milestone | C22: Path | D22: Streak Req | E22: Cum Streak Req | F22: HC Reward | G22: HC per streak | H22: Target Streak % | I22: Cur Streak (PAY) | J22: Cur Gain (PAY) | K22: Cur Spend (PAY) | L22: Cur Net (PAY) | M22: Cur Saga (PAY) | N22: New Streak (PAY) | O22: New Gain (PAY) | P22: New Spend (PAY) | Q22: New Net (PAY) | R22: New Saga (PAY) | S22: diff Net (PAY) | T22: diff Streak (PAY) | U22: diff Saga (PAY) | V22: diff Spend (PAY) | X22: Cur Streak (NON) | Y22: Cur Gain (NON) | Z22: Cur Spend (NON) | AA22: Cur Net (NON) | AB22: Cur Saga (NON) | AC22: New Streak (NON) | AD22: New Gain (NON) | AE22: New Spend (NON) | AF22: New Net (NON) | AG22: New Saga (NON) | AH22: diff Net (NON) | AI22: diff Streak (NON) | AJ22: diff Saga (NON) | AK22: diff Spend (NON) | AM22: SPT | AN22: Red | AO22: Chuck | AP22: Bomb | AQ22: Slingshot | AR22: Shuffle | AS22: Comet | AT22: Unlimited Lives | AU22: Unlimited Red | AV22: Unlimited Chuck | AW22: Unlimited Bomb | AX22: Coin Value
A23: 1 | B23: 1 | C23: Final | D23: =E23 -> 25 | E23: 25 | F23: 50 | G23: =F23/E23 -> 2 | H23: =IF(A23=1,"p50",IF(A23=2,"p75","p90")) -> p50 | I23: =SUMPRODUCT((data_segment_HC_gains!$A$25:$A$44="40-99")*(data_segment_HC_gains!$B$25:$B$44=H23)*data_segment_HC_gains!$C$25:$C$44) -> 27 | J23: =SUMPRODUCT((data_segment_HC_gains!$A$25:$A$44="40-99")*(data_segment_HC_gains!$B$25:$B$44=H23)*data_segment_HC_gains!$E$25:$E$44) -> 607.99 | K23: =SUMPRODUCT((data_raw_slopes!$A$2:$A$41="40-99")*(data_raw_slopes!$B$2:$B$41="payer")*(data_raw_slopes!$C$2:$C$41=H23)*data_raw_slopes!$E$2:$E$41) -> 641.78 | L23: =J23-K23 -> -33.79 | M23: =SUMPRODUCT((data_segment_HC_gains!$A$25:$A$44="40-99")*(data_segment_HC_gains!$B$25:$B$44=H23)*data_segment_HC_gains!$G$25:$G$44) -> 100.23 | N23: =I23*1.15 -> 31.05 | O23: =J23-M23*(1-(saga_progression_new!$I$17/saga_progression_old!$C$16))+SUM($F$23:F23) -> 593.55643 | P23: =K23+(IF(SUMPRODUCT((data_raw_slopes!$A$2:$A$41="40-99")*(data_raw_slopes!$B$2:$B$41="payer")*(data_raw_slopes!$C$2:$C$41=H23)*data_raw_slopes!$F$2:$F$41)>0,SUMPRODUCT((data_raw_slopes!$A$2:$A$41="40-99")*(data_raw_slopes!$B$2:$B$41="payer")*(data_raw_slopes!$C$2:$C$41=H23)*data_raw_slopes!$F$2:$F$41),SUMPRODUCT((data_raw_slopes!$A$2:$A$41="40-99")*(data_raw_slopes!$B$2:$B$41="payer")*(data_raw_slopes!$C$2:$C$41=H23)*data_raw_slopes!$G$2:$G$41)))*I23*0.15 -> 704.42904 | Q23: =O23-P23 -> -110.87262 | R23: =M23*(saga_progression_new!$I$17/saga_progression_old!$C$16) -> 35.796429 | S23: =Q23-L23 -> -77.082616 | T23: =N23-I23 -> 4.05 | U23: =R23-M23 -> -64.433571 | V23: =P23-K23 -> 62.649045 | X23: =SUMPRODUCT((data_segment_HC_gains!$A$48:$A$67="40-99")*(data_segment_HC_gains!$B$48:$B$67=H23)*data_segment_HC_gains!$C$48:$C$67) -> 29 | Y23: =SUMPRODUCT((data_segment_HC_gains!$A$48:$A$67="40-99")*(data_segment_HC_gains!$B$48:$B$67=H23)*data_segment_HC_gains!$E$48:$E$67) -> 303.92 | Z23: =SUMPRODUCT((data_raw_slopes!$A$2:$A$41="40-99")*(data_raw_slopes!$B$2:$B$41="nonpayer")*(data_raw_slopes!$C$2:$C$41=H23)*data_raw_slopes!$E$2:$E$41) -> 307.03 | AA23: =Y23-Z23 -> -3.11 | AB23: =SUMPRODUCT((data_segment_HC_gains!$A$48:$A$67="40-99")*(data_segment_HC_gains!$B$48:$B$67=H23)*data_segment_HC_gains!$G$48:$G$67) -> 102.38 | AC23: =X23*1.15 -> 33.35 | AD23: =Y23-AB23*(1-(saga_progression_new!$I$17/saga_progression_old!$C$16))+SUM($F$23:F23) -> 288.10429 | AE23: =Z23+(IF(SUMPRODUCT((data_raw_slopes!$A$2:$A$41="40-99")*(data_raw_slopes!$B$2:$B$41="nonpayer")*(data_raw_slopes!$C$2:$C$41=H23)*data_raw_slopes!$F$2:$F$41)>0,SUMPRODUCT((data_raw_slopes!$A$2:$A$41="40-99")*(data_raw_slopes!$B$2:$B$41="nonpayer")*(data_raw_slopes!$C$2:$C$41=H23)*data_raw_slopes!$F$2:$F$41),SUMPRODUCT((data_raw_slopes!$A$2:$A$41="40-99")*(data_raw_slopes!$B$2:$B$41="nonpayer")*(data_raw_slopes!$C$2:$C$41=H23)*data_raw_slopes!$G$2:$G$41)))*X23*0.15 -> 329.05275 | AF23: =AD23-AE23 -> -40.948459 | AG23: =AB23*(saga_progression_new!$I$17/saga_progression_old!$C$16) -> 36.564286 | AH23: =AF23-AA23 -> -37.838459 | AI23: =AC23-X23 -> 4.35 | AJ23: =AG23-AB23 -> -65.815714 | AK23: =AE23-Z23 -> 22.022745 | AM23: 0 | AN23: 0 | AO23: 0 | AP23: 0 | AQ23: 0 | AR23: 0 | AS23: 0 | AT23: 20 | AU23: 0 | AV23: 0 | AW23: 0 | AX23: =SUMPRODUCT(AM23:AW23, {0,33,50,67,167,67,50,4.17,7.56,12.17,16.22}) -> 83.4
A24: 2 | B24: 1 | C24: Final | D24: =E24-E23 -> 25 | E24: 50 | F24: 100 | G24: =F24/E24 -> 2 | H24: =IF(A24=1,"p50",IF(A24=2,"p75","p90")) -> p75 | I24: =SUMPRODUCT((data_segment_HC_gains!$A$25:$A$44="40-99")*(data_segment_HC_gains!$B$25:$B$44=H24)*data_segment_HC_gains!$C$25:$C$44) -> 50 | J24: =SUMPRODUCT((data_segment_HC_gains!$A$25:$A$44="40-99")*(data_segment_HC_gains!$B$25:$B$44=H24)*data_segment_HC_gains!$E$25:$E$44) -> 828.58 | K24: =SUMPRODUCT((data_raw_slopes!$A$2:$A$41="40-99")*(data_raw_slopes!$B$2:$B$41="payer")*(data_raw_slopes!$C$2:$C$41=H24)*data_raw_slopes!$E$2:$E$41) -> 893.71 | L24: =J24-K24 -> -65.13 | M24: =SUMPRODUCT((data_segment_HC_gains!$A$25:$A$44="40-99")*(data_segment_HC_gains!$B$25:$B$44=H24)*data_segment_HC_gains!$G$25:$G$44) -> 120.7 | N24: =I24*1.15 -> 57.5 | O24: =J24-M24*(1-(saga_progression_new!$I$17/saga_progression_old!$C$16))+SUM($F$23:F24) -> 900.98714 | P24: =K24+(IF(SUMPRODUCT((data_raw_slopes!$A$2:$A$41="40-99")*(data_raw_slopes!$B$2:$B$41="payer")*(data_raw_slopes!$C$2:$C$41=H24)*data_raw_slopes!$F$2:$F$41)>0,SUMPRODUCT((data_raw_slopes!$A$2:$A$41="40-99")*(data_raw_slopes!$B$2:$B$41="payer")*(data_raw_slopes!$C$2:$C$41=H24)*data_raw_slopes!$F$2:$F$41),SUMPRODUCT((data_raw_slopes!$A$2:$A$41="40-99")*(data_raw_slopes!$B$2:$B$41="payer")*(data_raw_slopes!$C$2:$C$41=H24)*data_raw_slopes!$G$2:$G$41)))*I24*0.15 -> 982.2235 | Q24: =O24-P24 -> -81.236357 | R24: =M24*(saga_progression_new!$I$17/saga_progression_old!$C$16) -> 43.107143 | S24: =Q24-L24 -> -16.106357 | T24: =N24-I24 -> 7.5 | U24: =R24-M24 -> -77.592857 | V24: =P24-K24 -> 88.5135 | X24: =SUMPRODUCT((data_segment_HC_gains!$A$48:$A$67="40-99")*(data_segment_HC_gains!$B$48:$B$67=H24)*data_segment_HC_gains!$C$48:$C$67) -> 50 | Y24: =SUMPRODUCT((data_segment_HC_gains!$A$48:$A$67="40-99")*(data_segment_HC_gains!$B$48:$B$67=H24)*data_segment_HC_gains!$E$48:$E$67) -> 352.42 | Z24: =SUMPRODUCT((data_raw_slopes!$A$2:$A$41="40-99")*(data_raw_slopes!$B$2:$B$41="nonpayer")*(data_raw_slopes!$C$2:$C$41=H24)*data_raw_slopes!$E$2:$E$41) -> 390.26 | AA24: =Y24-Z24 -> -37.84 | AB24: =SUMPRODUCT((data_segment_HC_gains!$A$48:$A$67="40-99")*(data_segment_HC_gains!$B$48:$B$67=H24)*data_segment_HC_gains!$G$48:$G$67) -> 120.97 | AC24: =X24*1.15 -> 57.5 | AD24: =Y24-AB24*(1-(saga_progression_new!$I$17/saga_progression_old!$C$16))+SUM($F$23:F24) -> 424.65357 | AE24: =Z24+(IF(SUMPRODUCT((data_raw_slopes!$A$2:$A$41="40-99")*(data_raw_slopes!$B$2:$B$41="nonpayer")*(data_raw_slopes!$C$2:$C$41=H24)*data_raw_slopes!$F$2:$F$41)>0,SUMPRODUCT((data_raw_slopes!$A$2:$A$41="40-99")*(data_raw_slopes!$B$2:$B$41="nonpayer")*(data_raw_slopes!$C$2:$C$41=H24)*data_raw_slopes!$F$2:$F$41),SUMPRODUCT((data_raw_slopes!$A$2:$A$41="40-99")*(data_raw_slopes!$B$2:$B$41="nonpayer")*(data_raw_slopes!$C$2:$C$41=H24)*data_raw_slopes!$G$2:$G$41)))*X24*0.15 -> 421.76825 | AF24: =AD24-AE24 -> 2.8853214 | AG24: =AB24*(saga_progression_new!$I$17/saga_progression_old!$C$16) -> 43.203571 | AH24: =AF24-AA24 -> 40.725321 | AI24: =AC24-X24 -> 7.5 | AJ24: =AG24-AB24 -> -77.766429 | AK24: =AE24-Z24 -> 31.50825 | AM24: 0 | AN24: 1 | AO24: 0 | AP24: 0 | AQ24: 0 | AR24: 0 | AS24: 0 | AT24: 0 | AU24: 0 | AV24: 0 | AW24: 0 | AX24: =SUMPRODUCT(AM24:AW24, {0,33,50,67,167,67,50,4.17,7.56,12.17,16.22}) -> 33
A25: 3 | B25: 1 | C25: Final | D25: =E25-E24 -> 35 | E25: 85 | F25: 200 | G25: =F25/E25 -> 2.3529412 | H25: =IF(A25=1,"p50",IF(A25=2,"p75","p90")) -> p90 | I25: =SUMPRODUCT((data_segment_HC_gains!$A$25:$A$44="40-99")*(data_segment_HC_gains!$B$25:$B$44=H25)*data_segment_HC_gains!$C$25:$C$44) -> 77 | J25: =SUMPRODUCT((data_segment_HC_gains!$A$25:$A$44="40-99")*(data_segment_HC_gains!$B$25:$B$44=H25)*data_segment_HC_gains!$E$25:$E$44) -> 1242.63 | K25: =SUMPRODUCT((data_raw_slopes!$A$2:$A$41="40-99")*(data_raw_slopes!$B$2:$B$41="payer")*(data_raw_slopes!$C$2:$C$41=H25)*data_raw_slopes!$E$2:$E$41) -> 1354.72 | L25: =J25-K25 -> -112.09 | M25: =SUMPRODUCT((data_segment_HC_gains!$A$25:$A$44="40-99")*(data_segment_HC_gains!$B$25:$B$44=H25)*data_segment_HC_gains!$G$25:$G$44) -> 176.22 | N25: =I25*1.15 -> 88.55 | O25: =J25-M25*(1-(saga_progression_new!$I$17/saga_progression_old!$C$16))+SUM($F$23:F25) -> 1479.3457 | P25: =K25+(IF(SUMPRODUCT((data_raw_slopes!$A$2:$A$41="40-99")*(data_raw_slopes!$B$2:$B$41="payer")*(data_raw_slopes!$C$2:$C$41=H25)*data_raw_slopes!$F$2:$F$41)>0,SUMPRODUCT((data_raw_slopes!$A$2:$A$41="40-99")*(data_raw_slopes!$B$2:$B$41="payer")*(data_raw_slopes!$C$2:$C$41=H25)*data_raw_slopes!$F$2:$F$41),SUMPRODUCT((data_raw_slopes!$A$2:$A$41="40-99")*(data_raw_slopes!$B$2:$B$41="payer")*(data_raw_slopes!$C$2:$C$41=H25)*data_raw_slopes!$G$2:$G$41)))*I25*0.15 -> 1534.0026 | Q25: =O25-P25 -> -54.656851 | R25: =M25*(saga_progression_new!$I$17/saga_progression_old!$C$16) -> 62.935714 | S25: =Q25-L25 -> 57.433149 | T25: =N25-I25 -> 11.55 | U25: =R25-M25 -> -113.28429 | V25: =P25-K25 -> 179.28257 | X25: =SUMPRODUCT((data_segment_HC_gains!$A$48:$A$67="40-99")*(data_segment_HC_gains!$B$48:$B$67=H25)*data_segment_HC_gains!$C$48:$C$67) -> 76 | Y25: =SUMPRODUCT((data_segment_HC_gains!$A$48:$A$67="40-99")*(data_segment_HC_gains!$B$48:$B$67=H25)*data_segment_HC_gains!$E$48:$E$67) -> 466.06 | Z25: =SUMPRODUCT((data_raw_slopes!$A$2:$A$41="40-99")*(data_raw_slopes!$B$2:$B$41="nonpayer")*(data_raw_slopes!$C$2:$C$41=H25)*data_raw_slopes!$E$2:$E$41) -> 547.26 | AA25: =Y25-Z25 -> -81.2 | AB25: =SUMPRODUCT((data_segment_HC_gains!$A$48:$A$67="40-99")*(data_segment_HC_gains!$B$48:$B$67=H25)*data_segment_HC_gains!$G$48:$G$67) -> 170.37 | AC25: =X25*1.15 -> 87.4 | AD25: =Y25-AB25*(1-(saga_progression_new!$I$17/saga_progression_old!$C$16))+SUM($F$23:F25) -> 706.53643 | AE25: =Z25+(IF(SUMPRODUCT((data_raw_slopes!$A$2:$A$41="40-99")*(data_raw_slopes!$B$2:$B$41="nonpayer")*(data_raw_slopes!$C$2:$C$41=H25)*data_raw_slopes!$F$2:$F$41)>0,SUMPRODUCT((data_raw_slopes!$A$2:$A$41="40-99")*(data_raw_slopes!$B$2:$B$41="nonpayer")*(data_raw_slopes!$C$2:$C$41=H25)*data_raw_slopes!$F$2:$F$41),SUMPRODUCT((data_raw_slopes!$A$2:$A$41="40-99")*(data_raw_slopes!$B$2:$B$41="nonpayer")*(data_raw_slopes!$C$2:$C$41=H25)*data_raw_slopes!$G$2:$G$41)))*X25*0.15 -> 610.12758 | AF25: =AD25-AE25 -> 96.408849 | AG25: =AB25*(saga_progression_new!$I$17/saga_progression_old!$C$16) -> 60.846429 | AH25: =AF25-AA25 -> 177.60885 | AI25: =AC25-X25 -> 11.4 | AJ25: =AG25-AB25 -> -109.52357 | AK25: =AE25-Z25 -> 62.86758 | AM25: 0 | AN25: 0 | AO25: 1 | AP25: 0 | AQ25: 1 | AR25: 0 | AS25: 0 | AT25: 0 | AU25: 0 | AV25: 0 | AW25: 0 | AX25: =SUMPRODUCT(AM25:AW25, {0,33,50,67,167,67,50,4.17,7.56,12.17,16.22}) -> 217
A27: 100+
A28: Round | B28: Milestone | C28: Path | D28: Streak Req | E28: Cum Streak Req | F28: HC Reward | G28: HC per streak | H28: Target Streak % | I28: Cur Streak (PAY) | J28: Cur Gain (PAY) | K28: Cur Spend (PAY) | L28: Cur Net (PAY) | M28: Cur Saga (PAY) | N28: New Streak (PAY) | O28: New Gain (PAY) | P28: New Spend (PAY) | Q28: New Net (PAY) | R28: New Saga (PAY) | S28: diff Net (PAY) | T28: diff Streak (PAY) | U28: diff Saga (PAY) | V28: diff Spend (PAY) | X28: Cur Streak (NON) | Y28: Cur Gain (NON) | Z28: Cur Spend (NON) | AA28: Cur Net (NON) | AB28: Cur Saga (NON) | AC28: New Streak (NON) | AD28: New Gain (NON) | AE28: New Spend (NON) | AF28: New Net (NON) | AG28: New Saga (NON) | AH28: diff Net (NON) | AI28: diff Streak (NON) | AJ28: diff Saga (NON) | AK28: diff Spend (NON) | AM28: SPT | AN28: Red | AO28: Chuck | AP28: Bomb | AQ28: Slingshot | AR28: Shuffle | AS28: Comet | AT28: Unlimited Lives | AU28: Unlimited Red | AV28: Unlimited Chuck | AW28: Unlimited Bomb | AX28: Coin Value
