Workbook

Sheet By Bucket
A1: A/B Test Summary By 7d Completion Bucket
A3: Category | B3: Metric | C3: 0 | F3: 1-9 | I3: 10-19 | L3: 20-39 | O3: 40-99 | R3: 100+
C4: Control | D4: Variant | E4: Δ % | F4: Control | G4: Variant | H4: Δ % | I4: Control | J4: Variant | K4: Δ % | L4: Control | M4: Variant | N4: Δ % | O4: Control | P4: Variant | Q4: Δ % | R4: Control | S4: Variant | T4: Δ %
A5: Players
B6: Players (sum) | C6: =SUMIFS('Raw Data'!$D:$D, 'Raw Data'!$B:$B, "Control", 'Raw Data'!$C:$C, "A. 0") -> 24509 | D6: =SUMIFS('Raw Data'!$D:$D, 'Raw Data'!$B:$B, "Variant", 'Raw Data'!$C:$C, "A. 0") -> 24119 | E6: =IFERROR((D6-C6)/ABS(C6),"") -> -0.015912522 | F6: =SUMIFS('Raw Data'!$D:$D, 'Raw Data'!$B:$B, "Control", 'Raw Data'!$C:$C, "B. 1-9") -> 49087 | G6: =SUMIFS('Raw Data'!$D:$D, 'Raw Data'!$B:$B, "Variant", 'Raw Data'!$C:$C, "B. 1-9") -> 47191 | H6: =IFERROR((G6-F6)/ABS(F6),"") -> -0.038625298 | I6: =SUMIFS('Raw Data'!$D:$D, 'Raw Data'!$B:$B, "Control", 'Raw Data'!$C:$C, "C. 10-19") -> 39905 | J6: =SUMIFS('Raw Data'!$D:$D, 'Raw Data'!$B:$B, "Variant", 'Raw Data'!$C:$C, "C. 10-19") -> 40363 | K6: =IFERROR((J6-I6)/ABS(I6),"") -> 0.011477258 | L6: =SUMIFS('Raw Data'!$D:$D, 'Raw Data'!$B:$B, "Control", 'Raw Data'!$C:$C, "D. 20-39") -> 27297 | M6: =SUMIFS('Raw Data'!$D:$D, 'Raw Data'!$B:$B, "Variant", 'Raw Data'!$C:$C, "D. 20-39") -> 29185 | N6: =IFERROR((M6-L6)/ABS(L6),"") -> 0.06916511 | O6: =SUMIFS('Raw Data'!$D:$D, 'Raw Data'!$B:$B, "Control", 'Raw Data'!$C:$C, "E. 40-99") -> 16786 | P6: =SUMIFS('Raw Data'!$D:$D, 'Raw Data'!$B:$B, "Variant", 'Raw Data'!$C:$C, "E. 40-99") -> 16595 | Q6: =IFERROR((P6-O6)/ABS(O6),"") -> -0.01137853 | R6: =SUMIFS('Raw Data'!$D:$D, 'Raw Data'!$B:$B, "Control", 'Raw Data'!$C:$C, "F. 100+") -> 2488 | S6: =SUMIFS('Raw Data'!$D:$D, 'Raw Data'!$B:$B, "Variant", 'Raw Data'!$C:$C, "F. 100+") -> 2343 | T6: =IFERROR((S6-R6)/ABS(R6),"") -> -0.058279743
A7: Revenue
B8: Total revenue | C8: =SUMIFS('Raw Data'!$F:$F, 'Raw Data'!$B:$B, "Control", 'Raw Data'!$C:$C, "A. 0") -> 54.19 | D8: =SUMIFS('Raw Data'!$F:$F, 'Raw Data'!$B:$B, "Variant", 'Raw Data'!$C:$C, "A. 0") -> 120.81 | E8: =IFERROR((D8-C8)/ABS(C8),"") -> 1.2293781 | F8: =SUMIFS('Raw Data'!$F:$F, 'Raw Data'!$B:$B, "Control", 'Raw Data'!$C:$C, "B. 1-9") -> 1494.72 | G8: =SUMIFS('Raw Data'!$F:$F, 'Raw Data'!$B:$B, "Variant", 'Raw Data'!$C:$C, "B. 1-9") -> 1482.43 | H8: =IFERROR((G8-F8)/ABS(F8),"") -> -0.0082222757 | I8: =SUMIFS('Raw Data'!$F:$F, 'Raw Data'!$B:$B, "Control", 'Raw Data'!$C:$C, "C. 10-19") -> 4500.07 | J8: =SUMIFS('Raw Data'!$F:$F, 'Raw Data'!$B:$B, "Variant", 'Raw Data'!$C:$C, "C. 10-19") -> 4418.07 | K8: =IFERROR((J8-I8)/ABS(I8),"") -> -0.018221939 | L8: =SUMIFS('Raw Data'!$F:$F, 'Raw Data'!$B:$B, "Control", 'Raw Data'!$C:$C, "D. 20-39") -> 7226.99 | M8: =SUMIFS('Raw Data'!$F:$F, 'Raw Data'!$B:$B, "Variant", 'Raw Data'!$C:$C, "D. 20-39") -> 6881.55 | N8: =IFERROR((M8-L8)/ABS(L8),"") -> -0.047798599 | O8: =SUMIFS('Raw Data'!$F:$F, 'Raw Data'!$B:$B, "Control", 'Raw Data'!$C:$C, "E. 40-99") -> 7593.51 | P8: =SUMIFS('Raw Data'!$F:$F, 'Raw Data'!$B:$B, "Variant", 'Raw Data'!$C:$C, "E. 40-99") -> 7975.84 | Q8: =IFERROR((P8-O8)/ABS(O8),"") -> 0.050349575 | R8: =SUMIFS('Raw Data'!$F:$F, 'Raw Data'!$B:$B, "Control", 'Raw Data'!$C:$C, "F. 100+") -> 1247.99 | S8: =SUMIFS('Raw Data'!$F:$F, 'Raw Data'!$B:$B, "Variant", 'Raw Data'!$C:$C, "F. 100+") -> 1817.49 | T8: =IFERROR((S8-R8)/ABS(R8),"") -> 0.45633378
B9: ARPDAU | C9: =IFERROR(SUMIFS('Raw Data'!$F:$F, 'Raw Data'!$B:$B, "Control", 'Raw Data'!$C:$C, "A. 0")/SUMIFS('Raw Data'!$D:$D, 'Raw Data'!$B:$B, "Control", 'Raw Data'!$C:$C, "A. 0"),"") -> 0.0022110245 | D9: =IFERROR(SUMIFS('Raw Data'!$F:$F, 'Raw Data'!$B:$B, "Variant", 'Raw Data'!$C:$C, "A. 0")/SUMIFS('Raw Data'!$D:$D, 'Raw Data'!$B:$B, "Variant", 'Raw Data'!$C:$C, "A. 0"),"") -> 0.0050089141 | E9: =IFERROR((D9-C9)/ABS(C9),"") -> 1.2654268 | F9: =IFERROR(SUMIFS('Raw Data'!$F:$F, 'Raw Data'!$B:$B, "Control", 'Raw Data'!$C:$C, "B. 1-9")/SUMIFS('Raw Data'!$D:$D, 'Raw Data'!$B:$B, "Control", 'Raw Data'!$C:$C, "B. 1-9"),"") -> 0.030450425 | G9: =IFERROR(SUMIFS('Raw Data'!$F:$F, 'Raw Data'!$B:$B, "Variant", 'Raw Data'!$C:$C, "B. 1-9")/SUMIFS('Raw Data'!$D:$D, 'Raw Data'!$B:$B, "Variant", 'Raw Data'!$C:$C, "B. 1-9"),"") -> 0.031413405 | H9: =IFERROR((G9-F9)/ABS(F9),"") -> 0.031624529 | I9: =IFERROR(SUMIFS('Raw Data'!$F:$F, 'Raw Data'!$B:$B, "Control", 'Raw Data'!$C:$C, "C. 10-19")/SUMIFS('Raw Data'!$D:$D, 'Raw Data'!$B:$B, "Control", 'Raw Data'!$C:$C, "C. 10-19"),"") -> 0.11276958 | J9: =IFERROR(SUMIFS('Raw Data'!$F:$F, 'Raw Data'!$B:$B, "Variant", 'Raw Data'!$C:$C, "C. 10-19")/SUMIFS('Raw Data'!$D:$D, 'Raw Data'!$B:$B, "Variant", 'Raw Data'!$C:$C, "C. 10-19"),"") -> 0.10945841 | K9: =IFERROR((J9-I9)/ABS(I9),"") -> -0.0293622 | L9: =IFERROR(SUMIFS('Raw Data'!$F:$F, 'Raw Data'!$B:$B, "Control", 'Raw Data'!$C:$C, "D. 20-39")/SUMIFS('Raw Data'!$D:$D, 'Raw Data'!$B:$B, "Control", 'Raw Data'!$C:$C, "D. 20-39"),"") -> 0.264754 | M9: =IFERROR(SUMIFS('Raw Data'!$F:$F, 'Raw Data'!$B:$B, "Variant", 'Raw Data'!$C:$C, "D. 20-39")/SUMIFS('Raw Data'!$D:$D, 'Raw Data'!$B:$B, "Variant", 'Raw Data'!$C:$C, "D. 20-39"),"") -> 0.23579065 | N9: =IFERROR((M9-L9)/ABS(L9),"") -> -0.10939724 | O9: =IFERROR(SUMIFS('Raw Data'!$F:$F, 'Raw Data'!$B:$B, "Control", 'Raw Data'!$C:$C, "E. 40-99")/SUMIFS('Raw Data'!$D:$D, 'Raw Data'!$B:$B, "Control", 'Raw Data'!$C:$C, "E. 40-99"),"") -> 0.45237162 | P9: =IFERROR(SUMIFS('Raw Data'!$F:$F, 'Raw Data'!$B:$B, "Variant", 'Raw Data'!$C:$C, "E. 40-99")/SUMIFS('Raw Data'!$D:$D, 'Raw Data'!$B:$B, "Variant", 'Raw Data'!$C:$C, "E. 40-99"),"") -> 0.48061705 | Q9: =IFERROR((P9-O9)/ABS(O9),"") -> 0.062438564 | R9: =IFERROR(SUMIFS('Raw Data'!$F:$F, 'Raw Data'!$B:$B, "Control", 'Raw Data'!$C:$C, "F. 100+")/SUMIFS('Raw Data'!$D:$D, 'Raw Data'!$B:$B, "Control", 'Raw Data'!$C:$C, "F. 100+"),"") -> 0.5016037 | S9: =IFERROR(SUMIFS('Raw Data'!$F:$F, 'Raw Data'!$B:$B, "Variant", 'Raw Data'!$C:$C, "F. 100+")/SUMIFS('Raw Data'!$D:$D, 'Raw Data'!$B:$B, "Variant", 'Raw Data'!$C:$C, "F. 100+"),"") -> 0.77571063 | T9: =IFERROR((S9-R9)/ABS(R9),"") -> 0.54646114
B10: AVG Payer day (%) | C10: =IFERROR(SUMPRODUCT(('Raw Data'!$B$2:$B$9999="Control")*('Raw Data'!$C$2:$C$9999="A. 0")*'Raw Data'!$D$2:$D$9999*'Raw Data'!$H$2:$H$9999/100)/SUMIFS('Raw Data'!$D:$D, 'Raw Data'!$B:$B, "Control", 'Raw Data'!$C:$C, "A. 0")*100,"") -> 0.053851646 | D10: =IFERROR(SUMPRODUCT(('Raw Data'!$B$2:$B$9999="Variant")*('Raw Data'!$C$2:$C$9999="A. 0")*'Raw Data'!$D$2:$D$9999*'Raw Data'!$H$2:$H$9999/100)/SUMIFS('Raw Data'!$D:$D, 'Raw Data'!$B:$B, "Variant", 'Raw Data'!$C:$C, "A. 0")*100,"") -> 0.052130685 | E10: =IFERROR((D10-C10)/ABS(C10),"") -> -0.031957444 | F10: =IFERROR(SUMPRODUCT(('Raw Data'!$B$2:$B$9999="Control")*('Raw Data'!$C$2:$C$9999="B. 1-9")*'Raw Data'!$D$2:$D$9999*'Raw Data'!$H$2:$H$9999/100)/SUMIFS('Raw Data'!$D:$D, 'Raw Data'!$B:$B, "Control", 'Raw Data'!$C:$C, "B. 1-9")*100,"") -> 1.3240569 | G10: =IFERROR(SUMPRODUCT(('Raw Data'!$B$2:$B$9999="Variant")*('Raw Data'!$C$2:$C$9999="B. 1-9")*'Raw Data'!$D$2:$D$9999*'Raw Data'!$H$2:$H$9999/100)/SUMIFS('Raw Data'!$D:$D, 'Raw Data'!$B:$B, "Variant", 'Raw Data'!$C:$C, "B. 1-9")*100,"") -> 1.3132349 | H10: =IFERROR((G10-F10)/ABS(F10),"") -> -0.0081733194 | I10: =IFERROR(SUMPRODUCT(('Raw Data'!$B$2:$B$9999="Control")*('Raw Data'!$C$2:$C$9999="C. 10-19")*'Raw Data'!$D$2:$D$9999*'Raw Data'!$H$2:$H$9999/100)/SUMIFS('Raw Data'!$D:$D, 'Raw Data'!$B:$B, "Control", 'Raw Data'!$C:$C, "C. 10-19")*100,"") -> 3.3664122 | J10: =IFERROR(SUMPRODUCT(('Raw Data'!$B$2:$B$9999="Variant")*('Raw Data'!$C$2:$C$9999="C. 10-19")*'Raw Data'!$D$2:$D$9999*'Raw Data'!$H$2:$H$9999/100)/SUMIFS('Raw Data'!$D:$D, 'Raw Data'!$B:$B, "Variant", 'Raw Data'!$C:$C, "C. 10-19")*100,"") -> 3.3764933 | K10: =IFERROR((J10-I10)/ABS(I10),"") -> 0.0029946107 | L10: =IFERROR(SUMPRODUCT(('Raw Data'!$B$2:$B$9999="Control")*('Raw Data'!$C$2:$C$9999="D. 20-39")*'Raw Data'!$D$2:$D$9999*'Raw Data'!$H$2:$H$9999/100)/SUMIFS('Raw Data'!$D:$D, 'Raw Data'!$B:$B, "Control", 'Raw Data'!$C:$C, "D. 20-39")*100,"") -> 5.249489 | M10: =IFERROR(SUMPRODUCT(('Raw Data'!$B$2:$B$9999="Variant")*('Raw Data'!$C$2:$C$9999="D. 20-39")*'Raw Data'!$D$2:$D$9999*'Raw Data'!$H$2:$H$9999/100)/SUMIFS('Raw Data'!$D:$D, 'Raw Data'!$B:$B, "Variant", 'Raw Data'!$C:$C, "D. 20-39")*100,"") -> 5.018184 | N10: =IFERROR((M10-L10)/ABS(L10),"") -> -0.044062376 | O10: =IFERROR(SUMPRODUCT(('Raw Data'!$B$2:$B$9999="Control")*('Raw Data'!$C$2:$C$9999="E. 40-99")*'Raw Data'!$D$2:$D$9999*'Raw Data'!$H$2:$H$9999/100)/SUMIFS('Raw Data'!$D:$D, 'Raw Data'!$B:$B, "Control", 'Raw Data'!$C:$C, "E. 40-99")*100,"") -> 6.3865209 | P10: =IFERROR(SUMPRODUCT(('Raw Data'!$B$2:$B$9999="Variant")*('Raw Data'!$C$2:$C$9999="E. 40-99")*'Raw Data'!$D$2:$D$9999*'Raw Data'!$H$2:$H$9999/100)/SUMIFS('Raw Data'!$D:$D, 'Raw Data'!$B:$B, "Variant", 'Raw Data'!$C:$C, "E. 40-99")*100,"") -> 6.1884875 | Q10: =IFERROR((P10-O10)/ABS(O10),"") -> -0.031008027 | R10: =IFERROR(SUMPRODUCT(('Raw Data'!$B$2:$B$9999="Control")*('Raw Data'!$C$2:$C$9999="F. 100+")*'Raw Data'!$D$2:$D$9999*'Raw Data'!$H$2:$H$9999/100)/SUMIFS('Raw Data'!$D:$D, 'Raw Data'!$B:$B, "Control", 'Raw Data'!$C:$C, "F. 100+")*100,"") -> 6.9537701 | S10: =IFERROR(SUMPRODUCT(('Raw Data'!$B$2:$B$9999="Variant")*('Raw Data'!$C$2:$C$9999="F. 100+")*'Raw Data'!$D$2:$D$9999*'Raw Data'!$H$2:$H$9999/100)/SUMIFS('Raw Data'!$D:$D, 'Raw Data'!$B:$B, "Variant", 'Raw Data'!$C:$C, "F. 100+")*100,"") -> 6.4860948 | T10: =IFERROR((S10-R10)/ABS(R10),"") -> -0.067254934
B11: ARPPU | C11: =IFERROR(SUMIFS('Raw Data'!$F:$F, 'Raw Data'!$B:$B, "Control", 'Raw Data'!$C:$C, "A. 0")/SUMPRODUCT(('Raw Data'!$B$2:$B$9999="Control")*('Raw Data'!$C$2:$C$9999="A. 0")*'Raw Data'!$D$2:$D$9999*'Raw Data'!$H$2:$H$9999/100),"") -> 4.1057696 | D11: =IFERROR(SUMIFS('Raw Data'!$F:$F, 'Raw Data'!$B:$B, "Variant", 'Raw Data'!$C:$C, "A. 0")/SUMPRODUCT(('Raw Data'!$B$2:$B$9999="Variant")*('Raw Data'!$C$2:$C$9999="A. 0")*'Raw Data'!$D$2:$D$9999*'Raw Data'!$H$2:$H$9999/100),"") -> 9.6083796 | E11: =IFERROR((D11-C11)/ABS(C11),"") -> 1.340214 | F11: =IFERROR(SUMIFS('Raw Data'!$F:$F, 'Raw Data'!$B:$B, "Control", 'Raw Data'!$C:$C, "B. 1-9")/SUMPRODUCT(('Raw Data'!$B$2:$B$9999="Control")*('Raw Data'!$C$2:$C$9999="B. 1-9")*'Raw Data'!$D$2:$D$9999*'Raw Data'!$H$2:$H$9999/100),"") -> 2.2997822 | G11: =IFERROR(SUMIFS('Raw Data'!$F:$F, 'Raw Data'!$B:$B, "Variant", 'Raw Data'!$C:$C, "B. 1-9")/SUMPRODUCT(('Raw Data'!$B$2:$B$9999="Variant")*('Raw Data'!$C$2:$C$9999="B. 1-9")*'Raw Data'!$D$2:$D$9999*'Raw Data'!$H$2:$H$9999/100),"") -> 2.3920628 | H11: =IFERROR((G11-F11)/ABS(F11),"") -> 0.040125809 | I11: =IFERROR(SUMIFS('Raw Data'!$F:$F, 'Raw Data'!$B:$B, "Control", 'Raw Data'!$C:$C, "C. 10-19")/SUMPRODUCT(('Raw Data'!$B$2:$B$9999="Control")*('Raw Data'!$C$2:$C$9999="C. 10-19")*'Raw Data'!$D$2:$D$9999*'Raw Data'!$H$2:$H$9999/100),"") -> 3.3498446 | J11: =IFERROR(SUMIFS('Raw Data'!$F:$F, 'Raw Data'!$B:$B, "Variant", 'Raw Data'!$C:$C, "C. 10-19")/SUMPRODUCT(('Raw Data'!$B$2:$B$9999="Variant")*('Raw Data'!$C$2:$C$9999="C. 10-19")*'Raw Data'!$D$2:$D$9999*'Raw Data'!$H$2:$H$9999/100),"") -> 3.2417779 | K11: =IFERROR((J11-I11)/ABS(I11),"") -> -0.032260204 | L11: =IFERROR(SUMIFS('Raw Data'!$F:$F, 'Raw Data'!$B:$B, "Control", 'Raw Data'!$C:$C, "D. 20-39")/SUMPRODUCT(('Raw Data'!$B$2:$B$9999="Control")*('Raw Data'!$C$2:$C$9999="D. 20-39")*'Raw Data'!$D$2:$D$9999*'Raw Data'!$H$2:$H$9999/100),"") -> 5.0434243 | M11: =IFERROR(SUMIFS('Raw Data'!$F:$F, 'Raw Data'!$B:$B, "Variant", 'Raw Data'!$C:$C, "D. 20-39")/SUMPRODUCT(('Raw Data'!$B$2:$B$9999="Variant")*('Raw Data'!$C$2:$C$9999="D. 20-39")*'Raw Data'!$D$2:$D$9999*'Raw Data'!$H$2:$H$9999/100),"") -> 4.6987246 | N11: =IFERROR((M11-L11)/ABS(L11),"") -> -0.068346364 | O11: =IFERROR(SUMIFS('Raw Data'!$F:$F, 'Raw Data'!$B:$B, "Control", 'Raw Data'!$C:$C, "E. 40-99")/SUMPRODUCT(('Raw Data'!$B$2:$B$9999="Control")*('Raw Data'!$C$2:$C$9999="E. 40-99")*'Raw Data'!$D$2:$D$9999*'Raw Data'!$H$2:$H$9999/100),"") -> 7.0832246 | P11: =IFERROR(SUMIFS('Raw Data'!$F:$F, 'Raw Data'!$B:$B, "Variant", 'Raw Data'!$C:$C, "E. 40-99")/SUMPRODUCT(('Raw Data'!$B$2:$B$9999="Variant")*('Raw Data'!$C$2:$C$9999="E. 40-99")*'Raw Data'!$D$2:$D$9999*'Raw Data'!$H$2:$H$9999/100),"") -> 7.7663089 | Q11: =IFERROR((P11-O11)/ABS(O11),"") -> 0.096436909 | R11: =IFERROR(SUMIFS('Raw Data'!$F:$F, 'Raw Data'!$B:$B, "Control", 'Raw Data'!$C:$C, "F. 100+")/SUMPRODUCT(('Raw Data'!$B$2:$B$9999="Control")*('Raw Data'!$C$2:$C$9999="F. 100+")*'Raw Data'!$D$2:$D$9999*'Raw Data'!$H$2:$H$9999/100),"") -> 7.2134064 | S11: =IFERROR(SUMIFS('Raw Data'!$F:$F, 'Raw Data'!$B:$B, "Variant", 'Raw Data'!$C:$C, "F. 100+")/SUMPRODUCT(('Raw Data'!$B$2:$B$9999="Variant")*('Raw Data'!$C$2:$C$9999="F. 100+")*'Raw Data'!$D$2:$D$9999*'Raw Data'!$H$2:$H$9999/100),"") -> 11.959594 | T11: =IFERROR((S11-R11)/ABS(R11),"") -> 0.65796765
A12: Engagement
B13: Time spent (mins) | C13: =IFERROR(SUMPRODUCT(('Raw Data'!$B$2:$B$9999="Control")*('Raw Data'!$C$2:$C$9999="A. 0")*'Raw Data'!$D$2:$D$9999*'Raw Data'!$J$2:$J$9999)/SUMIFS('Raw Data'!$D:$D, 'Raw Data'!$B:$B, "Control", 'Raw Data'!$C:$C, "A. 0"),"") -> 6.5418352 | D13: =IFERROR(SUMPRODUCT(('Raw Data'!$B$2:$B$9999="Variant")*('Raw Data'!$C$2:$C$9999="A. 0")*'Raw Data'!$D$2:$D$9999*'Raw Data'!$J$2:$J$9999)/SUMIFS('Raw Data'!$D:$D, 'Raw Data'!$B:$B, "Variant", 'Raw Data'!$C:$C, "A. 0"),"") -> 6.6944952 | E13: =IFERROR((D13-C13)/ABS(C13),"") -> 0.023335954 | F13: =IFERROR(SUMPRODUCT(('Raw Data'!$B$2:$B$9999="Control")*('Raw Data'!$C$2:$C$9999="B. 1-9")*'Raw Data'!$D$2:$D$9999*'Raw Data'!$J$2:$J$9999)/SUMIFS('Raw Data'!$D:$D, 'Raw Data'!$B:$B, "Control", 'Raw Data'!$C:$C, "B. 1-9"),"") -> 30.677692 | G13: =IFERROR(SUMPRODUCT(('Raw Data'!$B$2:$B$9999="Variant")*('Raw Data'!$C$2:$C$9999="B. 1-9")*'Raw Data'!$D$2:$D$9999*'Raw Data'!$J$2:$J$9999)/SUMIFS('Raw Data'!$D:$D, 'Raw Data'!$B:$B, "Variant", 'Raw Data'!$C:$C, "B. 1-9"),"") -> 31.73679 | H13: =IFERROR((G13-F13)/ABS(F13),"") -> 0.034523406 | I13: =IFERROR(SUMPRODUCT(('Raw Data'!$B$2:$B$9999="Control")*('Raw Data'!$C$2:$C$9999="C. 10-19")*'Raw Data'!$D$2:$D$9999*'Raw Data'!$J$2:$J$9999)/SUMIFS('Raw Data'!$D:$D, 'Raw Data'!$B:$B, "Control", 'Raw Data'!$C:$C, "C. 10-19"),"") -> 54.387947 | J13: =IFERROR(SUMPRODUCT(('Raw Data'!$B$2:$B$9999="Variant")*('Raw Data'!$C$2:$C$9999="C. 10-19")*'Raw Data'!$D$2:$D$9999*'Raw Data'!$J$2:$J$9999)/SUMIFS('Raw Data'!$D:$D, 'Raw Data'!$B:$B, "Variant", 'Raw Data'!$C:$C, "C. 10-19"),"") -> 57.628402 | K13: =IFERROR((J13-I13)/ABS(I13),"") -> 0.05958039 | L13: =IFERROR(SUMPRODUCT(('Raw Data'!$B$2:$B$9999="Control")*('Raw Data'!$C$2:$C$9999="D. 20-39")*'Raw Data'!$D$2:$D$9999*'Raw Data'!$J$2:$J$9999)/SUMIFS('Raw Data'!$D:$D, 'Raw Data'!$B:$B, "Control", 'Raw Data'!$C:$C, "D. 20-39"),"") -> 80.318698 | M13: =IFERROR(SUMPRODUCT(('Raw Data'!$B$2:$B$9999="Variant")*('Raw Data'!$C$2:$C$9999="D. 20-39")*'Raw Data'!$D$2:$D$9999*'Raw Data'!$J$2:$J$9999)/SUMIFS('Raw Data'!$D:$D, 'Raw Data'!$B:$B, "Variant", 'Raw Data'!$C:$C, "D. 20-39"),"") -> 85.205112 | N13: =IFERROR((M13-L13)/ABS(L13),"") -> 0.060837821 | O13: =IFERROR(SUMPRODUCT(('Raw Data'!$B$2:$B$9999="Control")*('Raw Data'!$C$2:$C$9999="E. 40-99")*'Raw Data'!$D$2:$D$9999*'Raw Data'!$J$2:$J$9999)/SUMIFS('Raw Data'!$D:$D, 'Raw Data'!$B:$B, "Control", 'Raw Data'!$C:$C, "E. 40-99"),"") -> 135.85759 | P13: =IFERROR(SUMPRODUCT(('Raw Data'!$B$2:$B$9999="Variant")*('Raw Data'!$C$2:$C$9999="E. 40-99")*'Raw Data'!$D$2:$D$9999*'Raw Data'!$J$2:$J$9999)/SUMIFS('Raw Data'!$D:$D, 'Raw Data'!$B:$B, "Variant", 'Raw Data'!$C:$C, "E. 40-99"),"") -> 139.83879 | Q13: =IFERROR((P13-O13)/ABS(O13),"") -> 0.029304204 | R13: =IFERROR(SUMPRODUCT(('Raw Data'!$B$2:$B$9999="Control")*('Raw Data'!$C$2:$C$9999="F. 100+")*'Raw Data'!$D$2:$D$9999*'Raw Data'!$J$2:$J$9999)/SUMIFS('Raw Data'!$D:$D, 'Raw Data'!$B:$B, "Control", 'Raw Data'!$C:$C, "F. 100+"),"") -> 245.64839 | S13: =IFERROR(SUMPRODUCT(('Raw Data'!$B$2:$B$9999="Variant")*('Raw Data'!$C$2:$C$9999="F. 100+")*'Raw Data'!$D$2:$D$9999*'Raw Data'!$J$2:$J$9999)/SUMIFS('Raw Data'!$D:$D, 'Raw Data'!$B:$B, "Variant", 'Raw Data'!$C:$C, "F. 100+"),"") -> 260.46055 | T13: =IFERROR((S13-R13)/ABS(R13),"") -> 0.060298245
B14: Level attempts / player | C14: =IFERROR(SUMPRODUCT(('Raw Data'!$B$2:$B$9999="Control")*('Raw Data'!$C$2:$C$9999="A. 0")*'Raw Data'!$D$2:$D$9999*'Raw Data'!$K$2:$K$9999)/SUMIFS('Raw Data'!$D:$D, 'Raw Data'!$B:$B, "Control", 'Raw Data'!$C:$C, "A. 0"),"") -> 2.7931352 | D14: =IFERROR(SUMPRODUCT(('Raw Data'!$B$2:$B$9999="Variant")*('Raw Data'!$C$2:$C$9999="A. 0")*'Raw Data'!$D$2:$D$9999*'Raw Data'!$K$2:$K$9999)/SUMIFS('Raw Data'!$D:$D, 'Raw Data'!$B:$B, "Variant", 'Raw Data'!$C:$C, "A. 0"),"") -> 2.7643389 | E14: =IFERROR((D14-C14)/ABS(C14),"") -> -0.010309659 | F14: =IFERROR(SUMPRODUCT(('Raw Data'!$B$2:$B$9999="Control")*('Raw Data'!$C$2:$C$9999="B. 1-9")*'Raw Data'!$D$2:$D$9999*'Raw Data'!$K$2:$K$9999)/SUMIFS('Raw Data'!$D:$D, 'Raw Data'!$B:$B, "Control", 'Raw Data'!$C:$C, "B. 1-9"),"") -> 14.859619 | G14: =IFERROR(SUMPRODUCT(('Raw Data'!$B$2:$B$9999="Variant")*('Raw Data'!$C$2:$C$9999="B. 1-9")*'Raw Data'!$D$2:$D$9999*'Raw Data'!$K$2:$K$9999)/SUMIFS('Raw Data'!$D:$D, 'Raw Data'!$B:$B, "Variant", 'Raw Data'!$C:$C, "B. 1-9"),"") -> 15.053953 | H14: =IFERROR((G14-F14)/ABS(F14),"") -> 0.013077982 | I14: =IFERROR(SUMPRODUCT(('Raw Data'!$B$2:$B$9999="Control")*('Raw Data'!$C$2:$C$9999="C. 10-19")*'Raw Data'!$D$2:$D$9999*'Raw Data'!$K$2:$K$9999)/SUMIFS('Raw Data'!$D:$D, 'Raw Data'!$B:$B, "Control", 'Raw Data'!$C:$C, "C. 10-19"),"") -> 27.107111 | J14: =IFERROR(SUMPRODUCT(('Raw Data'!$B$2:$B$9999="Variant")*('Raw Data'!$C$2:$C$9999="C. 10-19")*'Raw Data'!$D$2:$D$9999*'Raw Data'!$K$2:$K$9999)/SUMIFS('Raw Data'!$D:$D, 'Raw Data'!$B:$B, "Variant", 'Raw Data'!$C:$C, "C. 10-19"),"") -> 28.19692 | K14: =IFERROR((J14-I14)/ABS(I14),"") -> 0.040203797 | L14: =IFERROR(SUMPRODUCT(('Raw Data'!$B$2:$B$9999="Control")*('Raw Data'!$C$2:$C$9999="D. 20-39")*'Raw Data'!$D$2:$D$9999*'Raw Data'!$K$2:$K$9999)/SUMIFS('Raw Data'!$D:$D, 'Raw Data'!$B:$B, "Control", 'Raw Data'!$C:$C, "D. 20-39"),"") -> 42.373994 | M14: =IFERROR(SUMPRODUCT(('Raw Data'!$B$2:$B$9999="Variant")*('Raw Data'!$C$2:$C$9999="D. 20-39")*'Raw Data'!$D$2:$D$9999*'Raw Data'!$K$2:$K$9999)/SUMIFS('Raw Data'!$D:$D, 'Raw Data'!$B:$B, "Variant", 'Raw Data'!$C:$C, "D. 20-39"),"") -> 43.865058 | N14: =IFERROR((M14-L14)/ABS(L14),"") -> 0.035188191 | O14: =IFERROR(SUMPRODUCT(('Raw Data'!$B$2:$B$9999="Control")*('Raw Data'!$C$2:$C$9999="E. 40-99")*'Raw Data'!$D$2:$D$9999*'Raw Data'!$K$2:$K$9999)/SUMIFS('Raw Data'!$D:$D, 'Raw Data'!$B:$B, "Control", 'Raw Data'!$C:$C, "E. 40-99"),"") -> 78.271315 | P14: =IFERROR(SUMPRODUCT(('Raw Data'!$B$2:$B$9999="Variant")*('Raw Data'!$C$2:$C$9999="E. 40-99")*'Raw Data'!$D$2:$D$9999*'Raw Data'!$K$2:$K$9999)/SUMIFS('Raw Data'!$D:$D, 'Raw Data'!$B:$B, "Variant", 'Raw Data'!$C:$C, "E. 40-99"),"") -> 78.731769 | Q14: =IFERROR((P14-O14)/ABS(O14),"") -> 0.0058827991 | R14: =IFERROR(SUMPRODUCT(('Raw Data'!$B$2:$B$9999="Control")*('Raw Data'!$C$2:$C$9999="F. 100+")*'Raw Data'!$D$2:$D$9999*'Raw Data'!$K$2:$K$9999)/SUMIFS('Raw Data'!$D:$D, 'Raw Data'!$B:$B, "Control", 'Raw Data'!$C:$C, "F. 100+"),"") -> 153.22973 | S14: =IFERROR(SUMPRODUCT(('Raw Data'!$B$2:$B$9999="Variant")*('Raw Data'!$C$2:$C$9999="F. 100+")*'Raw Data'!$D$2:$D$9999*'Raw Data'!$K$2:$K$9999)/SUMIFS('Raw Data'!$D:$D, 'Raw Data'!$B:$B, "Variant", 'Raw Data'!$C:$C, "F. 100+"),"") -> 157.79761 | T14: =IFERROR((S14-R14)/ABS(R14),"") -> 0.029810631
B15: Level completes / player | C15: =IFERROR(SUMPRODUCT(('Raw Data'!$B$2:$B$9999="Control")*('Raw Data'!$C$2:$C$9999="A. 0")*'Raw Data'!$D$2:$D$9999*'Raw Data'!$L$2:$L$9999)/SUMIFS('Raw Data'!$D:$D, 'Raw Data'!$B:$B, "Control", 'Raw Data'!$C:$C, "A. 0"),"") -> 0.11914113 | D15: =IFERROR(SUMPRODUCT(('Raw Data'!$B$2:$B$9999="Variant")*('Raw Data'!$C$2:$C$9999="A. 0")*'Raw Data'!$D$2:$D$9999*'Raw Data'!$L$2:$L$9999)/SUMIFS('Raw Data'!$D:$D, 'Raw Data'!$B:$B, "Variant", 'Raw Data'!$C:$C, "A. 0"),"") -> 0.097158672 | E15: =IFERROR((D15-C15)/ABS(C15),"") -> -0.18450773 | F15: =IFERROR(SUMPRODUCT(('Raw Data'!$B$2:$B$9999="Control")*('Raw Data'!$C$2:$C$9999="B. 1-9")*'Raw Data'!$D$2:$D$9999*'Raw Data'!$L$2:$L$9999)/SUMIFS('Raw Data'!$D:$D, 'Raw Data'!$B:$B, "Control", 'Raw Data'!$C:$C, "B. 1-9"),"") -> 5.8272158 | G15: =IFERROR(SUMPRODUCT(('Raw Data'!$B$2:$B$9999="Variant")*('Raw Data'!$C$2:$C$9999="B. 1-9")*'Raw Data'!$D$2:$D$9999*'Raw Data'!$L$2:$L$9999)/SUMIFS('Raw Data'!$D:$D, 'Raw Data'!$B:$B, "Variant", 'Raw Data'!$C:$C, "B. 1-9"),"") -> 5.8389295 | H15: =IFERROR((G15-F15)/ABS(F15),"") -> 0.0020101705 | I15: =IFERROR(SUMPRODUCT(('Raw Data'!$B$2:$B$9999="Control")*('Raw Data'!$C$2:$C$9999="C. 10-19")*'Raw Data'!$D$2:$D$9999*'Raw Data'!$L$2:$L$9999)/SUMIFS('Raw Data'!$D:$D, 'Raw Data'!$B:$B, "Control", 'Raw Data'!$C:$C, "C. 10-19"),"") -> 14.726566 | J15: =IFERROR(SUMPRODUCT(('Raw Data'!$B$2:$B$9999="Variant")*('Raw Data'!$C$2:$C$9999="C. 10-19")*'Raw Data'!$D$2:$D$9999*'Raw Data'!$L$2:$L$9999)/SUMIFS('Raw Data'!$D:$D, 'Raw Data'!$B:$B, "Variant", 'Raw Data'!$C:$C, "C. 10-19"),"") -> 14.8565 | K15: =IFERROR((J15-I15)/ABS(I15),"") -> 0.00882308 | L15: =IFERROR(SUMPRODUCT(('Raw Data'!$B$2:$B$9999="Control")*('Raw Data'!$C$2:$C$9999="D. 20-39")*'Raw Data'!$D$2:$D$9999*'Raw Data'!$L$2:$L$9999)/SUMIFS('Raw Data'!$D:$D, 'Raw Data'!$B:$B, "Control", 'Raw Data'!$C:$C, "D. 20-39"),"") -> 28.563784 | M15: =IFERROR(SUMPRODUCT(('Raw Data'!$B$2:$B$9999="Variant")*('Raw Data'!$C$2:$C$9999="D. 20-39")*'Raw Data'!$D$2:$D$9999*'Raw Data'!$L$2:$L$9999)/SUMIFS('Raw Data'!$D:$D, 'Raw Data'!$B:$B, "Variant", 'Raw Data'!$C:$C, "D. 20-39"),"") -> 28.918449 | N15: =IFERROR((M15-L15)/ABS(L15),"") -> 0.01241657 | O15: =IFERROR(SUMPRODUCT(('Raw Data'!$B$2:$B$9999="Control")*('Raw Data'!$C$2:$C$9999="E. 40-99")*'Raw Data'!$D$2:$D$9999*'Raw Data'!$L$2:$L$9999)/SUMIFS('Raw Data'!$D:$D, 'Raw Data'!$B:$B, "Control", 'Raw Data'!$C:$C, "E. 40-99"),"") -> 59.008855 | P15: =IFERROR(SUMPRODUCT(('Raw Data'!$B$2:$B$9999="Variant")*('Raw Data'!$C$2:$C$9999="E. 40-99")*'Raw Data'!$D$2:$D$9999*'Raw Data'!$L$2:$L$9999)/SUMIFS('Raw Data'!$D:$D, 'Raw Data'!$B:$B, "Variant", 'Raw Data'!$C:$C, "E. 40-99"),"") -> 58.84794 | Q15: =IFERROR((P15-O15)/ABS(O15),"") -> -0.0027269578 | R15: =IFERROR(SUMPRODUCT(('Raw Data'!$B$2:$B$9999="Control")*('Raw Data'!$C$2:$C$9999="F. 100+")*'Raw Data'!$D$2:$D$9999*'Raw Data'!$L$2:$L$9999)/SUMIFS('Raw Data'!$D:$D, 'Raw Data'!$B:$B, "Control", 'Raw Data'!$C:$C, "F. 100+"),"") -> 126.88003 | S15: =IFERROR(SUMPRODUCT(('Raw Data'!$B$2:$B$9999="Variant")*('Raw Data'!$C$2:$C$9999="F. 100+")*'Raw Data'!$D$2:$D$9999*'Raw Data'!$L$2:$L$9999)/SUMIFS('Raw Data'!$D:$D, 'Raw Data'!$B:$B, "Variant", 'Raw Data'!$C:$C, "F. 100+"),"") -> 128.30067 | T15: =IFERROR((S15-R15)/ABS(R15),"") -> 0.011196734
A16: Daily Streak
B17: Avg daily streak | C17: =IFERROR(SUMPRODUCT(('Raw Data'!$B$2:$B$9999="Control")*('Raw Data'!$C$2:$C$9999="A. 0")*'Raw Data'!$D$2:$D$9999*'Raw Data'!$AD$2:$AD$9999)/SUMIFS('Raw Data'!$D:$D, 'Raw Data'!$B:$B, "Control", 'Raw Data'!$C:$C, "A. 0"),"") -> 0 | D17: =IFERROR(SUMPRODUCT(('Raw Data'!$B$2:$B$9999="Variant")*('Raw Data'!$C$2:$C$9999="A. 0")*'Raw Data'!$D$2:$D$9999*'Raw Data'!$AD$2:$AD$9999)/SUMIFS('Raw Data'!$D:$D, 'Raw Data'!$B:$B, "Variant", 'Raw Data'!$C:$C, "A. 0"),"") -> 0 | E17: =IFERROR((D17-C17)/ABS(C17),"") | F17: =IFERROR(SUMPRODUCT(('Raw Data'!$B$2:$B$9999="Control")*('Raw Data'!$C$2:$C$9999="B. 1-9")*'Raw Data'!$D$2:$D$9999*'Raw Data'!$AD$2:$AD$9999)/SUMIFS('Raw Data'!$D:$D, 'Raw Data'!$B:$B, "Control", 'Raw Data'!$C:$C, "B. 1-9"),"") -> 4.0777762 | G17: =IFERROR(SUMPRODUCT(('Raw Data'!$B$2:$B$9999="Variant")*('Raw Data'!$C$2:$C$9999="B. 1-9")*'Raw Data'!$D$2:$D$9999*'Raw Data'!$AD$2:$AD$9999)/SUMIFS('Raw Data'!$D:$D, 'Raw Data'!$B:$B, "Variant", 'Raw Data'!$C:$C, "B. 1-9"),"") -> 4.0968074 | H17: =IFERROR((G17-F17)/ABS(F17),"") -> 0.0046670656 | I17: =IFERROR(SUMPRODUCT(('Raw Data'!$B$2:$B$9999="Control")*('Raw Data'!$C$2:$C$9999="C. 10-19")*'Raw Data'!$D$2:$D$9999*'Raw Data'!$AD$2:$AD$9999)/SUMIFS('Raw Data'!$D:$D, 'Raw Data'!$B:$B, "Control", 'Raw Data'!$C:$C, "C. 10-19"),"") -> 9.4993194 | J17: =IFERROR(SUMPRODUCT(('Raw Data'!$B$2:$B$9999="Variant")*('Raw Data'!$C$2:$C$9999="C. 10-19")*'Raw Data'!$D$2:$D$9999*'Raw Data'!$AD$2:$AD$9999)/SUMIFS('Raw Data'!$D:$D, 'Raw Data'!$B:$B, "Variant", 'Raw Data'!$C:$C, "C. 10-19"),"") -> 9.551543 | K17: =IFERROR((J17-I17)/ABS(I17),"") -> 0.0054976164 | L17: =IFERROR(SUMPRODUCT(('Raw Data'!$B$2:$B$9999="Control")*('Raw Data'!$C$2:$C$9999="D. 20-39")*'Raw Data'!$D$2:$D$9999*'Raw Data'!$AD$2:$AD$9999)/SUMIFS('Raw Data'!$D:$D, 'Raw Data'!$B:$B, "Control", 'Raw Data'!$C:$C, "D. 20-39"),"") -> 17.945381 | M17: =IFERROR(SUMPRODUCT(('Raw Data'!$B$2:$B$9999="Variant")*('Raw Data'!$C$2:$C$9999="D. 20-39")*'Raw Data'!$D$2:$D$9999*'Raw Data'!$AD$2:$AD$9999)/SUMIFS('Raw Data'!$D:$D, 'Raw Data'!$B:$B, "Variant", 'Raw Data'!$C:$C, "D. 20-39"),"") -> 17.774488 | N17: =IFERROR((M17-L17)/ABS(L17),"") -> -0.009522966 | O17: =IFERROR(SUMPRODUCT(('Raw Data'!$B$2:$B$9999="Control")*('Raw Data'!$C$2:$C$9999="E. 40-99")*'Raw Data'!$D$2:$D$9999*'Raw Data'!$AD$2:$AD$9999)/SUMIFS('Raw Data'!$D:$D, 'Raw Data'!$B:$B, "Control", 'Raw Data'!$C:$C, "E. 40-99"),"") -> 34.327524 | P17: =IFERROR(SUMPRODUCT(('Raw Data'!$B$2:$B$9999="Variant")*('Raw Data'!$C$2:$C$9999="E. 40-99")*'Raw Data'!$D$2:$D$9999*'Raw Data'!$AD$2:$AD$9999)/SUMIFS('Raw Data'!$D:$D, 'Raw Data'!$B:$B, "Variant", 'Raw Data'!$C:$C, "E. 40-99"),"") -> 33.111094 | Q17: =IFERROR((P17-O17)/ABS(O17),"") -> -0.035435974 | R17: =IFERROR(SUMPRODUCT(('Raw Data'!$B$2:$B$9999="Control")*('Raw Data'!$C$2:$C$9999="F. 100+")*'Raw Data'!$D$2:$D$9999*'Raw Data'!$AD$2:$AD$9999)/SUMIFS('Raw Data'!$D:$D, 'Raw Data'!$B:$B, "Control", 'Raw Data'!$C:$C, "F. 100+"),"") -> 66.792094 | S17: =IFERROR(SUMPRODUCT(('Raw Data'!$B$2:$B$9999="Variant")*('Raw Data'!$C$2:$C$9999="F. 100+")*'Raw Data'!$D$2:$D$9999*'Raw Data'!$AD$2:$AD$9999)/SUMIFS('Raw Data'!$D:$D, 'Raw Data'!$B:$B, "Variant", 'Raw Data'!$C:$C, "F. 100+"),"") -> 64.344738 | T17: =IFERROR((S17-R17)/ABS(R17),"") -> -0.03664141
B18: P25 daily streak | C18: =IFERROR(SUMPRODUCT(('Raw Data'!$B$2:$B$9999="Control")*('Raw Data'!$C$2:$C$9999="A. 0")*'Raw Data'!$D$2:$D$9999*'Raw Data'!$AE$2:$AE$9999)/SUMIFS('Raw Data'!$D:$D, 'Raw Data'!$B:$B, "Control", 'Raw Data'!$C:$C, "A. 0"),"") -> 0 | D18: =IFERROR(SUMPRODUCT(('Raw Data'!$B$2:$B$9999="Variant")*('Raw Data'!$C$2:$C$9999="A. 0")*'Raw Data'!$D$2:$D$9999*'Raw Data'!$AE$2:$AE$9999)/SUMIFS('Raw Data'!$D:$D, 'Raw Data'!$B:$B, "Variant", 'Raw Data'!$C:$C, "A. 0"),"") -> 0 | E18: =IFERROR((D18-C18)/ABS(C18),"") | F18: =IFERROR(SUMPRODUCT(('Raw Data'!$B$2:$B$9999="Control")*('Raw Data'!$C$2:$C$9999="B. 1-9")*'Raw Data'!$D$2:$D$9999*'Raw Data'!$AE$2:$AE$9999)/SUMIFS('Raw Data'!$D:$D, 'Raw Data'!$B:$B, "Control", 'Raw Data'!$C:$C, "B. 1-9"),"") -> 1.1393852 | G18: =IFERROR(SUMPRODUCT(('Raw Data'!$B$2:$B$9999="Variant")*('Raw Data'!$C$2:$C$9999="B. 1-9")*'Raw Data'!$D$2:$D$9999*'Raw Data'!$AE$2:$AE$9999)/SUMIFS('Raw Data'!$D:$D, 'Raw Data'!$B:$B, "Variant", 'Raw Data'!$C:$C, "B. 1-9"),"") -> 1.1451548 | H18: =IFERROR((G18-F18)/ABS(F18),"") -> 0.005063804 | I18: =IFERROR(SUMPRODUCT(('Raw Data'!$B$2:$B$9999="Control")*('Raw Data'!$C$2:$C$9999="C. 10-19")*'Raw Data'!$D$2:$D$9999*'Raw Data'!$AE$2:$AE$9999)/SUMIFS('Raw Data'!$D:$D, 'Raw Data'!$B:$B, "Control", 'Raw Data'!$C:$C, "C. 10-19"),"") -> 3.7123669 | J18: =IFERROR(SUMPRODUCT(('Raw Data'!$B$2:$B$9999="Variant")*('Raw Data'!$C$2:$C$9999="C. 10-19")*'Raw Data'!$D$2:$D$9999*'Raw Data'!$AE$2:$AE$9999)/SUMIFS('Raw Data'!$D:$D, 'Raw Data'!$B:$B, "Variant", 'Raw Data'!$C:$C, "C. 10-19"),"") -> 3.5979734 | K18: =IFERROR((J18-I18)/ABS(I18),"") -> -0.030814164 | L18: =IFERROR(SUMPRODUCT(('Raw Data'!$B$2:$B$9999="Control")*('Raw Data'!$C$2:$C$9999="D. 20-39")*'Raw Data'!$D$2:$D$9999*'Raw Data'!$AE$2:$AE$9999)/SUMIFS('Raw Data'!$D:$D, 'Raw Data'!$B:$B, "Control", 'Raw Data'!$C:$C, "D. 20-39"),"") -> 7.4316958 | M18: =IFERROR(SUMPRODUCT(('Raw Data'!$B$2:$B$9999="Variant")*('Raw Data'!$C$2:$C$9999="D. 20-39")*'Raw Data'!$D$2:$D$9999*'Raw Data'!$AE$2:$AE$9999)/SUMIFS('Raw Data'!$D:$D, 'Raw Data'!$B:$B, "Variant", 'Raw Data'!$C:$C, "D. 20-39"),"") -> 7.1617612 | N18: =IFERROR((M18-L18)/ABS(L18),"") -> -0.036322075 | O18: =IFERROR(SUMPRODUCT(('Raw Data'!$B$2:$B$9999="Control")*('Raw Data'!$C$2:$C$9999="E. 40-99")*'Raw Data'!$D$2:$D$9999*'Raw Data'!$AE$2:$AE$9999)/SUMIFS('Raw Data'!$D:$D, 'Raw Data'!$B:$B, "Control", 'Raw Data'!$C:$C, "E. 40-99"),"") -> 13.016919 | P18: =IFERROR(SUMPRODUCT(('Raw Data'!$B$2:$B$9999="Variant")*('Raw Data'!$C$2:$C$9999="E. 40-99")*'Raw Data'!$D$2:$D$9999*'Raw Data'!$AE$2:$AE$9999)/SUMIFS('Raw Data'!$D:$D, 'Raw Data'!$B:$B, "Variant", 'Raw Data'!$C:$C, "E. 40-99"),"") -> 12.61868 | Q18: =IFERROR((P18-O18)/ABS(O18),"") -> -0.030593917 | R18: =IFERROR(SUMPRODUCT(('Raw Data'!$B$2:$B$9999="Control")*('Raw Data'!$C$2:$C$9999="F. 100+")*'Raw Data'!$D$2:$D$9999*'Raw Data'!$AE$2:$AE$9999)/SUMIFS('Raw Data'!$D:$D, 'Raw Data'!$B:$B, "Control", 'Raw Data'!$C:$C, "F. 100+"),"") -> 23.055466 | S18: =IFERROR(SUMPRODUCT(('Raw Data'!$B$2:$B$9999="Variant")*('Raw Data'!$C$2:$C$9999="F. 100+")*'Raw Data'!$D$2:$D$9999*'Raw Data'!$AE$2:$AE$9999)/SUMIFS('Raw Data'!$D:$D, 'Raw Data'!$B:$B, "Variant", 'Raw Data'!$C:$C, "F. 100+"),"") -> 21.76099 | T18: =IFERROR((S18-R18)/ABS(R18),"") -> -0.056146167
B19: P50 daily streak | C19: =IFERROR(SUMPRODUCT(('Raw Data'!$B$2:$B$9999="Control")*('Raw Data'!$C$2:$C$9999="A. 0")*'Raw Data'!$D$2:$D$9999*'Raw Data'!$AF$2:$AF$9999)/SUMIFS('Raw Data'!$D:$D, 'Raw Data'!$B:$B, "Control", 'Raw Data'!$C:$C, "A. 0"),"") -> 0 | D19: =IFERROR(SUMPRODUCT(('Raw Data'!$B$2:$B$9999="Variant")*('Raw Data'!$C$2:$C$9999="A. 0")*'Raw Data'!$D$2:$D$9999*'Raw Data'!$AF$2:$AF$9999)/SUMIFS('Raw Data'!$D:$D, 'Raw Data'!$B:$B, "Variant", 'Raw Data'!$C:$C, "A. 0"),"") -> 0 | E19: =IFERROR((D19-C19)/ABS(C19),"") | F19: =IFERROR(SUMPRODUCT(('Raw Data'!$B$2:$B$9999="Control")*('Raw Data'!$C$2:$C$9999="B. 1-9")*'Raw Data'!$D$2:$D$9999*'Raw Data'!$AF$2:$AF$9999)/SUMIFS('Raw Data'!$D:$D, 'Raw Data'!$B:$B, "Control", 'Raw Data'!$C:$C, "B. 1-9"),"") -> 3 | G19: =IFERROR(SUMPRODUCT(('Raw Data'!$B$2:$B$9999="Variant")*('Raw Data'!$C$2:$C$9999="B. 1-9")*'Raw Data'!$D$2:$D$9999*'Raw Data'!$AF$2:$AF$9999)/SUMIFS('Raw Data'!$D:$D, 'Raw Data'!$B:$B, "Variant", 'Raw Data'!$C:$C, "B. 1-9"),"") -> 3 | H19: =IFERROR((G19-F19)/ABS(F19),"") -> 0 | I19: =IFERROR(SUMPRODUCT(('Raw Data'!$B$2:$B$9999="Control")*('Raw Data'!$C$2:$C$9999="C. 10-19")*'Raw Data'!$D$2:$D$9999*'Raw Data'!$AF$2:$AF$9999)/SUMIFS('Raw Data'!$D:$D, 'Raw Data'!$B:$B, "Control", 'Raw Data'!$C:$C, "C. 10-19"),"") -> 7.5577497 | J19: =IFERROR(SUMPRODUCT(('Raw Data'!$B$2:$B$9999="Variant")*('Raw Data'!$C$2:$C$9999="C. 10-19")*'Raw Data'!$D$2:$D$9999*'Raw Data'!$AF$2:$AF$9999)/SUMIFS('Raw Data'!$D:$D, 'Raw Data'!$B:$B, "Variant", 'Raw Data'!$C:$C, "C. 10-19"),"") -> 7.7521492 | K19: =IFERROR((J19-I19)/ABS(I19),"") -> 0.025721888 | L19: =IFERROR(SUMPRODUCT(('Raw Data'!$B$2:$B$9999="Control")*('Raw Data'!$C$2:$C$9999="D. 20-39")*'Raw Data'!$D$2:$D$9999*'Raw Data'!$AF$2:$AF$9999)/SUMIFS('Raw Data'!$D:$D, 'Raw Data'!$B:$B, "Control", 'Raw Data'!$C:$C, "D. 20-39"),"") -> 13.723156 | M19: =IFERROR(SUMPRODUCT(('Raw Data'!$B$2:$B$9999="Variant")*('Raw Data'!$C$2:$C$9999="D. 20-39")*'Raw Data'!$D$2:$D$9999*'Raw Data'!$AF$2:$AF$9999)/SUMIFS('Raw Data'!$D:$D, 'Raw Data'!$B:$B, "Variant", 'Raw Data'!$C:$C, "D. 20-39"),"") -> 13.610656 | N19: =IFERROR((M19-L19)/ABS(L19),"") -> -0.0081978394 | O19: =IFERROR(SUMPRODUCT(('Raw Data'!$B$2:$B$9999="Control")*('Raw Data'!$C$2:$C$9999="E. 40-99")*'Raw Data'!$D$2:$D$9999*'Raw Data'!$AF$2:$AF$9999)/SUMIFS('Raw Data'!$D:$D, 'Raw Data'!$B:$B, "Control", 'Raw Data'!$C:$C, "E. 40-99"),"") -> 24.892172 | P19: =IFERROR(SUMPRODUCT(('Raw Data'!$B$2:$B$9999="Variant")*('Raw Data'!$C$2:$C$9999="E. 40-99")*'Raw Data'!$D$2:$D$9999*'Raw Data'!$AF$2:$AF$9999)/SUMIFS('Raw Data'!$D:$D, 'Raw Data'!$B:$B, "Variant", 'Raw Data'!$C:$C, "E. 40-99"),"") -> 23.969931 | Q19: =IFERROR((P19-O19)/ABS(O19),"") -> -0.037049453 | R19: =IFERROR(SUMPRODUCT(('Raw Data'!$B$2:$B$9999="Control")*('Raw Data'!$C$2:$C$9999="F. 100+")*'Raw Data'!$D$2:$D$9999*'Raw Data'!$AF$2:$AF$9999)/SUMIFS('Raw Data'!$D:$D, 'Raw Data'!$B:$B, "Control", 'Raw Data'!$C:$C, "F. 100+"),"") -> 46.420418 | S19: =IFERROR(SUMPRODUCT(('Raw Data'!$B$2:$B$9999="Variant")*('Raw Data'!$C$2:$C$9999="F. 100+")*'Raw Data'!$D$2:$D$9999*'Raw Data'!$AF$2:$AF$9999)/SUMIFS('Raw Data'!$D:$D, 'Raw Data'!$B:$B, "Variant", 'Raw Data'!$C:$C, "F. 100+"),"") -> 42.664959 | T19: =IFERROR((S19-R19)/ABS(R19),"") -> -0.080901007
B20: P75 daily streak | C20: =IFERROR(SUMPRODUCT(('Raw Data'!$B$2:$B$9999="Control")*('Raw Data'!$C$2:$C$9999="A. 0")*'Raw Data'!$D$2:$D$9999*'Raw Data'!$AG$2:$AG$9999)/SUMIFS('Raw Data'!$D:$D, 'Raw Data'!$B:$B, "Control", 'Raw Data'!$C:$C, "A. 0"),"") -> 0 | D20: =IFERROR(SUMPRODUCT(('Raw Data'!$B$2:$B$9999="Variant")*('Raw Data'!$C$2:$C$9999="A. 0")*'Raw Data'!$D$2:$D$9999*'Raw Data'!$AG$2:$AG$9999)/SUMIFS('Raw Data'!$D:$D, 'Raw Data'!$B:$B, "Variant", 'Raw Data'!$C:$C, "A. 0"),"") -> 0 | E20: =IFERROR((D20-C20)/ABS(C20),"") | F20: =IFERROR(SUMPRODUCT(('Raw Data'!$B$2:$B$9999="Control")*('Raw Data'!$C$2:$C$9999="B. 1-9")*'Raw Data'!$D$2:$D$9999*'Raw Data'!$AG$2:$AG$9999)/SUMIFS('Raw Data'!$D:$D, 'Raw Data'!$B:$B, "Control", 'Raw Data'!$C:$C, "B. 1-9"),"") -> 5.2819687 | G20: =IFERROR(SUMPRODUCT(('Raw Data'!$B$2:$B$9999="Variant")*('Raw Data'!$C$2:$C$9999="B. 1-9")*'Raw Data'!$D$2:$D$9999*'Raw Data'!$AG$2:$AG$9999)/SUMIFS('Raw Data'!$D:$D, 'Raw Data'!$B:$B, "Variant", 'Raw Data'!$C:$C, "B. 1-9"),"") -> 5.1451548 | H20: =IFERROR((G20-F20)/ABS(F20),"") -> -0.025902075 | I20: =IFERROR(SUMPRODUCT(('Raw Data'!$B$2:$B$9999="Control")*('Raw Data'!$C$2:$C$9999="C. 10-19")*'Raw Data'!$D$2:$D$9999*'Raw Data'!$AG$2:$AG$9999)/SUMIFS('Raw Data'!$D:$D, 'Raw Data'!$B:$B, "Control", 'Raw Data'!$C:$C, "C. 10-19"),"") -> 12.980529 | J20: =IFERROR(SUMPRODUCT(('Raw Data'!$B$2:$B$9999="Variant")*('Raw Data'!$C$2:$C$9999="C. 10-19")*'Raw Data'!$D$2:$D$9999*'Raw Data'!$AG$2:$AG$9999)/SUMIFS('Raw Data'!$D:$D, 'Raw Data'!$B:$B, "Variant", 'Raw Data'!$C:$C, "C. 10-19"),"") -> 13.013701 | K20: =IFERROR((J20-I20)/ABS(I20),"") -> 0.0025555131 | L20: =IFERROR(SUMPRODUCT(('Raw Data'!$B$2:$B$9999="Control")*('Raw Data'!$C$2:$C$9999="D. 20-39")*'Raw Data'!$D$2:$D$9999*'Raw Data'!$AG$2:$AG$9999)/SUMIFS('Raw Data'!$D:$D, 'Raw Data'!$B:$B, "Control", 'Raw Data'!$C:$C, "D. 20-39"),"") -> 24.426054 | M20: =IFERROR(SUMPRODUCT(('Raw Data'!$B$2:$B$9999="Variant")*('Raw Data'!$C$2:$C$9999="D. 20-39")*'Raw Data'!$D$2:$D$9999*'Raw Data'!$AG$2:$AG$9999)/SUMIFS('Raw Data'!$D:$D, 'Raw Data'!$B:$B, "Variant", 'Raw Data'!$C:$C, "D. 20-39"),"") -> 24.351345 | N20: =IFERROR((M20-L20)/ABS(L20),"") -> -0.0030585896 | O20: =IFERROR(SUMPRODUCT(('Raw Data'!$B$2:$B$9999="Control")*('Raw Data'!$C$2:$C$9999="E. 40-99")*'Raw Data'!$D$2:$D$9999*'Raw Data'!$AG$2:$AG$9999)/SUMIFS('Raw Data'!$D:$D, 'Raw Data'!$B:$B, "Control", 'Raw Data'!$C:$C, "E. 40-99"),"") -> 46.414631 | P20: =IFERROR(SUMPRODUCT(('Raw Data'!$B$2:$B$9999="Variant")*('Raw Data'!$C$2:$C$9999="E. 40-99")*'Raw Data'!$D$2:$D$9999*'Raw Data'!$AG$2:$AG$9999)/SUMIFS('Raw Data'!$D:$D, 'Raw Data'!$B:$B, "Variant", 'Raw Data'!$C:$C, "E. 40-99"),"") -> 44.346309 | Q20: =IFERROR((P20-O20)/ABS(O20),"") -> -0.044561856 | R20: =IFERROR(SUMPRODUCT(('Raw Data'!$B$2:$B$9999="Control")*('Raw Data'!$C$2:$C$9999="F. 100+")*'Raw Data'!$D$2:$D$9999*'Raw Data'!$AG$2:$AG$9999)/SUMIFS('Raw Data'!$D:$D, 'Raw Data'!$B:$B, "Control", 'Raw Data'!$C:$C, "F. 100+"),"") -> 96.777733 | S20: =IFERROR(SUMPRODUCT(('Raw Data'!$B$2:$B$9999="Variant")*('Raw Data'!$C$2:$C$9999="F. 100+")*'Raw Data'!$D$2:$D$9999*'Raw Data'!$AG$2:$AG$9999)/SUMIFS('Raw Data'!$D:$D, 'Raw Data'!$B:$B, "Variant", 'Raw Data'!$C:$C, "F. 100+"),"") -> 90.081519 | T20: =IFERROR((S20-R20)/ABS(R20),"") -> -0.069191678
B21: P90 daily streak | C21: =IFERROR(SUMPRODUCT(('Raw Data'!$B$2:$B$9999="Control")*('Raw Data'!$C$2:$C$9999="A. 0")*'Raw Data'!$D$2:$D$9999*'Raw Data'!$AH$2:$AH$9999)/SUMIFS('Raw Data'!$D:$D, 'Raw Data'!$B:$B, "Control", 'Raw Data'!$C:$C, "A. 0"),"") -> 0 | D21: =IFERROR(SUMPRODUCT(('Raw Data'!$B$2:$B$9999="Variant")*('Raw Data'!$C$2:$C$9999="A. 0")*'Raw Data'!$D$2:$D$9999*'Raw Data'!$AH$2:$AH$9999)/SUMIFS('Raw Data'!$D:$D, 'Raw Data'!$B:$B, "Variant", 'Raw Data'!$C:$C, "A. 0"),"") -> 0 | E21: =IFERROR((D21-C21)/ABS(C21),"") | F21: =IFERROR(SUMPRODUCT(('Raw Data'!$B$2:$B$9999="Control")*('Raw Data'!$C$2:$C$9999="B. 1-9")*'Raw Data'!$D$2:$D$9999*'Raw Data'!$AH$2:$AH$9999)/SUMIFS('Raw Data'!$D:$D, 'Raw Data'!$B:$B, "Control", 'Raw Data'!$C:$C, "B. 1-9"),"") -> 9.1425836 | G21: =IFERROR(SUMPRODUCT(('Raw Data'!$B$2:$B$9999="Variant")*('Raw Data'!$C$2:$C$9999="B. 1-9")*'Raw Data'!$D$2:$D$9999*'Raw Data'!$AH$2:$AH$9999)/SUMIFS('Raw Data'!$D:$D, 'Raw Data'!$B:$B, "Variant", 'Raw Data'!$C:$C, "B. 1-9"),"") -> 9 | H21: =IFERROR((G21-F21)/ABS(F21),"") -> -0.015595545 | I21: =IFERROR(SUMPRODUCT(('Raw Data'!$B$2:$B$9999="Control")*('Raw Data'!$C$2:$C$9999="C. 10-19")*'Raw Data'!$D$2:$D$9999*'Raw Data'!$AH$2:$AH$9999)/SUMIFS('Raw Data'!$D:$D, 'Raw Data'!$B:$B, "Control", 'Raw Data'!$C:$C, "C. 10-19"),"") -> 19.9581 | J21: =IFERROR(SUMPRODUCT(('Raw Data'!$B$2:$B$9999="Variant")*('Raw Data'!$C$2:$C$9999="C. 10-19")*'Raw Data'!$D$2:$D$9999*'Raw Data'!$AH$2:$AH$9999)/SUMIFS('Raw Data'!$D:$D, 'Raw Data'!$B:$B, "Variant", 'Raw Data'!$C:$C, "C. 10-19"),"") -> 20.167877 | K21: =IFERROR((J21-I21)/ABS(I21),"") -> 0.010510822 | L21: =IFERROR(SUMPRODUCT(('Raw Data'!$B$2:$B$9999="Control")*('Raw Data'!$C$2:$C$9999="D. 20-39")*'Raw Data'!$D$2:$D$9999*'Raw Data'!$AH$2:$AH$9999)/SUMIFS('Raw Data'!$D:$D, 'Raw Data'!$B:$B, "Control", 'Raw Data'!$C:$C, "D. 20-39"),"") -> 37.945965 | M21: =IFERROR(SUMPRODUCT(('Raw Data'!$B$2:$B$9999="Variant")*('Raw Data'!$C$2:$C$9999="D. 20-39")*'Raw Data'!$D$2:$D$9999*'Raw Data'!$AH$2:$AH$9999)/SUMIFS('Raw Data'!$D:$D, 'Raw Data'!$B:$B, "Variant", 'Raw Data'!$C:$C, "D. 20-39"),"") -> 37.615008 | N21: =IFERROR((M21-L21)/ABS(L21),"") -> -0.0087217982 | O21: =IFERROR(SUMPRODUCT(('Raw Data'!$B$2:$B$9999="Control")*('Raw Data'!$C$2:$C$9999="E. 40-99")*'Raw Data'!$D$2:$D$9999*'Raw Data'!$AH$2:$AH$9999)/SUMIFS('Raw Data'!$D:$D, 'Raw Data'!$B:$B, "Control", 'Raw Data'!$C:$C, "E. 40-99"),"") -> 74.410461 | P21: =IFERROR(SUMPRODUCT(('Raw Data'!$B$2:$B$9999="Variant")*('Raw Data'!$C$2:$C$9999="E. 40-99")*'Raw Data'!$D$2:$D$9999*'Raw Data'!$AH$2:$AH$9999)/SUMIFS('Raw Data'!$D:$D, 'Raw Data'!$B:$B, "Variant", 'Raw Data'!$C:$C, "E. 40-99"),"") -> 72.151371 | Q21: =IFERROR((P21-O21)/ABS(O21),"") -> -0.030359847 | R21: =IFERROR(SUMPRODUCT(('Raw Data'!$B$2:$B$9999="Control")*('Raw Data'!$C$2:$C$9999="F. 100+")*'Raw Data'!$D$2:$D$9999*'Raw Data'!$AH$2:$AH$9999)/SUMIFS('Raw Data'!$D:$D, 'Raw Data'!$B:$B, "Control", 'Raw Data'!$C:$C, "F. 100+"),"") -> 148.05949 | S21: =IFERROR(SUMPRODUCT(('Raw Data'!$B$2:$B$9999="Variant")*('Raw Data'!$C$2:$C$9999="F. 100+")*'Raw Data'!$D$2:$D$9999*'Raw Data'!$AH$2:$AH$9999)/SUMIFS('Raw Data'!$D:$D, 'Raw Data'!$B:$B, "Variant", 'Raw Data'!$C:$C, "F. 100+"),"") -> 150.52668 | T21: =IFERROR((S21-R21)/ABS(R21),"") -> 0.016663503
A22: Difficulty
B23: Pass rate | C23: =IFERROR(SUMPRODUCT(('Raw Data'!$B$2:$B$9999="Control")*('Raw Data'!$C$2:$C$9999="A. 0")*'Raw Data'!$D$2:$D$9999*'Raw Data'!$M$2:$M$9999)/SUMIFS('Raw Data'!$D:$D, 'Raw Data'!$B:$B, "Control", 'Raw Data'!$C:$C, "A. 0"),"") -> 0.043204451 | D23: =IFERROR(SUMPRODUCT(('Raw Data'!$B$2:$B$9999="Variant")*('Raw Data'!$C$2:$C$9999="A. 0")*'Raw Data'!$D$2:$D$9999*'Raw Data'!$M$2:$M$9999)/SUMIFS('Raw Data'!$D:$D, 'Raw Data'!$B:$B, "Variant", 'Raw Data'!$C:$C, "A. 0"),"") -> 0.034307426 | E23: =IFERROR((D23-C23)/ABS(C23),"") -> -0.20592845 | F23: =IFERROR(SUMPRODUCT(('Raw Data'!$B$2:$B$9999="Control")*('Raw Data'!$C$2:$C$9999="B. 1-9")*'Raw Data'!$D$2:$D$9999*'Raw Data'!$M$2:$M$9999)/SUMIFS('Raw Data'!$D:$D, 'Raw Data'!$B:$B, "Control", 'Raw Data'!$C:$C, "B. 1-9"),"") -> 0.39278798 | G23: =IFERROR(SUMPRODUCT(('Raw Data'!$B$2:$B$9999="Variant")*('Raw Data'!$C$2:$C$9999="B. 1-9")*'Raw Data'!$D$2:$D$9999*'Raw Data'!$M$2:$M$9999)/SUMIFS('Raw Data'!$D:$D, 'Raw Data'!$B:$B, "Variant", 'Raw Data'!$C:$C, "B. 1-9"),"") -> 0.3882988 | H23: =IFERROR((G23-F23)/ABS(F23),"") -> -0.01142901 | I23: =IFERROR(SUMPRODUCT(('Raw Data'!$B$2:$B$9999="Control")*('Raw Data'!$C$2:$C$9999="C. 10-19")*'Raw Data'!$D$2:$D$9999*'Raw Data'!$M$2:$M$9999)/SUMIFS('Raw Data'!$D:$D, 'Raw Data'!$B:$B, "Control", 'Raw Data'!$C:$C, "C. 10-19"),"") -> 0.54414751 | J23: =IFERROR(SUMPRODUCT(('Raw Data'!$B$2:$B$9999="Variant")*('Raw Data'!$C$2:$C$9999="C. 10-19")*'Raw Data'!$D$2:$D$9999*'Raw Data'!$M$2:$M$9999)/SUMIFS('Raw Data'!$D:$D, 'Raw Data'!$B:$B, "Variant", 'Raw Data'!$C:$C, "C. 10-19"),"") -> 0.52703692 | K23: =IFERROR((J23-I23)/ABS(I23),"") -> -0.031444765 | L23: =IFERROR(SUMPRODUCT(('Raw Data'!$B$2:$B$9999="Control")*('Raw Data'!$C$2:$C$9999="D. 20-39")*'Raw Data'!$D$2:$D$9999*'Raw Data'!$M$2:$M$9999)/SUMIFS('Raw Data'!$D:$D, 'Raw Data'!$B:$B, "Control", 'Raw Data'!$C:$C, "D. 20-39"),"") -> 0.6741993 | M23: =IFERROR(SUMPRODUCT(('Raw Data'!$B$2:$B$9999="Variant")*('Raw Data'!$C$2:$C$9999="D. 20-39")*'Raw Data'!$D$2:$D$9999*'Raw Data'!$M$2:$M$9999)/SUMIFS('Raw Data'!$D:$D, 'Raw Data'!$B:$B, "Variant", 'Raw Data'!$C:$C, "D. 20-39"),"") -> 0.65903121 | N23: =IFERROR((M23-L23)/ABS(L23),"") -> -0.022497931 | O23: =IFERROR(SUMPRODUCT(('Raw Data'!$B$2:$B$9999="Control")*('Raw Data'!$C$2:$C$9999="E. 40-99")*'Raw Data'!$D$2:$D$9999*'Raw Data'!$M$2:$M$9999)/SUMIFS('Raw Data'!$D:$D, 'Raw Data'!$B:$B, "Control", 'Raw Data'!$C:$C, "E. 40-99"),"") -> 0.75409219 | P23: =IFERROR(SUMPRODUCT(('Raw Data'!$B$2:$B$9999="Variant")*('Raw Data'!$C$2:$C$9999="E. 40-99")*'Raw Data'!$D$2:$D$9999*'Raw Data'!$M$2:$M$9999)/SUMIFS('Raw Data'!$D:$D, 'Raw Data'!$B:$B, "Variant", 'Raw Data'!$C:$C, "E. 40-99"),"") -> 0.74696371 | Q23: =IFERROR((P23-O23)/ABS(O23),"") -> -0.009453059 | R23: =IFERROR(SUMPRODUCT(('Raw Data'!$B$2:$B$9999="Control")*('Raw Data'!$C$2:$C$9999="F. 100+")*'Raw Data'!$D$2:$D$9999*'Raw Data'!$M$2:$M$9999)/SUMIFS('Raw Data'!$D:$D, 'Raw Data'!$B:$B, "Control", 'Raw Data'!$C:$C, "F. 100+"),"") -> 0.82801379 | S23: =IFERROR(SUMPRODUCT(('Raw Data'!$B$2:$B$9999="Variant")*('Raw Data'!$C$2:$C$9999="F. 100+")*'Raw Data'!$D$2:$D$9999*'Raw Data'!$M$2:$M$9999)/SUMIFS('Raw Data'!$D:$D, 'Raw Data'!$B:$B, "Variant", 'Raw Data'!$C:$C, "F. 100+"),"") -> 0.8129411 | T23: =IFERROR((S23-R23)/ABS(R23),"") -> -0.018203423
B24: OOM rate | C24: =IFERROR(SUMPRODUCT(('Raw Data'!$B$2:$B$9999="Control")*('Raw Data'!$C$2:$C$9999="A. 0")*'Raw Data'!$D$2:$D$9999*'Raw Data'!$N$2:$N$9999)/SUMIFS('Raw Data'!$D:$D, 'Raw Data'!$B:$B, "Control", 'Raw Data'!$C:$C, "A. 0"),"") -> 0.96253898 | D24: =IFERROR(SUMPRODUCT(('Raw Data'!$B$2:$B$9999="Variant")*('Raw Data'!$C$2:$C$9999="A. 0")*'Raw Data'!$D$2:$D$9999*'Raw Data'!$N$2:$N$9999)/SUMIFS('Raw Data'!$D:$D, 'Raw Data'!$B:$B, "Variant", 'Raw Data'!$C:$C, "A. 0"),"") -> 0.97222892 | E24: =IFERROR((D24-C24)/ABS(C24),"") -> 0.010067064 | F24: =IFERROR(SUMPRODUCT(('Raw Data'!$B$2:$B$9999="Control")*('Raw Data'!$C$2:$C$9999="B. 1-9")*'Raw Data'!$D$2:$D$9999*'Raw Data'!$N$2:$N$9999)/SUMIFS('Raw Data'!$D:$D, 'Raw Data'!$B:$B, "Control", 'Raw Data'!$C:$C, "B. 1-9"),"") -> 0.73621247 | G24: =IFERROR(SUMPRODUCT(('Raw Data'!$B$2:$B$9999="Variant")*('Raw Data'!$C$2:$C$9999="B. 1-9")*'Raw Data'!$D$2:$D$9999*'Raw Data'!$N$2:$N$9999)/SUMIFS('Raw Data'!$D:$D, 'Raw Data'!$B:$B, "Variant", 'Raw Data'!$C:$C, "B. 1-9"),"") -> 0.7376751 | H24: =IFERROR((G24-F24)/ABS(F24),"") -> 0.0019866891 | I24: =IFERROR(SUMPRODUCT(('Raw Data'!$B$2:$B$9999="Control")*('Raw Data'!$C$2:$C$9999="C. 10-19")*'Raw Data'!$D$2:$D$9999*'Raw Data'!$N$2:$N$9999)/SUMIFS('Raw Data'!$D:$D, 'Raw Data'!$B:$B, "Control", 'Raw Data'!$C:$C, "C. 10-19"),"") -> 0.61209578 | J24: =IFERROR(SUMPRODUCT(('Raw Data'!$B$2:$B$9999="Variant")*('Raw Data'!$C$2:$C$9999="C. 10-19")*'Raw Data'!$D$2:$D$9999*'Raw Data'!$N$2:$N$9999)/SUMIFS('Raw Data'!$D:$D, 'Raw Data'!$B:$B, "Variant", 'Raw Data'!$C:$C, "C. 10-19"),"") -> 0.62387463 | K24: =IFERROR((J24-I24)/ABS(I24),"") -> 0.019243484 | L24: =IFERROR(SUMPRODUCT(('Raw Data'!$B$2:$B$9999="Control")*('Raw Data'!$C$2:$C$9999="D. 20-39")*'Raw Data'!$D$2:$D$9999*'Raw Data'!$N$2:$N$9999)/SUMIFS('Raw Data'!$D:$D, 'Raw Data'!$B:$B, "Control", 'Raw Data'!$C:$C, "D. 20-39"),"") -> 0.49060209 | M24: =IFERROR(SUMPRODUCT(('Raw Data'!$B$2:$B$9999="Variant")*('Raw Data'!$C$2:$C$9999="D. 20-39")*'Raw Data'!$D$2:$D$9999*'Raw Data'!$N$2:$N$9999)/SUMIFS('Raw Data'!$D:$D, 'Raw Data'!$B:$B, "Variant", 'Raw Data'!$C:$C, "D. 20-39"),"") -> 0.50362104 | N24: =IFERROR((M24-L24)/ABS(L24),"") -> 0.026536686 | O24: =IFERROR(SUMPRODUCT(('Raw Data'!$B$2:$B$9999="Control")*('Raw Data'!$C$2:$C$9999="E. 40-99")*'Raw Data'!$D$2:$D$9999*'Raw Data'!$N$2:$N$9999)/SUMIFS('Raw Data'!$D:$D, 'Raw Data'!$B:$B, "Control", 'Raw Data'!$C:$C, "E. 40-99"),"") -> 0.39978795 | P24: =IFERROR(SUMPRODUCT(('Raw Data'!$B$2:$B$9999="Variant")*('Raw Data'!$C$2:$C$9999="E. 40-99")*'Raw Data'!$D$2:$D$9999*'Raw Data'!$N$2:$N$9999)/SUMIFS('Raw Data'!$D:$D, 'Raw Data'!$B:$B, "Variant", 'Raw Data'!$C:$C, "E. 40-99"),"") -> 0.40718959 | Q24: =IFERROR((P24-O24)/ABS(O24),"") -> 0.018513912 | R24: =IFERROR(SUMPRODUCT(('Raw Data'!$B$2:$B$9999="Control")*('Raw Data'!$C$2:$C$9999="F. 100+")*'Raw Data'!$D$2:$D$9999*'Raw Data'!$N$2:$N$9999)/SUMIFS('Raw Data'!$D:$D, 'Raw Data'!$B:$B, "Control", 'Raw Data'!$C:$C, "F. 100+"),"") -> 0.31380719 | S24: =IFERROR(SUMPRODUCT(('Raw Data'!$B$2:$B$9999="Variant")*('Raw Data'!$C$2:$C$9999="F. 100+")*'Raw Data'!$D$2:$D$9999*'Raw Data'!$N$2:$N$9999)/SUMIFS('Raw Data'!$D:$D, 'Raw Data'!$B:$B, "Variant", 'Raw Data'!$C:$C, "F. 100+"),"") -> 0.3291936 | T24: =IFERROR((S24-R24)/ABS(R24),"") -> 0.049031392
B25: First-try OOM rate | C25: =IFERROR(SUMPRODUCT(('Raw Data'!$B$2:$B$9999="Control")*('Raw Data'!$C$2:$C$9999="A. 0")*'Raw Data'!$D$2:$D$9999*'Raw Data'!$O$2:$O$9999)/SUMIFS('Raw Data'!$D:$D, 'Raw Data'!$B:$B, "Control", 'Raw Data'!$C:$C, "A. 0"),"") -> 0.68893428 | D25: =IFERROR(SUMPRODUCT(('Raw Data'!$B$2:$B$9999="Variant")*('Raw Data'!$C$2:$C$9999="A. 0")*'Raw Data'!$D$2:$D$9999*'Raw Data'!$O$2:$O$9999)/SUMIFS('Raw Data'!$D:$D, 'Raw Data'!$B:$B, "Variant", 'Raw Data'!$C:$C, "A. 0"),"") -> 0.72933158 | E25: =IFERROR((D25-C25)/ABS(C25),"") -> 0.058637372 | F25: =IFERROR(SUMPRODUCT(('Raw Data'!$B$2:$B$9999="Control")*('Raw Data'!$C$2:$C$9999="B. 1-9")*'Raw Data'!$D$2:$D$9999*'Raw Data'!$O$2:$O$9999)/SUMIFS('Raw Data'!$D:$D, 'Raw Data'!$B:$B, "Control", 'Raw Data'!$C:$C, "B. 1-9"),"") -> 0.51329685 | G25: =IFERROR(SUMPRODUCT(('Raw Data'!$B$2:$B$9999="Variant")*('Raw Data'!$C$2:$C$9999="B. 1-9")*'Raw Data'!$D$2:$D$9999*'Raw Data'!$O$2:$O$9999)/SUMIFS('Raw Data'!$D:$D, 'Raw Data'!$B:$B, "Variant", 'Raw Data'!$C:$C, "B. 1-9"),"") -> 0.50997797 | H25: =IFERROR((G25-F25)/ABS(F25),"") -> -0.0064658226 | I25: =IFERROR(SUMPRODUCT(('Raw Data'!$B$2:$B$9999="Control")*('Raw Data'!$C$2:$C$9999="C. 10-19")*'Raw Data'!$D$2:$D$9999*'Raw Data'!$O$2:$O$9999)/SUMIFS('Raw Data'!$D:$D, 'Raw Data'!$B:$B, "Control", 'Raw Data'!$C:$C, "C. 10-19"),"") -> 0.40639881 | J25: =IFERROR(SUMPRODUCT(('Raw Data'!$B$2:$B$9999="Variant")*('Raw Data'!$C$2:$C$9999="C. 10-19")*'Raw Data'!$D$2:$D$9999*'Raw Data'!$O$2:$O$9999)/SUMIFS('Raw Data'!$D:$D, 'Raw Data'!$B:$B, "Variant", 'Raw Data'!$C:$C, "C. 10-19"),"") -> 0.40849604 | K25: =IFERROR((J25-I25)/ABS(I25),"") -> 0.0051605312 | L25: =IFERROR(SUMPRODUCT(('Raw Data'!$B$2:$B$9999="Control")*('Raw Data'!$C$2:$C$9999="D. 20-39")*'Raw Data'!$D$2:$D$9999*'Raw Data'!$O$2:$O$9999)/SUMIFS('Raw Data'!$D:$D, 'Raw Data'!$B:$B, "Control", 'Raw Data'!$C:$C, "D. 20-39"),"") -> 0.3328279 | M25: =IFERROR(SUMPRODUCT(('Raw Data'!$B$2:$B$9999="Variant")*('Raw Data'!$C$2:$C$9999="D. 20-39")*'Raw Data'!$D$2:$D$9999*'Raw Data'!$O$2:$O$9999)/SUMIFS('Raw Data'!$D:$D, 'Raw Data'!$B:$B, "Variant", 'Raw Data'!$C:$C, "D. 20-39"),"") -> 0.33725834 | N25: =IFERROR((M25-L25)/ABS(L25),"") -> 0.013311486 | O25: =IFERROR(SUMPRODUCT(('Raw Data'!$B$2:$B$9999="Control")*('Raw Data'!$C$2:$C$9999="E. 40-99")*'Raw Data'!$D$2:$D$9999*'Raw Data'!$O$2:$O$9999)/SUMIFS('Raw Data'!$D:$D, 'Raw Data'!$B:$B, "Control", 'Raw Data'!$C:$C, "E. 40-99"),"") -> 0.27983061 | P25: =IFERROR(SUMPRODUCT(('Raw Data'!$B$2:$B$9999="Variant")*('Raw Data'!$C$2:$C$9999="E. 40-99")*'Raw Data'!$D$2:$D$9999*'Raw Data'!$O$2:$O$9999)/SUMIFS('Raw Data'!$D:$D, 'Raw Data'!$B:$B, "Variant", 'Raw Data'!$C:$C, "E. 40-99"),"") -> 0.28572386 | Q25: =IFERROR((P25-O25)/ABS(O25),"") -> 0.021060054 | R25: =IFERROR(SUMPRODUCT(('Raw Data'!$B$2:$B$9999="Control")*('Raw Data'!$C$2:$C$9999="F. 100+")*'Raw Data'!$D$2:$D$9999*'Raw Data'!$O$2:$O$9999)/SUMIFS('Raw Data'!$D:$D, 'Raw Data'!$B:$B, "Control", 'Raw Data'!$C:$C, "F. 100+"),"") -> 0.23806849 | S25: =IFERROR(SUMPRODUCT(('Raw Data'!$B$2:$B$9999="Variant")*('Raw Data'!$C$2:$C$9999="F. 100+")*'Raw Data'!$D$2:$D$9999*'Raw Data'!$O$2:$O$9999)/SUMIFS('Raw Data'!$D:$D, 'Raw Data'!$B:$B, "Variant", 'Raw Data'!$C:$C, "F. 100+"),"") -> 0.2473207 | T25: =IFERROR((S25-R25)/ABS(R25),"") -> 0.038863653 | V25: todo
B26: Attempts per completion | C26: =IFERROR(SUMPRODUCT(('Raw Data'!$B$2:$B$9999="Control")*('Raw Data'!$C$2:$C$9999="A. 0")*'Raw Data'!$D$2:$D$9999*'Raw Data'!$P$2:$P$9999)/SUMIFS('Raw Data'!$D:$D, 'Raw Data'!$B:$B, "Control", 'Raw Data'!$C:$C, "A. 0"),"") -> 80.98766 | D26: =IFERROR(SUMPRODUCT(('Raw Data'!$B$2:$B$9999="Variant")*('Raw Data'!$C$2:$C$9999="A. 0")*'Raw Data'!$D$2:$D$9999*'Raw Data'!$P$2:$P$9999)/SUMIFS('Raw Data'!$D:$D, 'Raw Data'!$B:$B, "Variant", 'Raw Data'!$C:$C, "A. 0"),"") -> 142.61531 | E26: =IFERROR((D26-C26)/ABS(C26),"") -> 0.76095109 | F26: =IFERROR(SUMPRODUCT(('Raw Data'!$B$2:$B$9999="Control")*('Raw Data'!$C$2:$C$9999="B. 1-9")*'Raw Data'!$D$2:$D$9999*'Raw Data'!$P$2:$P$9999)/SUMIFS('Raw Data'!$D:$D, 'Raw Data'!$B:$B, "Control", 'Raw Data'!$C:$C, "B. 1-9"),"") -> 2.5508191 | G26: =IFERROR(SUMPRODUCT(('Raw Data'!$B$2:$B$9999="Variant")*('Raw Data'!$C$2:$C$9999="B. 1-9")*'Raw Data'!$D$2:$D$9999*'Raw Data'!$P$2:$P$9999)/SUMIFS('Raw Data'!$D:$D, 'Raw Data'!$B:$B, "Variant", 'Raw Data'!$C:$C, "B. 1-9"),"") -> 2.5771259 | H26: =IFERROR((G26-F26)/ABS(F26),"") -> 0.01031308 | I26: =IFERROR(SUMPRODUCT(('Raw Data'!$B$2:$B$9999="Control")*('Raw Data'!$C$2:$C$9999="C. 10-19")*'Raw Data'!$D$2:$D$9999*'Raw Data'!$P$2:$P$9999)/SUMIFS('Raw Data'!$D:$D, 'Raw Data'!$B:$B, "Control", 'Raw Data'!$C:$C, "C. 10-19"),"") -> 1.8396824 | J26: =IFERROR(SUMPRODUCT(('Raw Data'!$B$2:$B$9999="Variant")*('Raw Data'!$C$2:$C$9999="C. 10-19")*'Raw Data'!$D$2:$D$9999*'Raw Data'!$P$2:$P$9999)/SUMIFS('Raw Data'!$D:$D, 'Raw Data'!$B:$B, "Variant", 'Raw Data'!$C:$C, "C. 10-19"),"") -> 1.8978615 | K26: =IFERROR((J26-I26)/ABS(I26),"") -> 0.031624568 | L26: =IFERROR(SUMPRODUCT(('Raw Data'!$B$2:$B$9999="Control")*('Raw Data'!$C$2:$C$9999="D. 20-39")*'Raw Data'!$D$2:$D$9999*'Raw Data'!$P$2:$P$9999)/SUMIFS('Raw Data'!$D:$D, 'Raw Data'!$B:$B, "Control", 'Raw Data'!$C:$C, "D. 20-39"),"") -> 1.484143 | M26: =IFERROR(SUMPRODUCT(('Raw Data'!$B$2:$B$9999="Variant")*('Raw Data'!$C$2:$C$9999="D. 20-39")*'Raw Data'!$D$2:$D$9999*'Raw Data'!$P$2:$P$9999)/SUMIFS('Raw Data'!$D:$D, 'Raw Data'!$B:$B, "Variant", 'Raw Data'!$C:$C, "D. 20-39"),"") -> 1.5179495 | N26: =IFERROR((M26-L26)/ABS(L26),"") -> 0.022778513 | O26: =IFERROR(SUMPRODUCT(('Raw Data'!$B$2:$B$9999="Control")*('Raw Data'!$C$2:$C$9999="E. 40-99")*'Raw Data'!$D$2:$D$9999*'Raw Data'!$P$2:$P$9999)/SUMIFS('Raw Data'!$D:$D, 'Raw Data'!$B:$B, "Control", 'Raw Data'!$C:$C, "E. 40-99"),"") -> 1.3265486 | P26: =IFERROR(SUMPRODUCT(('Raw Data'!$B$2:$B$9999="Variant")*('Raw Data'!$C$2:$C$9999="E. 40-99")*'Raw Data'!$D$2:$D$9999*'Raw Data'!$P$2:$P$9999)/SUMIFS('Raw Data'!$D:$D, 'Raw Data'!$B:$B, "Variant", 'Raw Data'!$C:$C, "E. 40-99"),"") -> 1.3389506 | Q26: =IFERROR((P26-O26)/ABS(O26),"") -> 0.0093491046 | R26: =IFERROR(SUMPRODUCT(('Raw Data'!$B$2:$B$9999="Control")*('Raw Data'!$C$2:$C$9999="F. 100+")*'Raw Data'!$D$2:$D$9999*'Raw Data'!$P$2:$P$9999)/SUMIFS('Raw Data'!$D:$D, 'Raw Data'!$B:$B, "Control", 'Raw Data'!$C:$C, "F. 100+"),"") -> 1.208009 | S26: =IFERROR(SUMPRODUCT(('Raw Data'!$B$2:$B$9999="Variant")*('Raw Data'!$C$2:$C$9999="F. 100+")*'Raw Data'!$D$2:$D$9999*'Raw Data'!$P$2:$P$9999)/SUMIFS('Raw Data'!$D:$D, 'Raw Data'!$B:$B, "Variant", 'Raw Data'!$C:$C, "F. 100+"),"") -> 1.2302382 | T26: =IFERROR((S26-R26)/ABS(R26),"") -> 0.018401481 | V26: NS reward increase (careful wiht 100+)
A27: HC Economy | V27: look into 100+ net
B28: HC gain total / player | C28: =IFERROR(SUMPRODUCT(('Raw Data'!$B$2:$B$9999="Control")*('Raw Data'!$C$2:$C$9999="A. 0")*'Raw Data'!$D$2:$D$9999*'Raw Data'!$Q$2:$Q$9999)/SUMIFS('Raw Data'!$D:$D, 'Raw Data'!$B:$B, "Control", 'Raw Data'!$C:$C, "A. 0"),"") -> 25.223021 | D28: =IFERROR(SUMPRODUCT(('Raw Data'!$B$2:$B$9999="Variant")*('Raw Data'!$C$2:$C$9999="A. 0")*'Raw Data'!$D$2:$D$9999*'Raw Data'!$Q$2:$Q$9999)/SUMIFS('Raw Data'!$D:$D, 'Raw Data'!$B:$B, "Variant", 'Raw Data'!$C:$C, "A. 0"),"") -> 21.134658 | E28: =IFERROR((D28-C28)/ABS(C28),"") -> -0.16208855 | F28: =IFERROR(SUMPRODUCT(('Raw Data'!$B$2:$B$9999="Control")*('Raw Data'!$C$2:$C$9999="B. 1-9")*'Raw Data'!$D$2:$D$9999*'Raw Data'!$Q$2:$Q$9999)/SUMIFS('Raw Data'!$D:$D, 'Raw Data'!$B:$B, "Control", 'Raw Data'!$C:$C, "B. 1-9"),"") -> 59.656549 | G28: =IFERROR(SUMPRODUCT(('Raw Data'!$B$2:$B$9999="Variant")*('Raw Data'!$C$2:$C$9999="B. 1-9")*'Raw Data'!$D$2:$D$9999*'Raw Data'!$Q$2:$Q$9999)/SUMIFS('Raw Data'!$D:$D, 'Raw Data'!$B:$B, "Variant", 'Raw Data'!$C:$C, "B. 1-9"),"") -> 54.719125 | H28: =IFERROR((G28-F28)/ABS(F28),"") -> -0.082764143 | I28: =IFERROR(SUMPRODUCT(('Raw Data'!$B$2:$B$9999="Control")*('Raw Data'!$C$2:$C$9999="C. 10-19")*'Raw Data'!$D$2:$D$9999*'Raw Data'!$Q$2:$Q$9999)/SUMIFS('Raw Data'!$D:$D, 'Raw Data'!$B:$B, "Control", 'Raw Data'!$C:$C, "C. 10-19"),"") -> 111.19809 | J28: =IFERROR(SUMPRODUCT(('Raw Data'!$B$2:$B$9999="Variant")*('Raw Data'!$C$2:$C$9999="C. 10-19")*'Raw Data'!$D$2:$D$9999*'Raw Data'!$Q$2:$Q$9999)/SUMIFS('Raw Data'!$D:$D, 'Raw Data'!$B:$B, "Variant", 'Raw Data'!$C:$C, "C. 10-19"),"") -> 102.03001 | K28: =IFERROR((J28-I28)/ABS(I28),"") -> -0.082448232 | L28: =IFERROR(SUMPRODUCT(('Raw Data'!$B$2:$B$9999="Control")*('Raw Data'!$C$2:$C$9999="D. 20-39")*'Raw Data'!$D$2:$D$9999*'Raw Data'!$Q$2:$Q$9999)/SUMIFS('Raw Data'!$D:$D, 'Raw Data'!$B:$B, "Control", 'Raw Data'!$C:$C, "D. 20-39"),"") -> 198.04659 | M28: =IFERROR(SUMPRODUCT(('Raw Data'!$B$2:$B$9999="Variant")*('Raw Data'!$C$2:$C$9999="D. 20-39")*'Raw Data'!$D$2:$D$9999*'Raw Data'!$Q$2:$Q$9999)/SUMIFS('Raw Data'!$D:$D, 'Raw Data'!$B:$B, "Variant", 'Raw Data'!$C:$C, "D. 20-39"),"") -> 183.42344 | N28: =IFERROR((M28-L28)/ABS(L28),"") -> -0.073836903 | O28: =IFERROR(SUMPRODUCT(('Raw Data'!$B$2:$B$9999="Control")*('Raw Data'!$C$2:$C$9999="E. 40-99")*'Raw Data'!$D$2:$D$9999*'Raw Data'!$Q$2:$Q$9999)/SUMIFS('Raw Data'!$D:$D, 'Raw Data'!$B:$B, "Control", 'Raw Data'!$C:$C, "E. 40-99"),"") -> 363.99016 | P28: =IFERROR(SUMPRODUCT(('Raw Data'!$B$2:$B$9999="Variant")*('Raw Data'!$C$2:$C$9999="E. 40-99")*'Raw Data'!$D$2:$D$9999*'Raw Data'!$Q$2:$Q$9999)/SUMIFS('Raw Data'!$D:$D, 'Raw Data'!$B:$B, "Variant", 'Raw Data'!$C:$C, "E. 40-99"),"") -> 340.30097 | Q28: =IFERROR((P28-O28)/ABS(O28),"") -> -0.065081971 | R28: =IFERROR(SUMPRODUCT(('Raw Data'!$B$2:$B$9999="Control")*('Raw Data'!$C$2:$C$9999="F. 100+")*'Raw Data'!$D$2:$D$9999*'Raw Data'!$Q$2:$Q$9999)/SUMIFS('Raw Data'!$D:$D, 'Raw Data'!$B:$B, "Control", 'Raw Data'!$C:$C, "F. 100+"),"") -> 662.96494 | S28: =IFERROR(SUMPRODUCT(('Raw Data'!$B$2:$B$9999="Variant")*('Raw Data'!$C$2:$C$9999="F. 100+")*'Raw Data'!$D$2:$D$9999*'Raw Data'!$Q$2:$Q$9999)/SUMIFS('Raw Data'!$D:$D, 'Raw Data'!$B:$B, "Variant", 'Raw Data'!$C:$C, "F. 100+"),"") -> 618.50246 | T28: =IFERROR((S28-R28)/ABS(R28),"") -> -0.067066113 | V28: Booster analysis
B29: HC gain PAID / player | C29: =IFERROR(SUMPRODUCT(('Raw Data'!$B$2:$B$9999="Control")*('Raw Data'!$C$2:$C$9999="A. 0")*'Raw Data'!$D$2:$D$9999*'Raw Data'!$T$2:$T$9999)/SUMIFS('Raw Data'!$D:$D, 'Raw Data'!$B:$B, "Control", 'Raw Data'!$C:$C, "A. 0"),"") -> 0.17192909 | D29: =IFERROR(SUMPRODUCT(('Raw Data'!$B$2:$B$9999="Variant")*('Raw Data'!$C$2:$C$9999="A. 0")*'Raw Data'!$D$2:$D$9999*'Raw Data'!$T$2:$T$9999)/SUMIFS('Raw Data'!$D:$D, 'Raw Data'!$B:$B, "Variant", 'Raw Data'!$C:$C, "A. 0"),"") -> 0.61063228 | E29: =IFERROR((D29-C29)/ABS(C29),"") -> 2.551652 | F29: =IFERROR(SUMPRODUCT(('Raw Data'!$B$2:$B$9999="Control")*('Raw Data'!$C$2:$C$9999="B. 1-9")*'Raw Data'!$D$2:$D$9999*'Raw Data'!$T$2:$T$9999)/SUMIFS('Raw Data'!$D:$D, 'Raw Data'!$B:$B, "Control", 'Raw Data'!$C:$C, "B. 1-9"),"") -> 2.7446198 | G29: =IFERROR(SUMPRODUCT(('Raw Data'!$B$2:$B$9999="Variant")*('Raw Data'!$C$2:$C$9999="B. 1-9")*'Raw Data'!$D$2:$D$9999*'Raw Data'!$T$2:$T$9999)/SUMIFS('Raw Data'!$D:$D, 'Raw Data'!$B:$B, "Variant", 'Raw Data'!$C:$C, "B. 1-9"),"") -> 2.639285 | H29: =IFERROR((G29-F29)/ABS(F29),"") -> -0.038378622 | I29: =IFERROR(SUMPRODUCT(('Raw Data'!$B$2:$B$9999="Control")*('Raw Data'!$C$2:$C$9999="C. 10-19")*'Raw Data'!$D$2:$D$9999*'Raw Data'!$T$2:$T$9999)/SUMIFS('Raw Data'!$D:$D, 'Raw Data'!$B:$B, "Control", 'Raw Data'!$C:$C, "C. 10-19"),"") -> 9.2873399 | J29: =IFERROR(SUMPRODUCT(('Raw Data'!$B$2:$B$9999="Variant")*('Raw Data'!$C$2:$C$9999="C. 10-19")*'Raw Data'!$D$2:$D$9999*'Raw Data'!$T$2:$T$9999)/SUMIFS('Raw Data'!$D:$D, 'Raw Data'!$B:$B, "Variant", 'Raw Data'!$C:$C, "C. 10-19"),"") -> 9.1106474 | K29: =IFERROR((J29-I29)/ABS(I29),"") -> -0.019025099 | L29: =IFERROR(SUMPRODUCT(('Raw Data'!$B$2:$B$9999="Control")*('Raw Data'!$C$2:$C$9999="D. 20-39")*'Raw Data'!$D$2:$D$9999*'Raw Data'!$T$2:$T$9999)/SUMIFS('Raw Data'!$D:$D, 'Raw Data'!$B:$B, "Control", 'Raw Data'!$C:$C, "D. 20-39"),"") -> 22.32101 | M29: =IFERROR(SUMPRODUCT(('Raw Data'!$B$2:$B$9999="Variant")*('Raw Data'!$C$2:$C$9999="D. 20-39")*'Raw Data'!$D$2:$D$9999*'Raw Data'!$T$2:$T$9999)/SUMIFS('Raw Data'!$D:$D, 'Raw Data'!$B:$B, "Variant", 'Raw Data'!$C:$C, "D. 20-39"),"") -> 20.120028 | N29: =IFERROR((M29-L29)/ABS(L29),"") -> -0.098605853 | O29: =IFERROR(SUMPRODUCT(('Raw Data'!$B$2:$B$9999="Control")*('Raw Data'!$C$2:$C$9999="E. 40-99")*'Raw Data'!$D$2:$D$9999*'Raw Data'!$T$2:$T$9999)/SUMIFS('Raw Data'!$D:$D, 'Raw Data'!$B:$B, "Control", 'Raw Data'!$C:$C, "E. 40-99"),"") -> 39.245935 | P29: =IFERROR(SUMPRODUCT(('Raw Data'!$B$2:$B$9999="Variant")*('Raw Data'!$C$2:$C$9999="E. 40-99")*'Raw Data'!$D$2:$D$9999*'Raw Data'!$T$2:$T$9999)/SUMIFS('Raw Data'!$D:$D, 'Raw Data'!$B:$B, "Variant", 'Raw Data'!$C:$C, "E. 40-99"),"") -> 39.460642 | Q29: =IFERROR((P29-O29)/ABS(O29),"") -> 0.0054708101 | R29: =IFERROR(SUMPRODUCT(('Raw Data'!$B$2:$B$9999="Control")*('Raw Data'!$C$2:$C$9999="F. 100+")*'Raw Data'!$D$2:$D$9999*'Raw Data'!$T$2:$T$9999)/SUMIFS('Raw Data'!$D:$D, 'Raw Data'!$B:$B, "Control", 'Raw Data'!$C:$C, "F. 100+"),"") -> 56.229317 | S29: =IFERROR(SUMPRODUCT(('Raw Data'!$B$2:$B$9999="Variant")*('Raw Data'!$C$2:$C$9999="F. 100+")*'Raw Data'!$D$2:$D$9999*'Raw Data'!$T$2:$T$9999)/SUMIFS('Raw Data'!$D:$D, 'Raw Data'!$B:$B, "Variant", 'Raw Data'!$C:$C, "F. 100+"),"") -> 61.049927 | T29: =IFERROR((S29-R29)/ABS(R29),"") -> 0.08573127 | V29: ulbs
B30: HC gain FREE / player | C30: =IFERROR(SUMPRODUCT(('Raw Data'!$B$2:$B$9999="Control")*('Raw Data'!$C$2:$C$9999="A. 0")*'Raw Data'!$D$2:$D$9999*'Raw Data'!$U$2:$U$9999)/SUMIFS('Raw Data'!$D:$D, 'Raw Data'!$B:$B, "Control", 'Raw Data'!$C:$C, "A. 0"),"") -> 25.049667 | D30: =IFERROR(SUMPRODUCT(('Raw Data'!$B$2:$B$9999="Variant")*('Raw Data'!$C$2:$C$9999="A. 0")*'Raw Data'!$D$2:$D$9999*'Raw Data'!$U$2:$U$9999)/SUMIFS('Raw Data'!$D:$D, 'Raw Data'!$B:$B, "Variant", 'Raw Data'!$C:$C, "A. 0"),"") -> 20.525451 | E30: =IFERROR((D30-C30)/ABS(C30),"") -> -0.1806098 | F30: =IFERROR(SUMPRODUCT(('Raw Data'!$B$2:$B$9999="Control")*('Raw Data'!$C$2:$C$9999="B. 1-9")*'Raw Data'!$D$2:$D$9999*'Raw Data'!$U$2:$U$9999)/SUMIFS('Raw Data'!$D:$D, 'Raw Data'!$B:$B, "Control", 'Raw Data'!$C:$C, "B. 1-9"),"") -> 56.910514 | G30: =IFERROR(SUMPRODUCT(('Raw Data'!$B$2:$B$9999="Variant")*('Raw Data'!$C$2:$C$9999="B. 1-9")*'Raw Data'!$D$2:$D$9999*'Raw Data'!$U$2:$U$9999)/SUMIFS('Raw Data'!$D:$D, 'Raw Data'!$B:$B, "Variant", 'Raw Data'!$C:$C, "B. 1-9"),"") -> 52.079814 | H30: =IFERROR((G30-F30)/ABS(F30),"") -> -0.084882383 | I30: =IFERROR(SUMPRODUCT(('Raw Data'!$B$2:$B$9999="Control")*('Raw Data'!$C$2:$C$9999="C. 10-19")*'Raw Data'!$D$2:$D$9999*'Raw Data'!$U$2:$U$9999)/SUMIFS('Raw Data'!$D:$D, 'Raw Data'!$B:$B, "Control", 'Raw Data'!$C:$C, "C. 10-19"),"") -> 101.90914 | J30: =IFERROR(SUMPRODUCT(('Raw Data'!$B$2:$B$9999="Variant")*('Raw Data'!$C$2:$C$9999="C. 10-19")*'Raw Data'!$D$2:$D$9999*'Raw Data'!$U$2:$U$9999)/SUMIFS('Raw Data'!$D:$D, 'Raw Data'!$B:$B, "Variant", 'Raw Data'!$C:$C, "C. 10-19"),"") -> 92.919358 | K30: =IFERROR((J30-I30)/ABS(I30),"") -> -0.088213669 | L30: =IFERROR(SUMPRODUCT(('Raw Data'!$B$2:$B$9999="Control")*('Raw Data'!$C$2:$C$9999="D. 20-39")*'Raw Data'!$D$2:$D$9999*'Raw Data'!$U$2:$U$9999)/SUMIFS('Raw Data'!$D:$D, 'Raw Data'!$B:$B, "Control", 'Raw Data'!$C:$C, "D. 20-39"),"") -> 175.72692 | M30: =IFERROR(SUMPRODUCT(('Raw Data'!$B$2:$B$9999="Variant")*('Raw Data'!$C$2:$C$9999="D. 20-39")*'Raw Data'!$D$2:$D$9999*'Raw Data'!$U$2:$U$9999)/SUMIFS('Raw Data'!$D:$D, 'Raw Data'!$B:$B, "Variant", 'Raw Data'!$C:$C, "D. 20-39"),"") -> 163.3048 | N30: =IFERROR((M30-L30)/ABS(L30),"") -> -0.070689945 | O30: =IFERROR(SUMPRODUCT(('Raw Data'!$B$2:$B$9999="Control")*('Raw Data'!$C$2:$C$9999="E. 40-99")*'Raw Data'!$D$2:$D$9999*'Raw Data'!$U$2:$U$9999)/SUMIFS('Raw Data'!$D:$D, 'Raw Data'!$B:$B, "Control", 'Raw Data'!$C:$C, "E. 40-99"),"") -> 324.74566 | P30: =IFERROR(SUMPRODUCT(('Raw Data'!$B$2:$B$9999="Variant")*('Raw Data'!$C$2:$C$9999="E. 40-99")*'Raw Data'!$D$2:$D$9999*'Raw Data'!$U$2:$U$9999)/SUMIFS('Raw Data'!$D:$D, 'Raw Data'!$B:$B, "Variant", 'Raw Data'!$C:$C, "E. 40-99"),"") -> 300.84174 | Q30: =IFERROR((P30-O30)/ABS(O30),"") -> -0.073608123 | R30: =IFERROR(SUMPRODUCT(('Raw Data'!$B$2:$B$9999="Control")*('Raw Data'!$C$2:$C$9999="F. 100+")*'Raw Data'!$D$2:$D$9999*'Raw Data'!$U$2:$U$9999)/SUMIFS('Raw Data'!$D:$D, 'Raw Data'!$B:$B, "Control", 'Raw Data'!$C:$C, "F. 100+"),"") -> 606.73562 | S30: =IFERROR(SUMPRODUCT(('Raw Data'!$B$2:$B$9999="Variant")*('Raw Data'!$C$2:$C$9999="F. 100+")*'Raw Data'!$D$2:$D$9999*'Raw Data'!$U$2:$U$9999)/SUMIFS('Raw Data'!$D:$D, 'Raw Data'!$B:$B, "Variant", 'Raw Data'!$C:$C, "F. 100+"),"") -> 557.45388 | T30: =IFERROR((S30-R30)/ABS(R30),"") -> -0.081224411 | V30: SPTs
B31: HC spent / player | C31: =IFERROR(SUMPRODUCT(('Raw Data'!$B$2:$B$9999="Control")*('Raw Data'!$C$2:$C$9999="A. 0")*'Raw Data'!$D$2:$D$9999*'Raw Data'!$V$2:$V$9999)/SUMIFS('Raw Data'!$D:$D, 'Raw Data'!$B:$B, "Control", 'Raw Data'!$C:$C, "A. 0"),"") -> 2.5333367 | D31: =IFERROR(SUMPRODUCT(('Raw Data'!$B$2:$B$9999="Variant")*('Raw Data'!$C$2:$C$9999="A. 0")*'Raw Data'!$D$2:$D$9999*'Raw Data'!$V$2:$V$9999)/SUMIFS('Raw Data'!$D:$D, 'Raw Data'!$B:$B, "Variant", 'Raw Data'!$C:$C, "A. 0"),"") -> 2.1811779 | E31: =IFERROR((D31-C31)/ABS(C31),"") -> -0.13900988 | F31: =IFERROR(SUMPRODUCT(('Raw Data'!$B$2:$B$9999="Control")*('Raw Data'!$C$2:$C$9999="B. 1-9")*'Raw Data'!$D$2:$D$9999*'Raw Data'!$V$2:$V$9999)/SUMIFS('Raw Data'!$D:$D, 'Raw Data'!$B:$B, "Control", 'Raw Data'!$C:$C, "B. 1-9"),"") -> 56.603011 | G31: =IFERROR(SUMPRODUCT(('Raw Data'!$B$2:$B$9999="Variant")*('Raw Data'!$C$2:$C$9999="B. 1-9")*'Raw Data'!$D$2:$D$9999*'Raw Data'!$V$2:$V$9999)/SUMIFS('Raw Data'!$D:$D, 'Raw Data'!$B:$B, "Variant", 'Raw Data'!$C:$C, "B. 1-9"),"") -> 53.435014 | H31: =IFERROR((G31-F31)/ABS(F31),"") -> -0.05596871 | I31: =IFERROR(SUMPRODUCT(('Raw Data'!$B$2:$B$9999="Control")*('Raw Data'!$C$2:$C$9999="C. 10-19")*'Raw Data'!$D$2:$D$9999*'Raw Data'!$V$2:$V$9999)/SUMIFS('Raw Data'!$D:$D, 'Raw Data'!$B:$B, "Control", 'Raw Data'!$C:$C, "C. 10-19"),"") -> 111.59046 | J31: =IFERROR(SUMPRODUCT(('Raw Data'!$B$2:$B$9999="Variant")*('Raw Data'!$C$2:$C$9999="C. 10-19")*'Raw Data'!$D$2:$D$9999*'Raw Data'!$V$2:$V$9999)/SUMIFS('Raw Data'!$D:$D, 'Raw Data'!$B:$B, "Variant", 'Raw Data'!$C:$C, "C. 10-19"),"") -> 103.53924 | K31: =IFERROR((J31-I31)/ABS(I31),"") -> -0.072149729 | L31: =IFERROR(SUMPRODUCT(('Raw Data'!$B$2:$B$9999="Control")*('Raw Data'!$C$2:$C$9999="D. 20-39")*'Raw Data'!$D$2:$D$9999*'Raw Data'!$V$2:$V$9999)/SUMIFS('Raw Data'!$D:$D, 'Raw Data'!$B:$B, "Control", 'Raw Data'!$C:$C, "D. 20-39"),"") -> 196.49451 | M31: =IFERROR(SUMPRODUCT(('Raw Data'!$B$2:$B$9999="Variant")*('Raw Data'!$C$2:$C$9999="D. 20-39")*'Raw Data'!$D$2:$D$9999*'Raw Data'!$V$2:$V$9999)/SUMIFS('Raw Data'!$D:$D, 'Raw Data'!$B:$B, "Variant", 'Raw Data'!$C:$C, "D. 20-39"),"") -> 183.3014 | N31: =IFERROR((M31-L31)/ABS(L31),"") -> -0.067142385 | O31: =IFERROR(SUMPRODUCT(('Raw Data'!$B$2:$B$9999="Control")*('Raw Data'!$C$2:$C$9999="E. 40-99")*'Raw Data'!$D$2:$D$9999*'Raw Data'!$V$2:$V$9999)/SUMIFS('Raw Data'!$D:$D, 'Raw Data'!$B:$B, "Control", 'Raw Data'!$C:$C, "E. 40-99"),"") -> 353.528 | P31: =IFERROR(SUMPRODUCT(('Raw Data'!$B$2:$B$9999="Variant")*('Raw Data'!$C$2:$C$9999="E. 40-99")*'Raw Data'!$D$2:$D$9999*'Raw Data'!$V$2:$V$9999)/SUMIFS('Raw Data'!$D:$D, 'Raw Data'!$B:$B, "Variant", 'Raw Data'!$C:$C, "E. 40-99"),"") -> 331.35707 | Q31: =IFERROR((P31-O31)/ABS(O31),"") -> -0.062713348 | R31: =IFERROR(SUMPRODUCT(('Raw Data'!$B$2:$B$9999="Control")*('Raw Data'!$C$2:$C$9999="F. 100+")*'Raw Data'!$D$2:$D$9999*'Raw Data'!$V$2:$V$9999)/SUMIFS('Raw Data'!$D:$D, 'Raw Data'!$B:$B, "Control", 'Raw Data'!$C:$C, "F. 100+"),"") -> 795.98142 | S31: =IFERROR(SUMPRODUCT(('Raw Data'!$B$2:$B$9999="Variant")*('Raw Data'!$C$2:$C$9999="F. 100+")*'Raw Data'!$D$2:$D$9999*'Raw Data'!$V$2:$V$9999)/SUMIFS('Raw Data'!$D:$D, 'Raw Data'!$B:$B, "Variant", 'Raw Data'!$C:$C, "F. 100+"),"") -> 566.06064 | T31: =IFERROR((S31-R31)/ABS(R31),"") -> -0.28885195
B32: HC NET (gain - spend) / player | C32: =IFERROR(SUMPRODUCT(('Raw Data'!$B$2:$B$9999="Control")*('Raw Data'!$C$2:$C$9999="A. 0")*'Raw Data'!$D$2:$D$9999*('Raw Data'!$Q$2:$Q$9999-'Raw Data'!$V$2:$V$9999))/SUMIFS('Raw Data'!$D:$D, 'Raw Data'!$B:$B, "Control", 'Raw Data'!$C:$C, "A. 0"),"") -> 22.689684 | D32: =IFERROR(SUMPRODUCT(('Raw Data'!$B$2:$B$9999="Variant")*('Raw Data'!$C$2:$C$9999="A. 0")*'Raw Data'!$D$2:$D$9999*('Raw Data'!$Q$2:$Q$9999-'Raw Data'!$V$2:$V$9999))/SUMIFS('Raw Data'!$D:$D, 'Raw Data'!$B:$B, "Variant", 'Raw Data'!$C:$C, "A. 0"),"") -> 18.95348 | E32: =IFERROR((D32-C32)/ABS(C32),"") -> -0.16466531 | F32: =IFERROR(SUMPRODUCT(('Raw Data'!$B$2:$B$9999="Control")*('Raw Data'!$C$2:$C$9999="B. 1-9")*'Raw Data'!$D$2:$D$9999*('Raw Data'!$Q$2:$Q$9999-'Raw Data'!$V$2:$V$9999))/SUMIFS('Raw Data'!$D:$D, 'Raw Data'!$B:$B, "Control", 'Raw Data'!$C:$C, "B. 1-9"),"") -> 3.0535374 | G32: =IFERROR(SUMPRODUCT(('Raw Data'!$B$2:$B$9999="Variant")*('Raw Data'!$C$2:$C$9999="B. 1-9")*'Raw Data'!$D$2:$D$9999*('Raw Data'!$Q$2:$Q$9999-'Raw Data'!$V$2:$V$9999))/SUMIFS('Raw Data'!$D:$D, 'Raw Data'!$B:$B, "Variant", 'Raw Data'!$C:$C, "B. 1-9"),"") -> 1.2841118 | H32: =IFERROR((G32-F32)/ABS(F32),"") -> -0.57946747 | I32: =IFERROR(SUMPRODUCT(('Raw Data'!$B$2:$B$9999="Control")*('Raw Data'!$C$2:$C$9999="C. 10-19")*'Raw Data'!$D$2:$D$9999*('Raw Data'!$Q$2:$Q$9999-'Raw Data'!$V$2:$V$9999))/SUMIFS('Raw Data'!$D:$D, 'Raw Data'!$B:$B, "Control", 'Raw Data'!$C:$C, "C. 10-19"),"") -> -0.39237314 | J32: =IFERROR(SUMPRODUCT(('Raw Data'!$B$2:$B$9999="Variant")*('Raw Data'!$C$2:$C$9999="C. 10-19")*'Raw Data'!$D$2:$D$9999*('Raw Data'!$Q$2:$Q$9999-'Raw Data'!$V$2:$V$9999))/SUMIFS('Raw Data'!$D:$D, 'Raw Data'!$B:$B, "Variant", 'Raw Data'!$C:$C, "C. 10-19"),"") -> -1.5092374 | K32: =IFERROR((J32-I32)/ABS(I32),"") -> -2.8464341 | L32: =IFERROR(SUMPRODUCT(('Raw Data'!$B$2:$B$9999="Control")*('Raw Data'!$C$2:$C$9999="D. 20-39")*'Raw Data'!$D$2:$D$9999*('Raw Data'!$Q$2:$Q$9999-'Raw Data'!$V$2:$V$9999))/SUMIFS('Raw Data'!$D:$D, 'Raw Data'!$B:$B, "Control", 'Raw Data'!$C:$C, "D. 20-39"),"") -> 1.5520768 | M32: =IFERROR(SUMPRODUCT(('Raw Data'!$B$2:$B$9999="Variant")*('Raw Data'!$C$2:$C$9999="D. 20-39")*'Raw Data'!$D$2:$D$9999*('Raw Data'!$Q$2:$Q$9999-'Raw Data'!$V$2:$V$9999))/SUMIFS('Raw Data'!$D:$D, 'Raw Data'!$B:$B, "Variant", 'Raw Data'!$C:$C, "D. 20-39"),"") -> 0.12204009 | N32: =IFERROR((M32-L32)/ABS(L32),"") -> -0.92136981 | O32: =IFERROR(SUMPRODUCT(('Raw Data'!$B$2:$B$9999="Control")*('Raw Data'!$C$2:$C$9999="E. 40-99")*'Raw Data'!$D$2:$D$9999*('Raw Data'!$Q$2:$Q$9999-'Raw Data'!$V$2:$V$9999))/SUMIFS('Raw Data'!$D:$D, 'Raw Data'!$B:$B, "Control", 'Raw Data'!$C:$C, "E. 40-99"),"") -> 10.462165 | P32: =IFERROR(SUMPRODUCT(('Raw Data'!$B$2:$B$9999="Variant")*('Raw Data'!$C$2:$C$9999="E. 40-99")*'Raw Data'!$D$2:$D$9999*('Raw Data'!$Q$2:$Q$9999-'Raw Data'!$V$2:$V$9999))/SUMIFS('Raw Data'!$D:$D, 'Raw Data'!$B:$B, "Variant", 'Raw Data'!$C:$C, "E. 40-99"),"") -> 8.9438921 | Q32: =IFERROR((P32-O32)/ABS(O32),"") -> -0.14512032 | R32: =IFERROR(SUMPRODUCT(('Raw Data'!$B$2:$B$9999="Control")*('Raw Data'!$C$2:$C$9999="F. 100+")*'Raw Data'!$D$2:$D$9999*('Raw Data'!$Q$2:$Q$9999-'Raw Data'!$V$2:$V$9999))/SUMIFS('Raw Data'!$D:$D, 'Raw Data'!$B:$B, "Control", 'Raw Data'!$C:$C, "F. 100+"),"") -> -133.01648 | S32: =IFERROR(SUMPRODUCT(('Raw Data'!$B$2:$B$9999="Variant")*('Raw Data'!$C$2:$C$9999="F. 100+")*'Raw Data'!$D$2:$D$9999*('Raw Data'!$Q$2:$Q$9999-'Raw Data'!$V$2:$V$9999))/SUMIFS('Raw Data'!$D:$D, 'Raw Data'!$B:$B, "Variant", 'Raw Data'!$C:$C, "F. 100+"),"") -> 52.441822 | T32: =IFERROR((S32-R32)/ABS(R32),"") -> 1.3942506
B33: HC spent / attempt | C33: =IFERROR(SUMPRODUCT(('Raw Data'!$B$2:$B$9999="Control")*('Raw Data'!$C$2:$C$9999="A. 0")*'Raw Data'!$D$2:$D$9999*'Raw Data'!$W$2:$W$9999)/SUMIFS('Raw Data'!$D:$D, 'Raw Data'!$B:$B, "Control", 'Raw Data'!$C:$C, "A. 0"),"") -> 0.91325144 | D33: =IFERROR(SUMPRODUCT(('Raw Data'!$B$2:$B$9999="Variant")*('Raw Data'!$C$2:$C$9999="A. 0")*'Raw Data'!$D$2:$D$9999*'Raw Data'!$W$2:$W$9999)/SUMIFS('Raw Data'!$D:$D, 'Raw Data'!$B:$B, "Variant", 'Raw Data'!$C:$C, "A. 0"),"") -> 0.78922658 | E33: =IFERROR((D33-C33)/ABS(C33),"") -> -0.13580582 | F33: =IFERROR(SUMPRODUCT(('Raw Data'!$B$2:$B$9999="Control")*('Raw Data'!$C$2:$C$9999="B. 1-9")*'Raw Data'!$D$2:$D$9999*'Raw Data'!$W$2:$W$9999)/SUMIFS('Raw Data'!$D:$D, 'Raw Data'!$B:$B, "Control", 'Raw Data'!$C:$C, "B. 1-9"),"") -> 3.8150658 | G33: =IFERROR(SUMPRODUCT(('Raw Data'!$B$2:$B$9999="Variant")*('Raw Data'!$C$2:$C$9999="B. 1-9")*'Raw Data'!$D$2:$D$9999*'Raw Data'!$W$2:$W$9999)/SUMIFS('Raw Data'!$D:$D, 'Raw Data'!$B:$B, "Variant", 'Raw Data'!$C:$C, "B. 1-9"),"") -> 3.5398696 | H33: =IFERROR((G33-F33)/ABS(F33),"") -> -0.072134042 | I33: =IFERROR(SUMPRODUCT(('Raw Data'!$B$2:$B$9999="Control")*('Raw Data'!$C$2:$C$9999="C. 10-19")*'Raw Data'!$D$2:$D$9999*'Raw Data'!$W$2:$W$9999)/SUMIFS('Raw Data'!$D:$D, 'Raw Data'!$B:$B, "Control", 'Raw Data'!$C:$C, "C. 10-19"),"") -> 4.1212767 | J33: =IFERROR(SUMPRODUCT(('Raw Data'!$B$2:$B$9999="Variant")*('Raw Data'!$C$2:$C$9999="C. 10-19")*'Raw Data'!$D$2:$D$9999*'Raw Data'!$W$2:$W$9999)/SUMIFS('Raw Data'!$D:$D, 'Raw Data'!$B:$B, "Variant", 'Raw Data'!$C:$C, "C. 10-19"),"") -> 3.6671245 | K33: =IFERROR((J33-I33)/ABS(I33),"") -> -0.11019695 | L33: =IFERROR(SUMPRODUCT(('Raw Data'!$B$2:$B$9999="Control")*('Raw Data'!$C$2:$C$9999="D. 20-39")*'Raw Data'!$D$2:$D$9999*'Raw Data'!$W$2:$W$9999)/SUMIFS('Raw Data'!$D:$D, 'Raw Data'!$B:$B, "Control", 'Raw Data'!$C:$C, "D. 20-39"),"") -> 4.6327724 | M33: =IFERROR(SUMPRODUCT(('Raw Data'!$B$2:$B$9999="Variant")*('Raw Data'!$C$2:$C$9999="D. 20-39")*'Raw Data'!$D$2:$D$9999*'Raw Data'!$W$2:$W$9999)/SUMIFS('Raw Data'!$D:$D, 'Raw Data'!$B:$B, "Variant", 'Raw Data'!$C:$C, "D. 20-39"),"") -> 4.1762346 | N33: =IFERROR((M33-L33)/ABS(L33),"") -> -0.098545276 | O33: =IFERROR(SUMPRODUCT(('Raw Data'!$B$2:$B$9999="Control")*('Raw Data'!$C$2:$C$9999="E. 40-99")*'Raw Data'!$D$2:$D$9999*'Raw Data'!$W$2:$W$9999)/SUMIFS('Raw Data'!$D:$D, 'Raw Data'!$B:$B, "Control", 'Raw Data'!$C:$C, "E. 40-99"),"") -> 4.5110683 | P33: =IFERROR(SUMPRODUCT(('Raw Data'!$B$2:$B$9999="Variant")*('Raw Data'!$C$2:$C$9999="E. 40-99")*'Raw Data'!$D$2:$D$9999*'Raw Data'!$W$2:$W$9999)/SUMIFS('Raw Data'!$D:$D, 'Raw Data'!$B:$B, "Variant", 'Raw Data'!$C:$C, "E. 40-99"),"") -> 4.2200544 | Q33: =IFERROR((P33-O33)/ABS(O33),"") -> -0.064511084 | R33: =IFERROR(SUMPRODUCT(('Raw Data'!$B$2:$B$9999="Control")*('Raw Data'!$C$2:$C$9999="F. 100+")*'Raw Data'!$D$2:$D$9999*'Raw Data'!$W$2:$W$9999)/SUMIFS('Raw Data'!$D:$D, 'Raw Data'!$B:$B, "Control", 'Raw Data'!$C:$C, "F. 100+"),"") -> 5.1708578 | S33: =IFERROR(SUMPRODUCT(('Raw Data'!$B$2:$B$9999="Variant")*('Raw Data'!$C$2:$C$9999="F. 100+")*'Raw Data'!$D$2:$D$9999*'Raw Data'!$W$2:$W$9999)/SUMIFS('Raw Data'!$D:$D, 'Raw Data'!$B:$B, "Variant", 'Raw Data'!$C:$C, "F. 100+"),"") -> 3.7123484 | T33: =IFERROR((S33-R33)/ABS(R33),"") -> -0.28206333
B34: Paid % of total HC gain | C34: =IFERROR(SUMPRODUCT(('Raw Data'!$B$2:$B$9999="Control")*('Raw Data'!$C$2:$C$9999="A. 0")*'Raw Data'!$D$2:$D$9999*'Raw Data'!$X$2:$X$9999)/SUMIFS('Raw Data'!$D:$D, 'Raw Data'!$B:$B, "Control", 'Raw Data'!$C:$C, "A. 0"),"") -> 0.62884491 | D34: =IFERROR(SUMPRODUCT(('Raw Data'!$B$2:$B$9999="Variant")*('Raw Data'!$C$2:$C$9999="A. 0")*'Raw Data'!$D$2:$D$9999*'Raw Data'!$X$2:$X$9999)/SUMIFS('Raw Data'!$D:$D, 'Raw Data'!$B:$B, "Variant", 'Raw Data'!$C:$C, "A. 0"),"") -> 1.8141814 | E34: =IFERROR((D34-C34)/ABS(C34),"") -> 1.8849424 | F34: =IFERROR(SUMPRODUCT(('Raw Data'!$B$2:$B$9999="Control")*('Raw Data'!$C$2:$C$9999="B. 1-9")*'Raw Data'!$D$2:$D$9999*'Raw Data'!$X$2:$X$9999)/SUMIFS('Raw Data'!$D:$D, 'Raw Data'!$B:$B, "Control", 'Raw Data'!$C:$C, "B. 1-9"),"") -> 4.7858144 | G34: =IFERROR(SUMPRODUCT(('Raw Data'!$B$2:$B$9999="Variant")*('Raw Data'!$C$2:$C$9999="B. 1-9")*'Raw Data'!$D$2:$D$9999*'Raw Data'!$X$2:$X$9999)/SUMIFS('Raw Data'!$D:$D, 'Raw Data'!$B:$B, "Variant", 'Raw Data'!$C:$C, "B. 1-9"),"") -> 5.1002903 | H34: =IFERROR((G34-F34)/ABS(F34),"") -> 0.065710016 | I34: =IFERROR(SUMPRODUCT(('Raw Data'!$B$2:$B$9999="Control")*('Raw Data'!$C$2:$C$9999="C. 10-19")*'Raw Data'!$D$2:$D$9999*'Raw Data'!$X$2:$X$9999)/SUMIFS('Raw Data'!$D:$D, 'Raw Data'!$B:$B, "Control", 'Raw Data'!$C:$C, "C. 10-19"),"") -> 8.61863 | J34: =IFERROR(SUMPRODUCT(('Raw Data'!$B$2:$B$9999="Variant")*('Raw Data'!$C$2:$C$9999="C. 10-19")*'Raw Data'!$D$2:$D$9999*'Raw Data'!$X$2:$X$9999)/SUMIFS('Raw Data'!$D:$D, 'Raw Data'!$B:$B, "Variant", 'Raw Data'!$C:$C, "C. 10-19"),"") -> 9.5119771 | K34: =IFERROR((J34-I34)/ABS(I34),"") -> 0.10365302 | L34: =IFERROR(SUMPRODUCT(('Raw Data'!$B$2:$B$9999="Control")*('Raw Data'!$C$2:$C$9999="D. 20-39")*'Raw Data'!$D$2:$D$9999*'Raw Data'!$X$2:$X$9999)/SUMIFS('Raw Data'!$D:$D, 'Raw Data'!$B:$B, "Control", 'Raw Data'!$C:$C, "D. 20-39"),"") -> 11.463121 | M34: =IFERROR(SUMPRODUCT(('Raw Data'!$B$2:$B$9999="Variant")*('Raw Data'!$C$2:$C$9999="D. 20-39")*'Raw Data'!$D$2:$D$9999*'Raw Data'!$X$2:$X$9999)/SUMIFS('Raw Data'!$D:$D, 'Raw Data'!$B:$B, "Variant", 'Raw Data'!$C:$C, "D. 20-39"),"") -> 11.403138 | N34: =IFERROR((M34-L34)/ABS(L34),"") -> -0.0052327503 | O34: =IFERROR(SUMPRODUCT(('Raw Data'!$B$2:$B$9999="Control")*('Raw Data'!$C$2:$C$9999="E. 40-99")*'Raw Data'!$D$2:$D$9999*'Raw Data'!$X$2:$X$9999)/SUMIFS('Raw Data'!$D:$D, 'Raw Data'!$B:$B, "Control", 'Raw Data'!$C:$C, "E. 40-99"),"") -> 11.130528 | P34: =IFERROR(SUMPRODUCT(('Raw Data'!$B$2:$B$9999="Variant")*('Raw Data'!$C$2:$C$9999="E. 40-99")*'Raw Data'!$D$2:$D$9999*'Raw Data'!$X$2:$X$9999)/SUMIFS('Raw Data'!$D:$D, 'Raw Data'!$B:$B, "Variant", 'Raw Data'!$C:$C, "E. 40-99"),"") -> 11.914333 | Q34: =IFERROR((P34-O34)/ABS(O34),"") -> 0.070419429 | R34: =IFERROR(SUMPRODUCT(('Raw Data'!$B$2:$B$9999="Control")*('Raw Data'!$C$2:$C$9999="F. 100+")*'Raw Data'!$D$2:$D$9999*'Raw Data'!$X$2:$X$9999)/SUMIFS('Raw Data'!$D:$D, 'Raw Data'!$B:$B, "Control", 'Raw Data'!$C:$C, "F. 100+"),"") -> 8.889369 | S34: =IFERROR(SUMPRODUCT(('Raw Data'!$B$2:$B$9999="Variant")*('Raw Data'!$C$2:$C$9999="F. 100+")*'Raw Data'!$D$2:$D$9999*'Raw Data'!$X$2:$X$9999)/SUMIFS('Raw Data'!$D:$D, 'Raw Data'!$B:$B, "Variant", 'Raw Data'!$C:$C, "F. 100+"),"") -> 10.272271 | T34: =IFERROR((S34-R34)/ABS(R34),"") -> 0.15556803
A35: HC Economy - Sources
B36: HC gain / player (CORE) | C36: =IFERROR(SUMPRODUCT(('Raw Data'!$B$2:$B$9999="Control")*('Raw Data'!$C$2:$C$9999="A. 0")*'Raw Data'!$D$2:$D$9999*'Raw Data'!$AX$2:$AX$9999)/SUMIFS('Raw Data'!$D:$D, 'Raw Data'!$B:$B, "Control", 'Raw Data'!$C:$C, "A. 0"),"") -> 12.919823 | D36: =IFERROR(SUMPRODUCT(('Raw Data'!$B$2:$B$9999="Variant")*('Raw Data'!$C$2:$C$9999="A. 0")*'Raw Data'!$D$2:$D$9999*'Raw Data'!$AX$2:$AX$9999)/SUMIFS('Raw Data'!$D:$D, 'Raw Data'!$B:$B, "Variant", 'Raw Data'!$C:$C, "A. 0"),"") -> 9.280534 | E36: =IFERROR((D36-C36)/ABS(C36),"") -> -0.28168255 | F36: =IFERROR(SUMPRODUCT(('Raw Data'!$B$2:$B$9999="Control")*('Raw Data'!$C$2:$C$9999="B. 1-9")*'Raw Data'!$D$2:$D$9999*'Raw Data'!$AX$2:$AX$9999)/SUMIFS('Raw Data'!$D:$D, 'Raw Data'!$B:$B, "Control", 'Raw Data'!$C:$C, "B. 1-9"),"") -> 28.20062 | G36: =IFERROR(SUMPRODUCT(('Raw Data'!$B$2:$B$9999="Variant")*('Raw Data'!$C$2:$C$9999="B. 1-9")*'Raw Data'!$D$2:$D$9999*'Raw Data'!$AX$2:$AX$9999)/SUMIFS('Raw Data'!$D:$D, 'Raw Data'!$B:$B, "Variant", 'Raw Data'!$C:$C, "B. 1-9"),"") -> 19.633826 | H36: =IFERROR((G36-F36)/ABS(F36),"") -> -0.30378032 | I36: =IFERROR(SUMPRODUCT(('Raw Data'!$B$2:$B$9999="Control")*('Raw Data'!$C$2:$C$9999="C. 10-19")*'Raw Data'!$D$2:$D$9999*'Raw Data'!$AX$2:$AX$9999)/SUMIFS('Raw Data'!$D:$D, 'Raw Data'!$B:$B, "Control", 'Raw Data'!$C:$C, "C. 10-19"),"") -> 45.359713 | J36: =IFERROR(SUMPRODUCT(('Raw Data'!$B$2:$B$9999="Variant")*('Raw Data'!$C$2:$C$9999="C. 10-19")*'Raw Data'!$D$2:$D$9999*'Raw Data'!$AX$2:$AX$9999)/SUMIFS('Raw Data'!$D:$D, 'Raw Data'!$B:$B, "Variant", 'Raw Data'!$C:$C, "C. 10-19"),"") -> 30.584056 | K36: =IFERROR((J36-I36)/ABS(I36),"") -> -0.32574406 | L36: =IFERROR(SUMPRODUCT(('Raw Data'!$B$2:$B$9999="Control")*('Raw Data'!$C$2:$C$9999="D. 20-39")*'Raw Data'!$D$2:$D$9999*'Raw Data'!$AX$2:$AX$9999)/SUMIFS('Raw Data'!$D:$D, 'Raw Data'!$B:$B, "Control", 'Raw Data'!$C:$C, "D. 20-39"),"") -> 73.704216 | M36: =IFERROR(SUMPRODUCT(('Raw Data'!$B$2:$B$9999="Variant")*('Raw Data'!$C$2:$C$9999="D. 20-39")*'Raw Data'!$D$2:$D$9999*'Raw Data'!$AX$2:$AX$9999)/SUMIFS('Raw Data'!$D:$D, 'Raw Data'!$B:$B, "Variant", 'Raw Data'!$C:$C, "D. 20-39"),"") -> 48.804773 | N36: =IFERROR((M36-L36)/ABS(L36),"") -> -0.33782928 | O36: =IFERROR(SUMPRODUCT(('Raw Data'!$B$2:$B$9999="Control")*('Raw Data'!$C$2:$C$9999="E. 40-99")*'Raw Data'!$D$2:$D$9999*'Raw Data'!$AX$2:$AX$9999)/SUMIFS('Raw Data'!$D:$D, 'Raw Data'!$B:$B, "Control", 'Raw Data'!$C:$C, "E. 40-99"),"") -> 140.8766 | P36: =IFERROR(SUMPRODUCT(('Raw Data'!$B$2:$B$9999="Variant")*('Raw Data'!$C$2:$C$9999="E. 40-99")*'Raw Data'!$D$2:$D$9999*'Raw Data'!$AX$2:$AX$9999)/SUMIFS('Raw Data'!$D:$D, 'Raw Data'!$B:$B, "Variant", 'Raw Data'!$C:$C, "E. 40-99"),"") -> 86.604763 | Q36: =IFERROR((P36-O36)/ABS(O36),"") -> -0.38524379 | R36: =IFERROR(SUMPRODUCT(('Raw Data'!$B$2:$B$9999="Control")*('Raw Data'!$C$2:$C$9999="F. 100+")*'Raw Data'!$D$2:$D$9999*'Raw Data'!$AX$2:$AX$9999)/SUMIFS('Raw Data'!$D:$D, 'Raw Data'!$B:$B, "Control", 'Raw Data'!$C:$C, "F. 100+"),"") -> 291.8729 | S36: =IFERROR(SUMPRODUCT(('Raw Data'!$B$2:$B$9999="Variant")*('Raw Data'!$C$2:$C$9999="F. 100+")*'Raw Data'!$D$2:$D$9999*'Raw Data'!$AX$2:$AX$9999)/SUMIFS('Raw Data'!$D:$D, 'Raw Data'!$B:$B, "Variant", 'Raw Data'!$C:$C, "F. 100+"),"") -> 165.77489 | T36: =IFERROR((S36-R36)/ABS(R36),"") -> -0.43203054
B37: HC gain / player (META) | C37: =IFERROR(SUMPRODUCT(('Raw Data'!$B$2:$B$9999="Control")*('Raw Data'!$C$2:$C$9999="A. 0")*'Raw Data'!$D$2:$D$9999*'Raw Data'!$AY$2:$AY$9999)/SUMIFS('Raw Data'!$D:$D, 'Raw Data'!$B:$B, "Control", 'Raw Data'!$C:$C, "A. 0"),"") -> 10.081832 | D37: =IFERROR(SUMPRODUCT(('Raw Data'!$B$2:$B$9999="Variant")*('Raw Data'!$C$2:$C$9999="A. 0")*'Raw Data'!$D$2:$D$9999*'Raw Data'!$AY$2:$AY$9999)/SUMIFS('Raw Data'!$D:$D, 'Raw Data'!$B:$B, "Variant", 'Raw Data'!$C:$C, "A. 0"),"") -> 9.3940619 | E37: =IFERROR((D37-C37)/ABS(C37),"") -> -0.068218756 | F37: =IFERROR(SUMPRODUCT(('Raw Data'!$B$2:$B$9999="Control")*('Raw Data'!$C$2:$C$9999="B. 1-9")*'Raw Data'!$D$2:$D$9999*'Raw Data'!$AY$2:$AY$9999)/SUMIFS('Raw Data'!$D:$D, 'Raw Data'!$B:$B, "Control", 'Raw Data'!$C:$C, "B. 1-9"),"") -> 24.185885 | G37: =IFERROR(SUMPRODUCT(('Raw Data'!$B$2:$B$9999="Variant")*('Raw Data'!$C$2:$C$9999="B. 1-9")*'Raw Data'!$D$2:$D$9999*'Raw Data'!$AY$2:$AY$9999)/SUMIFS('Raw Data'!$D:$D, 'Raw Data'!$B:$B, "Variant", 'Raw Data'!$C:$C, "B. 1-9"),"") -> 28.237978 | H37: =IFERROR((G37-F37)/ABS(F37),"") -> 0.16753958 | I37: =IFERROR(SUMPRODUCT(('Raw Data'!$B$2:$B$9999="Control")*('Raw Data'!$C$2:$C$9999="C. 10-19")*'Raw Data'!$D$2:$D$9999*'Raw Data'!$AY$2:$AY$9999)/SUMIFS('Raw Data'!$D:$D, 'Raw Data'!$B:$B, "Control", 'Raw Data'!$C:$C, "C. 10-19"),"") -> 50.153645 | J37: =IFERROR(SUMPRODUCT(('Raw Data'!$B$2:$B$9999="Variant")*('Raw Data'!$C$2:$C$9999="C. 10-19")*'Raw Data'!$D$2:$D$9999*'Raw Data'!$AY$2:$AY$9999)/SUMIFS('Raw Data'!$D:$D, 'Raw Data'!$B:$B, "Variant", 'Raw Data'!$C:$C, "C. 10-19"),"") -> 56.140775 | K37: =IFERROR((J37-I37)/ABS(I37),"") -> 0.11937578 | L37: =IFERROR(SUMPRODUCT(('Raw Data'!$B$2:$B$9999="Control")*('Raw Data'!$C$2:$C$9999="D. 20-39")*'Raw Data'!$D$2:$D$9999*'Raw Data'!$AY$2:$AY$9999)/SUMIFS('Raw Data'!$D:$D, 'Raw Data'!$B:$B, "Control", 'Raw Data'!$C:$C, "D. 20-39"),"") -> 93.93656 | M37: =IFERROR(SUMPRODUCT(('Raw Data'!$B$2:$B$9999="Variant")*('Raw Data'!$C$2:$C$9999="D. 20-39")*'Raw Data'!$D$2:$D$9999*'Raw Data'!$AY$2:$AY$9999)/SUMIFS('Raw Data'!$D:$D, 'Raw Data'!$B:$B, "Variant", 'Raw Data'!$C:$C, "D. 20-39"),"") -> 105.9968 | N37: =IFERROR((M37-L37)/ABS(L37),"") -> 0.12838707 | O37: =IFERROR(SUMPRODUCT(('Raw Data'!$B$2:$B$9999="Control")*('Raw Data'!$C$2:$C$9999="E. 40-99")*'Raw Data'!$D$2:$D$9999*'Raw Data'!$AY$2:$AY$9999)/SUMIFS('Raw Data'!$D:$D, 'Raw Data'!$B:$B, "Control", 'Raw Data'!$C:$C, "E. 40-99"),"") -> 171.89804 | P37: =IFERROR(SUMPRODUCT(('Raw Data'!$B$2:$B$9999="Variant")*('Raw Data'!$C$2:$C$9999="E. 40-99")*'Raw Data'!$D$2:$D$9999*'Raw Data'!$AY$2:$AY$9999)/SUMIFS('Raw Data'!$D:$D, 'Raw Data'!$B:$B, "Variant", 'Raw Data'!$C:$C, "E. 40-99"),"") -> 201.49086 | Q37: =IFERROR((P37-O37)/ABS(O37),"") -> 0.17215329 | R37: =IFERROR(SUMPRODUCT(('Raw Data'!$B$2:$B$9999="Control")*('Raw Data'!$C$2:$C$9999="F. 100+")*'Raw Data'!$D$2:$D$9999*'Raw Data'!$AY$2:$AY$9999)/SUMIFS('Raw Data'!$D:$D, 'Raw Data'!$B:$B, "Control", 'Raw Data'!$C:$C, "F. 100+"),"") -> 293.99117 | S37: =IFERROR(SUMPRODUCT(('Raw Data'!$B$2:$B$9999="Variant")*('Raw Data'!$C$2:$C$9999="F. 100+")*'Raw Data'!$D$2:$D$9999*'Raw Data'!$AY$2:$AY$9999)/SUMIFS('Raw Data'!$D:$D, 'Raw Data'!$B:$B, "Variant", 'Raw Data'!$C:$C, "F. 100+"),"") -> 372.24603 | T37: =IFERROR((S37-R37)/ABS(R37),"") -> 0.26618098
B38: HC gain / player (AD) | C38: =IFERROR(SUMPRODUCT(('Raw Data'!$B$2:$B$9999="Control")*('Raw Data'!$C$2:$C$9999="A. 0")*'Raw Data'!$D$2:$D$9999*'Raw Data'!$AZ$2:$AZ$9999)/SUMIFS('Raw Data'!$D:$D, 'Raw Data'!$B:$B, "Control", 'Raw Data'!$C:$C, "A. 0"),"") -> 1.8578783 | D38: =IFERROR(SUMPRODUCT(('Raw Data'!$B$2:$B$9999="Variant")*('Raw Data'!$C$2:$C$9999="A. 0")*'Raw Data'!$D$2:$D$9999*'Raw Data'!$AZ$2:$AZ$9999)/SUMIFS('Raw Data'!$D:$D, 'Raw Data'!$B:$B, "Variant", 'Raw Data'!$C:$C, "A. 0"),"") -> 1.6650906 | E38: =IFERROR((D38-C38)/ABS(C38),"") -> -0.10376769 | F38: =IFERROR(SUMPRODUCT(('Raw Data'!$B$2:$B$9999="Control")*('Raw Data'!$C$2:$C$9999="B. 1-9")*'Raw Data'!$D$2:$D$9999*'Raw Data'!$AZ$2:$AZ$9999)/SUMIFS('Raw Data'!$D:$D, 'Raw Data'!$B:$B, "Control", 'Raw Data'!$C:$C, "B. 1-9"),"") -> 3.7146116 | G38: =IFERROR(SUMPRODUCT(('Raw Data'!$B$2:$B$9999="Variant")*('Raw Data'!$C$2:$C$9999="B. 1-9")*'Raw Data'!$D$2:$D$9999*'Raw Data'!$AZ$2:$AZ$9999)/SUMIFS('Raw Data'!$D:$D, 'Raw Data'!$B:$B, "Variant", 'Raw Data'!$C:$C, "B. 1-9"),"") -> 3.3855277 | H38: =IFERROR((G38-F38)/ABS(F38),"") -> -0.088591727 | I38: =IFERROR(SUMPRODUCT(('Raw Data'!$B$2:$B$9999="Control")*('Raw Data'!$C$2:$C$9999="C. 10-19")*'Raw Data'!$D$2:$D$9999*'Raw Data'!$AZ$2:$AZ$9999)/SUMIFS('Raw Data'!$D:$D, 'Raw Data'!$B:$B, "Control", 'Raw Data'!$C:$C, "C. 10-19"),"") -> 4.7216026 | J38: =IFERROR(SUMPRODUCT(('Raw Data'!$B$2:$B$9999="Variant")*('Raw Data'!$C$2:$C$9999="C. 10-19")*'Raw Data'!$D$2:$D$9999*'Raw Data'!$AZ$2:$AZ$9999)/SUMIFS('Raw Data'!$D:$D, 'Raw Data'!$B:$B, "Variant", 'Raw Data'!$C:$C, "C. 10-19"),"") -> 4.5414895 | K38: =IFERROR((J38-I38)/ABS(I38),"") -> -0.038146598 | L38: =IFERROR(SUMPRODUCT(('Raw Data'!$B$2:$B$9999="Control")*('Raw Data'!$C$2:$C$9999="D. 20-39")*'Raw Data'!$D$2:$D$9999*'Raw Data'!$AZ$2:$AZ$9999)/SUMIFS('Raw Data'!$D:$D, 'Raw Data'!$B:$B, "Control", 'Raw Data'!$C:$C, "D. 20-39"),"") -> 4.7278005 | M38: =IFERROR(SUMPRODUCT(('Raw Data'!$B$2:$B$9999="Variant")*('Raw Data'!$C$2:$C$9999="D. 20-39")*'Raw Data'!$D$2:$D$9999*'Raw Data'!$AZ$2:$AZ$9999)/SUMIFS('Raw Data'!$D:$D, 'Raw Data'!$B:$B, "Variant", 'Raw Data'!$C:$C, "D. 20-39"),"") -> 5.0485119 | N38: =IFERROR((M38-L38)/ABS(L38),"") -> 0.067835226 | O38: =IFERROR(SUMPRODUCT(('Raw Data'!$B$2:$B$9999="Control")*('Raw Data'!$C$2:$C$9999="E. 40-99")*'Raw Data'!$D$2:$D$9999*'Raw Data'!$AZ$2:$AZ$9999)/SUMIFS('Raw Data'!$D:$D, 'Raw Data'!$B:$B, "Control", 'Raw Data'!$C:$C, "E. 40-99"),"") -> 5.5465263 | P38: =IFERROR(SUMPRODUCT(('Raw Data'!$B$2:$B$9999="Variant")*('Raw Data'!$C$2:$C$9999="E. 40-99")*'Raw Data'!$D$2:$D$9999*'Raw Data'!$AZ$2:$AZ$9999)/SUMIFS('Raw Data'!$D:$D, 'Raw Data'!$B:$B, "Variant", 'Raw Data'!$C:$C, "E. 40-99"),"") -> 5.8322344 | Q38: =IFERROR((P38-O38)/ABS(O38),"") -> 0.051511184 | R38: =IFERROR(SUMPRODUCT(('Raw Data'!$B$2:$B$9999="Control")*('Raw Data'!$C$2:$C$9999="F. 100+")*'Raw Data'!$D$2:$D$9999*'Raw Data'!$AZ$2:$AZ$9999)/SUMIFS('Raw Data'!$D:$D, 'Raw Data'!$B:$B, "Control", 'Raw Data'!$C:$C, "F. 100+"),"") -> 7.1128658 | S38: =IFERROR(SUMPRODUCT(('Raw Data'!$B$2:$B$9999="Variant")*('Raw Data'!$C$2:$C$9999="F. 100+")*'Raw Data'!$D$2:$D$9999*'Raw Data'!$AZ$2:$AZ$9999)/SUMIFS('Raw Data'!$D:$D, 'Raw Data'!$B:$B, "Variant", 'Raw Data'!$C:$C, "F. 100+"),"") -> 6.5075245 | T38: =IFERROR((S38-R38)/ABS(R38),"") -> -0.085105109
B39: HC gain / player (PURCHASE) | C39: =IFERROR(SUMPRODUCT(('Raw Data'!$B$2:$B$9999="Control")*('Raw Data'!$C$2:$C$9999="A. 0")*'Raw Data'!$D$2:$D$9999*'Raw Data'!$BA$2:$BA$9999)/SUMIFS('Raw Data'!$D:$D, 'Raw Data'!$B:$B, "Control", 'Raw Data'!$C:$C, "A. 0"),"") -> 0.17047942 | D39: =IFERROR(SUMPRODUCT(('Raw Data'!$B$2:$B$9999="Variant")*('Raw Data'!$C$2:$C$9999="A. 0")*'Raw Data'!$D$2:$D$9999*'Raw Data'!$BA$2:$BA$9999)/SUMIFS('Raw Data'!$D:$D, 'Raw Data'!$B:$B, "Variant", 'Raw Data'!$C:$C, "A. 0"),"") -> 0.60773332 | E39: =IFERROR((D39-C39)/ABS(C39),"") -> 2.5648487 | F39: =IFERROR(SUMPRODUCT(('Raw Data'!$B$2:$B$9999="Control")*('Raw Data'!$C$2:$C$9999="B. 1-9")*'Raw Data'!$D$2:$D$9999*'Raw Data'!$BA$2:$BA$9999)/SUMIFS('Raw Data'!$D:$D, 'Raw Data'!$B:$B, "Control", 'Raw Data'!$C:$C, "B. 1-9"),"") -> 2.7446198 | G39: =IFERROR(SUMPRODUCT(('Raw Data'!$B$2:$B$9999="Variant")*('Raw Data'!$C$2:$C$9999="B. 1-9")*'Raw Data'!$D$2:$D$9999*'Raw Data'!$BA$2:$BA$9999)/SUMIFS('Raw Data'!$D:$D, 'Raw Data'!$B:$B, "Variant", 'Raw Data'!$C:$C, "B. 1-9"),"") -> 2.639285 | H39: =IFERROR((G39-F39)/ABS(F39),"") -> -0.038378622 | I39: =IFERROR(SUMPRODUCT(('Raw Data'!$B$2:$B$9999="Control")*('Raw Data'!$C$2:$C$9999="C. 10-19")*'Raw Data'!$D$2:$D$9999*'Raw Data'!$BA$2:$BA$9999)/SUMIFS('Raw Data'!$D:$D, 'Raw Data'!$B:$B, "Control", 'Raw Data'!$C:$C, "C. 10-19"),"") -> 9.2858506 | J39: =IFERROR(SUMPRODUCT(('Raw Data'!$B$2:$B$9999="Variant")*('Raw Data'!$C$2:$C$9999="C. 10-19")*'Raw Data'!$D$2:$D$9999*'Raw Data'!$BA$2:$BA$9999)/SUMIFS('Raw Data'!$D:$D, 'Raw Data'!$B:$B, "Variant", 'Raw Data'!$C:$C, "C. 10-19"),"") -> 9.1106474 | K39: =IFERROR((J39-I39)/ABS(I39),"") -> -0.018867767 | L39: =IFERROR(SUMPRODUCT(('Raw Data'!$B$2:$B$9999="Control")*('Raw Data'!$C$2:$C$9999="D. 20-39")*'Raw Data'!$D$2:$D$9999*'Raw Data'!$BA$2:$BA$9999)/SUMIFS('Raw Data'!$D:$D, 'Raw Data'!$B:$B, "Control", 'Raw Data'!$C:$C, "D. 20-39"),"") -> 22.319661 | M39: =IFERROR(SUMPRODUCT(('Raw Data'!$B$2:$B$9999="Variant")*('Raw Data'!$C$2:$C$9999="D. 20-39")*'Raw Data'!$D$2:$D$9999*'Raw Data'!$BA$2:$BA$9999)/SUMIFS('Raw Data'!$D:$D, 'Raw Data'!$B:$B, "Variant", 'Raw Data'!$C:$C, "D. 20-39"),"") -> 20.109096 | N39: =IFERROR((M39-L39)/ABS(L39),"") -> -0.099041155 | O39: =IFERROR(SUMPRODUCT(('Raw Data'!$B$2:$B$9999="Control")*('Raw Data'!$C$2:$C$9999="E. 40-99")*'Raw Data'!$D$2:$D$9999*'Raw Data'!$BA$2:$BA$9999)/SUMIFS('Raw Data'!$D:$D, 'Raw Data'!$B:$B, "Control", 'Raw Data'!$C:$C, "E. 40-99"),"") -> 39.245935 | P39: =IFERROR(SUMPRODUCT(('Raw Data'!$B$2:$B$9999="Variant")*('Raw Data'!$C$2:$C$9999="E. 40-99")*'Raw Data'!$D$2:$D$9999*'Raw Data'!$BA$2:$BA$9999)/SUMIFS('Raw Data'!$D:$D, 'Raw Data'!$B:$B, "Variant", 'Raw Data'!$C:$C, "E. 40-99"),"") -> 39.460642 | Q39: =IFERROR((P39-O39)/ABS(O39),"") -> 0.0054708101 | R39: =IFERROR(SUMPRODUCT(('Raw Data'!$B$2:$B$9999="Control")*('Raw Data'!$C$2:$C$9999="F. 100+")*'Raw Data'!$D$2:$D$9999*'Raw Data'!$BA$2:$BA$9999)/SUMIFS('Raw Data'!$D:$D, 'Raw Data'!$B:$B, "Control", 'Raw Data'!$C:$C, "F. 100+"),"") -> 56.229317 | S39: =IFERROR(SUMPRODUCT(('Raw Data'!$B$2:$B$9999="Variant")*('Raw Data'!$C$2:$C$9999="F. 100+")*'Raw Data'!$D$2:$D$9999*'Raw Data'!$BA$2:$BA$9999)/SUMIFS('Raw Data'!$D:$D, 'Raw Data'!$B:$B, "Variant", 'Raw Data'!$C:$C, "F. 100+"),"") -> 61.049927 | T39: =IFERROR((S39-R39)/ABS(R39),"") -> 0.08573127
B40: HC gain / player (OTHER) | C40: =IFERROR(SUMPRODUCT(('Raw Data'!$B$2:$B$9999="Control")*('Raw Data'!$C$2:$C$9999="A. 0")*'Raw Data'!$D$2:$D$9999*'Raw Data'!$BB$2:$BB$9999)/SUMIFS('Raw Data'!$D:$D, 'Raw Data'!$B:$B, "Control", 'Raw Data'!$C:$C, "A. 0"),"") -> 0.19456077 | D40: =IFERROR(SUMPRODUCT(('Raw Data'!$B$2:$B$9999="Variant")*('Raw Data'!$C$2:$C$9999="A. 0")*'Raw Data'!$D$2:$D$9999*'Raw Data'!$BB$2:$BB$9999)/SUMIFS('Raw Data'!$D:$D, 'Raw Data'!$B:$B, "Variant", 'Raw Data'!$C:$C, "A. 0"),"") -> 0.18425474 | E40: =IFERROR((D40-C40)/ABS(C40),"") -> -0.052970784 | F40: =IFERROR(SUMPRODUCT(('Raw Data'!$B$2:$B$9999="Control")*('Raw Data'!$C$2:$C$9999="B. 1-9")*'Raw Data'!$D$2:$D$9999*'Raw Data'!$BB$2:$BB$9999)/SUMIFS('Raw Data'!$D:$D, 'Raw Data'!$B:$B, "Control", 'Raw Data'!$C:$C, "B. 1-9"),"") -> 0.81372767 | G40: =IFERROR(SUMPRODUCT(('Raw Data'!$B$2:$B$9999="Variant")*('Raw Data'!$C$2:$C$9999="B. 1-9")*'Raw Data'!$D$2:$D$9999*'Raw Data'!$BB$2:$BB$9999)/SUMIFS('Raw Data'!$D:$D, 'Raw Data'!$B:$B, "Variant", 'Raw Data'!$C:$C, "B. 1-9"),"") -> 0.82390816 | H40: =IFERROR((G40-F40)/ABS(F40),"") -> 0.012510934 | I40: =IFERROR(SUMPRODUCT(('Raw Data'!$B$2:$B$9999="Control")*('Raw Data'!$C$2:$C$9999="C. 10-19")*'Raw Data'!$D$2:$D$9999*'Raw Data'!$BB$2:$BB$9999)/SUMIFS('Raw Data'!$D:$D, 'Raw Data'!$B:$B, "Control", 'Raw Data'!$C:$C, "C. 10-19"),"") -> 1.6785576 | J40: =IFERROR(SUMPRODUCT(('Raw Data'!$B$2:$B$9999="Variant")*('Raw Data'!$C$2:$C$9999="C. 10-19")*'Raw Data'!$D$2:$D$9999*'Raw Data'!$BB$2:$BB$9999)/SUMIFS('Raw Data'!$D:$D, 'Raw Data'!$B:$B, "Variant", 'Raw Data'!$C:$C, "C. 10-19"),"") -> 1.6559037 | K40: =IFERROR((J40-I40)/ABS(I40),"") -> -0.013496052 | L40: =IFERROR(SUMPRODUCT(('Raw Data'!$B$2:$B$9999="Control")*('Raw Data'!$C$2:$C$9999="D. 20-39")*'Raw Data'!$D$2:$D$9999*'Raw Data'!$BB$2:$BB$9999)/SUMIFS('Raw Data'!$D:$D, 'Raw Data'!$B:$B, "Control", 'Raw Data'!$C:$C, "D. 20-39"),"") -> 3.3611587 | M40: =IFERROR(SUMPRODUCT(('Raw Data'!$B$2:$B$9999="Variant")*('Raw Data'!$C$2:$C$9999="D. 20-39")*'Raw Data'!$D$2:$D$9999*'Raw Data'!$BB$2:$BB$9999)/SUMIFS('Raw Data'!$D:$D, 'Raw Data'!$B:$B, "Variant", 'Raw Data'!$C:$C, "D. 20-39"),"") -> 3.4698924 | N40: =IFERROR((M40-L40)/ABS(L40),"") -> 0.032350057 | O40: =IFERROR(SUMPRODUCT(('Raw Data'!$B$2:$B$9999="Control")*('Raw Data'!$C$2:$C$9999="E. 40-99")*'Raw Data'!$D$2:$D$9999*'Raw Data'!$BB$2:$BB$9999)/SUMIFS('Raw Data'!$D:$D, 'Raw Data'!$B:$B, "Control", 'Raw Data'!$C:$C, "E. 40-99"),"") -> 6.4215173 | P40: =IFERROR(SUMPRODUCT(('Raw Data'!$B$2:$B$9999="Variant")*('Raw Data'!$C$2:$C$9999="E. 40-99")*'Raw Data'!$D$2:$D$9999*'Raw Data'!$BB$2:$BB$9999)/SUMIFS('Raw Data'!$D:$D, 'Raw Data'!$B:$B, "Variant", 'Raw Data'!$C:$C, "E. 40-99"),"") -> 6.9124718 | Q40: =IFERROR((P40-O40)/ABS(O40),"") -> 0.076454593 | R40: =IFERROR(SUMPRODUCT(('Raw Data'!$B$2:$B$9999="Control")*('Raw Data'!$C$2:$C$9999="F. 100+")*'Raw Data'!$D$2:$D$9999*'Raw Data'!$BB$2:$BB$9999)/SUMIFS('Raw Data'!$D:$D, 'Raw Data'!$B:$B, "Control", 'Raw Data'!$C:$C, "F. 100+"),"") -> 13.757331 | S40: =IFERROR(SUMPRODUCT(('Raw Data'!$B$2:$B$9999="Variant")*('Raw Data'!$C$2:$C$9999="F. 100+")*'Raw Data'!$D$2:$D$9999*'Raw Data'!$BB$2:$BB$9999)/SUMIFS('Raw Data'!$D:$D, 'Raw Data'!$B:$B, "Variant", 'Raw Data'!$C:$C, "F. 100+"),"") -> 12.923991 | T40: =IFERROR((S40-R40)/ABS(R40),"") -> -0.060574291
A41: HC Balance
B42: P50 HC balance | C42: =IFERROR(SUMPRODUCT(('Raw Data'!$B$2:$B$9999="Control")*('Raw Data'!$C$2:$C$9999="A. 0")*'Raw Data'!$D$2:$D$9999*'Raw Data'!$Y$2:$Y$9999)/SUMIFS('Raw Data'!$D:$D, 'Raw Data'!$B:$B, "Control", 'Raw Data'!$C:$C, "A. 0"),"") -> 193.75788 | D42: =IFERROR(SUMPRODUCT(('Raw Data'!$B$2:$B$9999="Variant")*('Raw Data'!$C$2:$C$9999="A. 0")*'Raw Data'!$D$2:$D$9999*'Raw Data'!$Y$2:$Y$9999)/SUMIFS('Raw Data'!$D:$D, 'Raw Data'!$B:$B, "Variant", 'Raw Data'!$C:$C, "A. 0"),"") -> 162.26158 | E42: =IFERROR((D42-C42)/ABS(C42),"") -> -0.16255497 | F42: =IFERROR(SUMPRODUCT(('Raw Data'!$B$2:$B$9999="Control")*('Raw Data'!$C$2:$C$9999="B. 1-9")*'Raw Data'!$D$2:$D$9999*'Raw Data'!$Y$2:$Y$9999)/SUMIFS('Raw Data'!$D:$D, 'Raw Data'!$B:$B, "Control", 'Raw Data'!$C:$C, "B. 1-9"),"") -> 113.09956 | G42: =IFERROR(SUMPRODUCT(('Raw Data'!$B$2:$B$9999="Variant")*('Raw Data'!$C$2:$C$9999="B. 1-9")*'Raw Data'!$D$2:$D$9999*'Raw Data'!$Y$2:$Y$9999)/SUMIFS('Raw Data'!$D:$D, 'Raw Data'!$B:$B, "Variant", 'Raw Data'!$C:$C, "B. 1-9"),"") -> 105.7761 | H42: =IFERROR((G42-F42)/ABS(F42),"") -> -0.0647523 | I42: =IFERROR(SUMPRODUCT(('Raw Data'!$B$2:$B$9999="Control")*('Raw Data'!$C$2:$C$9999="C. 10-19")*'Raw Data'!$D$2:$D$9999*'Raw Data'!$Y$2:$Y$9999)/SUMIFS('Raw Data'!$D:$D, 'Raw Data'!$B:$B, "Control", 'Raw Data'!$C:$C, "C. 10-19"),"") -> 108.57158 | J42: =IFERROR(SUMPRODUCT(('Raw Data'!$B$2:$B$9999="Variant")*('Raw Data'!$C$2:$C$9999="C. 10-19")*'Raw Data'!$D$2:$D$9999*'Raw Data'!$Y$2:$Y$9999)/SUMIFS('Raw Data'!$D:$D, 'Raw Data'!$B:$B, "Variant", 'Raw Data'!$C:$C, "C. 10-19"),"") -> 98.269702 | K42: =IFERROR((J42-I42)/ABS(I42),"") -> -0.094885603 | L42: =IFERROR(SUMPRODUCT(('Raw Data'!$B$2:$B$9999="Control")*('Raw Data'!$C$2:$C$9999="D. 20-39")*'Raw Data'!$D$2:$D$9999*'Raw Data'!$Y$2:$Y$9999)/SUMIFS('Raw Data'!$D:$D, 'Raw Data'!$B:$B, "Control", 'Raw Data'!$C:$C, "D. 20-39"),"") -> 121.07034 | M42: =IFERROR(SUMPRODUCT(('Raw Data'!$B$2:$B$9999="Variant")*('Raw Data'!$C$2:$C$9999="D. 20-39")*'Raw Data'!$D$2:$D$9999*'Raw Data'!$Y$2:$Y$9999)/SUMIFS('Raw Data'!$D:$D, 'Raw Data'!$B:$B, "Variant", 'Raw Data'!$C:$C, "D. 20-39"),"") -> 115.79294 | N42: =IFERROR((M42-L42)/ABS(L42),"") -> -0.043589503 | O42: =IFERROR(SUMPRODUCT(('Raw Data'!$B$2:$B$9999="Control")*('Raw Data'!$C$2:$C$9999="E. 40-99")*'Raw Data'!$D$2:$D$9999*'Raw Data'!$Y$2:$Y$9999)/SUMIFS('Raw Data'!$D:$D, 'Raw Data'!$B:$B, "Control", 'Raw Data'!$C:$C, "E. 40-99"),"") -> 167.76046 | P42: =IFERROR(SUMPRODUCT(('Raw Data'!$B$2:$B$9999="Variant")*('Raw Data'!$C$2:$C$9999="E. 40-99")*'Raw Data'!$D$2:$D$9999*'Raw Data'!$Y$2:$Y$9999)/SUMIFS('Raw Data'!$D:$D, 'Raw Data'!$B:$B, "Variant", 'Raw Data'!$C:$C, "E. 40-99"),"") -> 153.2082 | Q42: =IFERROR((P42-O42)/ABS(O42),"") -> -0.08674428 | R42: =IFERROR(SUMPRODUCT(('Raw Data'!$B$2:$B$9999="Control")*('Raw Data'!$C$2:$C$9999="F. 100+")*'Raw Data'!$D$2:$D$9999*'Raw Data'!$Y$2:$Y$9999)/SUMIFS('Raw Data'!$D:$D, 'Raw Data'!$B:$B, "Control", 'Raw Data'!$C:$C, "F. 100+"),"") -> 260.34445 | S42: =IFERROR(SUMPRODUCT(('Raw Data'!$B$2:$B$9999="Variant")*('Raw Data'!$C$2:$C$9999="F. 100+")*'Raw Data'!$D$2:$D$9999*'Raw Data'!$Y$2:$Y$9999)/SUMIFS('Raw Data'!$D:$D, 'Raw Data'!$B:$B, "Variant", 'Raw Data'!$C:$C, "F. 100+"),"") -> 264.66624 | T42: =IFERROR((S42-R42)/ABS(R42),"") -> 0.016600263
B43: P75 HC balance | C43: =IFERROR(SUMPRODUCT(('Raw Data'!$B$2:$B$9999="Control")*('Raw Data'!$C$2:$C$9999="A. 0")*'Raw Data'!$D$2:$D$9999*'Raw Data'!$Z$2:$Z$9999)/SUMIFS('Raw Data'!$D:$D, 'Raw Data'!$B:$B, "Control", 'Raw Data'!$C:$C, "A. 0"),"") -> 2079.846 | D43: =IFERROR(SUMPRODUCT(('Raw Data'!$B$2:$B$9999="Variant")*('Raw Data'!$C$2:$C$9999="A. 0")*'Raw Data'!$D$2:$D$9999*'Raw Data'!$Z$2:$Z$9999)/SUMIFS('Raw Data'!$D:$D, 'Raw Data'!$B:$B, "Variant", 'Raw Data'!$C:$C, "A. 0"),"") -> 1777.754 | E43: =IFERROR((D43-C43)/ABS(C43),"") -> -0.14524728 | F43: =IFERROR(SUMPRODUCT(('Raw Data'!$B$2:$B$9999="Control")*('Raw Data'!$C$2:$C$9999="B. 1-9")*'Raw Data'!$D$2:$D$9999*'Raw Data'!$Z$2:$Z$9999)/SUMIFS('Raw Data'!$D:$D, 'Raw Data'!$B:$B, "Control", 'Raw Data'!$C:$C, "B. 1-9"),"") -> 531.12838 | G43: =IFERROR(SUMPRODUCT(('Raw Data'!$B$2:$B$9999="Variant")*('Raw Data'!$C$2:$C$9999="B. 1-9")*'Raw Data'!$D$2:$D$9999*'Raw Data'!$Z$2:$Z$9999)/SUMIFS('Raw Data'!$D:$D, 'Raw Data'!$B:$B, "Variant", 'Raw Data'!$C:$C, "B. 1-9"),"") -> 523.78256 | H43: =IFERROR((G43-F43)/ABS(F43),"") -> -0.013830592 | I43: =IFERROR(SUMPRODUCT(('Raw Data'!$B$2:$B$9999="Control")*('Raw Data'!$C$2:$C$9999="C. 10-19")*'Raw Data'!$D$2:$D$9999*'Raw Data'!$Z$2:$Z$9999)/SUMIFS('Raw Data'!$D:$D, 'Raw Data'!$B:$B, "Control", 'Raw Data'!$C:$C, "C. 10-19"),"") -> 488.97885 | J43: =IFERROR(SUMPRODUCT(('Raw Data'!$B$2:$B$9999="Variant")*('Raw Data'!$C$2:$C$9999="C. 10-19")*'Raw Data'!$D$2:$D$9999*'Raw Data'!$Z$2:$Z$9999)/SUMIFS('Raw Data'!$D:$D, 'Raw Data'!$B:$B, "Variant", 'Raw Data'!$C:$C, "C. 10-19"),"") -> 408.719 | K43: =IFERROR((J43-I43)/ABS(I43),"") -> -0.16413767 | L43: =IFERROR(SUMPRODUCT(('Raw Data'!$B$2:$B$9999="Control")*('Raw Data'!$C$2:$C$9999="D. 20-39")*'Raw Data'!$D$2:$D$9999*'Raw Data'!$Z$2:$Z$9999)/SUMIFS('Raw Data'!$D:$D, 'Raw Data'!$B:$B, "Control", 'Raw Data'!$C:$C, "D. 20-39"),"") -> 569.13774 | M43: =IFERROR(SUMPRODUCT(('Raw Data'!$B$2:$B$9999="Variant")*('Raw Data'!$C$2:$C$9999="D. 20-39")*'Raw Data'!$D$2:$D$9999*'Raw Data'!$Z$2:$Z$9999)/SUMIFS('Raw Data'!$D:$D, 'Raw Data'!$B:$B, "Variant", 'Raw Data'!$C:$C, "D. 20-39"),"") -> 517.95316 | N43: =IFERROR((M43-L43)/ABS(L43),"") -> -0.08993356 | O43: =IFERROR(SUMPRODUCT(('Raw Data'!$B$2:$B$9999="Control")*('Raw Data'!$C$2:$C$9999="E. 40-99")*'Raw Data'!$D$2:$D$9999*'Raw Data'!$Z$2:$Z$9999)/SUMIFS('Raw Data'!$D:$D, 'Raw Data'!$B:$B, "Control", 'Raw Data'!$C:$C, "E. 40-99"),"") -> 936.54111 | P43: =IFERROR(SUMPRODUCT(('Raw Data'!$B$2:$B$9999="Variant")*('Raw Data'!$C$2:$C$9999="E. 40-99")*'Raw Data'!$D$2:$D$9999*'Raw Data'!$Z$2:$Z$9999)/SUMIFS('Raw Data'!$D:$D, 'Raw Data'!$B:$B, "Variant", 'Raw Data'!$C:$C, "E. 40-99"),"") -> 780.47117 | Q43: =IFERROR((P43-O43)/ABS(O43),"") -> -0.16664505 | R43: =IFERROR(SUMPRODUCT(('Raw Data'!$B$2:$B$9999="Control")*('Raw Data'!$C$2:$C$9999="F. 100+")*'Raw Data'!$D$2:$D$9999*'Raw Data'!$Z$2:$Z$9999)/SUMIFS('Raw Data'!$D:$D, 'Raw Data'!$B:$B, "Control", 'Raw Data'!$C:$C, "F. 100+"),"") -> 1183.7387 | S43: =IFERROR(SUMPRODUCT(('Raw Data'!$B$2:$B$9999="Variant")*('Raw Data'!$C$2:$C$9999="F. 100+")*'Raw Data'!$D$2:$D$9999*'Raw Data'!$Z$2:$Z$9999)/SUMIFS('Raw Data'!$D:$D, 'Raw Data'!$B:$B, "Variant", 'Raw Data'!$C:$C, "F. 100+"),"") -> 1361.2522 | T43: =IFERROR((S43-R43)/ABS(R43),"") -> 0.14996003
B44: P90 HC balance | C44: =IFERROR(SUMPRODUCT(('Raw Data'!$B$2:$B$9999="Control")*('Raw Data'!$C$2:$C$9999="A. 0")*'Raw Data'!$D$2:$D$9999*'Raw Data'!$AA$2:$AA$9999)/SUMIFS('Raw Data'!$D:$D, 'Raw Data'!$B:$B, "Control", 'Raw Data'!$C:$C, "A. 0"),"") -> 12582.609 | D44: =IFERROR(SUMPRODUCT(('Raw Data'!$B$2:$B$9999="Variant")*('Raw Data'!$C$2:$C$9999="A. 0")*'Raw Data'!$D$2:$D$9999*'Raw Data'!$AA$2:$AA$9999)/SUMIFS('Raw Data'!$D:$D, 'Raw Data'!$B:$B, "Variant", 'Raw Data'!$C:$C, "A. 0"),"") -> 11218.6 | E44: =IFERROR((D44-C44)/ABS(C44),"") -> -0.1084043 | F44: =IFERROR(SUMPRODUCT(('Raw Data'!$B$2:$B$9999="Control")*('Raw Data'!$C$2:$C$9999="B. 1-9")*'Raw Data'!$D$2:$D$9999*'Raw Data'!$AA$2:$AA$9999)/SUMIFS('Raw Data'!$D:$D, 'Raw Data'!$B:$B, "Control", 'Raw Data'!$C:$C, "B. 1-9"),"") -> 4461.6552 | G44: =IFERROR(SUMPRODUCT(('Raw Data'!$B$2:$B$9999="Variant")*('Raw Data'!$C$2:$C$9999="B. 1-9")*'Raw Data'!$D$2:$D$9999*'Raw Data'!$AA$2:$AA$9999)/SUMIFS('Raw Data'!$D:$D, 'Raw Data'!$B:$B, "Variant", 'Raw Data'!$C:$C, "B. 1-9"),"") -> 4318.5983 | H44: =IFERROR((G44-F44)/ABS(F44),"") -> -0.032063655 | I44: =IFERROR(SUMPRODUCT(('Raw Data'!$B$2:$B$9999="Control")*('Raw Data'!$C$2:$C$9999="C. 10-19")*'Raw Data'!$D$2:$D$9999*'Raw Data'!$AA$2:$AA$9999)/SUMIFS('Raw Data'!$D:$D, 'Raw Data'!$B:$B, "Control", 'Raw Data'!$C:$C, "C. 10-19"),"") -> 4382.5407 | J44: =IFERROR(SUMPRODUCT(('Raw Data'!$B$2:$B$9999="Variant")*('Raw Data'!$C$2:$C$9999="C. 10-19")*'Raw Data'!$D$2:$D$9999*'Raw Data'!$AA$2:$AA$9999)/SUMIFS('Raw Data'!$D:$D, 'Raw Data'!$B:$B, "Variant", 'Raw Data'!$C:$C, "C. 10-19"),"") -> 3531.7125 | K44: =IFERROR((J44-I44)/ABS(I44),"") -> -0.19414039 | L44: =IFERROR(SUMPRODUCT(('Raw Data'!$B$2:$B$9999="Control")*('Raw Data'!$C$2:$C$9999="D. 20-39")*'Raw Data'!$D$2:$D$9999*'Raw Data'!$AA$2:$AA$9999)/SUMIFS('Raw Data'!$D:$D, 'Raw Data'!$B:$B, "Control", 'Raw Data'!$C:$C, "D. 20-39"),"") -> 4335.582 | M44: =IFERROR(SUMPRODUCT(('Raw Data'!$B$2:$B$9999="Variant")*('Raw Data'!$C$2:$C$9999="D. 20-39")*'Raw Data'!$D$2:$D$9999*'Raw Data'!$AA$2:$AA$9999)/SUMIFS('Raw Data'!$D:$D, 'Raw Data'!$B:$B, "Variant", 'Raw Data'!$C:$C, "D. 20-39"),"") -> 4252.0554 | N44: =IFERROR((M44-L44)/ABS(L44),"") -> -0.019265356 | O44: =IFERROR(SUMPRODUCT(('Raw Data'!$B$2:$B$9999="Control")*('Raw Data'!$C$2:$C$9999="E. 40-99")*'Raw Data'!$D$2:$D$9999*'Raw Data'!$AA$2:$AA$9999)/SUMIFS('Raw Data'!$D:$D, 'Raw Data'!$B:$B, "Control", 'Raw Data'!$C:$C, "E. 40-99"),"") -> 5764.7112 | P44: =IFERROR(SUMPRODUCT(('Raw Data'!$B$2:$B$9999="Variant")*('Raw Data'!$C$2:$C$9999="E. 40-99")*'Raw Data'!$D$2:$D$9999*'Raw Data'!$AA$2:$AA$9999)/SUMIFS('Raw Data'!$D:$D, 'Raw Data'!$B:$B, "Variant", 'Raw Data'!$C:$C, "E. 40-99"),"") -> 4836.381 | Q44: =IFERROR((P44-O44)/ABS(O44),"") -> -0.16103672 | R44: =IFERROR(SUMPRODUCT(('Raw Data'!$B$2:$B$9999="Control")*('Raw Data'!$C$2:$C$9999="F. 100+")*'Raw Data'!$D$2:$D$9999*'Raw Data'!$AA$2:$AA$9999)/SUMIFS('Raw Data'!$D:$D, 'Raw Data'!$B:$B, "Control", 'Raw Data'!$C:$C, "F. 100+"),"") -> 5437.8316 | S44: =IFERROR(SUMPRODUCT(('Raw Data'!$B$2:$B$9999="Variant")*('Raw Data'!$C$2:$C$9999="F. 100+")*'Raw Data'!$D$2:$D$9999*'Raw Data'!$AA$2:$AA$9999)/SUMIFS('Raw Data'!$D:$D, 'Raw Data'!$B:$B, "Variant", 'Raw Data'!$C:$C, "F. 100+"),"") -> 6486.1711 | T44: =IFERROR((S44-R44)/ABS(R44),"") -> 0.19278632
A45: Boosters
B46: Booster gain total / player | C46: =IFERROR(SUMPRODUCT(('Raw Data'!$B$2:$B$9999="Control")*('Raw Data'!$C$2:$C$9999="A. 0")*'Raw Data'!$D$2:$D$9999*'Raw Data'!$AQ$2:$AQ$9999)/SUMIFS('Raw Data'!$D:$D, 'Raw Data'!$B:$B, "Control", 'Raw Data'!$C:$C, "A. 0"),"") -> 1.1501189 | D46: =IFERROR(SUMPRODUCT(('Raw Data'!$B$2:$B$9999="Variant")*('Raw Data'!$C$2:$C$9999="A. 0")*'Raw Data'!$D$2:$D$9999*'Raw Data'!$AQ$2:$AQ$9999)/SUMIFS('Raw Data'!$D:$D, 'Raw Data'!$B:$B, "Variant", 'Raw Data'!$C:$C, "A. 0"),"") -> 1.1749764 | E46: =IFERROR((D46-C46)/ABS(C46),"") -> 0.021613023 | F46: =IFERROR(SUMPRODUCT(('Raw Data'!$B$2:$B$9999="Control")*('Raw Data'!$C$2:$C$9999="B. 1-9")*'Raw Data'!$D$2:$D$9999*'Raw Data'!$AQ$2:$AQ$9999)/SUMIFS('Raw Data'!$D:$D, 'Raw Data'!$B:$B, "Control", 'Raw Data'!$C:$C, "B. 1-9"),"") -> 3.541524 | G46: =IFERROR(SUMPRODUCT(('Raw Data'!$B$2:$B$9999="Variant")*('Raw Data'!$C$2:$C$9999="B. 1-9")*'Raw Data'!$D$2:$D$9999*'Raw Data'!$AQ$2:$AQ$9999)/SUMIFS('Raw Data'!$D:$D, 'Raw Data'!$B:$B, "Variant", 'Raw Data'!$C:$C, "B. 1-9"),"") -> 4.0440984 | H46: =IFERROR((G46-F46)/ABS(F46),"") -> 0.14190908 | I46: =IFERROR(SUMPRODUCT(('Raw Data'!$B$2:$B$9999="Control")*('Raw Data'!$C$2:$C$9999="C. 10-19")*'Raw Data'!$D$2:$D$9999*'Raw Data'!$AQ$2:$AQ$9999)/SUMIFS('Raw Data'!$D:$D, 'Raw Data'!$B:$B, "Control", 'Raw Data'!$C:$C, "C. 10-19"),"") -> 6.640631 | J46: =IFERROR(SUMPRODUCT(('Raw Data'!$B$2:$B$9999="Variant")*('Raw Data'!$C$2:$C$9999="C. 10-19")*'Raw Data'!$D$2:$D$9999*'Raw Data'!$AQ$2:$AQ$9999)/SUMIFS('Raw Data'!$D:$D, 'Raw Data'!$B:$B, "Variant", 'Raw Data'!$C:$C, "C. 10-19"),"") -> 7.0347967 | K46: =IFERROR((J46-I46)/ABS(I46),"") -> 0.059356676 | L46: =IFERROR(SUMPRODUCT(('Raw Data'!$B$2:$B$9999="Control")*('Raw Data'!$C$2:$C$9999="D. 20-39")*'Raw Data'!$D$2:$D$9999*'Raw Data'!$AQ$2:$AQ$9999)/SUMIFS('Raw Data'!$D:$D, 'Raw Data'!$B:$B, "Control", 'Raw Data'!$C:$C, "D. 20-39"),"") -> 10.451984 | M46: =IFERROR(SUMPRODUCT(('Raw Data'!$B$2:$B$9999="Variant")*('Raw Data'!$C$2:$C$9999="D. 20-39")*'Raw Data'!$D$2:$D$9999*'Raw Data'!$AQ$2:$AQ$9999)/SUMIFS('Raw Data'!$D:$D, 'Raw Data'!$B:$B, "Variant", 'Raw Data'!$C:$C, "D. 20-39"),"") -> 10.059079 | N46: =IFERROR((M46-L46)/ABS(L46),"") -> -0.037591429 | O46: =IFERROR(SUMPRODUCT(('Raw Data'!$B$2:$B$9999="Control")*('Raw Data'!$C$2:$C$9999="E. 40-99")*'Raw Data'!$D$2:$D$9999*'Raw Data'!$AQ$2:$AQ$9999)/SUMIFS('Raw Data'!$D:$D, 'Raw Data'!$B:$B, "Control", 'Raw Data'!$C:$C, "E. 40-99"),"") -> 16.918806 | P46: =IFERROR(SUMPRODUCT(('Raw Data'!$B$2:$B$9999="Variant")*('Raw Data'!$C$2:$C$9999="E. 40-99")*'Raw Data'!$D$2:$D$9999*'Raw Data'!$AQ$2:$AQ$9999)/SUMIFS('Raw Data'!$D:$D, 'Raw Data'!$B:$B, "Variant", 'Raw Data'!$C:$C, "E. 40-99"),"") -> 14.225075 | Q46: =IFERROR((P46-O46)/ABS(O46),"") -> -0.15921519 | R46: =IFERROR(SUMPRODUCT(('Raw Data'!$B$2:$B$9999="Control")*('Raw Data'!$C$2:$C$9999="F. 100+")*'Raw Data'!$D$2:$D$9999*'Raw Data'!$AQ$2:$AQ$9999)/SUMIFS('Raw Data'!$D:$D, 'Raw Data'!$B:$B, "Control", 'Raw Data'!$C:$C, "F. 100+"),"") -> 33.919624 | S46: =IFERROR(SUMPRODUCT(('Raw Data'!$B$2:$B$9999="Variant")*('Raw Data'!$C$2:$C$9999="F. 100+")*'Raw Data'!$D$2:$D$9999*'Raw Data'!$AQ$2:$AQ$9999)/SUMIFS('Raw Data'!$D:$D, 'Raw Data'!$B:$B, "Variant", 'Raw Data'!$C:$C, "F. 100+"),"") -> 38.36534 | T46: =IFERROR((S46-R46)/ABS(R46),"") -> 0.13106619
B47: Booster gain PAID / player | C47: =IFERROR(SUMPRODUCT(('Raw Data'!$B$2:$B$9999="Control")*('Raw Data'!$C$2:$C$9999="A. 0")*'Raw Data'!$D$2:$D$9999*'Raw Data'!$AR$2:$AR$9999)/SUMIFS('Raw Data'!$D:$D, 'Raw Data'!$B:$B, "Control", 'Raw Data'!$C:$C, "A. 0"),"") -> 0.0058737525 | D47: =IFERROR(SUMPRODUCT(('Raw Data'!$B$2:$B$9999="Variant")*('Raw Data'!$C$2:$C$9999="A. 0")*'Raw Data'!$D$2:$D$9999*'Raw Data'!$AR$2:$AR$9999)/SUMIFS('Raw Data'!$D:$D, 'Raw Data'!$B:$B, "Variant", 'Raw Data'!$C:$C, "A. 0"),"") -> 0.015042299 | E47: =IFERROR((D47-C47)/ABS(C47),"") -> 1.560935 | F47: =IFERROR(SUMPRODUCT(('Raw Data'!$B$2:$B$9999="Control")*('Raw Data'!$C$2:$C$9999="B. 1-9")*'Raw Data'!$D$2:$D$9999*'Raw Data'!$AR$2:$AR$9999)/SUMIFS('Raw Data'!$D:$D, 'Raw Data'!$B:$B, "Control", 'Raw Data'!$C:$C, "B. 1-9"),"") -> 0.025998996 | G47: =IFERROR(SUMPRODUCT(('Raw Data'!$B$2:$B$9999="Variant")*('Raw Data'!$C$2:$C$9999="B. 1-9")*'Raw Data'!$D$2:$D$9999*'Raw Data'!$AR$2:$AR$9999)/SUMIFS('Raw Data'!$D:$D, 'Raw Data'!$B:$B, "Variant", 'Raw Data'!$C:$C, "B. 1-9"),"") -> 0.028265727 | H47: =IFERROR((G47-F47)/ABS(F47),"") -> 0.087185324 | I47: =IFERROR(SUMPRODUCT(('Raw Data'!$B$2:$B$9999="Control")*('Raw Data'!$C$2:$C$9999="C. 10-19")*'Raw Data'!$D$2:$D$9999*'Raw Data'!$AR$2:$AR$9999)/SUMIFS('Raw Data'!$D:$D, 'Raw Data'!$B:$B, "Control", 'Raw Data'!$C:$C, "C. 10-19"),"") -> 0.12723643 | J47: =IFERROR(SUMPRODUCT(('Raw Data'!$B$2:$B$9999="Variant")*('Raw Data'!$C$2:$C$9999="C. 10-19")*'Raw Data'!$D$2:$D$9999*'Raw Data'!$AR$2:$AR$9999)/SUMIFS('Raw Data'!$D:$D, 'Raw Data'!$B:$B, "Variant", 'Raw Data'!$C:$C, "C. 10-19"),"") -> 0.088281379 | K47: =IFERROR((J47-I47)/ABS(I47),"") -> -0.30616274 | L47: =IFERROR(SUMPRODUCT(('Raw Data'!$B$2:$B$9999="Control")*('Raw Data'!$C$2:$C$9999="D. 20-39")*'Raw Data'!$D$2:$D$9999*'Raw Data'!$AR$2:$AR$9999)/SUMIFS('Raw Data'!$D:$D, 'Raw Data'!$B:$B, "Control", 'Raw Data'!$C:$C, "D. 20-39"),"") -> 0.23561049 | M47: =IFERROR(SUMPRODUCT(('Raw Data'!$B$2:$B$9999="Variant")*('Raw Data'!$C$2:$C$9999="D. 20-39")*'Raw Data'!$D$2:$D$9999*'Raw Data'!$AR$2:$AR$9999)/SUMIFS('Raw Data'!$D:$D, 'Raw Data'!$B:$B, "Variant", 'Raw Data'!$C:$C, "D. 20-39"),"") -> 0.21192811 | N47: =IFERROR((M47-L47)/ABS(L47),"") -> -0.10051499 | O47: =IFERROR(SUMPRODUCT(('Raw Data'!$B$2:$B$9999="Control")*('Raw Data'!$C$2:$C$9999="E. 40-99")*'Raw Data'!$D$2:$D$9999*'Raw Data'!$AR$2:$AR$9999)/SUMIFS('Raw Data'!$D:$D, 'Raw Data'!$B:$B, "Control", 'Raw Data'!$C:$C, "E. 40-99"),"") -> 0.44905724 | P47: =IFERROR(SUMPRODUCT(('Raw Data'!$B$2:$B$9999="Variant")*('Raw Data'!$C$2:$C$9999="E. 40-99")*'Raw Data'!$D$2:$D$9999*'Raw Data'!$AR$2:$AR$9999)/SUMIFS('Raw Data'!$D:$D, 'Raw Data'!$B:$B, "Variant", 'Raw Data'!$C:$C, "E. 40-99"),"") -> 0.47169755 | Q47: =IFERROR((P47-O47)/ABS(O47),"") -> 0.050417438 | R47: =IFERROR(SUMPRODUCT(('Raw Data'!$B$2:$B$9999="Control")*('Raw Data'!$C$2:$C$9999="F. 100+")*'Raw Data'!$D$2:$D$9999*'Raw Data'!$AR$2:$AR$9999)/SUMIFS('Raw Data'!$D:$D, 'Raw Data'!$B:$B, "Control", 'Raw Data'!$C:$C, "F. 100+"),"") -> 4.0188788 | S47: =IFERROR(SUMPRODUCT(('Raw Data'!$B$2:$B$9999="Variant")*('Raw Data'!$C$2:$C$9999="F. 100+")*'Raw Data'!$D$2:$D$9999*'Raw Data'!$AR$2:$AR$9999)/SUMIFS('Raw Data'!$D:$D, 'Raw Data'!$B:$B, "Variant", 'Raw Data'!$C:$C, "F. 100+"),"") -> 0.82755604 | T47: =IFERROR((S47-R47)/ABS(R47),"") -> -0.79408286
B48: Booster gain FREE / player | C48: =IFERROR(SUMPRODUCT(('Raw Data'!$B$2:$B$9999="Control")*('Raw Data'!$C$2:$C$9999="A. 0")*'Raw Data'!$D$2:$D$9999*'Raw Data'!$AS$2:$AS$9999)/SUMIFS('Raw Data'!$D:$D, 'Raw Data'!$B:$B, "Control", 'Raw Data'!$C:$C, "A. 0"),"") -> 1.1442454 | D48: =IFERROR(SUMPRODUCT(('Raw Data'!$B$2:$B$9999="Variant")*('Raw Data'!$C$2:$C$9999="A. 0")*'Raw Data'!$D$2:$D$9999*'Raw Data'!$AS$2:$AS$9999)/SUMIFS('Raw Data'!$D:$D, 'Raw Data'!$B:$B, "Variant", 'Raw Data'!$C:$C, "A. 0"),"") -> 1.1599041 | E48: =IFERROR((D48-C48)/ABS(C48),"") -> 0.01368474 | F48: =IFERROR(SUMPRODUCT(('Raw Data'!$B$2:$B$9999="Control")*('Raw Data'!$C$2:$C$9999="B. 1-9")*'Raw Data'!$D$2:$D$9999*'Raw Data'!$AS$2:$AS$9999)/SUMIFS('Raw Data'!$D:$D, 'Raw Data'!$B:$B, "Control", 'Raw Data'!$C:$C, "B. 1-9"),"") -> 3.5155111 | G48: =IFERROR(SUMPRODUCT(('Raw Data'!$B$2:$B$9999="Variant")*('Raw Data'!$C$2:$C$9999="B. 1-9")*'Raw Data'!$D$2:$D$9999*'Raw Data'!$AS$2:$AS$9999)/SUMIFS('Raw Data'!$D:$D, 'Raw Data'!$B:$B, "Variant", 'Raw Data'!$C:$C, "B. 1-9"),"") -> 4.015847 | H48: =IFERROR((G48-F48)/ABS(F48),"") -> 0.14232239 | I48: =IFERROR(SUMPRODUCT(('Raw Data'!$B$2:$B$9999="Control")*('Raw Data'!$C$2:$C$9999="C. 10-19")*'Raw Data'!$D$2:$D$9999*'Raw Data'!$AS$2:$AS$9999)/SUMIFS('Raw Data'!$D:$D, 'Raw Data'!$B:$B, "Control", 'Raw Data'!$C:$C, "C. 10-19"),"") -> 6.5133791 | J48: =IFERROR(SUMPRODUCT(('Raw Data'!$B$2:$B$9999="Variant")*('Raw Data'!$C$2:$C$9999="C. 10-19")*'Raw Data'!$D$2:$D$9999*'Raw Data'!$AS$2:$AS$9999)/SUMIFS('Raw Data'!$D:$D, 'Raw Data'!$B:$B, "Variant", 'Raw Data'!$C:$C, "C. 10-19"),"") -> 6.9465167 | K48: =IFERROR((J48-I48)/ABS(I48),"") -> 0.066499681 | L48: =IFERROR(SUMPRODUCT(('Raw Data'!$B$2:$B$9999="Control")*('Raw Data'!$C$2:$C$9999="D. 20-39")*'Raw Data'!$D$2:$D$9999*'Raw Data'!$AS$2:$AS$9999)/SUMIFS('Raw Data'!$D:$D, 'Raw Data'!$B:$B, "Control", 'Raw Data'!$C:$C, "D. 20-39"),"") -> 10.216373 | M48: =IFERROR(SUMPRODUCT(('Raw Data'!$B$2:$B$9999="Variant")*('Raw Data'!$C$2:$C$9999="D. 20-39")*'Raw Data'!$D$2:$D$9999*'Raw Data'!$AS$2:$AS$9999)/SUMIFS('Raw Data'!$D:$D, 'Raw Data'!$B:$B, "Variant", 'Raw Data'!$C:$C, "D. 20-39"),"") -> 9.8471508 | N48: =IFERROR((M48-L48)/ABS(L48),"") -> -0.03614027 | O48: =IFERROR(SUMPRODUCT(('Raw Data'!$B$2:$B$9999="Control")*('Raw Data'!$C$2:$C$9999="E. 40-99")*'Raw Data'!$D$2:$D$9999*'Raw Data'!$AS$2:$AS$9999)/SUMIFS('Raw Data'!$D:$D, 'Raw Data'!$B:$B, "Control", 'Raw Data'!$C:$C, "E. 40-99"),"") -> 16.46975 | P48: =IFERROR(SUMPRODUCT(('Raw Data'!$B$2:$B$9999="Variant")*('Raw Data'!$C$2:$C$9999="E. 40-99")*'Raw Data'!$D$2:$D$9999*'Raw Data'!$AS$2:$AS$9999)/SUMIFS('Raw Data'!$D:$D, 'Raw Data'!$B:$B, "Variant", 'Raw Data'!$C:$C, "E. 40-99"),"") -> 13.753336 | Q48: =IFERROR((P48-O48)/ABS(O48),"") -> -0.16493354 | R48: =IFERROR(SUMPRODUCT(('Raw Data'!$B$2:$B$9999="Control")*('Raw Data'!$C$2:$C$9999="F. 100+")*'Raw Data'!$D$2:$D$9999*'Raw Data'!$AS$2:$AS$9999)/SUMIFS('Raw Data'!$D:$D, 'Raw Data'!$B:$B, "Control", 'Raw Data'!$C:$C, "F. 100+"),"") -> 29.900731 | S48: =IFERROR(SUMPRODUCT(('Raw Data'!$B$2:$B$9999="Variant")*('Raw Data'!$C$2:$C$9999="F. 100+")*'Raw Data'!$D$2:$D$9999*'Raw Data'!$AS$2:$AS$9999)/SUMIFS('Raw Data'!$D:$D, 'Raw Data'!$B:$B, "Variant", 'Raw Data'!$C:$C, "F. 100+"),"") -> 37.537784 | T48: =IFERROR((S48-R48)/ABS(R48),"") -> 0.2554136
B49: Booster spent / player | C49: =IFERROR(SUMPRODUCT(('Raw Data'!$B$2:$B$9999="Control")*('Raw Data'!$C$2:$C$9999="A. 0")*'Raw Data'!$D$2:$D$9999*'Raw Data'!$AT$2:$AT$9999)/SUMIFS('Raw Data'!$D:$D, 'Raw Data'!$B:$B, "Control", 'Raw Data'!$C:$C, "A. 0"),"") -> 0.40814232 | D49: =IFERROR(SUMPRODUCT(('Raw Data'!$B$2:$B$9999="Variant")*('Raw Data'!$C$2:$C$9999="A. 0")*'Raw Data'!$D$2:$D$9999*'Raw Data'!$AT$2:$AT$9999)/SUMIFS('Raw Data'!$D:$D, 'Raw Data'!$B:$B, "Variant", 'Raw Data'!$C:$C, "A. 0"),"") -> 0.44287573 | E49: =IFERROR((D49-C49)/ABS(C49),"") -> 0.085101221 | F49: =IFERROR(SUMPRODUCT(('Raw Data'!$B$2:$B$9999="Control")*('Raw Data'!$C$2:$C$9999="B. 1-9")*'Raw Data'!$D$2:$D$9999*'Raw Data'!$AT$2:$AT$9999)/SUMIFS('Raw Data'!$D:$D, 'Raw Data'!$B:$B, "Control", 'Raw Data'!$C:$C, "B. 1-9"),"") -> 3.3163933 | G49: =IFERROR(SUMPRODUCT(('Raw Data'!$B$2:$B$9999="Variant")*('Raw Data'!$C$2:$C$9999="B. 1-9")*'Raw Data'!$D$2:$D$9999*'Raw Data'!$AT$2:$AT$9999)/SUMIFS('Raw Data'!$D:$D, 'Raw Data'!$B:$B, "Variant", 'Raw Data'!$C:$C, "B. 1-9"),"") -> 3.5015662 | H49: =IFERROR((G49-F49)/ABS(F49),"") -> 0.055835642 | I49: =IFERROR(SUMPRODUCT(('Raw Data'!$B$2:$B$9999="Control")*('Raw Data'!$C$2:$C$9999="C. 10-19")*'Raw Data'!$D$2:$D$9999*'Raw Data'!$AT$2:$AT$9999)/SUMIFS('Raw Data'!$D:$D, 'Raw Data'!$B:$B, "Control", 'Raw Data'!$C:$C, "C. 10-19"),"") -> 6.1408178 | J49: =IFERROR(SUMPRODUCT(('Raw Data'!$B$2:$B$9999="Variant")*('Raw Data'!$C$2:$C$9999="C. 10-19")*'Raw Data'!$D$2:$D$9999*'Raw Data'!$AT$2:$AT$9999)/SUMIFS('Raw Data'!$D:$D, 'Raw Data'!$B:$B, "Variant", 'Raw Data'!$C:$C, "C. 10-19"),"") -> 6.3493082 | K49: =IFERROR((J49-I49)/ABS(I49),"") -> 0.03395157 | L49: =IFERROR(SUMPRODUCT(('Raw Data'!$B$2:$B$9999="Control")*('Raw Data'!$C$2:$C$9999="D. 20-39")*'Raw Data'!$D$2:$D$9999*'Raw Data'!$AT$2:$AT$9999)/SUMIFS('Raw Data'!$D:$D, 'Raw Data'!$B:$B, "Control", 'Raw Data'!$C:$C, "D. 20-39"),"") -> 9.7224158 | M49: =IFERROR(SUMPRODUCT(('Raw Data'!$B$2:$B$9999="Variant")*('Raw Data'!$C$2:$C$9999="D. 20-39")*'Raw Data'!$D$2:$D$9999*'Raw Data'!$AT$2:$AT$9999)/SUMIFS('Raw Data'!$D:$D, 'Raw Data'!$B:$B, "Variant", 'Raw Data'!$C:$C, "D. 20-39"),"") -> 9.4906201 | N49: =IFERROR((M49-L49)/ABS(L49),"") -> -0.02384137 | O49: =IFERROR(SUMPRODUCT(('Raw Data'!$B$2:$B$9999="Control")*('Raw Data'!$C$2:$C$9999="E. 40-99")*'Raw Data'!$D$2:$D$9999*'Raw Data'!$AT$2:$AT$9999)/SUMIFS('Raw Data'!$D:$D, 'Raw Data'!$B:$B, "Control", 'Raw Data'!$C:$C, "E. 40-99"),"") -> 15.577683 | P49: =IFERROR(SUMPRODUCT(('Raw Data'!$B$2:$B$9999="Variant")*('Raw Data'!$C$2:$C$9999="E. 40-99")*'Raw Data'!$D$2:$D$9999*'Raw Data'!$AT$2:$AT$9999)/SUMIFS('Raw Data'!$D:$D, 'Raw Data'!$B:$B, "Variant", 'Raw Data'!$C:$C, "E. 40-99"),"") -> 13.770126 | Q49: =IFERROR((P49-O49)/ABS(O49),"") -> -0.11603503 | R49: =IFERROR(SUMPRODUCT(('Raw Data'!$B$2:$B$9999="Control")*('Raw Data'!$C$2:$C$9999="F. 100+")*'Raw Data'!$D$2:$D$9999*'Raw Data'!$AT$2:$AT$9999)/SUMIFS('Raw Data'!$D:$D, 'Raw Data'!$B:$B, "Control", 'Raw Data'!$C:$C, "F. 100+"),"") -> 29.786965 | S49: =IFERROR(SUMPRODUCT(('Raw Data'!$B$2:$B$9999="Variant")*('Raw Data'!$C$2:$C$9999="F. 100+")*'Raw Data'!$D$2:$D$9999*'Raw Data'!$AT$2:$AT$9999)/SUMIFS('Raw Data'!$D:$D, 'Raw Data'!$B:$B, "Variant", 'Raw Data'!$C:$C, "F. 100+"),"") -> 26.222367 | T49: =IFERROR((S49-R49)/ABS(R49),"") -> -0.1196697
B50: Booster NET (gain - spend) / player | C50: =IFERROR(SUMPRODUCT(('Raw Data'!$B$2:$B$9999="Control")*('Raw Data'!$C$2:$C$9999="A. 0")*'Raw Data'!$D$2:$D$9999*('Raw Data'!$AQ$2:$AQ$9999-'Raw Data'!$AT$2:$AT$9999))/SUMIFS('Raw Data'!$D:$D, 'Raw Data'!$B:$B, "Control", 'Raw Data'!$C:$C, "A. 0"),"") -> 0.74197658 | D50: =IFERROR(SUMPRODUCT(('Raw Data'!$B$2:$B$9999="Variant")*('Raw Data'!$C$2:$C$9999="A. 0")*'Raw Data'!$D$2:$D$9999*('Raw Data'!$AQ$2:$AQ$9999-'Raw Data'!$AT$2:$AT$9999))/SUMIFS('Raw Data'!$D:$D, 'Raw Data'!$B:$B, "Variant", 'Raw Data'!$C:$C, "A. 0"),"") -> 0.73210072 | E50: =IFERROR((D50-C50)/ABS(C50),"") -> -0.013310208 | F50: =IFERROR(SUMPRODUCT(('Raw Data'!$B$2:$B$9999="Control")*('Raw Data'!$C$2:$C$9999="B. 1-9")*'Raw Data'!$D$2:$D$9999*('Raw Data'!$AQ$2:$AQ$9999-'Raw Data'!$AT$2:$AT$9999))/SUMIFS('Raw Data'!$D:$D, 'Raw Data'!$B:$B, "Control", 'Raw Data'!$C:$C, "B. 1-9"),"") -> 0.22513066 | G50: =IFERROR(SUMPRODUCT(('Raw Data'!$B$2:$B$9999="Variant")*('Raw Data'!$C$2:$C$9999="B. 1-9")*'Raw Data'!$D$2:$D$9999*('Raw Data'!$AQ$2:$AQ$9999-'Raw Data'!$AT$2:$AT$9999))/SUMIFS('Raw Data'!$D:$D, 'Raw Data'!$B:$B, "Variant", 'Raw Data'!$C:$C, "B. 1-9"),"") -> 0.54253213 | H50: =IFERROR((G50-F50)/ABS(F50),"") -> 1.4098544 | I50: =IFERROR(SUMPRODUCT(('Raw Data'!$B$2:$B$9999="Control")*('Raw Data'!$C$2:$C$9999="C. 10-19")*'Raw Data'!$D$2:$D$9999*('Raw Data'!$AQ$2:$AQ$9999-'Raw Data'!$AT$2:$AT$9999))/SUMIFS('Raw Data'!$D:$D, 'Raw Data'!$B:$B, "Control", 'Raw Data'!$C:$C, "C. 10-19"),"") -> 0.49981315 | J50: =IFERROR(SUMPRODUCT(('Raw Data'!$B$2:$B$9999="Variant")*('Raw Data'!$C$2:$C$9999="C. 10-19")*'Raw Data'!$D$2:$D$9999*('Raw Data'!$AQ$2:$AQ$9999-'Raw Data'!$AT$2:$AT$9999))/SUMIFS('Raw Data'!$D:$D, 'Raw Data'!$B:$B, "Variant", 'Raw Data'!$C:$C, "C. 10-19"),"") -> 0.68548852 | K50: =IFERROR((J50-I50)/ABS(I50),"") -> 0.37148957 | L50: =IFERROR(SUMPRODUCT(('Raw Data'!$B$2:$B$9999="Control")*('Raw Data'!$C$2:$C$9999="D. 20-39")*'Raw Data'!$D$2:$D$9999*('Raw Data'!$AQ$2:$AQ$9999-'Raw Data'!$AT$2:$AT$9999))/SUMIFS('Raw Data'!$D:$D, 'Raw Data'!$B:$B, "Control", 'Raw Data'!$C:$C, "D. 20-39"),"") -> 0.72956811 | M50: =IFERROR(SUMPRODUCT(('Raw Data'!$B$2:$B$9999="Variant")*('Raw Data'!$C$2:$C$9999="D. 20-39")*'Raw Data'!$D$2:$D$9999*('Raw Data'!$AQ$2:$AQ$9999-'Raw Data'!$AT$2:$AT$9999))/SUMIFS('Raw Data'!$D:$D, 'Raw Data'!$B:$B, "Variant", 'Raw Data'!$C:$C, "D. 20-39"),"") -> 0.56845881 | N50: =IFERROR((M50-L50)/ABS(L50),"") -> -0.22082832 | O50: =IFERROR(SUMPRODUCT(('Raw Data'!$B$2:$B$9999="Control")*('Raw Data'!$C$2:$C$9999="E. 40-99")*'Raw Data'!$D$2:$D$9999*('Raw Data'!$AQ$2:$AQ$9999-'Raw Data'!$AT$2:$AT$9999))/SUMIFS('Raw Data'!$D:$D, 'Raw Data'!$B:$B, "Control", 'Raw Data'!$C:$C, "E. 40-99"),"") -> 1.3411233 | P50: =IFERROR(SUMPRODUCT(('Raw Data'!$B$2:$B$9999="Variant")*('Raw Data'!$C$2:$C$9999="E. 40-99")*'Raw Data'!$D$2:$D$9999*('Raw Data'!$AQ$2:$AQ$9999-'Raw Data'!$AT$2:$AT$9999))/SUMIFS('Raw Data'!$D:$D, 'Raw Data'!$B:$B, "Variant", 'Raw Data'!$C:$C, "E. 40-99"),"") -> 0.45494918 | Q50: =IFERROR((P50-O50)/ABS(O50),"") -> -0.66077006 | R50: =IFERROR(SUMPRODUCT(('Raw Data'!$B$2:$B$9999="Control")*('Raw Data'!$C$2:$C$9999="F. 100+")*'Raw Data'!$D$2:$D$9999*('Raw Data'!$AQ$2:$AQ$9999-'Raw Data'!$AT$2:$AT$9999))/SUMIFS('Raw Data'!$D:$D, 'Raw Data'!$B:$B, "Control", 'Raw Data'!$C:$C, "F. 100+"),"") -> 4.1326599 | S50: =IFERROR(SUMPRODUCT(('Raw Data'!$B$2:$B$9999="Variant")*('Raw Data'!$C$2:$C$9999="F. 100+")*'Raw Data'!$D$2:$D$9999*('Raw Data'!$AQ$2:$AQ$9999-'Raw Data'!$AT$2:$AT$9999))/SUMIFS('Raw Data'!$D:$D, 'Raw Data'!$B:$B, "Variant", 'Raw Data'!$C:$C, "F. 100+"),"") -> 12.142973 | T50: =IFERROR((S50-R50)/ABS(R50),"") -> 1.9382947
B51: Booster spent / attempt | C51: =IFERROR(SUMPRODUCT(('Raw Data'!$B$2:$B$9999="Control")*('Raw Data'!$C$2:$C$9999="A. 0")*'Raw Data'!$D$2:$D$9999*'Raw Data'!$AU$2:$AU$9999)/SUMIFS('Raw Data'!$D:$D, 'Raw Data'!$B:$B, "Control", 'Raw Data'!$C:$C, "A. 0"),"") -> 0.14664879 | D51: =IFERROR(SUMPRODUCT(('Raw Data'!$B$2:$B$9999="Variant")*('Raw Data'!$C$2:$C$9999="A. 0")*'Raw Data'!$D$2:$D$9999*'Raw Data'!$AU$2:$AU$9999)/SUMIFS('Raw Data'!$D:$D, 'Raw Data'!$B:$B, "Variant", 'Raw Data'!$C:$C, "A. 0"),"") -> 0.16237438 | E51: =IFERROR((D51-C51)/ABS(C51),"") -> 0.10723298 | F51: =IFERROR(SUMPRODUCT(('Raw Data'!$B$2:$B$9999="Control")*('Raw Data'!$C$2:$C$9999="B. 1-9")*'Raw Data'!$D$2:$D$9999*'Raw Data'!$AU$2:$AU$9999)/SUMIFS('Raw Data'!$D:$D, 'Raw Data'!$B:$B, "Control", 'Raw Data'!$C:$C, "B. 1-9"),"") -> 0.22340609 | G51: =IFERROR(SUMPRODUCT(('Raw Data'!$B$2:$B$9999="Variant")*('Raw Data'!$C$2:$C$9999="B. 1-9")*'Raw Data'!$D$2:$D$9999*'Raw Data'!$AU$2:$AU$9999)/SUMIFS('Raw Data'!$D:$D, 'Raw Data'!$B:$B, "Variant", 'Raw Data'!$C:$C, "B. 1-9"),"") -> 0.23249509 | H51: =IFERROR((G51-F51)/ABS(F51),"") -> 0.040683756 | I51: =IFERROR(SUMPRODUCT(('Raw Data'!$B$2:$B$9999="Control")*('Raw Data'!$C$2:$C$9999="C. 10-19")*'Raw Data'!$D$2:$D$9999*'Raw Data'!$AU$2:$AU$9999)/SUMIFS('Raw Data'!$D:$D, 'Raw Data'!$B:$B, "Control", 'Raw Data'!$C:$C, "C. 10-19"),"") -> 0.2267857 | J51: =IFERROR(SUMPRODUCT(('Raw Data'!$B$2:$B$9999="Variant")*('Raw Data'!$C$2:$C$9999="C. 10-19")*'Raw Data'!$D$2:$D$9999*'Raw Data'!$AU$2:$AU$9999)/SUMIFS('Raw Data'!$D:$D, 'Raw Data'!$B:$B, "Variant", 'Raw Data'!$C:$C, "C. 10-19"),"") -> 0.22482958 | K51: =IFERROR((J51-I51)/ABS(I51),"") -> -0.0086254093 | L51: =IFERROR(SUMPRODUCT(('Raw Data'!$B$2:$B$9999="Control")*('Raw Data'!$C$2:$C$9999="D. 20-39")*'Raw Data'!$D$2:$D$9999*'Raw Data'!$AU$2:$AU$9999)/SUMIFS('Raw Data'!$D:$D, 'Raw Data'!$B:$B, "Control", 'Raw Data'!$C:$C, "D. 20-39"),"") -> 0.22927446 | M51: =IFERROR(SUMPRODUCT(('Raw Data'!$B$2:$B$9999="Variant")*('Raw Data'!$C$2:$C$9999="D. 20-39")*'Raw Data'!$D$2:$D$9999*'Raw Data'!$AU$2:$AU$9999)/SUMIFS('Raw Data'!$D:$D, 'Raw Data'!$B:$B, "Variant", 'Raw Data'!$C:$C, "D. 20-39"),"") -> 0.21553596 | N51: =IFERROR((M51-L51)/ABS(L51),"") -> -0.059921611 | O51: =IFERROR(SUMPRODUCT(('Raw Data'!$B$2:$B$9999="Control")*('Raw Data'!$C$2:$C$9999="E. 40-99")*'Raw Data'!$D$2:$D$9999*'Raw Data'!$AU$2:$AU$9999)/SUMIFS('Raw Data'!$D:$D, 'Raw Data'!$B:$B, "Control", 'Raw Data'!$C:$C, "E. 40-99"),"") -> 0.19910707 | P51: =IFERROR(SUMPRODUCT(('Raw Data'!$B$2:$B$9999="Variant")*('Raw Data'!$C$2:$C$9999="E. 40-99")*'Raw Data'!$D$2:$D$9999*'Raw Data'!$AU$2:$AU$9999)/SUMIFS('Raw Data'!$D:$D, 'Raw Data'!$B:$B, "Variant", 'Raw Data'!$C:$C, "E. 40-99"),"") -> 0.1739685 | Q51: =IFERROR((P51-O51)/ABS(O51),"") -> -0.12625654 | R51: =IFERROR(SUMPRODUCT(('Raw Data'!$B$2:$B$9999="Control")*('Raw Data'!$C$2:$C$9999="F. 100+")*'Raw Data'!$D$2:$D$9999*'Raw Data'!$AU$2:$AU$9999)/SUMIFS('Raw Data'!$D:$D, 'Raw Data'!$B:$B, "Control", 'Raw Data'!$C:$C, "F. 100+"),"") -> 0.19436174 | S51: =IFERROR(SUMPRODUCT(('Raw Data'!$B$2:$B$9999="Variant")*('Raw Data'!$C$2:$C$9999="F. 100+")*'Raw Data'!$D$2:$D$9999*'Raw Data'!$AU$2:$AU$9999)/SUMIFS('Raw Data'!$D:$D, 'Raw Data'!$B:$B, "Variant", 'Raw Data'!$C:$C, "F. 100+"),"") -> 0.16581861 | T51: =IFERROR((S51-R51)/ABS(R51),"") -> -0.14685569
A53: NS Actual Completions
F54: Previous | G54: New | H54: Δ % | I54: Previous | J54: New | K54: Δ % | L54: Previous | M54: New | N54: Δ % | O54: Previous | P54: New | Q54: Δ % | R54: Previous | S54: New | T54: Δ %
B55: NS active rate (%) | D55: =IFERROR(SUMPRODUCT(('Raw Data'!$B$2:$B$9999="Variant")*('Raw Data'!$C$2:$C$9999="A. 0")*'Raw Data'!$D$2:$D$9999*'Raw Data'!$AM$2:$AM$9999)/SUMIFS('Raw Data'!$D:$D, 'Raw Data'!$B:$B, "Variant", 'Raw Data'!$C:$C, "A. 0"),"") -> 0.21164601 | F55: 42.647143 | G55: =IFERROR(SUMPRODUCT(('Raw Data'!$B$2:$B$9999="Variant")*('Raw Data'!$C$2:$C$9999="B. 1-9")*'Raw Data'!$D$2:$D$9999*'Raw Data'!$AM$2:$AM$9999)/SUMIFS('Raw Data'!$D:$D, 'Raw Data'!$B:$B, "Variant", 'Raw Data'!$C:$C, "B. 1-9"),"") -> 57.43824 | H55: =IFERROR((G55-F55)/ABS(F55),"") -> 0.34682504 | I55: 64.218039 | J55: =IFERROR(SUMPRODUCT(('Raw Data'!$B$2:$B$9999="Variant")*('Raw Data'!$C$2:$C$9999="C. 10-19")*'Raw Data'!$D$2:$D$9999*'Raw Data'!$AM$2:$AM$9999)/SUMIFS('Raw Data'!$D:$D, 'Raw Data'!$B:$B, "Variant", 'Raw Data'!$C:$C, "C. 10-19"),"") -> 58.622943 | K55: =IFERROR((J55-I55)/ABS(I55),"") -> -0.08712656 | L55: 67.131053 | M55: =IFERROR(SUMPRODUCT(('Raw Data'!$B$2:$B$9999="Variant")*('Raw Data'!$C$2:$C$9999="D. 20-39")*'Raw Data'!$D$2:$D$9999*'Raw Data'!$AM$2:$AM$9999)/SUMIFS('Raw Data'!$D:$D, 'Raw Data'!$B:$B, "Variant", 'Raw Data'!$C:$C, "D. 20-39"),"") -> 60.584926 | N55: =IFERROR((M55-L55)/ABS(L55),"") -> -0.097512654 | O55: 69.476952 | P55: =IFERROR(SUMPRODUCT(('Raw Data'!$B$2:$B$9999="Variant")*('Raw Data'!$C$2:$C$9999="E. 40-99")*'Raw Data'!$D$2:$D$9999*'Raw Data'!$AM$2:$AM$9999)/SUMIFS('Raw Data'!$D:$D, 'Raw Data'!$B:$B, "Variant", 'Raw Data'!$C:$C, "E. 40-99"),"") -> 57.802007 | Q55: =IFERROR((P55-O55)/ABS(O55),"") -> -0.16804054 | R55: 69.556122 | S55: =IFERROR(SUMPRODUCT(('Raw Data'!$B$2:$B$9999="Variant")*('Raw Data'!$C$2:$C$9999="F. 100+")*'Raw Data'!$D$2:$D$9999*'Raw Data'!$AM$2:$AM$9999)/SUMIFS('Raw Data'!$D:$D, 'Raw Data'!$B:$B, "Variant", 'Raw Data'!$C:$C, "F. 100+"),"") -> 56.466795 | T55: =IFERROR((S55-R55)/ABS(R55),"") -> -0.18818369
B56: R1 finished (%) [actual] | D56: =IFERROR(SUMPRODUCT(('Raw Data'!$B$2:$B$9999="Variant")*('Raw Data'!$C$2:$C$9999="A. 0")*'Raw Data'!$D$2:$D$9999*'Raw Data'!$AN$2:$AN$9999)/SUMIFS('Raw Data'!$D:$D, 'Raw Data'!$B:$B, "Variant", 'Raw Data'!$C:$C, "A. 0"),"") -> 0.21164601 | F56: 42.647143 | G56: =IFERROR(SUMPRODUCT(('Raw Data'!$B$2:$B$9999="Variant")*('Raw Data'!$C$2:$C$9999="B. 1-9")*'Raw Data'!$D$2:$D$9999*'Raw Data'!$AN$2:$AN$9999)/SUMIFS('Raw Data'!$D:$D, 'Raw Data'!$B:$B, "Variant", 'Raw Data'!$C:$C, "B. 1-9"),"") -> 57.43824 | H56: =IFERROR((G56-F56)/ABS(F56),"") -> 0.34682504 | I56: 64.218039 | J56: =IFERROR(SUMPRODUCT(('Raw Data'!$B$2:$B$9999="Variant")*('Raw Data'!$C$2:$C$9999="C. 10-19")*'Raw Data'!$D$2:$D$9999*'Raw Data'!$AN$2:$AN$9999)/SUMIFS('Raw Data'!$D:$D, 'Raw Data'!$B:$B, "Variant", 'Raw Data'!$C:$C, "C. 10-19"),"") -> 58.622943 | K56: =IFERROR((J56-I56)/ABS(I56),"") -> -0.08712656 | L56: 67.131053 | M56: =IFERROR(SUMPRODUCT(('Raw Data'!$B$2:$B$9999="Variant")*('Raw Data'!$C$2:$C$9999="D. 20-39")*'Raw Data'!$D$2:$D$9999*'Raw Data'!$AN$2:$AN$9999)/SUMIFS('Raw Data'!$D:$D, 'Raw Data'!$B:$B, "Variant", 'Raw Data'!$C:$C, "D. 20-39"),"") -> 60.584926 | N56: =IFERROR((M56-L56)/ABS(L56),"") -> -0.097512654 | O56: 69.476952 | P56: =IFERROR(SUMPRODUCT(('Raw Data'!$B$2:$B$9999="Variant")*('Raw Data'!$C$2:$C$9999="E. 40-99")*'Raw Data'!$D$2:$D$9999*'Raw Data'!$AN$2:$AN$9999)/SUMIFS('Raw Data'!$D:$D, 'Raw Data'!$B:$B, "Variant", 'Raw Data'!$C:$C, "E. 40-99"),"") -> 57.802007 | Q56: =IFERROR((P56-O56)/ABS(O56),"") -> -0.16804054 | R56: 69.556122 | S56: =IFERROR(SUMPRODUCT(('Raw Data'!$B$2:$B$9999="Variant")*('Raw Data'!$C$2:$C$9999="F. 100+")*'Raw Data'!$D$2:$D$9999*'Raw Data'!$AN$2:$AN$9999)/SUMIFS('Raw Data'!$D:$D, 'Raw Data'!$B:$B, "Variant", 'Raw Data'!$C:$C, "F. 100+"),"") -> 56.466795 | T56: =IFERROR((S56-R56)/ABS(R56),"") -> -0.18818369
B57: R2 finished (%) [actual] | D57: =IFERROR(SUMPRODUCT(('Raw Data'!$B$2:$B$9999="Variant")*('Raw Data'!$C$2:$C$9999="A. 0")*'Raw Data'!$D$2:$D$9999*'Raw Data'!$AO$2:$AO$9999)/SUMIFS('Raw Data'!$D:$D, 'Raw Data'!$B:$B, "Variant", 'Raw Data'!$C:$C, "A. 0"),"") -> 0.088901696 | F57: 20.758438 | G57: =IFERROR(SUMPRODUCT(('Raw Data'!$B$2:$B$9999="Variant")*('Raw Data'!$C$2:$C$9999="B. 1-9")*'Raw Data'!$D$2:$D$9999*'Raw Data'!$AO$2:$AO$9999)/SUMIFS('Raw Data'!$D:$D, 'Raw Data'!$B:$B, "Variant", 'Raw Data'!$C:$C, "B. 1-9"),"") -> 26.853996 | H57: =IFERROR((G57-F57)/ABS(F57),"") -> 0.29364244 | I57: 44.857285 | J57: =IFERROR(SUMPRODUCT(('Raw Data'!$B$2:$B$9999="Variant")*('Raw Data'!$C$2:$C$9999="C. 10-19")*'Raw Data'!$D$2:$D$9999*'Raw Data'!$AO$2:$AO$9999)/SUMIFS('Raw Data'!$D:$D, 'Raw Data'!$B:$B, "Variant", 'Raw Data'!$C:$C, "C. 10-19"),"") -> 35.161883 | K57: =IFERROR((J57-I57)/ABS(I57),"") -> -0.21613886 | L57: 44.821434 | M57: =IFERROR(SUMPRODUCT(('Raw Data'!$B$2:$B$9999="Variant")*('Raw Data'!$C$2:$C$9999="D. 20-39")*'Raw Data'!$D$2:$D$9999*'Raw Data'!$AO$2:$AO$9999)/SUMIFS('Raw Data'!$D:$D, 'Raw Data'!$B:$B, "Variant", 'Raw Data'!$C:$C, "D. 20-39"),"") -> 35.687379 | N57: =IFERROR((M57-L57)/ABS(L57),"") -> -0.20378765 | O57: 49.474289 | P57: =IFERROR(SUMPRODUCT(('Raw Data'!$B$2:$B$9999="Variant")*('Raw Data'!$C$2:$C$9999="E. 40-99")*'Raw Data'!$D$2:$D$9999*'Raw Data'!$AO$2:$AO$9999)/SUMIFS('Raw Data'!$D:$D, 'Raw Data'!$B:$B, "Variant", 'Raw Data'!$C:$C, "E. 40-99"),"") -> 33.575715 | Q57: =IFERROR((P57-O57)/ABS(O57),"") -> -0.32135022 | R57: 49.613295 | S57: =IFERROR(SUMPRODUCT(('Raw Data'!$B$2:$B$9999="Variant")*('Raw Data'!$C$2:$C$9999="F. 100+")*'Raw Data'!$D$2:$D$9999*'Raw Data'!$AO$2:$AO$9999)/SUMIFS('Raw Data'!$D:$D, 'Raw Data'!$B:$B, "Variant", 'Raw Data'!$C:$C, "F. 100+"),"") -> 30.771566 | T57: =IFERROR((S57-R57)/ABS(R57),"") -> -0.37977176
B58: R3 finished (%) [actual] | D58: =IFERROR(SUMPRODUCT(('Raw Data'!$B$2:$B$9999="Variant")*('Raw Data'!$C$2:$C$9999="A. 0")*'Raw Data'!$D$2:$D$9999*'Raw Data'!$AP$2:$AP$9999)/SUMIFS('Raw Data'!$D:$D, 'Raw Data'!$B:$B, "Variant", 'Raw Data'!$C:$C, "A. 0"),"") -> 0.030594967 | F58: 8.3585179 | G58: =IFERROR(SUMPRODUCT(('Raw Data'!$B$2:$B$9999="Variant")*('Raw Data'!$C$2:$C$9999="B. 1-9")*'Raw Data'!$D$2:$D$9999*'Raw Data'!$AP$2:$AP$9999)/SUMIFS('Raw Data'!$D:$D, 'Raw Data'!$B:$B, "Variant", 'Raw Data'!$C:$C, "B. 1-9"),"") -> 8.568088 | H58: =IFERROR((G58-F58)/ABS(F58),"") -> 0.025072637 | I58: 25.564668 | J58: =IFERROR(SUMPRODUCT(('Raw Data'!$B$2:$B$9999="Variant")*('Raw Data'!$C$2:$C$9999="C. 10-19")*'Raw Data'!$D$2:$D$9999*'Raw Data'!$AP$2:$AP$9999)/SUMIFS('Raw Data'!$D:$D, 'Raw Data'!$B:$B, "Variant", 'Raw Data'!$C:$C, "C. 10-19"),"") -> 16.968066 | K58: =IFERROR((J58-I58)/ABS(I58),"") -> -0.33626888 | L58: 29.762965 | M58: =IFERROR(SUMPRODUCT(('Raw Data'!$B$2:$B$9999="Variant")*('Raw Data'!$C$2:$C$9999="D. 20-39")*'Raw Data'!$D$2:$D$9999*'Raw Data'!$AP$2:$AP$9999)/SUMIFS('Raw Data'!$D:$D, 'Raw Data'!$B:$B, "Variant", 'Raw Data'!$C:$C, "D. 20-39"),"") -> 19.011746 | N58: =IFERROR((M58-L58)/ABS(L58),"") -> -0.36122808 | O58: 34.037131 | P58: =IFERROR(SUMPRODUCT(('Raw Data'!$B$2:$B$9999="Variant")*('Raw Data'!$C$2:$C$9999="E. 40-99")*'Raw Data'!$D$2:$D$9999*'Raw Data'!$AP$2:$AP$9999)/SUMIFS('Raw Data'!$D:$D, 'Raw Data'!$B:$B, "Variant", 'Raw Data'!$C:$C, "E. 40-99"),"") -> 18.993808 | Q58: =IFERROR((P58-O58)/ABS(O58),"") -> -0.441968 | R58: 36.705925 | S58: =IFERROR(SUMPRODUCT(('Raw Data'!$B$2:$B$9999="Variant")*('Raw Data'!$C$2:$C$9999="F. 100+")*'Raw Data'!$D$2:$D$9999*'Raw Data'!$AP$2:$AP$9999)/SUMIFS('Raw Data'!$D:$D, 'Raw Data'!$B:$B, "Variant", 'Raw Data'!$C:$C, "F. 100+"),"") -> 18.696347 | T58: =IFERROR((S58-R58)/ABS(R58),"") -> -0.49064499

Sheet Overall
A1: A/B Test Summary - Overall (across all buckets)
A3: Category | B3: Metric | C3: Control | D3: Variant | E3: Δ Abs | F3: Δ %
A4: Players
B5: Players (sum) | C5: =SUMIFS('Raw Data'!$D:$D, 'Raw Data'!$B:$B, "Control") -> 160072 | D5: =SUMIFS('Raw Data'!$D:$D, 'Raw Data'!$B:$B, "Variant") -> 159796 | E5: =IFERROR(D5-C5,"") -> -276 | F5: =IFERROR((D5-C5)/ABS(C5),"") -> -0.0017242241
A6: Revenue
B7: Total revenue | C7: =SUMIFS('Raw Data'!$F:$F, 'Raw Data'!$B:$B, "Control") -> 22117.47 | D7: =SUMIFS('Raw Data'!$F:$F, 'Raw Data'!$B:$B, "Variant") -> 22696.19 | E7: =IFERROR(D7-C7,"") -> 578.72 | F7: =IFERROR((D7-C7)/ABS(C7),"") -> 0.026165741
B8: ARPDAU | C8: =IFERROR(SUMIFS('Raw Data'!$F:$F, 'Raw Data'!$B:$B, "Control")/SUMIFS('Raw Data'!$D:$D, 'Raw Data'!$B:$B, "Control"),"") -> 0.13817201 | D8: =IFERROR(SUMIFS('Raw Data'!$F:$F, 'Raw Data'!$B:$B, "Variant")/SUMIFS('Raw Data'!$D:$D, 'Raw Data'!$B:$B, "Variant"),"") -> 0.14203228 | E8: =IFERROR(D8-C8,"") -> 0.0038602686 | F8: =IFERROR((D8-C8)/ABS(C8),"") -> 0.027938137
B9: ARPPU | C9: =IFERROR(SUMIFS('Raw Data'!$F:$F, 'Raw Data'!$B:$B, "Control")/SUMPRODUCT(('Raw Data'!$B$2:$B$9999="Control")*'Raw Data'!$D$2:$D$9999*'Raw Data'!$H$2:$H$9999/100),"") -> 4.7214059 | D9: =IFERROR(SUMIFS('Raw Data'!$F:$F, 'Raw Data'!$B:$B, "Variant")/SUMPRODUCT(('Raw Data'!$B$2:$B$9999="Variant")*'Raw Data'!$D$2:$D$9999*'Raw Data'!$H$2:$H$9999/100),"") -> 4.8928314 | E9: =IFERROR(D9-C9,"") -> 0.17142544 | F9: =IFERROR((D9-C9)/ABS(C9),"") -> 0.036308135
A10: Engagement
B11: Time spent (mins) | C11: =IFERROR(SUMPRODUCT(('Raw Data'!$B$2:$B$9999="Control")*'Raw Data'!$D$2:$D$9999*'Raw Data'!$J$2:$J$9999)/SUMIFS('Raw Data'!$D:$D, 'Raw Data'!$B:$B, "Control"),"") -> 55.72929 | D11: =IFERROR(SUMPRODUCT(('Raw Data'!$B$2:$B$9999="Variant")*'Raw Data'!$D$2:$D$9999*'Raw Data'!$J$2:$J$9999)/SUMIFS('Raw Data'!$D:$D, 'Raw Data'!$B:$B, "Variant"),"") -> 58.842559 | E11: =IFERROR(D11-C11,"") -> 3.1132691 | F11: =IFERROR((D11-C11)/ABS(C11),"") -> 0.055864144
B12: Level attempts / player | C12: =IFERROR(SUMPRODUCT(('Raw Data'!$B$2:$B$9999="Control")*'Raw Data'!$D$2:$D$9999*'Raw Data'!$K$2:$K$9999)/SUMIFS('Raw Data'!$D:$D, 'Raw Data'!$B:$B, "Control"),"") -> 29.557706 | D12: =IFERROR(SUMPRODUCT(('Raw Data'!$B$2:$B$9999="Variant")*'Raw Data'!$D$2:$D$9999*'Raw Data'!$K$2:$K$9999)/SUMIFS('Raw Data'!$D:$D, 'Raw Data'!$B:$B, "Variant"),"") -> 30.486819 | E12: =IFERROR(D12-C12,"") -> 0.92911272 | F12: =IFERROR((D12-C12)/ABS(C12),"") -> 0.031433858
B13: Level completes / player | C13: =IFERROR(SUMPRODUCT(('Raw Data'!$B$2:$B$9999="Control")*'Raw Data'!$D$2:$D$9999*'Raw Data'!$L$2:$L$9999)/SUMIFS('Raw Data'!$D:$D, 'Raw Data'!$B:$B, "Control"),"") -> 18.507484 | D13: =IFERROR(SUMPRODUCT(('Raw Data'!$B$2:$B$9999="Variant")*'Raw Data'!$D$2:$D$9999*'Raw Data'!$L$2:$L$9999)/SUMIFS('Raw Data'!$D:$D, 'Raw Data'!$B:$B, "Variant"),"") -> 18.765902 | E13: =IFERROR(D13-C13,"") -> 0.25841858 | F13: =IFERROR((D13-C13)/ABS(C13),"") -> 0.013962923
A14: Daily Streak
B15: Avg daily streak | C15: =IFERROR(SUMPRODUCT(('Raw Data'!$B$2:$B$9999="Control")*'Raw Data'!$D$2:$D$9999*'Raw Data'!$AD$2:$AD$9999)/SUMIFS('Raw Data'!$D:$D, 'Raw Data'!$B:$B, "Control"),"") -> 11.316731 | D15: =IFERROR(SUMPRODUCT(('Raw Data'!$B$2:$B$9999="Variant")*'Raw Data'!$D$2:$D$9999*'Raw Data'!$AD$2:$AD$9999)/SUMIFS('Raw Data'!$D:$D, 'Raw Data'!$B:$B, "Variant"),"") -> 11.250896 | E15: =IFERROR(D15-C15,"") -> -0.065835204 | F15: =IFERROR((D15-C15)/ABS(C15),"") -> -0.0058175108
B16: P25 daily streak | C16: =IFERROR(SUMPRODUCT(('Raw Data'!$B$2:$B$9999="Control")*'Raw Data'!$D$2:$D$9999*'Raw Data'!$AE$2:$AE$9999)/SUMIFS('Raw Data'!$D:$D, 'Raw Data'!$B:$B, "Control"),"") -> 4.265568 | D16: =IFERROR(SUMPRODUCT(('Raw Data'!$B$2:$B$9999="Variant")*'Raw Data'!$D$2:$D$9999*'Raw Data'!$AE$2:$AE$9999)/SUMIFS('Raw Data'!$D:$D, 'Raw Data'!$B:$B, "Variant"),"") -> 4.1845541 | E16: =IFERROR(D16-C16,"") -> -0.081013938 | F16: =IFERROR((D16-C16)/ABS(C16),"") -> -0.018992532
B17: P50 daily streak | C17: =IFERROR(SUMPRODUCT(('Raw Data'!$B$2:$B$9999="Control")*'Raw Data'!$D$2:$D$9999*'Raw Data'!$AF$2:$AF$9999)/SUMIFS('Raw Data'!$D:$D, 'Raw Data'!$B:$B, "Control"),"") -> 8.4761108 | D17: =IFERROR(SUMPRODUCT(('Raw Data'!$B$2:$B$9999="Variant")*'Raw Data'!$D$2:$D$9999*'Raw Data'!$AF$2:$AF$9999)/SUMIFS('Raw Data'!$D:$D, 'Raw Data'!$B:$B, "Variant"),"") -> 8.4447984 | E17: =IFERROR(D17-C17,"") -> -0.031312382 | F17: =IFERROR((D17-C17)/ABS(C17),"") -> -0.0036941922
B18: P75 daily streak | C18: =IFERROR(SUMPRODUCT(('Raw Data'!$B$2:$B$9999="Control")*'Raw Data'!$D$2:$D$9999*'Raw Data'!$AG$2:$AG$9999)/SUMIFS('Raw Data'!$D:$D, 'Raw Data'!$B:$B, "Control"),"") -> 15.39258 | D18: =IFERROR(SUMPRODUCT(('Raw Data'!$B$2:$B$9999="Variant")*'Raw Data'!$D$2:$D$9999*'Raw Data'!$AG$2:$AG$9999)/SUMIFS('Raw Data'!$D:$D, 'Raw Data'!$B:$B, "Variant"),"") -> 15.180349 | E18: =IFERROR(D18-C18,"") -> -0.21223089 | F18: =IFERROR((D18-C18)/ABS(C18),"") -> -0.013787871
B19: P90 daily streak | C19: =IFERROR(SUMPRODUCT(('Raw Data'!$B$2:$B$9999="Control")*'Raw Data'!$D$2:$D$9999*'Raw Data'!$AH$2:$AH$9999)/SUMIFS('Raw Data'!$D:$D, 'Raw Data'!$B:$B, "Control"),"") -> 24.354334 | D19: =IFERROR(SUMPRODUCT(('Raw Data'!$B$2:$B$9999="Variant")*'Raw Data'!$D$2:$D$9999*'Raw Data'!$AH$2:$AH$9999)/SUMIFS('Raw Data'!$D:$D, 'Raw Data'!$B:$B, "Variant"),"") -> 24.322167 | E19: =IFERROR(D19-C19,"") -> -0.032167287 | F19: =IFERROR((D19-C19)/ABS(C19),"") -> -0.0013208034
A20: Difficulty
B21: Pass rate | C21: =IFERROR(SUMPRODUCT(('Raw Data'!$B$2:$B$9999="Control")*'Raw Data'!$D$2:$D$9999*'Raw Data'!$M$2:$M$9999)/SUMIFS('Raw Data'!$D:$D, 'Raw Data'!$B:$B, "Control"),"") -> 0.46963739 | D21: =IFERROR(SUMPRODUCT(('Raw Data'!$B$2:$B$9999="Variant")*'Raw Data'!$D$2:$D$9999*'Raw Data'!$M$2:$M$9999)/SUMIFS('Raw Data'!$D:$D, 'Raw Data'!$B:$B, "Variant"),"") -> 0.46283305 | E21: =IFERROR(D21-C21,"") -> -0.0068043354 | F21: =IFERROR((D21-C21)/ABS(C21),"") -> -0.014488487
B22: OOM rate | C22: =IFERROR(SUMPRODUCT(('Raw Data'!$B$2:$B$9999="Control")*'Raw Data'!$D$2:$D$9999*'Raw Data'!$N$2:$N$9999)/SUMIFS('Raw Data'!$D:$D, 'Raw Data'!$B:$B, "Control"),"") -> 0.65619577 | D22: =IFERROR(SUMPRODUCT(('Raw Data'!$B$2:$B$9999="Variant")*'Raw Data'!$D$2:$D$9999*'Raw Data'!$N$2:$N$9999)/SUMIFS('Raw Data'!$D:$D, 'Raw Data'!$B:$B, "Variant"),"") -> 0.66127474 | E22: =IFERROR(D22-C22,"") -> 0.0050789703 | F22: =IFERROR((D22-C22)/ABS(C22),"") -> 0.0077400229
B23: First-try OOM rate | C23: =IFERROR(SUMPRODUCT(('Raw Data'!$B$2:$B$9999="Control")*'Raw Data'!$D$2:$D$9999*'Raw Data'!$O$2:$O$9999)/SUMIFS('Raw Data'!$D:$D, 'Raw Data'!$B:$B, "Control"),"") -> 0.4540044 | D23: =IFERROR(SUMPRODUCT(('Raw Data'!$B$2:$B$9999="Variant")*'Raw Data'!$D$2:$D$9999*'Raw Data'!$O$2:$O$9999)/SUMIFS('Raw Data'!$D:$D, 'Raw Data'!$B:$B, "Variant"),"") -> 0.45876736 | E23: =IFERROR(D23-C23,"") -> 0.0047629616 | F23: =IFERROR((D23-C23)/ABS(C23),"") -> 0.010491003
B24: Attempts per completion | C24: =IFERROR(SUMPRODUCT(('Raw Data'!$B$2:$B$9999="Control")*'Raw Data'!$D$2:$D$9999*'Raw Data'!$P$2:$P$9999)/SUMIFS('Raw Data'!$D:$D, 'Raw Data'!$B:$B, "Control"),"") -> 14.052031 | D24: =IFERROR(SUMPRODUCT(('Raw Data'!$B$2:$B$9999="Variant")*'Raw Data'!$D$2:$D$9999*'Raw Data'!$P$2:$P$9999)/SUMIFS('Raw Data'!$D:$D, 'Raw Data'!$B:$B, "Variant"),"") -> 23.200599 | E24: =IFERROR(D24-C24,"") -> 9.1485672 | F24: =IFERROR((D24-C24)/ABS(C24),"") -> 0.65104945
A25: HC Economy
B26: HC gain total / player | C26: =IFERROR(SUMPRODUCT(('Raw Data'!$B$2:$B$9999="Control")*'Raw Data'!$D$2:$D$9999*'Raw Data'!$Q$2:$Q$9999)/SUMIFS('Raw Data'!$D:$D, 'Raw Data'!$B:$B, "Control"),"") -> 132.1242 | D26: =IFERROR(SUMPRODUCT(('Raw Data'!$B$2:$B$9999="Variant")*'Raw Data'!$D$2:$D$9999*'Raw Data'!$Q$2:$Q$9999)/SUMIFS('Raw Data'!$D:$D, 'Raw Data'!$B:$B, "Variant"),"") -> 123.0312 | E26: =IFERROR(D26-C26,"") -> -9.0930051 | F26: =IFERROR((D26-C26)/ABS(C26),"") -> -0.068821646
B27: HC gain (ex-saga) / player | C27: =IFERROR(SUMPRODUCT(('Raw Data'!$B$2:$B$9999="Control")*'Raw Data'!$D$2:$D$9999*'Raw Data'!$R$2:$R$9999)/SUMIFS('Raw Data'!$D:$D, 'Raw Data'!$B:$B, "Control"),"") -> 105.95417 | D27: =IFERROR(SUMPRODUCT(('Raw Data'!$B$2:$B$9999="Variant")*'Raw Data'!$D$2:$D$9999*'Raw Data'!$R$2:$R$9999)/SUMIFS('Raw Data'!$D:$D, 'Raw Data'!$B:$B, "Variant"),"") -> 111.72018 | E27: =IFERROR(D27-C27,"") -> 5.766007 | F27: =IFERROR((D27-C27)/ABS(C27),"") -> 0.054419821
B28: HC gain from saga / player | C28: =IFERROR(SUMPRODUCT(('Raw Data'!$B$2:$B$9999="Control")*'Raw Data'!$D$2:$D$9999*'Raw Data'!$S$2:$S$9999)/SUMIFS('Raw Data'!$D:$D, 'Raw Data'!$B:$B, "Control"),"") -> 26.170438 | D28: =IFERROR(SUMPRODUCT(('Raw Data'!$B$2:$B$9999="Variant")*'Raw Data'!$D$2:$D$9999*'Raw Data'!$S$2:$S$9999)/SUMIFS('Raw Data'!$D:$D, 'Raw Data'!$B:$B, "Variant"),"") -> 11.310621 | E28: =IFERROR(D28-C28,"") -> -14.859817 | F28: =IFERROR((D28-C28)/ABS(C28),"") -> -0.56780927
B29: HC gain PAID / player | C29: =IFERROR(SUMPRODUCT(('Raw Data'!$B$2:$B$9999="Control")*'Raw Data'!$D$2:$D$9999*'Raw Data'!$T$2:$T$9999)/SUMIFS('Raw Data'!$D:$D, 'Raw Data'!$B:$B, "Control"),"") -> 11.979157 | D29: =IFERROR(SUMPRODUCT(('Raw Data'!$B$2:$B$9999="Variant")*'Raw Data'!$D$2:$D$9999*'Raw Data'!$T$2:$T$9999)/SUMIFS('Raw Data'!$D:$D, 'Raw Data'!$B:$B, "Variant"),"") -> 11.840745 | E29: =IFERROR(D29-C29,"") -> -0.13841199 | F29: =IFERROR((D29-C29)/ABS(C29),"") -> -0.011554401
B30: HC gain FREE / player | C30: =IFERROR(SUMPRODUCT(('Raw Data'!$B$2:$B$9999="Control")*'Raw Data'!$D$2:$D$9999*'Raw Data'!$U$2:$U$9999)/SUMIFS('Raw Data'!$D:$D, 'Raw Data'!$B:$B, "Control"),"") -> 120.14437 | D30: =IFERROR(SUMPRODUCT(('Raw Data'!$B$2:$B$9999="Variant")*'Raw Data'!$D$2:$D$9999*'Raw Data'!$U$2:$U$9999)/SUMIFS('Raw Data'!$D:$D, 'Raw Data'!$B:$B, "Variant"),"") -> 111.19108 | E30: =IFERROR(D30-C30,"") -> -8.953291 | F30: =IFERROR((D30-C30)/ABS(C30),"") -> -0.074521104
B31: HC spent / player | C31: =IFERROR(SUMPRODUCT(('Raw Data'!$B$2:$B$9999="Control")*'Raw Data'!$D$2:$D$9999*'Raw Data'!$V$2:$V$9999)/SUMIFS('Raw Data'!$D:$D, 'Raw Data'!$B:$B, "Control"),"") -> 128.51724 | D31: =IFERROR(SUMPRODUCT(('Raw Data'!$B$2:$B$9999="Variant")*'Raw Data'!$D$2:$D$9999*'Raw Data'!$V$2:$V$9999)/SUMIFS('Raw Data'!$D:$D, 'Raw Data'!$B:$B, "Variant"),"") -> 118.45238 | E31: =IFERROR(D31-C31,"") -> -10.064868 | F31: =IFERROR((D31-C31)/ABS(C31),"") -> -0.078315309
B32: HC net (gain - spend) / player | C32: =IFERROR(SUMPRODUCT(('Raw Data'!$B$2:$B$9999="Control")*'Raw Data'!$D$2:$D$9999*('Raw Data'!$Q$2:$Q$9999-'Raw Data'!$V$2:$V$9999))/SUMIFS('Raw Data'!$D:$D, 'Raw Data'!$B:$B, "Control"),"") -> 3.6069565 | D32: =IFERROR(SUMPRODUCT(('Raw Data'!$B$2:$B$9999="Variant")*'Raw Data'!$D$2:$D$9999*('Raw Data'!$Q$2:$Q$9999-'Raw Data'!$V$2:$V$9999))/SUMIFS('Raw Data'!$D:$D, 'Raw Data'!$B:$B, "Variant"),"") -> 4.5788191 | E32: =IFERROR(D32-C32,"") -> 0.97186262 | F32: =IFERROR((D32-C32)/ABS(C32),"") -> 0.26944118
B33: HC spent / attempt | C33: =IFERROR(SUMPRODUCT(('Raw Data'!$B$2:$B$9999="Control")*'Raw Data'!$D$2:$D$9999*'Raw Data'!$W$2:$W$9999)/SUMIFS('Raw Data'!$D:$D, 'Raw Data'!$B:$B, "Control"),"") -> 3.6806014 | D33: =IFERROR(SUMPRODUCT(('Raw Data'!$B$2:$B$9999="Variant")*'Raw Data'!$D$2:$D$9999*'Raw Data'!$W$2:$W$9999)/SUMIFS('Raw Data'!$D:$D, 'Raw Data'!$B:$B, "Variant"),"") -> 3.3462335 | E33: =IFERROR(D33-C33,"") -> -0.33436791 | F33: =IFERROR((D33-C33)/ABS(C33),"") -> -0.090845997
B34: Paid % of total HC gain | C34: =IFERROR(SUMPRODUCT(('Raw Data'!$B$2:$B$9999="Control")*'Raw Data'!$D$2:$D$9999*'Raw Data'!$X$2:$X$9999)/SUMIFS('Raw Data'!$D:$D, 'Raw Data'!$B:$B, "Control"),"") -> 6.972629 | D34: =IFERROR(SUMPRODUCT(('Raw Data'!$B$2:$B$9999="Variant")*'Raw Data'!$D$2:$D$9999*'Raw Data'!$X$2:$X$9999)/SUMIFS('Raw Data'!$D:$D, 'Raw Data'!$B:$B, "Variant"),"") -> 7.6532756 | E34: =IFERROR(D34-C34,"") -> 0.68064661 | F34: =IFERROR((D34-C34)/ABS(C34),"") -> 0.097616926
A35: HC Economy - Sources
B36: HC gain / player (CORE) | C36: =IFERROR(SUMPRODUCT(('Raw Data'!$B$2:$B$9999="Control")*'Raw Data'!$D$2:$D$9999*'Raw Data'!$AX$2:$AX$9999)/SUMIFS('Raw Data'!$D:$D, 'Raw Data'!$B:$B, "Control"),"") -> 53.812368 | D36: =IFERROR(SUMPRODUCT(('Raw Data'!$B$2:$B$9999="Variant")*'Raw Data'!$D$2:$D$9999*'Raw Data'!$AX$2:$AX$9999)/SUMIFS('Raw Data'!$D:$D, 'Raw Data'!$B:$B, "Variant"),"") -> 35.262618 | E36: =IFERROR(D36-C36,"") -> -18.54975 | F36: =IFERROR((D36-C36)/ABS(C36),"") -> -0.34471165
B37: HC gain / player (META) | C37: =IFERROR(SUMPRODUCT(('Raw Data'!$B$2:$B$9999="Control")*'Raw Data'!$D$2:$D$9999*'Raw Data'!$AY$2:$AY$9999)/SUMIFS('Raw Data'!$D:$D, 'Raw Data'!$B:$B, "Control"),"") -> 60.078004 | D37: =IFERROR(SUMPRODUCT(('Raw Data'!$B$2:$B$9999="Variant")*'Raw Data'!$D$2:$D$9999*'Raw Data'!$AY$2:$AY$9999)/SUMIFS('Raw Data'!$D:$D, 'Raw Data'!$B:$B, "Variant"),"") -> 69.680053 | E37: =IFERROR(D37-C37,"") -> 9.602049 | F37: =IFERROR((D37-C37)/ABS(C37),"") -> 0.15982637
B38: HC gain / player (AD) | C38: =IFERROR(SUMPRODUCT(('Raw Data'!$B$2:$B$9999="Control")*'Raw Data'!$D$2:$D$9999*'Raw Data'!$AZ$2:$AZ$9999)/SUMIFS('Raw Data'!$D:$D, 'Raw Data'!$B:$B, "Control"),"") -> 4.0990617 | D38: =IFERROR(SUMPRODUCT(('Raw Data'!$B$2:$B$9999="Variant")*'Raw Data'!$D$2:$D$9999*'Raw Data'!$AZ$2:$AZ$9999)/SUMIFS('Raw Data'!$D:$D, 'Raw Data'!$B:$B, "Variant"),"") -> 4.0214322 | E38: =IFERROR(D38-C38,"") -> -0.077629471 | F38: =IFERROR((D38-C38)/ABS(C38),"") -> -0.018938352
B39: HC gain / player (PURCHASE) | C39: =IFERROR(SUMPRODUCT(('Raw Data'!$B$2:$B$9999="Control")*'Raw Data'!$D$2:$D$9999*'Raw Data'!$BA$2:$BA$9999)/SUMIFS('Raw Data'!$D:$D, 'Raw Data'!$B:$B, "Control"),"") -> 11.978334 | D39: =IFERROR(SUMPRODUCT(('Raw Data'!$B$2:$B$9999="Variant")*'Raw Data'!$D$2:$D$9999*'Raw Data'!$BA$2:$BA$9999)/SUMIFS('Raw Data'!$D:$D, 'Raw Data'!$B:$B, "Variant"),"") -> 11.838311 | E39: =IFERROR(D39-C39,"") -> -0.14002284 | F39: =IFERROR((D39-C39)/ABS(C39),"") -> -0.011689676
B40: HC gain / player (OTHER) | C40: =IFERROR(SUMPRODUCT(('Raw Data'!$B$2:$B$9999="Control")*'Raw Data'!$D$2:$D$9999*'Raw Data'!$BB$2:$BB$9999)/SUMIFS('Raw Data'!$D:$D, 'Raw Data'!$B:$B, "Control"),"") -> 2.1581798 | D40: =IFERROR(SUMPRODUCT(('Raw Data'!$B$2:$B$9999="Variant")*'Raw Data'!$D$2:$D$9999*'Raw Data'!$BB$2:$BB$9999)/SUMIFS('Raw Data'!$D:$D, 'Raw Data'!$B:$B, "Variant"),"") -> 2.2304971 | E40: =IFERROR(D40-C40,"") -> 0.072317315 | F40: =IFERROR((D40-C40)/ABS(C40),"") -> 0.033508475
A41: HC Balance
B42: P50 HC balance | C42: =IFERROR(SUMPRODUCT(('Raw Data'!$B$2:$B$9999="Control")*'Raw Data'!$D$2:$D$9999*'Raw Data'!$Y$2:$Y$9999)/SUMIFS('Raw Data'!$D:$D, 'Raw Data'!$B:$B, "Control"),"") -> 133.70046 | D42: =IFERROR(SUMPRODUCT(('Raw Data'!$B$2:$B$9999="Variant")*'Raw Data'!$D$2:$D$9999*'Raw Data'!$Y$2:$Y$9999)/SUMIFS('Raw Data'!$D:$D, 'Raw Data'!$B:$B, "Variant"),"") -> 121.49082 | E42: =IFERROR(D42-C42,"") -> -12.20964 | F42: =IFERROR((D42-C42)/ABS(C42),"") -> -0.091320855
B43: P75 HC balance | C43: =IFERROR(SUMPRODUCT(('Raw Data'!$B$2:$B$9999="Control")*'Raw Data'!$D$2:$D$9999*'Raw Data'!$Z$2:$Z$9999)/SUMIFS('Raw Data'!$D:$D, 'Raw Data'!$B:$B, "Control"),"") -> 816.88752 | D43: =IFERROR(SUMPRODUCT(('Raw Data'!$B$2:$B$9999="Variant")*'Raw Data'!$D$2:$D$9999*'Raw Data'!$Z$2:$Z$9999)/SUMIFS('Raw Data'!$D:$D, 'Raw Data'!$B:$B, "Variant"),"") -> 721.86033 | E43: =IFERROR(D43-C43,"") -> -95.027191 | F43: =IFERROR((D43-C43)/ABS(C43),"") -> -0.11632837
B44: P90 HC balance | C44: =IFERROR(SUMPRODUCT(('Raw Data'!$B$2:$B$9999="Control")*'Raw Data'!$D$2:$D$9999*'Raw Data'!$AA$2:$AA$9999)/SUMIFS('Raw Data'!$D:$D, 'Raw Data'!$B:$B, "Control"),"") -> 5815.6696 | D44: =IFERROR(SUMPRODUCT(('Raw Data'!$B$2:$B$9999="Variant")*'Raw Data'!$D$2:$D$9999*'Raw Data'!$AA$2:$AA$9999)/SUMIFS('Raw Data'!$D:$D, 'Raw Data'!$B:$B, "Variant"),"") -> 5234.6991 | E44: =IFERROR(D44-C44,"") -> -580.97052 | F44: =IFERROR((D44-C44)/ABS(C44),"") -> -0.099897442
A45: Performance
B46: Avg player performance | C46: =IFERROR(SUMPRODUCT(('Raw Data'!$B$2:$B$9999="Control")*'Raw Data'!$D$2:$D$9999*'Raw Data'!$AB$2:$AB$9999)/SUMIFS('Raw Data'!$D:$D, 'Raw Data'!$B:$B, "Control"),"") -> 52.7881 | D46: =IFERROR(SUMPRODUCT(('Raw Data'!$B$2:$B$9999="Variant")*'Raw Data'!$D$2:$D$9999*'Raw Data'!$AB$2:$AB$9999)/SUMIFS('Raw Data'!$D:$D, 'Raw Data'!$B:$B, "Variant"),"") -> 52.819282 | E46: =IFERROR(D46-C46,"") -> 0.031182308 | F46: =IFERROR((D46-C46)/ABS(C46),"") -> 0.00059070715
B47: Avg PR (last 50 lvls) | C47: =IFERROR(SUMPRODUCT(('Raw Data'!$B$2:$B$9999="Control")*'Raw Data'!$D$2:$D$9999*'Raw Data'!$AC$2:$AC$9999)/SUMIFS('Raw Data'!$D:$D, 'Raw Data'!$B:$B, "Control"),"") -> 0.61918877 | D47: =IFERROR(SUMPRODUCT(('Raw Data'!$B$2:$B$9999="Variant")*'Raw Data'!$D$2:$D$9999*'Raw Data'!$AC$2:$AC$9999)/SUMIFS('Raw Data'!$D:$D, 'Raw Data'!$B:$B, "Variant"),"") -> 0.61927865 | E47: =IFERROR(D47-C47,"") -> 8.9880843e-05 | F47: =IFERROR((D47-C47)/ABS(C47),"") -> 0.00014515903
A48: NS Round Pass %
B49: R1 pass rate (%) | C49: =IFERROR(SUMPRODUCT(('Raw Data'!$B$2:$B$9999="Control")*'Raw Data'!$D$2:$D$9999*'Raw Data'!$AI$2:$AI$9999)/SUMIFS('Raw Data'!$D:$D, 'Raw Data'!$B:$B, "Control"),"") -> 53.515161 | D49: =IFERROR(SUMPRODUCT(('Raw Data'!$B$2:$B$9999="Variant")*'Raw Data'!$D$2:$D$9999*'Raw Data'!$AI$2:$AI$9999)/SUMIFS('Raw Data'!$D:$D, 'Raw Data'!$B:$B, "Variant"),"") -> 53.267983 | E49: =IFERROR(D49-C49,"") -> -0.24717812 | F49: =IFERROR((D49-C49)/ABS(C49),"") -> -0.0046188429
B50: R2 pass rate (%) | C50: =IFERROR(SUMPRODUCT(('Raw Data'!$B$2:$B$9999="Control")*'Raw Data'!$D$2:$D$9999*'Raw Data'!$AJ$2:$AJ$9999)/SUMIFS('Raw Data'!$D:$D, 'Raw Data'!$B:$B, "Control"),"") -> 22.108371 | D50: =IFERROR(SUMPRODUCT(('Raw Data'!$B$2:$B$9999="Variant")*'Raw Data'!$D$2:$D$9999*'Raw Data'!$AJ$2:$AJ$9999)/SUMIFS('Raw Data'!$D:$D, 'Raw Data'!$B:$B, "Variant"),"") -> 22.039777 | E50: =IFERROR(D50-C50,"") -> -0.068593955 | F50: =IFERROR((D50-C50)/ABS(C50),"") -> -0.0031026237
B51: R3 pass rate (%) | C51: =IFERROR(SUMPRODUCT(('Raw Data'!$B$2:$B$9999="Control")*'Raw Data'!$D$2:$D$9999*'Raw Data'!$AK$2:$AK$9999)/SUMIFS('Raw Data'!$D:$D, 'Raw Data'!$B:$B, "Control"),"") -> 5.6998238 | D51: =IFERROR(SUMPRODUCT(('Raw Data'!$B$2:$B$9999="Variant")*'Raw Data'!$D$2:$D$9999*'Raw Data'!$AK$2:$AK$9999)/SUMIFS('Raw Data'!$D:$D, 'Raw Data'!$B:$B, "Variant"),"") -> 5.6207589 | E51: =IFERROR(D51-C51,"") -> -0.079064862 | F51: =IFERROR((D51-C51)/ABS(C51),"") -> -0.013871457
A52: Retention
B53: D1 churn rate | C53: =IFERROR(SUMPRODUCT(('Raw Data'!$B$2:$B$9999="Control")*'Raw Data'!$D$2:$D$9999*'Raw Data'!$AL$2:$AL$9999)/SUMIFS('Raw Data'!$D:$D, 'Raw Data'!$B:$B, "Control"),"") -> 0.19805273 | D53: =IFERROR(SUMPRODUCT(('Raw Data'!$B$2:$B$9999="Variant")*'Raw Data'!$D$2:$D$9999*'Raw Data'!$AL$2:$AL$9999)/SUMIFS('Raw Data'!$D:$D, 'Raw Data'!$B:$B, "Variant"),"") -> 0.19733552 | E53: =IFERROR(D53-C53,"") -> -0.00071720286 | F53: =IFERROR((D53-C53)/ABS(C53),"") -> -0.0036212723
A54: NS Actual Completions
B55: NS active rate (%) | D55: =IFERROR(SUMPRODUCT(('Raw Data'!$B$2:$B$9999="Variant")*'Raw Data'!$D$2:$D$9999*'Raw Data'!$AM$2:$AM$9999)/SUMIFS('Raw Data'!$D:$D, 'Raw Data'!$B:$B, "Variant"),"") -> 49.698162
B56: R1 finished (%) [actual] | D56: =IFERROR(SUMPRODUCT(('Raw Data'!$B$2:$B$9999="Variant")*'Raw Data'!$D$2:$D$9999*'Raw Data'!$AN$2:$AN$9999)/SUMIFS('Raw Data'!$D:$D, 'Raw Data'!$B:$B, "Variant"),"") -> 49.698162
B57: R2 finished (%) [actual] | D57: =IFERROR(SUMPRODUCT(('Raw Data'!$B$2:$B$9999="Variant")*'Raw Data'!$D$2:$D$9999*'Raw Data'!$AO$2:$AO$9999)/SUMIFS('Raw Data'!$D:$D, 'Raw Data'!$B:$B, "Variant"),"") -> 27.281491
B58: R3 finished (%) [actual] | D58: =IFERROR(SUMPRODUCT(('Raw Data'!$B$2:$B$9999="Variant")*'Raw Data'!$D$2:$D$9999*'Raw Data'!$AP$2:$AP$9999)/SUMIFS('Raw Data'!$D:$D, 'Raw Data'!$B:$B, "Variant"),"") -> 12.539877
A59: Boosters
B60: Booster gain total / player | C60: =IFERROR(SUMPRODUCT(('Raw Data'!$B$2:$B$9999="Control")*'Raw Data'!$D$2:$D$9999*'Raw Data'!$AQ$2:$AQ$9999)/SUMIFS('Raw Data'!$D:$D, 'Raw Data'!$B:$B, "Control"),"") -> 7.0013765 | D60: =IFERROR(SUMPRODUCT(('Raw Data'!$B$2:$B$9999="Variant")*'Raw Data'!$D$2:$D$9999*'Raw Data'!$AQ$2:$AQ$9999)/SUMIFS('Raw Data'!$D:$D, 'Raw Data'!$B:$B, "Variant"),"") -> 7.0255772 | E60: =IFERROR(D60-C60,"") -> 0.024200709 | F60: =IFERROR((D60-C60)/ABS(C60),"") -> 0.0034565645
B61: Booster gain PAID / player | C61: =IFERROR(SUMPRODUCT(('Raw Data'!$B$2:$B$9999="Control")*'Raw Data'!$D$2:$D$9999*'Raw Data'!$AR$2:$AR$9999)/SUMIFS('Raw Data'!$D:$D, 'Raw Data'!$B:$B, "Control"),"") -> 0.1903259 | D61: =IFERROR(SUMPRODUCT(('Raw Data'!$B$2:$B$9999="Variant")*'Raw Data'!$D$2:$D$9999*'Raw Data'!$AR$2:$AR$9999)/SUMIFS('Raw Data'!$D:$D, 'Raw Data'!$B:$B, "Variant"),"") -> 0.13274363 | E61: =IFERROR(D61-C61,"") -> -0.05758227 | F61: =IFERROR((D61-C61)/ABS(C61),"") -> -0.30254564
B62: Booster gain FREE / player | C62: =IFERROR(SUMPRODUCT(('Raw Data'!$B$2:$B$9999="Control")*'Raw Data'!$D$2:$D$9999*'Raw Data'!$AS$2:$AS$9999)/SUMIFS('Raw Data'!$D:$D, 'Raw Data'!$B:$B, "Control"),"") -> 6.8110424 | D62: =IFERROR(SUMPRODUCT(('Raw Data'!$B$2:$B$9999="Variant")*'Raw Data'!$D$2:$D$9999*'Raw Data'!$AS$2:$AS$9999)/SUMIFS('Raw Data'!$D:$D, 'Raw Data'!$B:$B, "Variant"),"") -> 6.8928293 | E62: =IFERROR(D62-C62,"") -> 0.081786888 | F62: =IFERROR((D62-C62)/ABS(C62),"") -> 0.012007984
B63: Booster spent / player | C63: =IFERROR(SUMPRODUCT(('Raw Data'!$B$2:$B$9999="Control")*'Raw Data'!$D$2:$D$9999*'Raw Data'!$AT$2:$AT$9999)/SUMIFS('Raw Data'!$D:$D, 'Raw Data'!$B:$B, "Control"),"") -> 6.3648485 | D63: =IFERROR(SUMPRODUCT(('Raw Data'!$B$2:$B$9999="Variant")*'Raw Data'!$D$2:$D$9999*'Raw Data'!$AT$2:$AT$9999)/SUMIFS('Raw Data'!$D:$D, 'Raw Data'!$B:$B, "Variant"),"") -> 6.2525924 | E63: =IFERROR(D63-C63,"") -> -0.1122561 | F63: =IFERROR((D63-C63)/ABS(C63),"") -> -0.017636885
B64: Booster NET (gain - spend) / player | C64: =IFERROR(SUMPRODUCT(('Raw Data'!$B$2:$B$9999="Control")*'Raw Data'!$D$2:$D$9999*('Raw Data'!$AQ$2:$AQ$9999-'Raw Data'!$AT$2:$AT$9999))/SUMIFS('Raw Data'!$D:$D, 'Raw Data'!$B:$B, "Control"),"") -> 0.63652801 | D64: =IFERROR(SUMPRODUCT(('Raw Data'!$B$2:$B$9999="Variant")*'Raw Data'!$D$2:$D$9999*('Raw Data'!$AQ$2:$AQ$9999-'Raw Data'!$AT$2:$AT$9999))/SUMIFS('Raw Data'!$D:$D, 'Raw Data'!$B:$B, "Variant"),"") -> 0.77298482 | E64: =IFERROR(D64-C64,"") -> 0.13645681 | F64: =IFERROR((D64-C64)/ABS(C64),"") -> 0.21437675
B65: Booster spent / attempt | C65: =IFERROR(SUMPRODUCT(('Raw Data'!$B$2:$B$9999="Control")*'Raw Data'!$D$2:$D$9999*'Raw Data'!$AU$2:$AU$9999)/SUMIFS('Raw Data'!$D:$D, 'Raw Data'!$B:$B, "Control"),"") -> 0.21049728 | D65: =IFERROR(SUMPRODUCT(('Raw Data'!$B$2:$B$9999="Variant")*'Raw Data'!$D$2:$D$9999*'Raw Data'!$AU$2:$AU$9999)/SUMIFS('Raw Data'!$D:$D, 'Raw Data'!$B:$B, "Variant"),"") -> 0.209822 | E65: =IFERROR(D65-C65,"") -> -0.00067528067 | F65: =IFERROR((D65-C65)/ABS(C65),"") -> -0.0032080256

Sheet Daily
A1: A/B Test Summary - Daily Trend (selected segment)
A3: Segment: | B3: 20-39 | C3: =IF($B$3="1-9","B. 1-9",IF($B$3="10-19","C. 10-19",IF($B$3="20-39","D. 20-39",IF($B$3="40-99","E. 40-99",IF($B$3="100+","F. 100+",""))))) -> D. 20-39
A5: Date | B5: Players (sum) | E5: % of DAU | H5: Total revenue | K5: ARPDAU | N5: Payer rate (%) | Q5: ARPPU | T5: Time spent (mins) | W5: Level attempts / player | Z5: Level completes / player | AC5: Pass rate | AF5: OOM rate | AI5: First-try OOM rate | AL5: Attempts per completion | AO5: HC gain total / player | AR5: HC gain (ex-saga) / player | AU5: HC gain from saga / player | AX5: HC gain PAID / player | BA5: HC gain FREE / player | BD5: HC spent / player | BG5: HC net (gain − spend) / player | BJ5: HC spent / attempt | BM5: Paid % of total HC gain | BP5: P50 HC balance | BS5: P75 HC balance | BV5: P90 HC balance | BY5: Avg player performance | CB5: Avg PR (last 50 lvls) | CE5: Avg daily streak | CH5: P25 daily streak | CK5: P50 daily streak | CN5: P75 daily streak | CQ5: P90 daily streak | CT5: R1 pass rate (%) | CW5: R2 pass rate (%) | CZ5: R3 pass rate (%) | DC5: D1 churn rate | DF5: NS active rate (%) | DI5: R1 finished (%) [actual] | DL5: R2 finished (%) [actual] | DO5: R3 finished (%) [actual] | DR5: Booster gain total / player | DU5: Booster gain PAID / player | DX5: Booster gain FREE / player | EA5: Booster spent / player | ED5: Booster NET (gain - spend) / player | EG5: Booster spent / attempt
B6: Control | C6: Variant | D6: Δ% | E6: Control | F6: Variant | G6: Δ% | H6: Control | I6: Variant | J6: Δ% | K6: Control | L6: Variant | M6: Δ% | N6: Control | O6: Variant | P6: Δ% | Q6: Control | R6: Variant | S6: Δ% | T6: Control | U6: Variant | V6: Δ% | W6: Control | X6: Variant | Y6: Δ% | Z6: Control | AA6: Variant | AB6: Δ% | AC6: Control | AD6: Variant | AE6: Δ% | AF6: Control | AG6: Variant | AH6: Δ% | AI6: Control | AJ6: Variant | AK6: Δ% | AL6: Control | AM6: Variant | AN6: Δ% | AO6: Control | AP6: Variant | AQ6: Δ% | AR6: Control | AS6: Variant | AT6: Δ% | AU6: Control | AV6: Variant | AW6: Δ% | AX6: Control | AY6: Variant | AZ6: Δ% | BA6: Control | BB6: Variant | BC6: Δ% | BD6: Control | BE6: Variant | BF6: Δ% | BG6: Control | BH6: Variant | BI6: Δ% | BJ6: Control | BK6: Variant | BL6: Δ% | BM6: Control | BN6: Variant | BO6: Δ% | BP6: Control | BQ6: Variant | BR6: Δ% | BS6: Control | BT6: Variant | BU6: Δ% | BV6: Control | BW6: Variant | BX6: Δ% | BY6: Control | BZ6: Variant | CA6: Δ% | CB6: Control | CC6: Variant | CD6: Δ% | CE6: Control | CF6: Variant | CG6: Δ% | CH6: Control | CI6: Variant | CJ6: Δ% | CK6: Control | CL6: Variant | CM6: Δ% | CN6: Control | CO6: Variant | CP6: Δ% | CQ6: Control | CR6: Variant | CS6: Δ% | CT6: Control | CU6: Variant | CV6: Δ% | CW6: Control | CX6: Variant | CY6: Δ% | CZ6: Control | DA6: Variant | DB6: Δ% | DC6: Control | DD6: Variant | DE6: Δ% | DF6: Control | DG6: Variant | DH6: Δ% | DI6: Control | DJ6: Variant | DK6: Δ% | DL6: Control | DM6: Variant | DN6: Δ% | DO6: Control | DP6: Variant | DQ6: Δ% | DR6: Control | DS6: Variant | DT6: Δ% | DU6: Control | DV6: Variant | DW6: Δ% | DX6: Control | DY6: Variant | DZ6: Δ% | EA6: Control | EB6: Variant | EC6: Δ% | ED6: Control | EE6: Variant | EF6: Δ% | EG6: Control | EH6: Variant | EI6: Δ%
A7: 46230 | B7: =IF($A7="","",SUMIFS('Raw Data'!$D:$D, 'Raw Data'!$B:$B, "Control", 'Raw Data'!$A:$A, $A7, 'Raw Data'!$C:$C, $C$3)) -> 4335 | C7: =IF($A7="","",SUMIFS('Raw Data'!$D:$D, 'Raw Data'!$B:$B, "Variant", 'Raw Data'!$A:$A, $A7, 'Raw Data'!$C:$C, $C$3)) -> 4634 | D7: =IF($A7="","",IFERROR((C7-B7)/ABS(B7),"")) -> 0.068973472 | E7: =IF($A7="","",IFERROR(SUMPRODUCT(('Raw Data'!$B$2:$B$9999="Control")*('Raw Data'!$A$2:$A$9999=$A7)*('Raw Data'!$C$2:$C$9999=$C$3)*'Raw Data'!$D$2:$D$9999*'Raw Data'!$E$2:$E$9999)/SUMIFS('Raw Data'!$D:$D, 'Raw Data'!$B:$B, "Control", 'Raw Data'!$A:$A, $A7, 'Raw Data'!$C:$C, $C$3),"")) -> 18.39 | F7: =IF($A7="","",IFERROR(SUMPRODUCT(('Raw Data'!$B$2:$B$9999="Variant")*('Raw Data'!$A$2:$A$9999=$A7)*('Raw Data'!$C$2:$C$9999=$C$3)*'Raw Data'!$D$2:$D$9999*'Raw Data'!$E$2:$E$9999)/SUMIFS('Raw Data'!$D:$D, 'Raw Data'!$B:$B, "Variant", 'Raw Data'!$A:$A, $A7, 'Raw Data'!$C:$C, $C$3),"")) -> 19.56 | G7: =IF($A7="","",IFERROR((F7-E7)/ABS(E7),"")) -> 0.063621533 | H7: =IF($A7="","",SUMIFS('Raw Data'!$F:$F, 'Raw Data'!$B:$B, "Control", 'Raw Data'!$A:$A, $A7, 'Raw Data'!$C:$C, $C$3)) -> 1327.14 | I7: =IF($A7="","",SUMIFS('Raw Data'!$F:$F, 'Raw Data'!$B:$B, "Variant", 'Raw Data'!$A:$A, $A7, 'Raw Data'!$C:$C, $C$3)) -> 1216.64 | J7: =IF($A7="","",IFERROR((I7-H7)/ABS(H7),"")) -> -0.083261751 | K7: =IF($A7="","",IFERROR(SUMIFS('Raw Data'!$F:$F, 'Raw Data'!$B:$B, "Control", 'Raw Data'!$A:$A, $A7, 'Raw Data'!$C:$C, $C$3)/SUMIFS('Raw Data'!$D:$D, 'Raw Data'!$B:$B, "Control", 'Raw Data'!$A:$A, $A7, 'Raw Data'!$C:$C, $C$3),"")) -> 0.30614533 | L7: =IF($A7="","",IFERROR(SUMIFS('Raw Data'!$F:$F, 'Raw Data'!$B:$B, "Variant", 'Raw Data'!$A:$A, $A7, 'Raw Data'!$C:$C, $C$3)/SUMIFS('Raw Data'!$D:$D, 'Raw Data'!$B:$B, "Variant", 'Raw Data'!$A:$A, $A7, 'Raw Data'!$C:$C, $C$3),"")) -> 0.2625464 | M7: =IF($A7="","",IFERROR((L7-K7)/ABS(K7),"")) -> -0.14241254 | N7: =IF($A7="","",IFERROR(SUMPRODUCT(('Raw Data'!$B$2:$B$9999="Control")*('Raw Data'!$A$2:$A$9999=$A7)*('Raw Data'!$C$2:$C$9999=$C$3)*'Raw Data'!$D$2:$D$9999*'Raw Data'!$H$2:$H$9999/100)/SUMIFS('Raw Data'!$D:$D, 'Raw Data'!$B:$B, "Control", 'Raw Data'!$A:$A, $A7, 'Raw Data'!$C:$C, $C$3)*100,"")) -> 5.19 | O7: =IF($A7="","",IFERROR(SUMPRODUCT(('Raw Data'!$B$2:$B$9999="Variant")*('Raw Data'!$A$2:$A$9999=$A7)*('Raw Data'!$C$2:$C$9999=$C$3)*'Raw Data'!$D$2:$D$9999*'Raw Data'!$H$2:$H$9999/100)/SUMIFS('Raw Data'!$D:$D, 'Raw Data'!$B:$B, "Variant", 'Raw Data'!$A:$A, $A7, 'Raw Data'!$C:$C, $C$3)*100,"")) -> 5.22 | P7: =IF($A7="","",IFERROR((O7-N7)/ABS(N7),"")) -> 0.0057803468 | Q7: =IF($A7="","",IFERROR(SUMIFS('Raw Data'!$F:$F, 'Raw Data'!$B:$B, "Control", 'Raw Data'!$A:$A, $A7, 'Raw Data'!$C:$C, $C$3)/SUMPRODUCT(('Raw Data'!$B$2:$B$9999="Control")*('Raw Data'!$A$2:$A$9999=$A7)*('Raw Data'!$C$2:$C$9999=$C$3)*'Raw Data'!$D$2:$D$9999*'Raw Data'!$H$2:$H$9999/100),"")) -> 5.8987539 | R7: =IF($A7="","",IFERROR(SUMIFS('Raw Data'!$F:$F, 'Raw Data'!$B:$B, "Variant", 'Raw Data'!$A:$A, $A7, 'Raw Data'!$C:$C, $C$3)/SUMPRODUCT(('Raw Data'!$B$2:$B$9999="Variant")*('Raw Data'!$A$2:$A$9999=$A7)*('Raw Data'!$C$2:$C$9999=$C$3)*'Raw Data'!$D$2:$D$9999*'Raw Data'!$H$2:$H$9999/100),"")) -> 5.0296244 | S7: =IF($A7="","",IFERROR((R7-Q7)/ABS(Q7),"")) -> -0.1473412 | T7: =IF($A7="","",IFERROR(SUMPRODUCT(('Raw Data'!$B$2:$B$9999="Control")*('Raw Data'!$A$2:$A$9999=$A7)*('Raw Data'!$C$2:$C$9999=$C$3)*'Raw Data'!$D$2:$D$9999*'Raw Data'!$J$2:$J$9999)/SUMIFS('Raw Data'!$D:$D, 'Raw Data'!$B:$B, "Control", 'Raw Data'!$A:$A, $A7, 'Raw Data'!$C:$C, $C$3),"")) -> 88.03 | U7: =IF($A7="","",IFERROR(SUMPRODUCT(('Raw Data'!$B$2:$B$9999="Variant")*('Raw Data'!$A$2:$A$9999=$A7)*('Raw Data'!$C$2:$C$9999=$C$3)*'Raw Data'!$D$2:$D$9999*'Raw Data'!$J$2:$J$9999)/SUMIFS('Raw Data'!$D:$D, 'Raw Data'!$B:$B, "Variant", 'Raw Data'!$A:$A, $A7, 'Raw Data'!$C:$C, $C$3),"")) -> 99.69 | V7: =IF($A7="","",IFERROR((U7-T7)/ABS(T7),"")) -> 0.13245484 | W7: =IF($A7="","",IFERROR(SUMPRODUCT(('Raw Data'!$B$2:$B$9999="Control")*('Raw Data'!$A$2:$A$9999=$A7)*('Raw Data'!$C$2:$C$9999=$C$3)*'Raw Data'!$D$2:$D$9999*'Raw Data'!$K$2:$K$9999)/SUMIFS('Raw Data'!$D:$D, 'Raw Data'!$B:$B, "Control", 'Raw Data'!$A:$A, $A7, 'Raw Data'!$C:$C, $C$3),"")) -> 45.37 | X7: =IF($A7="","",IFERROR(SUMPRODUCT(('Raw Data'!$B$2:$B$9999="Variant")*('Raw Data'!$A$2:$A$9999=$A7)*('Raw Data'!$C$2:$C$9999=$C$3)*'Raw Data'!$D$2:$D$9999*'Raw Data'!$K$2:$K$9999)/SUMIFS('Raw Data'!$D:$D, 'Raw Data'!$B:$B, "Variant", 'Raw Data'!$A:$A, $A7, 'Raw Data'!$C:$C, $C$3),"")) -> 50.77 | Y7: =IF($A7="","",IFERROR((X7-W7)/ABS(W7),"")) -> 0.11902138 | Z7: =IF($A7="","",IFERROR(SUMPRODUCT(('Raw Data'!$B$2:$B$9999="Control")*('Raw Data'!$A$2:$A$9999=$A7)*('Raw Data'!$C$2:$C$9999=$C$3)*'Raw Data'!$D$2:$D$9999*'Raw Data'!$L$2:$L$9999)/SUMIFS('Raw Data'!$D:$D, 'Raw Data'!$B:$B, "Control", 'Raw Data'!$A:$A, $A7, 'Raw Data'!$C:$C, $C$3),"")) -> 30.33 | AA7: =IF($A7="","",IFERROR(SUMPRODUCT(('Raw Data'!$B$2:$B$9999="Variant")*('Raw Data'!$A$2:$A$9999=$A7)*('Raw Data'!$C$2:$C$9999=$C$3)*'Raw Data'!$D$2:$D$9999*'Raw Data'!$L$2:$L$9999)/SUMIFS('Raw Data'!$D:$D, 'Raw Data'!$B:$B, "Variant", 'Raw Data'!$A:$A, $A7, 'Raw Data'!$C:$C, $C$3),"")) -> 33.93 | AB7: =IF($A7="","",IFERROR((AA7-Z7)/ABS(Z7),"")) -> 0.11869436 | AC7: =IF($A7="","",IFERROR(SUMPRODUCT(('Raw Data'!$B$2:$B$9999="Control")*('Raw Data'!$A$2:$A$9999=$A7)*('Raw Data'!$C$2:$C$9999=$C$3)*'Raw Data'!$D$2:$D$9999*'Raw Data'!$M$2:$M$9999)/SUMIFS('Raw Data'!$D:$D, 'Raw Data'!$B:$B, "Control", 'Raw Data'!$A:$A, $A7, 'Raw Data'!$C:$C, $C$3),"")) -> 0.6685 | AD7: =IF($A7="","",IFERROR(SUMPRODUCT(('Raw Data'!$B$2:$B$9999="Variant")*('Raw Data'!$A$2:$A$9999=$A7)*('Raw Data'!$C$2:$C$9999=$C$3)*'Raw Data'!$D$2:$D$9999*'Raw Data'!$M$2:$M$9999)/SUMIFS('Raw Data'!$D:$D, 'Raw Data'!$B:$B, "Variant", 'Raw Data'!$A:$A, $A7, 'Raw Data'!$C:$C, $C$3),"")) -> 0.6683 | AE7: =IF($A7="","",IFERROR((AD7-AC7)/ABS(AC7),"")) -> -0.00029917726 | AF7: =IF($A7="","",IFERROR(SUMPRODUCT(('Raw Data'!$B$2:$B$9999="Control")*('Raw Data'!$A$2:$A$9999=$A7)*('Raw Data'!$C$2:$C$9999=$C$3)*'Raw Data'!$D$2:$D$9999*'Raw Data'!$N$2:$N$9999)/SUMIFS('Raw Data'!$D:$D, 'Raw Data'!$B:$B, "Control", 'Raw Data'!$A:$A, $A7, 'Raw Data'!$C:$C, $C$3),"")) -> 0.5043 | AG7: =IF($A7="","",IFERROR(SUMPRODUCT(('Raw Data'!$B$2:$B$9999="Variant")*('Raw Data'!$A$2:$A$9999=$A7)*('Raw Data'!$C$2:$C$9999=$C$3)*'Raw Data'!$D$2:$D$9999*'Raw Data'!$N$2:$N$9999)/SUMIFS('Raw Data'!$D:$D, 'Raw Data'!$B:$B, "Variant", 'Raw Data'!$A:$A, $A7, 'Raw Data'!$C:$C, $C$3),"")) -> 0.5009 | AH7: =IF($A7="","",IFERROR((AG7-AF7)/ABS(AF7),"")) -> -0.0067420186 | AI7: =IF($A7="","",IFERROR(SUMPRODUCT(('Raw Data'!$B$2:$B$9999="Control")*('Raw Data'!$A$2:$A$9999=$A7)*('Raw Data'!$C$2:$C$9999=$C$3)*'Raw Data'!$D$2:$D$9999*'Raw Data'!$O$2:$O$9999)/SUMIFS('Raw Data'!$D:$D, 'Raw Data'!$B:$B, "Control", 'Raw Data'!$A:$A, $A7, 'Raw Data'!$C:$C, $C$3),"")) -> 0.3466 | AJ7: =IF($A7="","",IFERROR(SUMPRODUCT(('Raw Data'!$B$2:$B$9999="Variant")*('Raw Data'!$A$2:$A$9999=$A7)*('Raw Data'!$C$2:$C$9999=$C$3)*'Raw Data'!$D$2:$D$9999*'Raw Data'!$O$2:$O$9999)/SUMIFS('Raw Data'!$D:$D, 'Raw Data'!$B:$B, "Variant", 'Raw Data'!$A:$A, $A7, 'Raw Data'!$C:$C, $C$3),"")) -> 0.3352 | AK7: =IF($A7="","",IFERROR((AJ7-AI7)/ABS(AI7),"")) -> -0.032890941 | AL7: =IF($A7="","",IFERROR(SUMPRODUCT(('Raw Data'!$B$2:$B$9999="Control")*('Raw Data'!$A$2:$A$9999=$A7)*('Raw Data'!$C$2:$C$9999=$C$3)*'Raw Data'!$D$2:$D$9999*'Raw Data'!$P$2:$P$9999)/SUMIFS('Raw Data'!$D:$D, 'Raw Data'!$B:$B, "Control", 'Raw Data'!$A:$A, $A7, 'Raw Data'!$C:$C, $C$3),"")) -> 1.4959 | AM7: =IF($A7="","",IFERROR(SUMPRODUCT(('Raw Data'!$B$2:$B$9999="Variant")*('Raw Data'!$A$2:$A$9999=$A7)*('Raw Data'!$C$2:$C$9999=$C$3)*'Raw Data'!$D$2:$D$9999*'Raw Data'!$P$2:$P$9999)/SUMIFS('Raw Data'!$D:$D, 'Raw Data'!$B:$B, "Variant", 'Raw Data'!$A:$A, $A7, 'Raw Data'!$C:$C, $C$3),"")) -> 1.4962 | AN7: =IF($A7="","",IFERROR((AM7-AL7)/ABS(AL7),"")) -> 0.00020054817 | AO7: =IF($A7="","",IFERROR(SUMPRODUCT(('Raw Data'!$B$2:$B$9999="Control")*('Raw Data'!$A$2:$A$9999=$A7)*('Raw Data'!$C$2:$C$9999=$C$3)*'Raw Data'!$D$2:$D$9999*'Raw Data'!$Q$2:$Q$9999)/SUMIFS('Raw Data'!$D:$D, 'Raw Data'!$B:$B, "Control", 'Raw Data'!$A:$A, $A7, 'Raw Data'!$C:$C, $C$3),"")) -> 244.37 | AP7: =IF($A7="","",IFERROR(SUMPRODUCT(('Raw Data'!$B$2:$B$9999="Variant")*('Raw Data'!$A$2:$A$9999=$A7)*('Raw Data'!$C$2:$C$9999=$C$3)*'Raw Data'!$D$2:$D$9999*'Raw Data'!$Q$2:$Q$9999)/SUMIFS('Raw Data'!$D:$D, 'Raw Data'!$B:$B, "Variant", 'Raw Data'!$A:$A, $A7, 'Raw Data'!$C:$C, $C$3),"")) -> 273.88 | AQ7: =IF($A7="","",IFERROR((AP7-AO7)/ABS(AO7),"")) -> 0.1207595 | AR7: =IF($A7="","",IFERROR(SUMPRODUCT(('Raw Data'!$B$2:$B$9999="Control")*('Raw Data'!$A$2:$A$9999=$A7)*('Raw Data'!$C$2:$C$9999=$C$3)*'Raw Data'!$D$2:$D$9999*'Raw Data'!$R$2:$R$9999)/SUMIFS('Raw Data'!$D:$D, 'Raw Data'!$B:$B, "Control", 'Raw Data'!$A:$A, $A7, 'Raw Data'!$C:$C, $C$3),"")) -> 205.79 | AS7: =IF($A7="","",IFERROR(SUMPRODUCT(('Raw Data'!$B$2:$B$9999="Variant")*('Raw Data'!$A$2:$A$9999=$A7)*('Raw Data'!$C$2:$C$9999=$C$3)*'Raw Data'!$D$2:$D$9999*'Raw Data'!$R$2:$R$9999)/SUMIFS('Raw Data'!$D:$D, 'Raw Data'!$B:$B, "Variant", 'Raw Data'!$A:$A, $A7, 'Raw Data'!$C:$C, $C$3),"")) -> 255.65 | AT7: =IF($A7="","",IFERROR((AS7-AR7)/ABS(AR7),"")) -> 0.24228583 | AU7: =IF($A7="","",IFERROR(SUMPRODUCT(('Raw Data'!$B$2:$B$9999="Control")*('Raw Data'!$A$2:$A$9999=$A7)*('Raw Data'!$C$2:$C$9999=$C$3)*'Raw Data'!$D$2:$D$9999*'Raw Data'!$S$2:$S$9999)/SUMIFS('Raw Data'!$D:$D, 'Raw Data'!$B:$B, "Control", 'Raw Data'!$A:$A, $A7, 'Raw Data'!$C:$C, $C$3),"")) -> 38.58 | AV7: =IF($A7="","",IFERROR(SUMPRODUCT(('Raw Data'!$B$2:$B$9999="Variant")*('Raw Data'!$A$2:$A$9999=$A7)*('Raw Data'!$C$2:$C$9999=$C$3)*'Raw Data'!$D$2:$D$9999*'Raw Data'!$S$2:$S$9999)/SUMIFS('Raw Data'!$D:$D, 'Raw Data'!$B:$B, "Variant", 'Raw Data'!$A:$A, $A7, 'Raw Data'!$C:$C, $C$3),"")) -> 18.23 | AW7: =IF($A7="","",IFERROR((AV7-AU7)/ABS(AU7),"")) -> -0.52747538 | AX7: =IF($A7="","",IFERROR(SUMPRODUCT(('Raw Data'!$B$2:$B$9999="Control")*('Raw Data'!$A$2:$A$9999=$A7)*('Raw Data'!$C$2:$C$9999=$C$3)*'Raw Data'!$D$2:$D$9999*'Raw Data'!$T$2:$T$9999)/SUMIFS('Raw Data'!$D:$D, 'Raw Data'!$B:$B, "Control", 'Raw Data'!$A:$A, $A7, 'Raw Data'!$C:$C, $C$3),"")) -> 26.04 | AY7: =IF($A7="","",IFERROR(SUMPRODUCT(('Raw Data'!$B$2:$B$9999="Variant")*('Raw Data'!$A$2:$A$9999=$A7)*('Raw Data'!$C$2:$C$9999=$C$3)*'Raw Data'!$D$2:$D$9999*'Raw Data'!$T$2:$T$9999)/SUMIFS('Raw Data'!$D:$D, 'Raw Data'!$B:$B, "Variant", 'Raw Data'!$A:$A, $A7, 'Raw Data'!$C:$C, $C$3),"")) -> 21.99 | AZ7: =IF($A7="","",IFERROR((AY7-AX7)/ABS(AX7),"")) -> -0.15552995 | BA7: =IF($A7="","",IFERROR(SUMPRODUCT(('Raw Data'!$B$2:$B$9999="Control")*('Raw Data'!$A$2:$A$9999=$A7)*('Raw Data'!$C$2:$C$9999=$C$3)*'Raw Data'!$D$2:$D$9999*'Raw Data'!$U$2:$U$9999)/SUMIFS('Raw Data'!$D:$D, 'Raw Data'!$B:$B, "Control", 'Raw Data'!$A:$A, $A7, 'Raw Data'!$C:$C, $C$3),"")) -> 218.33 | BB7: =IF($A7="","",IFERROR(SUMPRODUCT(('Raw Data'!$B$2:$B$9999="Variant")*('Raw Data'!$A$2:$A$9999=$A7)*('Raw Data'!$C$2:$C$9999=$C$3)*'Raw Data'!$D$2:$D$9999*'Raw Data'!$U$2:$U$9999)/SUMIFS('Raw Data'!$D:$D, 'Raw Data'!$B:$B, "Variant", 'Raw Data'!$A:$A, $A7, 'Raw Data'!$C:$C, $C$3),"")) -> 251.89 | BC7: =IF($A7="","",IFERROR((BB7-BA7)/ABS(BA7),"")) -> 0.15371227 | BD7: =IF($A7="","",IFERROR(SUMPRODUCT(('Raw Data'!$B$2:$B$9999="Control")*('Raw Data'!$A$2:$A$9999=$A7)*('Raw Data'!$C$2:$C$9999=$C$3)*'Raw Data'!$D$2:$D$9999*'Raw Data'!$V$2:$V$9999)/SUMIFS('Raw Data'!$D:$D, 'Raw Data'!$B:$B, "Control", 'Raw Data'!$A:$A, $A7, 'Raw Data'!$C:$C, $C$3),"")) -> 228.63 | BE7: =IF($A7="","",IFERROR(SUMPRODUCT(('Raw Data'!$B$2:$B$9999="Variant")*('Raw Data'!$A$2:$A$9999=$A7)*('Raw Data'!$C$2:$C$9999=$C$3)*'Raw Data'!$D$2:$D$9999*'Raw Data'!$V$2:$V$9999)/SUMIFS('Raw Data'!$D:$D, 'Raw Data'!$B:$B, "Variant", 'Raw Data'!$A:$A, $A7, 'Raw Data'!$C:$C, $C$3),"")) -> 240.46 | BF7: =IF($A7="","",IFERROR((BE7-BD7)/ABS(BD7),"")) -> 0.051742991 | BG7: =IF($A7="","",IFERROR(SUMPRODUCT(('Raw Data'!$B$2:$B$9999="Control")*('Raw Data'!$A$2:$A$9999=$A7)*('Raw Data'!$C$2:$C$9999=$C$3)*'Raw Data'!$D$2:$D$9999*('Raw Data'!$Q$2:$Q$9999-'Raw Data'!$V$2:$V$9999))/SUMIFS('Raw Data'!$D:$D, 'Raw Data'!$B:$B, "Control", 'Raw Data'!$A:$A, $A7, 'Raw Data'!$C:$C, $C$3),"")) -> 15.74 | BH7: =IF($A7="","",IFERROR(SUMPRODUCT(('Raw Data'!$B$2:$B$9999="Variant")*('Raw Data'!$A$2:$A$9999=$A7)*('Raw Data'!$C$2:$C$9999=$C$3)*'Raw Data'!$D$2:$D$9999*('Raw Data'!$Q$2:$Q$9999-'Raw Data'!$V$2:$V$9999))/SUMIFS('Raw Data'!$D:$D, 'Raw Data'!$B:$B, "Variant", 'Raw Data'!$A:$A, $A7, 'Raw Data'!$C:$C, $C$3),"")) -> 33.42 | BI7: =IF($A7="","",IFERROR((BH7-BG7)/ABS(BG7),"")) -> 1.1232529 | BJ7: =IF($A7="","",IFERROR(SUMPRODUCT(('Raw Data'!$B$2:$B$9999="Control")*('Raw Data'!$A$2:$A$9999=$A7)*('Raw Data'!$C$2:$C$9999=$C$3)*'Raw Data'!$D$2:$D$9999*'Raw Data'!$W$2:$W$9999)/SUMIFS('Raw Data'!$D:$D, 'Raw Data'!$B:$B, "Control", 'Raw Data'!$A:$A, $A7, 'Raw Data'!$C:$C, $C$3),"")) -> 5.0397 | BK7: =IF($A7="","",IFERROR(SUMPRODUCT(('Raw Data'!$B$2:$B$9999="Variant")*('Raw Data'!$A$2:$A$9999=$A7)*('Raw Data'!$C$2:$C$9999=$C$3)*'Raw Data'!$D$2:$D$9999*'Raw Data'!$W$2:$W$9999)/SUMIFS('Raw Data'!$D:$D, 'Raw Data'!$B:$B, "Variant", 'Raw Data'!$A:$A, $A7, 'Raw Data'!$C:$C, $C$3),"")) -> 4.755 | BL7: =IF($A7="","",IFERROR((BK7-BJ7)/ABS(BJ7),"")) -> -0.056491458 | BM7: =IF($A7="","",IFERROR(SUMPRODUCT(('Raw Data'!$B$2:$B$9999="Control")*('Raw Data'!$A$2:$A$9999=$A7)*('Raw Data'!$C$2:$C$9999=$C$3)*'Raw Data'!$D$2:$D$9999*'Raw Data'!$X$2:$X$9999)/SUMIFS('Raw Data'!$D:$D, 'Raw Data'!$B:$B, "Control", 'Raw Data'!$A:$A, $A7, 'Raw Data'!$C:$C, $C$3),"")) -> 10.66 | BN7: =IF($A7="","",IFERROR(SUMPRODUCT(('Raw Data'!$B$2:$B$9999="Variant")*('Raw Data'!$A$2:$A$9999=$A7)*('Raw Data'!$C$2:$C$9999=$C$3)*'Raw Data'!$D$2:$D$9999*'Raw Data'!$X$2:$X$9999)/SUMIFS('Raw Data'!$D:$D, 'Raw Data'!$B:$B, "Variant", 'Raw Data'!$A:$A, $A7, 'Raw Data'!$C:$C, $C$3),"")) -> 8.03 | BO7: =IF($A7="","",IFERROR((BN7-BM7)/ABS(BM7),"")) -> -0.2467167 | BP7: =IF($A7="","",IFERROR(SUMPRODUCT(('Raw Data'!$B$2:$B$9999="Control")*('Raw Data'!$A$2:$A$9999=$A7)*('Raw Data'!$C$2:$C$9999=$C$3)*'Raw Data'!$D$2:$D$9999*'Raw Data'!$Y$2:$Y$9999)/SUMIFS('Raw Data'!$D:$D, 'Raw Data'!$B:$B, "Control", 'Raw Data'!$A:$A, $A7, 'Raw Data'!$C:$C, $C$3),"")) -> 118 | BQ7: =IF($A7="","",IFERROR(SUMPRODUCT(('Raw Data'!$B$2:$B$9999="Variant")*('Raw Data'!$A$2:$A$9999=$A7)*('Raw Data'!$C$2:$C$9999=$C$3)*'Raw Data'!$D$2:$D$9999*'Raw Data'!$Y$2:$Y$9999)/SUMIFS('Raw Data'!$D:$D, 'Raw Data'!$B:$B, "Variant", 'Raw Data'!$A:$A, $A7, 'Raw Data'!$C:$C, $C$3),"")) -> 130 | BR7: =IF($A7="","",IFERROR((BQ7-BP7)/ABS(BP7),"")) -> 0.10169492 | BS7: =IF($A7="","",IFERROR(SUMPRODUCT(('Raw Data'!$B$2:$B$9999="Control")*('Raw Data'!$A$2:$A$9999=$A7)*('Raw Data'!$C$2:$C$9999=$C$3)*'Raw Data'!$D$2:$D$9999*'Raw Data'!$Z$2:$Z$9999)/SUMIFS('Raw Data'!$D:$D, 'Raw Data'!$B:$B, "Control", 'Raw Data'!$A:$A, $A7, 'Raw Data'!$C:$C, $C$3),"")) -> 576 | BT7: =IF($A7="","",IFERROR(SUMPRODUCT(('Raw Data'!$B$2:$B$9999="Variant")*('Raw Data'!$A$2:$A$9999=$A7)*('Raw Data'!$C$2:$C$9999=$C$3)*'Raw Data'!$D$2:$D$9999*'Raw Data'!$Z$2:$Z$9999)/SUMIFS('Raw Data'!$D:$D, 'Raw Data'!$B:$B, "Variant", 'Raw Data'!$A:$A, $A7, 'Raw Data'!$C:$C, $C$3),"")) -> 567 | BU7: =IF($A7="","",IFERROR((BT7-BS7)/ABS(BS7),"")) -> -0.015625 | BV7: =IF($A7="","",IFERROR(SUMPRODUCT(('Raw Data'!$B$2:$B$9999="Control")*('Raw Data'!$A$2:$A$9999=$A7)*('Raw Data'!$C$2:$C$9999=$C$3)*'Raw Data'!$D$2:$D$9999*'Raw Data'!$AA$2:$AA$9999)/SUMIFS('Raw Data'!$D:$D, 'Raw Data'!$B:$B, "Control", 'Raw Data'!$A:$A, $A7, 'Raw Data'!$C:$C, $C$3),"")) -> 4639 | BW7: =IF($A7="","",IFERROR(SUMPRODUCT(('Raw Data'!$B$2:$B$9999="Variant")*('Raw Data'!$A$2:$A$9999=$A7)*('Raw Data'!$C$2:$C$9999=$C$3)*'Raw Data'!$D$2:$D$9999*'Raw Data'!$AA$2:$AA$9999)/SUMIFS('Raw Data'!$D:$D, 'Raw Data'!$B:$B, "Variant", 'Raw Data'!$A:$A, $A7, 'Raw Data'!$C:$C, $C$3),"")) -> 4989 | BX7: =IF($A7="","",IFERROR((BW7-BV7)/ABS(BV7),"")) -> 0.075447295 | BY7: =IF($A7="","",IFERROR(SUMPRODUCT(('Raw Data'!$B$2:$B$9999="Control")*('Raw Data'!$A$2:$A$9999=$A7)*('Raw Data'!$C$2:$C$9999=$C$3)*'Raw Data'!$D$2:$D$9999*'Raw Data'!$AB$2:$AB$9999)/SUMIFS('Raw Data'!$D:$D, 'Raw Data'!$B:$B, "Control", 'Raw Data'!$A:$A, $A7, 'Raw Data'!$C:$C, $C$3),"")) -> 55.136 | BZ7: =IF($A7="","",IFERROR(SUMPRODUCT(('Raw Data'!$B$2:$B$9999="Variant")*('Raw Data'!$A$2:$A$9999=$A7)*('Raw Data'!$C$2:$C$9999=$C$3)*'Raw Data'!$D$2:$D$9999*'Raw Data'!$AB$2:$AB$9999)/SUMIFS('Raw Data'!$D:$D, 'Raw Data'!$B:$B, "Variant", 'Raw Data'!$A:$A, $A7, 'Raw Data'!$C:$C, $C$3),"")) -> 55.0921 | CA7: =IF($A7="","",IFERROR((BZ7-BY7)/ABS(BY7),"")) -> -0.000796213 | CB7: =IF($A7="","",IFERROR(SUMPRODUCT(('Raw Data'!$B$2:$B$9999="Control")*('Raw Data'!$A$2:$A$9999=$A7)*('Raw Data'!$C$2:$C$9999=$C$3)*'Raw Data'!$D$2:$D$9999*'Raw Data'!$AC$2:$AC$9999)/SUMIFS('Raw Data'!$D:$D, 'Raw Data'!$B:$B, "Control", 'Raw Data'!$A:$A, $A7, 'Raw Data'!$C:$C, $C$3),"")) -> 0.6499 | CC7: =IF($A7="","",IFERROR(SUMPRODUCT(('Raw Data'!$B$2:$B$9999="Variant")*('Raw Data'!$A$2:$A$9999=$A7)*('Raw Data'!$C$2:$C$9999=$C$3)*'Raw Data'!$D$2:$D$9999*'Raw Data'!$AC$2:$AC$9999)/SUMIFS('Raw Data'!$D:$D, 'Raw Data'!$B:$B, "Variant", 'Raw Data'!$A:$A, $A7, 'Raw Data'!$C:$C, $C$3),"")) -> 0.629 | CD7: =IF($A7="","",IFERROR((CC7-CB7)/ABS(CB7),"")) -> -0.032158794 | CE7: =IF($A7="","",IFERROR(SUMPRODUCT(('Raw Data'!$B$2:$B$9999="Control")*('Raw Data'!$A$2:$A$9999=$A7)*('Raw Data'!$C$2:$C$9999=$C$3)*'Raw Data'!$D$2:$D$9999*'Raw Data'!$AD$2:$AD$9999)/SUMIFS('Raw Data'!$D:$D, 'Raw Data'!$B:$B, "Control", 'Raw Data'!$A:$A, $A7, 'Raw Data'!$C:$C, $C$3),"")) -> 18.06 | CF7: =IF($A7="","",IFERROR(SUMPRODUCT(('Raw Data'!$B$2:$B$9999="Variant")*('Raw Data'!$A$2:$A$9999=$A7)*('Raw Data'!$C$2:$C$9999=$C$3)*'Raw Data'!$D$2:$D$9999*'Raw Data'!$AD$2:$AD$9999)/SUMIFS('Raw Data'!$D:$D, 'Raw Data'!$B:$B, "Variant", 'Raw Data'!$A:$A, $A7, 'Raw Data'!$C:$C, $C$3),"")) -> 19.32 | CG7: =IF($A7="","",IFERROR((CF7-CE7)/ABS(CE7),"")) -> 0.069767442 | CH7: =IF($A7="","",IFERROR(SUMPRODUCT(('Raw Data'!$B$2:$B$9999="Control")*('Raw Data'!$A$2:$A$9999=$A7)*('Raw Data'!$C$2:$C$9999=$C$3)*'Raw Data'!$D$2:$D$9999*'Raw Data'!$AE$2:$AE$9999)/SUMIFS('Raw Data'!$D:$D, 'Raw Data'!$B:$B, "Control", 'Raw Data'!$A:$A, $A7, 'Raw Data'!$C:$C, $C$3),"")) -> 8 | CI7: =IF($A7="","",IFERROR(SUMPRODUCT(('Raw Data'!$B$2:$B$9999="Variant")*('Raw Data'!$A$2:$A$9999=$A7)*('Raw Data'!$C$2:$C$9999=$C$3)*'Raw Data'!$D$2:$D$9999*'Raw Data'!$AE$2:$AE$9999)/SUMIFS('Raw Data'!$D:$D, 'Raw Data'!$B:$B, "Variant", 'Raw Data'!$A:$A, $A7, 'Raw Data'!$C:$C, $C$3),"")) -> 8 | CJ7: =IF($A7="","",IFERROR((CI7-CH7)/ABS(CH7),"")) -> 0 | CK7: =IF($A7="","",IFERROR(SUMPRODUCT(('Raw Data'!$B$2:$B$9999="Control")*('Raw Data'!$A$2:$A$9999=$A7)*('Raw Data'!$C$2:$C$9999=$C$3)*'Raw Data'!$D$2:$D$9999*'Raw Data'!$AF$2:$AF$9999)/SUMIFS('Raw Data'!$D:$D, 'Raw Data'!$B:$B, "Control", 'Raw Data'!$A:$A, $A7, 'Raw Data'!$C:$C, $C$3),"")) -> 14 | CL7: =IF($A7="","",IFERROR(SUMPRODUCT(('Raw Data'!$B$2:$B$9999="Variant")*('Raw Data'!$A$2:$A$9999=$A7)*('Raw Data'!$C$2:$C$9999=$C$3)*'Raw Data'!$D$2:$D$9999*'Raw Data'!$AF$2:$AF$9999)/SUMIFS('Raw Data'!$D:$D, 'Raw Data'!$B:$B, "Variant", 'Raw Data'!$A:$A, $A7, 'Raw Data'!$C:$C, $C$3),"")) -> 15 | CM7: =IF($A7="","",IFERROR((CL7-CK7)/ABS(CK7),"")) -> 0.071428571 | CN7: =IF($A7="","",IFERROR(SUMPRODUCT(('Raw Data'!$B$2:$B$9999="Control")*('Raw Data'!$A$2:$A$9999=$A7)*('Raw Data'!$C$2:$C$9999=$C$3)*'Raw Data'!$D$2:$D$9999*'Raw Data'!$AG$2:$AG$9999)/SUMIFS('Raw Data'!$D:$D, 'Raw Data'!$B:$B, "Control", 'Raw Data'!$A:$A, $A7, 'Raw Data'!$C:$C, $C$3),"")) -> 25 | CO7: =IF($A7="","",IFERROR(SUMPRODUCT(('Raw Data'!$B$2:$B$9999="Variant")*('Raw Data'!$A$2:$A$9999=$A7)*('Raw Data'!$C$2:$C$9999=$C$3)*'Raw Data'!$D$2:$D$9999*'Raw Data'!$AG$2:$AG$9999)/SUMIFS('Raw Data'!$D:$D, 'Raw Data'!$B:$B, "Variant", 'Raw Data'!$A:$A, $A7, 'Raw Data'!$C:$C, $C$3),"")) -> 27 | CP7: =IF($A7="","",IFERROR((CO7-CN7)/ABS(CN7),"")) -> 0.08 | CQ7: =IF($A7="","",IFERROR(SUMPRODUCT(('Raw Data'!$B$2:$B$9999="Control")*('Raw Data'!$A$2:$A$9999=$A7)*('Raw Data'!$C$2:$C$9999=$C$3)*'Raw Data'!$D$2:$D$9999*'Raw Data'!$AH$2:$AH$9999)/SUMIFS('Raw Data'!$D:$D, 'Raw Data'!$B:$B, "Control", 'Raw Data'!$A:$A, $A7, 'Raw Data'!$C:$C, $C$3),"")) -> 37 | CR7: =IF($A7="","",IFERROR(SUMPRODUCT(('Raw Data'!$B$2:$B$9999="Variant")*('Raw Data'!$A$2:$A$9999=$A7)*('Raw Data'!$C$2:$C$9999=$C$3)*'Raw Data'!$D$2:$D$9999*'Raw Data'!$AH$2:$AH$9999)/SUMIFS('Raw Data'!$D:$D, 'Raw Data'!$B:$B, "Variant", 'Raw Data'!$A:$A, $A7, 'Raw Data'!$C:$C, $C$3),"")) -> 40 | CS7: =IF($A7="","",IFERROR((CR7-CQ7)/ABS(CQ7),"")) -> 0.081081081 | CT7: =IF($A7="","",IFERROR(SUMPRODUCT(('Raw Data'!$B$2:$B$9999="Control")*('Raw Data'!$A$2:$A$9999=$A7)*('Raw Data'!$C$2:$C$9999=$C$3)*'Raw Data'!$D$2:$D$9999*'Raw Data'!$AI$2:$AI$9999)/SUMIFS('Raw Data'!$D:$D, 'Raw Data'!$B:$B, "Control", 'Raw Data'!$A:$A, $A7, 'Raw Data'!$C:$C, $C$3),"")) -> 62.72 | CU7: =IF($A7="","",IFERROR(SUMPRODUCT(('Raw Data'!$B$2:$B$9999="Variant")*('Raw Data'!$A$2:$A$9999=$A7)*('Raw Data'!$C$2:$C$9999=$C$3)*'Raw Data'!$D$2:$D$9999*'Raw Data'!$AI$2:$AI$9999)/SUMIFS('Raw Data'!$D:$D, 'Raw Data'!$B:$B, "Variant", 'Raw Data'!$A:$A, $A7, 'Raw Data'!$C:$C, $C$3),"")) -> 65.58 | CV7: =IF($A7="","",IFERROR((CU7-CT7)/ABS(CT7),"")) -> 0.04559949 | CW7: =IF($A7="","",IFERROR(SUMPRODUCT(('Raw Data'!$B$2:$B$9999="Control")*('Raw Data'!$A$2:$A$9999=$A7)*('Raw Data'!$C$2:$C$9999=$C$3)*'Raw Data'!$D$2:$D$9999*'Raw Data'!$AJ$2:$AJ$9999)/SUMIFS('Raw Data'!$D:$D, 'Raw Data'!$B:$B, "Control", 'Raw Data'!$A:$A, $A7, 'Raw Data'!$C:$C, $C$3),"")) -> 23.74 | CX7: =IF($A7="","",IFERROR(SUMPRODUCT(('Raw Data'!$B$2:$B$9999="Variant")*('Raw Data'!$A$2:$A$9999=$A7)*('Raw Data'!$C$2:$C$9999=$C$3)*'Raw Data'!$D$2:$D$9999*'Raw Data'!$AJ$2:$AJ$9999)/SUMIFS('Raw Data'!$D:$D, 'Raw Data'!$B:$B, "Variant", 'Raw Data'!$A:$A, $A7, 'Raw Data'!$C:$C, $C$3),"")) -> 27.51 | CY7: =IF($A7="","",IFERROR((CX7-CW7)/ABS(CW7),"")) -> 0.15880371 | CZ7: =IF($A7="","",IFERROR(SUMPRODUCT(('Raw Data'!$B$2:$B$9999="Control")*('Raw Data'!$A$2:$A$9999=$A7)*('Raw Data'!$C$2:$C$9999=$C$3)*'Raw Data'!$D$2:$D$9999*'Raw Data'!$AK$2:$AK$9999)/SUMIFS('Raw Data'!$D:$D, 'Raw Data'!$B:$B, "Control", 'Raw Data'!$A:$A, $A7, 'Raw Data'!$C:$C, $C$3),"")) -> 6.14 | DA7: =IF($A7="","",IFERROR(SUMPRODUCT(('Raw Data'!$B$2:$B$9999="Variant")*('Raw Data'!$A$2:$A$9999=$A7)*('Raw Data'!$C$2:$C$9999=$C$3)*'Raw Data'!$D$2:$D$9999*'Raw Data'!$AK$2:$AK$9999)/SUMIFS('Raw Data'!$D:$D, 'Raw Data'!$B:$B, "Variant", 'Raw Data'!$A:$A, $A7, 'Raw Data'!$C:$C, $C$3),"")) -> 6.88 | DB7: =IF($A7="","",IFERROR((DA7-CZ7)/ABS(CZ7),"")) -> 0.12052117 | DC7: =IF($A7="","",IFERROR(SUMPRODUCT(('Raw Data'!$B$2:$B$9999="Control")*('Raw Data'!$A$2:$A$9999=$A7)*('Raw Data'!$C$2:$C$9999=$C$3)*'Raw Data'!$D$2:$D$9999*'Raw Data'!$AL$2:$AL$9999)/SUMIFS('Raw Data'!$D:$D, 'Raw Data'!$B:$B, "Control", 'Raw Data'!$A:$A, $A7, 'Raw Data'!$C:$C, $C$3),"")) -> 0.1587 | DD7: =IF($A7="","",IFERROR(SUMPRODUCT(('Raw Data'!$B$2:$B$9999="Variant")*('Raw Data'!$A$2:$A$9999=$A7)*('Raw Data'!$C$2:$C$9999=$C$3)*'Raw Data'!$D$2:$D$9999*'Raw Data'!$AL$2:$AL$9999)/SUMIFS('Raw Data'!$D:$D, 'Raw Data'!$B:$B, "Variant", 'Raw Data'!$A:$A, $A7, 'Raw Data'!$C:$C, $C$3),"")) -> 0.1567 | DE7: =IF($A7="","",IFERROR((DD7-DC7)/ABS(DC7),"")) -> -0.012602394 | DG7: =IF($A7="","",IFERROR(SUMPRODUCT(('Raw Data'!$B$2:$B$9999="Variant")*('Raw Data'!$A$2:$A$9999=$A7)*('Raw Data'!$C$2:$C$9999=$C$3)*'Raw Data'!$D$2:$D$9999*'Raw Data'!$AM$2:$AM$9999)/SUMIFS('Raw Data'!$D:$D, 'Raw Data'!$B:$B, "Variant", 'Raw Data'!$A:$A, $A7, 'Raw Data'!$C:$C, $C$3),"")) -> 62.75 | DJ7: =IF($A7="","",IFERROR(SUMPRODUCT(('Raw Data'!$B$2:$B$9999="Variant")*('Raw Data'!$A$2:$A$9999=$A7)*('Raw Data'!$C$2:$C$9999=$C$3)*'Raw Data'!$D$2:$D$9999*'Raw Data'!$AN$2:$AN$9999)/SUMIFS('Raw Data'!$D:$D, 'Raw Data'!$B:$B, "Variant", 'Raw Data'!$A:$A, $A7, 'Raw Data'!$C:$C, $C$3),"")) -> 62.75 | DM7: =IF($A7="","",IFERROR(SUMPRODUCT(('Raw Data'!$B$2:$B$9999="Variant")*('Raw Data'!$A$2:$A$9999=$A7)*('Raw Data'!$C$2:$C$9999=$C$3)*'Raw Data'!$D$2:$D$9999*'Raw Data'!$AO$2:$AO$9999)/SUMIFS('Raw Data'!$D:$D, 'Raw Data'!$B:$B, "Variant", 'Raw Data'!$A:$A, $A7, 'Raw Data'!$C:$C, $C$3),"")) -> 38.15 | DP7: =IF($A7="","",IFERROR(SUMPRODUCT(('Raw Data'!$B$2:$B$9999="Variant")*('Raw Data'!$A$2:$A$9999=$A7)*('Raw Data'!$C$2:$C$9999=$C$3)*'Raw Data'!$D$2:$D$9999*'Raw Data'!$AP$2:$AP$9999)/SUMIFS('Raw Data'!$D:$D, 'Raw Data'!$B:$B, "Variant", 'Raw Data'!$A:$A, $A7, 'Raw Data'!$C:$C, $C$3),"")) -> 20.41 | DR7: =IF($A7="","",IFERROR(SUMPRODUCT(('Raw Data'!$B$2:$B$9999="Control")*('Raw Data'!$A$2:$A$9999=$A7)*('Raw Data'!$C$2:$C$9999=$C$3)*'Raw Data'!$D$2:$D$9999*'Raw Data'!$AQ$2:$AQ$9999)/SUMIFS('Raw Data'!$D:$D, 'Raw Data'!$B:$B, "Control", 'Raw Data'!$A:$A, $A7, 'Raw Data'!$C:$C, $C$3),"")) -> 12.7799 | DS7: =IF($A7="","",IFERROR(SUMPRODUCT(('Raw Data'!$B$2:$B$9999="Variant")*('Raw Data'!$A$2:$A$9999=$A7)*('Raw Data'!$C$2:$C$9999=$C$3)*'Raw Data'!$D$2:$D$9999*'Raw Data'!$AQ$2:$AQ$9999)/SUMIFS('Raw Data'!$D:$D, 'Raw Data'!$B:$B, "Variant", 'Raw Data'!$A:$A, $A7, 'Raw Data'!$C:$C, $C$3),"")) -> 15.8252 | DT7: =IF($A7="","",IFERROR((DS7-DR7)/ABS(DR7),"")) -> 0.23828825 | DU7: =IF($A7="","",IFERROR(SUMPRODUCT(('Raw Data'!$B$2:$B$9999="Control")*('Raw Data'!$A$2:$A$9999=$A7)*('Raw Data'!$C$2:$C$9999=$C$3)*'Raw Data'!$D$2:$D$9999*'Raw Data'!$AR$2:$AR$9999)/SUMIFS('Raw Data'!$D:$D, 'Raw Data'!$B:$B, "Control", 'Raw Data'!$A:$A, $A7, 'Raw Data'!$C:$C, $C$3),"")) -> 0.2759 | DV7: =IF($A7="","",IFERROR(SUMPRODUCT(('Raw Data'!$B$2:$B$9999="Variant")*('Raw Data'!$A$2:$A$9999=$A7)*('Raw Data'!$C$2:$C$9999=$C$3)*'Raw Data'!$D$2:$D$9999*'Raw Data'!$AR$2:$AR$9999)/SUMIFS('Raw Data'!$D:$D, 'Raw Data'!$B:$B, "Variant", 'Raw Data'!$A:$A, $A7, 'Raw Data'!$C:$C, $C$3),"")) -> 0.2365 | DW7: =IF($A7="","",IFERROR((DV7-DU7)/ABS(DU7),"")) -> -0.14280536 | DX7: =IF($A7="","",IFERROR(SUMPRODUCT(('Raw Data'!$B$2:$B$9999="Control")*('Raw Data'!$A$2:$A$9999=$A7)*('Raw Data'!$C$2:$C$9999=$C$3)*'Raw Data'!$D$2:$D$9999*'Raw Data'!$AS$2:$AS$9999)/SUMIFS('Raw Data'!$D:$D, 'Raw Data'!$B:$B, "Control", 'Raw Data'!$A:$A, $A7, 'Raw Data'!$C:$C, $C$3),"")) -> 12.504 | DY7: =IF($A7="","",IFERROR(SUMPRODUCT(('Raw Data'!$B$2:$B$9999="Variant")*('Raw Data'!$A$2:$A$9999=$A7)*('Raw Data'!$C$2:$C$9999=$C$3)*'Raw Data'!$D$2:$D$9999*'Raw Data'!$AS$2:$AS$9999)/SUMIFS('Raw Data'!$D:$D, 'Raw Data'!$B:$B, "Variant", 'Raw Data'!$A:$A, $A7, 'Raw Data'!$C:$C, $C$3),"")) -> 15.5887 | DZ7: =IF($A7="","",IFERROR((DY7-DX7)/ABS(DX7),"")) -> 0.24669706 | EA7: =IF($A7="","",IFERROR(SUMPRODUCT(('Raw Data'!$B$2:$B$9999="Control")*('Raw Data'!$A$2:$A$9999=$A7)*('Raw Data'!$C$2:$C$9999=$C$3)*'Raw Data'!$D$2:$D$9999*'Raw Data'!$AT$2:$AT$9999)/SUMIFS('Raw Data'!$D:$D, 'Raw Data'!$B:$B, "Control", 'Raw Data'!$A:$A, $A7, 'Raw Data'!$C:$C, $C$3),"")) -> 10.8969 | EB7: =IF($A7="","",IFERROR(SUMPRODUCT(('Raw Data'!$B$2:$B$9999="Variant")*('Raw Data'!$A$2:$A$9999=$A7)*('Raw Data'!$C$2:$C$9999=$C$3)*'Raw Data'!$D$2:$D$9999*'Raw Data'!$AT$2:$AT$9999)/SUMIFS('Raw Data'!$D:$D, 'Raw Data'!$B:$B, "Variant", 'Raw Data'!$A:$A, $A7, 'Raw Data'!$C:$C, $C$3),"")) -> 12.0153 | EC7: =IF($A7="","",IFERROR((EB7-EA7)/ABS(EA7),"")) -> 0.10263469 | ED7: =IF($A7="","",IFERROR(SUMPRODUCT(('Raw Data'!$B$2:$B$9999="Control")*('Raw Data'!$A$2:$A$9999=$A7)*('Raw Data'!$C$2:$C$9999=$C$3)*'Raw Data'!$D$2:$D$9999*('Raw Data'!$AQ$2:$AQ$9999-'Raw Data'!$AT$2:$AT$9999))/SUMIFS('Raw Data'!$D:$D, 'Raw Data'!$B:$B, "Control", 'Raw Data'!$A:$A, $A7, 'Raw Data'!$C:$C, $C$3),"")) -> 1.883 | EE7: =IF($A7="","",IFERROR(SUMPRODUCT(('Raw Data'!$B$2:$B$9999="Variant")*('Raw Data'!$A$2:$A$9999=$A7)*('Raw Data'!$C$2:$C$9999=$C$3)*'Raw Data'!$D$2:$D$9999*('Raw Data'!$AQ$2:$AQ$9999-'Raw Data'!$AT$2:$AT$9999))/SUMIFS('Raw Data'!$D:$D, 'Raw Data'!$B:$B, "Variant", 'Raw Data'!$A:$A, $A7, 'Raw Data'!$C:$C, $C$3),"")) -> 3.8099 | EF7: =IF($A7="","",IFERROR((EE7-ED7)/ABS(ED7),"")) -> 1.0233139 | EG7: =IF($A7="","",IFERROR(SUMPRODUCT(('Raw Data'!$B$2:$B$9999="Control")*('Raw Data'!$A$2:$A$9999=$A7)*('Raw Data'!$C$2:$C$9999=$C$3)*'Raw Data'!$D$2:$D$9999*'Raw Data'!$AU$2:$AU$9999)/SUMIFS('Raw Data'!$D:$D, 'Raw Data'!$B:$B, "Control", 'Raw Data'!$A:$A, $A7, 'Raw Data'!$C:$C, $C$3),"")) -> 0.2402 | EH7: =IF($A7="","",IFERROR(SUMPRODUCT(('Raw Data'!$B$2:$B$9999="Variant")*('Raw Data'!$A$2:$A$9999=$A7)*('Raw Data'!$C$2:$C$9999=$C$3)*'Raw Data'!$D$2:$D$9999*'Raw Data'!$AU$2:$AU$9999)/SUMIFS('Raw Data'!$D:$D, 'Raw Data'!$B:$B, "Variant", 'Raw Data'!$A:$A, $A7, 'Raw Data'!$C:$C, $C$3),"")) -> 0.2367 | EI7: =IF($A7="","",IFERROR((EH7-EG7)/ABS(EG7),"")) -> -0.014571191
