Workbook

Sheet By Bucket
A1: A/B Test Summary By 7d Completion Bucket
A3: Category | B3: Metric | C3: 0 | F3: 1-9 | I3: 10-19 | L3: 20-39 | O3: 40-99 | R3: 100+
C4: Control | D4: Variant | E4: Δ % | F4: Control | G4: Variant | H4: Δ % | I4: Control | J4: Variant | K4: Δ % | L4: Control | M4: Variant | N4: Δ % | O4: Control | P4: Variant | Q4: Δ % | R4: Control | S4: Variant | T4: Δ %
A5: Players
B6: Players (sum) | C6: =SUMIFS(Raw_Data_Daily!$D:$D, Raw_Data_Daily!$B:$B, "Control", Raw_Data_Daily!$C:$C, "A. 0") -> 37219 | D6: =SUMIFS(Raw_Data_Daily!$D:$D, Raw_Data_Daily!$B:$B, "Variant", Raw_Data_Daily!$C:$C, "A. 0") -> 36892 | E6: =IFERROR((D6-C6)/ABS(C6),"") -> -0.0087858352 | F6: =SUMIFS(Raw_Data_Daily!$D:$D, Raw_Data_Daily!$B:$B, "Control", Raw_Data_Daily!$C:$C, "B. 1-9") -> 52186 | G6: =SUMIFS(Raw_Data_Daily!$D:$D, Raw_Data_Daily!$B:$B, "Variant", Raw_Data_Daily!$C:$C, "B. 1-9") -> 52224 | H6: =IFERROR((G6-F6)/ABS(F6),"") -> 0.00072816464 | I6: =SUMIFS(Raw_Data_Daily!$D:$D, Raw_Data_Daily!$B:$B, "Control", Raw_Data_Daily!$C:$C, "C. 10-19") -> 41272 | J6: =SUMIFS(Raw_Data_Daily!$D:$D, Raw_Data_Daily!$B:$B, "Variant", Raw_Data_Daily!$C:$C, "C. 10-19") -> 41673 | K6: =IFERROR((J6-I6)/ABS(I6),"") -> 0.0097160302 | L6: =SUMIFS(Raw_Data_Daily!$D:$D, Raw_Data_Daily!$B:$B, "Control", Raw_Data_Daily!$C:$C, "D. 20-39") -> 32231 | M6: =SUMIFS(Raw_Data_Daily!$D:$D, Raw_Data_Daily!$B:$B, "Variant", Raw_Data_Daily!$C:$C, "D. 20-39") -> 31954 | N6: =IFERROR((M6-L6)/ABS(L6),"") -> -0.0085942105 | O6: =SUMIFS(Raw_Data_Daily!$D:$D, Raw_Data_Daily!$B:$B, "Control", Raw_Data_Daily!$C:$C, "E. 40-99") -> 18255 | P6: =SUMIFS(Raw_Data_Daily!$D:$D, Raw_Data_Daily!$B:$B, "Variant", Raw_Data_Daily!$C:$C, "E. 40-99") -> 17364 | Q6: =IFERROR((P6-O6)/ABS(O6),"") -> -0.048808546 | R6: =SUMIFS(Raw_Data_Daily!$D:$D, Raw_Data_Daily!$B:$B, "Control", Raw_Data_Daily!$C:$C, "F. 100+") -> 2672 | S6: =SUMIFS(Raw_Data_Daily!$D:$D, Raw_Data_Daily!$B:$B, "Variant", Raw_Data_Daily!$C:$C, "F. 100+") -> 2405 | T6: =IFERROR((S6-R6)/ABS(R6),"") -> -0.09992515
A7: Revenue
B8: Total revenue | C8: =SUMIFS(Raw_Data_Daily!$F:$F, Raw_Data_Daily!$B:$B, "Control", Raw_Data_Daily!$C:$C, "A. 0") -> 3422.13 | D8: =SUMIFS(Raw_Data_Daily!$F:$F, Raw_Data_Daily!$B:$B, "Variant", Raw_Data_Daily!$C:$C, "A. 0") -> 3941.97 | E8: =IFERROR((D8-C8)/ABS(C8),"") -> 0.15190539 | F8: =SUMIFS(Raw_Data_Daily!$F:$F, Raw_Data_Daily!$B:$B, "Control", Raw_Data_Daily!$C:$C, "B. 1-9") -> 1483.5 | G8: =SUMIFS(Raw_Data_Daily!$F:$F, Raw_Data_Daily!$B:$B, "Variant", Raw_Data_Daily!$C:$C, "B. 1-9") -> 1360.84 | H8: =IFERROR((G8-F8)/ABS(F8),"") -> -0.082682845 | I8: =SUMIFS(Raw_Data_Daily!$F:$F, Raw_Data_Daily!$B:$B, "Control", Raw_Data_Daily!$C:$C, "C. 10-19") -> 4052.57 | J8: =SUMIFS(Raw_Data_Daily!$F:$F, Raw_Data_Daily!$B:$B, "Variant", Raw_Data_Daily!$C:$C, "C. 10-19") -> 4051.34 | K8: =IFERROR((J8-I8)/ABS(I8),"") -> -0.00030351111 | L8: =SUMIFS(Raw_Data_Daily!$F:$F, Raw_Data_Daily!$B:$B, "Control", Raw_Data_Daily!$C:$C, "D. 20-39") -> 6915.24 | M8: =SUMIFS(Raw_Data_Daily!$F:$F, Raw_Data_Daily!$B:$B, "Variant", Raw_Data_Daily!$C:$C, "D. 20-39") -> 6219.38 | N8: =IFERROR((M8-L8)/ABS(L8),"") -> -0.10062702 | O8: =SUMIFS(Raw_Data_Daily!$F:$F, Raw_Data_Daily!$B:$B, "Control", Raw_Data_Daily!$C:$C, "E. 40-99") -> 8534.93 | P8: =SUMIFS(Raw_Data_Daily!$F:$F, Raw_Data_Daily!$B:$B, "Variant", Raw_Data_Daily!$C:$C, "E. 40-99") -> 8769.3 | Q8: =IFERROR((P8-O8)/ABS(O8),"") -> 0.027460096 | R8: =SUMIFS(Raw_Data_Daily!$F:$F, Raw_Data_Daily!$B:$B, "Control", Raw_Data_Daily!$C:$C, "F. 100+") -> 3131.81 | S8: =SUMIFS(Raw_Data_Daily!$F:$F, Raw_Data_Daily!$B:$B, "Variant", Raw_Data_Daily!$C:$C, "F. 100+") -> 1715.56 | T8: =IFERROR((S8-R8)/ABS(R8),"") -> -0.45221453
B9: ARPDAU | C9: =IFERROR(SUMIFS(Raw_Data_Daily!$F:$F, Raw_Data_Daily!$B:$B, "Control", Raw_Data_Daily!$C:$C, "A. 0")/SUMIFS(Raw_Data_Daily!$D:$D, Raw_Data_Daily!$B:$B, "Control", Raw_Data_Daily!$C:$C, "A. 0"),"") -> 0.09194578 | D9: =IFERROR(SUMIFS(Raw_Data_Daily!$F:$F, Raw_Data_Daily!$B:$B, "Variant", Raw_Data_Daily!$C:$C, "A. 0")/SUMIFS(Raw_Data_Daily!$D:$D, Raw_Data_Daily!$B:$B, "Variant", Raw_Data_Daily!$C:$C, "A. 0"),"") -> 0.10685162 | E9: =IFERROR((D9-C9)/ABS(C9),"") -> 0.16211555 | F9: =IFERROR(SUMIFS(Raw_Data_Daily!$F:$F, Raw_Data_Daily!$B:$B, "Control", Raw_Data_Daily!$C:$C, "B. 1-9")/SUMIFS(Raw_Data_Daily!$D:$D, Raw_Data_Daily!$B:$B, "Control", Raw_Data_Daily!$C:$C, "B. 1-9"),"") -> 0.028427164 | G9: =IFERROR(SUMIFS(Raw_Data_Daily!$F:$F, Raw_Data_Daily!$B:$B, "Variant", Raw_Data_Daily!$C:$C, "B. 1-9")/SUMIFS(Raw_Data_Daily!$D:$D, Raw_Data_Daily!$B:$B, "Variant", Raw_Data_Daily!$C:$C, "B. 1-9"),"") -> 0.026057751 | H9: =IFERROR((G9-F9)/ABS(F9),"") -> -0.083350317 | I9: =IFERROR(SUMIFS(Raw_Data_Daily!$F:$F, Raw_Data_Daily!$B:$B, "Control", Raw_Data_Daily!$C:$C, "C. 10-19")/SUMIFS(Raw_Data_Daily!$D:$D, Raw_Data_Daily!$B:$B, "Control", Raw_Data_Daily!$C:$C, "C. 10-19"),"") -> 0.098191752 | J9: =IFERROR(SUMIFS(Raw_Data_Daily!$F:$F, Raw_Data_Daily!$B:$B, "Variant", Raw_Data_Daily!$C:$C, "C. 10-19")/SUMIFS(Raw_Data_Daily!$D:$D, Raw_Data_Daily!$B:$B, "Variant", Raw_Data_Daily!$C:$C, "C. 10-19"),"") -> 0.097217383 | K9: =IFERROR((J9-I9)/ABS(I9),"") -> -0.0099231279 | L9: =IFERROR(SUMIFS(Raw_Data_Daily!$F:$F, Raw_Data_Daily!$B:$B, "Control", Raw_Data_Daily!$C:$C, "D. 20-39")/SUMIFS(Raw_Data_Daily!$D:$D, Raw_Data_Daily!$B:$B, "Control", Raw_Data_Daily!$C:$C, "D. 20-39"),"") -> 0.21455245 | M9: =IFERROR(SUMIFS(Raw_Data_Daily!$F:$F, Raw_Data_Daily!$B:$B, "Variant", Raw_Data_Daily!$C:$C, "D. 20-39")/SUMIFS(Raw_Data_Daily!$D:$D, Raw_Data_Daily!$B:$B, "Variant", Raw_Data_Daily!$C:$C, "D. 20-39"),"") -> 0.19463541 | N9: =IFERROR((M9-L9)/ABS(L9),"") -> -0.092830616 | O9: =IFERROR(SUMIFS(Raw_Data_Daily!$F:$F, Raw_Data_Daily!$B:$B, "Control", Raw_Data_Daily!$C:$C, "E. 40-99")/SUMIFS(Raw_Data_Daily!$D:$D, Raw_Data_Daily!$B:$B, "Control", Raw_Data_Daily!$C:$C, "E. 40-99"),"") -> 0.4675393 | P9: =IFERROR(SUMIFS(Raw_Data_Daily!$F:$F, Raw_Data_Daily!$B:$B, "Variant", Raw_Data_Daily!$C:$C, "E. 40-99")/SUMIFS(Raw_Data_Daily!$D:$D, Raw_Data_Daily!$B:$B, "Variant", Raw_Data_Daily!$C:$C, "E. 40-99"),"") -> 0.50502764 | Q9: =IFERROR((P9-O9)/ABS(O9),"") -> 0.080182219 | R9: =IFERROR(SUMIFS(Raw_Data_Daily!$F:$F, Raw_Data_Daily!$B:$B, "Control", Raw_Data_Daily!$C:$C, "F. 100+")/SUMIFS(Raw_Data_Daily!$D:$D, Raw_Data_Daily!$B:$B, "Control", Raw_Data_Daily!$C:$C, "F. 100+"),"") -> 1.1720846 | S9: =IFERROR(SUMIFS(Raw_Data_Daily!$F:$F, Raw_Data_Daily!$B:$B, "Variant", Raw_Data_Daily!$C:$C, "F. 100+")/SUMIFS(Raw_Data_Daily!$D:$D, Raw_Data_Daily!$B:$B, "Variant", Raw_Data_Daily!$C:$C, "F. 100+"),"") -> 0.71333056 | T9: =IFERROR((S9-R9)/ABS(R9),"") -> -0.3914001
B10: AVG Payer day (%) | C10: =IFERROR(SUMPRODUCT((Raw_Data_Daily!$B$2:$B$9999="Control")*(Raw_Data_Daily!$C$2:$C$9999="A. 0")*Raw_Data_Daily!$D$2:$D$9999*Raw_Data_Daily!$H$2:$H$9999/100)/SUMIFS(Raw_Data_Daily!$D:$D, Raw_Data_Daily!$B:$B, "Control", Raw_Data_Daily!$C:$C, "A. 0")*100,"") -> 1.1033765 | D10: =IFERROR(SUMPRODUCT((Raw_Data_Daily!$B$2:$B$9999="Variant")*(Raw_Data_Daily!$C$2:$C$9999="A. 0")*Raw_Data_Daily!$D$2:$D$9999*Raw_Data_Daily!$H$2:$H$9999/100)/SUMIFS(Raw_Data_Daily!$D:$D, Raw_Data_Daily!$B:$B, "Variant", Raw_Data_Daily!$C:$C, "A. 0")*100,"") -> 1.0271007 | E10: =IFERROR((D10-C10)/ABS(C10),"") -> -0.069129417 | F10: =IFERROR(SUMPRODUCT((Raw_Data_Daily!$B$2:$B$9999="Control")*(Raw_Data_Daily!$C$2:$C$9999="B. 1-9")*Raw_Data_Daily!$D$2:$D$9999*Raw_Data_Daily!$H$2:$H$9999/100)/SUMIFS(Raw_Data_Daily!$D:$D, Raw_Data_Daily!$B:$B, "Control", Raw_Data_Daily!$C:$C, "B. 1-9")*100,"") -> 1.0378464 | G10: =IFERROR(SUMPRODUCT((Raw_Data_Daily!$B$2:$B$9999="Variant")*(Raw_Data_Daily!$C$2:$C$9999="B. 1-9")*Raw_Data_Daily!$D$2:$D$9999*Raw_Data_Daily!$H$2:$H$9999/100)/SUMIFS(Raw_Data_Daily!$D:$D, Raw_Data_Daily!$B:$B, "Variant", Raw_Data_Daily!$C:$C, "B. 1-9")*100,"") -> 1.0432958 | H10: =IFERROR((G10-F10)/ABS(F10),"") -> 0.0052507246 | I10: =IFERROR(SUMPRODUCT((Raw_Data_Daily!$B$2:$B$9999="Control")*(Raw_Data_Daily!$C$2:$C$9999="C. 10-19")*Raw_Data_Daily!$D$2:$D$9999*Raw_Data_Daily!$H$2:$H$9999/100)/SUMIFS(Raw_Data_Daily!$D:$D, Raw_Data_Daily!$B:$B, "Control", Raw_Data_Daily!$C:$C, "C. 10-19")*100,"") -> 2.7450434 | J10: =IFERROR(SUMPRODUCT((Raw_Data_Daily!$B$2:$B$9999="Variant")*(Raw_Data_Daily!$C$2:$C$9999="C. 10-19")*Raw_Data_Daily!$D$2:$D$9999*Raw_Data_Daily!$H$2:$H$9999/100)/SUMIFS(Raw_Data_Daily!$D:$D, Raw_Data_Daily!$B:$B, "Variant", Raw_Data_Daily!$C:$C, "C. 10-19")*100,"") -> 2.8531152 | K10: =IFERROR((J10-I10)/ABS(I10),"") -> 0.03936981 | L10: =IFERROR(SUMPRODUCT((Raw_Data_Daily!$B$2:$B$9999="Control")*(Raw_Data_Daily!$C$2:$C$9999="D. 20-39")*Raw_Data_Daily!$D$2:$D$9999*Raw_Data_Daily!$H$2:$H$9999/100)/SUMIFS(Raw_Data_Daily!$D:$D, Raw_Data_Daily!$B:$B, "Control", Raw_Data_Daily!$C:$C, "D. 20-39")*100,"") -> 4.0453222 | M10: =IFERROR(SUMPRODUCT((Raw_Data_Daily!$B$2:$B$9999="Variant")*(Raw_Data_Daily!$C$2:$C$9999="D. 20-39")*Raw_Data_Daily!$D$2:$D$9999*Raw_Data_Daily!$H$2:$H$9999/100)/SUMIFS(Raw_Data_Daily!$D:$D, Raw_Data_Daily!$B:$B, "Variant", Raw_Data_Daily!$C:$C, "D. 20-39")*100,"") -> 3.8866251 | N10: =IFERROR((M10-L10)/ABS(L10),"") -> -0.039229769 | O10: =IFERROR(SUMPRODUCT((Raw_Data_Daily!$B$2:$B$9999="Control")*(Raw_Data_Daily!$C$2:$C$9999="E. 40-99")*Raw_Data_Daily!$D$2:$D$9999*Raw_Data_Daily!$H$2:$H$9999/100)/SUMIFS(Raw_Data_Daily!$D:$D, Raw_Data_Daily!$B:$B, "Control", Raw_Data_Daily!$C:$C, "E. 40-99")*100,"") -> 6.387817 | P10: =IFERROR(SUMPRODUCT((Raw_Data_Daily!$B$2:$B$9999="Variant")*(Raw_Data_Daily!$C$2:$C$9999="E. 40-99")*Raw_Data_Daily!$D$2:$D$9999*Raw_Data_Daily!$H$2:$H$9999/100)/SUMIFS(Raw_Data_Daily!$D:$D, Raw_Data_Daily!$B:$B, "Variant", Raw_Data_Daily!$C:$C, "E. 40-99")*100,"") -> 6.29162 | Q10: =IFERROR((P10-O10)/ABS(O10),"") -> -0.015059451 | R10: =IFERROR(SUMPRODUCT((Raw_Data_Daily!$B$2:$B$9999="Control")*(Raw_Data_Daily!$C$2:$C$9999="F. 100+")*Raw_Data_Daily!$D$2:$D$9999*Raw_Data_Daily!$H$2:$H$9999/100)/SUMIFS(Raw_Data_Daily!$D:$D, Raw_Data_Daily!$B:$B, "Control", Raw_Data_Daily!$C:$C, "F. 100+")*100,"") -> 9.430101 | S10: =IFERROR(SUMPRODUCT((Raw_Data_Daily!$B$2:$B$9999="Variant")*(Raw_Data_Daily!$C$2:$C$9999="F. 100+")*Raw_Data_Daily!$D$2:$D$9999*Raw_Data_Daily!$H$2:$H$9999/100)/SUMIFS(Raw_Data_Daily!$D:$D, Raw_Data_Daily!$B:$B, "Variant", Raw_Data_Daily!$C:$C, "F. 100+")*100,"") -> 7.7742204 | T10: =IFERROR((S10-R10)/ABS(R10),"") -> -0.17559522
B11: ARPPU | C11: =IFERROR(SUMIFS(Raw_Data_Daily!$F:$F, Raw_Data_Daily!$B:$B, "Control", Raw_Data_Daily!$C:$C, "A. 0")/SUMPRODUCT((Raw_Data_Daily!$B$2:$B$9999="Control")*(Raw_Data_Daily!$C$2:$C$9999="A. 0")*Raw_Data_Daily!$D$2:$D$9999*Raw_Data_Daily!$H$2:$H$9999/100),"") -> 8.3331284 | D11: =IFERROR(SUMIFS(Raw_Data_Daily!$F:$F, Raw_Data_Daily!$B:$B, "Variant", Raw_Data_Daily!$C:$C, "A. 0")/SUMPRODUCT((Raw_Data_Daily!$B$2:$B$9999="Variant")*(Raw_Data_Daily!$C$2:$C$9999="A. 0")*Raw_Data_Daily!$D$2:$D$9999*Raw_Data_Daily!$H$2:$H$9999/100),"") -> 10.403227 | E11: =IFERROR((D11-C11)/ABS(C11),"") -> 0.24841795 | F11: =IFERROR(SUMIFS(Raw_Data_Daily!$F:$F, Raw_Data_Daily!$B:$B, "Control", Raw_Data_Daily!$C:$C, "B. 1-9")/SUMPRODUCT((Raw_Data_Daily!$B$2:$B$9999="Control")*(Raw_Data_Daily!$C$2:$C$9999="B. 1-9")*Raw_Data_Daily!$D$2:$D$9999*Raw_Data_Daily!$H$2:$H$9999/100),"") -> 2.7390532 | G11: =IFERROR(SUMIFS(Raw_Data_Daily!$F:$F, Raw_Data_Daily!$B:$B, "Variant", Raw_Data_Daily!$C:$C, "B. 1-9")/SUMPRODUCT((Raw_Data_Daily!$B$2:$B$9999="Variant")*(Raw_Data_Daily!$C$2:$C$9999="B. 1-9")*Raw_Data_Daily!$D$2:$D$9999*Raw_Data_Daily!$H$2:$H$9999/100),"") -> 2.4976379 | H11: =IFERROR((G11-F11)/ABS(F11),"") -> -0.088138251 | I11: =IFERROR(SUMIFS(Raw_Data_Daily!$F:$F, Raw_Data_Daily!$B:$B, "Control", Raw_Data_Daily!$C:$C, "C. 10-19")/SUMPRODUCT((Raw_Data_Daily!$B$2:$B$9999="Control")*(Raw_Data_Daily!$C$2:$C$9999="C. 10-19")*Raw_Data_Daily!$D$2:$D$9999*Raw_Data_Daily!$H$2:$H$9999/100),"") -> 3.5770565 | J11: =IFERROR(SUMIFS(Raw_Data_Daily!$F:$F, Raw_Data_Daily!$B:$B, "Variant", Raw_Data_Daily!$C:$C, "C. 10-19")/SUMPRODUCT((Raw_Data_Daily!$B$2:$B$9999="Variant")*(Raw_Data_Daily!$C$2:$C$9999="C. 10-19")*Raw_Data_Daily!$D$2:$D$9999*Raw_Data_Daily!$H$2:$H$9999/100),"") -> 3.4074118 | K11: =IFERROR((J11-I11)/ABS(I11),"") -> -0.047425793 | L11: =IFERROR(SUMIFS(Raw_Data_Daily!$F:$F, Raw_Data_Daily!$B:$B, "Control", Raw_Data_Daily!$C:$C, "D. 20-39")/SUMPRODUCT((Raw_Data_Daily!$B$2:$B$9999="Control")*(Raw_Data_Daily!$C$2:$C$9999="D. 20-39")*Raw_Data_Daily!$D$2:$D$9999*Raw_Data_Daily!$H$2:$H$9999/100),"") -> 5.3037172 | M11: =IFERROR(SUMIFS(Raw_Data_Daily!$F:$F, Raw_Data_Daily!$B:$B, "Variant", Raw_Data_Daily!$C:$C, "D. 20-39")/SUMPRODUCT((Raw_Data_Daily!$B$2:$B$9999="Variant")*(Raw_Data_Daily!$C$2:$C$9999="D. 20-39")*Raw_Data_Daily!$D$2:$D$9999*Raw_Data_Daily!$H$2:$H$9999/100),"") -> 5.0078257 | N11: =IFERROR((M11-L11)/ABS(L11),"") -> -0.055789454 | O11: =IFERROR(SUMIFS(Raw_Data_Daily!$F:$F, Raw_Data_Daily!$B:$B, "Control", Raw_Data_Daily!$C:$C, "E. 40-99")/SUMPRODUCT((Raw_Data_Daily!$B$2:$B$9999="Control")*(Raw_Data_Daily!$C$2:$C$9999="E. 40-99")*Raw_Data_Daily!$D$2:$D$9999*Raw_Data_Daily!$H$2:$H$9999/100),"") -> 7.3192344 | P11: =IFERROR(SUMIFS(Raw_Data_Daily!$F:$F, Raw_Data_Daily!$B:$B, "Variant", Raw_Data_Daily!$C:$C, "E. 40-99")/SUMPRODUCT((Raw_Data_Daily!$B$2:$B$9999="Variant")*(Raw_Data_Daily!$C$2:$C$9999="E. 40-99")*Raw_Data_Daily!$D$2:$D$9999*Raw_Data_Daily!$H$2:$H$9999/100),"") -> 8.0269889 | Q11: =IFERROR((P11-O11)/ABS(O11),"") -> 0.096697888 | R11: =IFERROR(SUMIFS(Raw_Data_Daily!$F:$F, Raw_Data_Daily!$B:$B, "Control", Raw_Data_Daily!$C:$C, "F. 100+")/SUMPRODUCT((Raw_Data_Daily!$B$2:$B$9999="Control")*(Raw_Data_Daily!$C$2:$C$9999="F. 100+")*Raw_Data_Daily!$D$2:$D$9999*Raw_Data_Daily!$H$2:$H$9999/100),"") -> 12.429184 | S11: =IFERROR(SUMIFS(Raw_Data_Daily!$F:$F, Raw_Data_Daily!$B:$B, "Variant", Raw_Data_Daily!$C:$C, "F. 100+")/SUMPRODUCT((Raw_Data_Daily!$B$2:$B$9999="Variant")*(Raw_Data_Daily!$C$2:$C$9999="F. 100+")*Raw_Data_Daily!$D$2:$D$9999*Raw_Data_Daily!$H$2:$H$9999/100),"") -> 9.1755897 | T11: =IFERROR((S11-R11)/ABS(R11),"") -> -0.26177053
A12: Engagement
B13: Time spent (mins) | C13: =IFERROR(SUMPRODUCT((Raw_Data_Daily!$B$2:$B$9999="Control")*(Raw_Data_Daily!$C$2:$C$9999="A. 0")*Raw_Data_Daily!$D$2:$D$9999*Raw_Data_Daily!$J$2:$J$9999)/SUMIFS(Raw_Data_Daily!$D:$D, Raw_Data_Daily!$B:$B, "Control", Raw_Data_Daily!$C:$C, "A. 0"),"") -> 17.31001 | D13: =IFERROR(SUMPRODUCT((Raw_Data_Daily!$B$2:$B$9999="Variant")*(Raw_Data_Daily!$C$2:$C$9999="A. 0")*Raw_Data_Daily!$D$2:$D$9999*Raw_Data_Daily!$J$2:$J$9999)/SUMIFS(Raw_Data_Daily!$D:$D, Raw_Data_Daily!$B:$B, "Variant", Raw_Data_Daily!$C:$C, "A. 0"),"") -> 18.642683 | E13: =IFERROR((D13-C13)/ABS(C13),"") -> 0.076988559 | F13: =IFERROR(SUMPRODUCT((Raw_Data_Daily!$B$2:$B$9999="Control")*(Raw_Data_Daily!$C$2:$C$9999="B. 1-9")*Raw_Data_Daily!$D$2:$D$9999*Raw_Data_Daily!$J$2:$J$9999)/SUMIFS(Raw_Data_Daily!$D:$D, Raw_Data_Daily!$B:$B, "Control", Raw_Data_Daily!$C:$C, "B. 1-9"),"") -> 22.448482 | G13: =IFERROR(SUMPRODUCT((Raw_Data_Daily!$B$2:$B$9999="Variant")*(Raw_Data_Daily!$C$2:$C$9999="B. 1-9")*Raw_Data_Daily!$D$2:$D$9999*Raw_Data_Daily!$J$2:$J$9999)/SUMIFS(Raw_Data_Daily!$D:$D, Raw_Data_Daily!$B:$B, "Variant", Raw_Data_Daily!$C:$C, "B. 1-9"),"") -> 22.33624 | H13: =IFERROR((G13-F13)/ABS(F13),"") -> -0.0049999444 | I13: =IFERROR(SUMPRODUCT((Raw_Data_Daily!$B$2:$B$9999="Control")*(Raw_Data_Daily!$C$2:$C$9999="C. 10-19")*Raw_Data_Daily!$D$2:$D$9999*Raw_Data_Daily!$J$2:$J$9999)/SUMIFS(Raw_Data_Daily!$D:$D, Raw_Data_Daily!$B:$B, "Control", Raw_Data_Daily!$C:$C, "C. 10-19"),"") -> 45.107712 | J13: =IFERROR(SUMPRODUCT((Raw_Data_Daily!$B$2:$B$9999="Variant")*(Raw_Data_Daily!$C$2:$C$9999="C. 10-19")*Raw_Data_Daily!$D$2:$D$9999*Raw_Data_Daily!$J$2:$J$9999)/SUMIFS(Raw_Data_Daily!$D:$D, Raw_Data_Daily!$B:$B, "Variant", Raw_Data_Daily!$C:$C, "C. 10-19"),"") -> 46.388918 | K13: =IFERROR((J13-I13)/ABS(I13),"") -> 0.028403269 | L13: =IFERROR(SUMPRODUCT((Raw_Data_Daily!$B$2:$B$9999="Control")*(Raw_Data_Daily!$C$2:$C$9999="D. 20-39")*Raw_Data_Daily!$D$2:$D$9999*Raw_Data_Daily!$J$2:$J$9999)/SUMIFS(Raw_Data_Daily!$D:$D, Raw_Data_Daily!$B:$B, "Control", Raw_Data_Daily!$C:$C, "D. 20-39"),"") -> 68.765068 | M13: =IFERROR(SUMPRODUCT((Raw_Data_Daily!$B$2:$B$9999="Variant")*(Raw_Data_Daily!$C$2:$C$9999="D. 20-39")*Raw_Data_Daily!$D$2:$D$9999*Raw_Data_Daily!$J$2:$J$9999)/SUMIFS(Raw_Data_Daily!$D:$D, Raw_Data_Daily!$B:$B, "Variant", Raw_Data_Daily!$C:$C, "D. 20-39"),"") -> 71.822631 | N13: =IFERROR((M13-L13)/ABS(L13),"") -> 0.044463896 | O13: =IFERROR(SUMPRODUCT((Raw_Data_Daily!$B$2:$B$9999="Control")*(Raw_Data_Daily!$C$2:$C$9999="E. 40-99")*Raw_Data_Daily!$D$2:$D$9999*Raw_Data_Daily!$J$2:$J$9999)/SUMIFS(Raw_Data_Daily!$D:$D, Raw_Data_Daily!$B:$B, "Control", Raw_Data_Daily!$C:$C, "E. 40-99"),"") -> 120.53259 | P13: =IFERROR(SUMPRODUCT((Raw_Data_Daily!$B$2:$B$9999="Variant")*(Raw_Data_Daily!$C$2:$C$9999="E. 40-99")*Raw_Data_Daily!$D$2:$D$9999*Raw_Data_Daily!$J$2:$J$9999)/SUMIFS(Raw_Data_Daily!$D:$D, Raw_Data_Daily!$B:$B, "Variant", Raw_Data_Daily!$C:$C, "E. 40-99"),"") -> 122.77153 | Q13: =IFERROR((P13-O13)/ABS(O13),"") -> 0.018575387 | R13: =IFERROR(SUMPRODUCT((Raw_Data_Daily!$B$2:$B$9999="Control")*(Raw_Data_Daily!$C$2:$C$9999="F. 100+")*Raw_Data_Daily!$D$2:$D$9999*Raw_Data_Daily!$J$2:$J$9999)/SUMIFS(Raw_Data_Daily!$D:$D, Raw_Data_Daily!$B:$B, "Control", Raw_Data_Daily!$C:$C, "F. 100+"),"") -> 247.79763 | S13: =IFERROR(SUMPRODUCT((Raw_Data_Daily!$B$2:$B$9999="Variant")*(Raw_Data_Daily!$C$2:$C$9999="F. 100+")*Raw_Data_Daily!$D$2:$D$9999*Raw_Data_Daily!$J$2:$J$9999)/SUMIFS(Raw_Data_Daily!$D:$D, Raw_Data_Daily!$B:$B, "Variant", Raw_Data_Daily!$C:$C, "F. 100+"),"") -> 243.32833 | T13: =IFERROR((S13-R13)/ABS(R13),"") -> -0.018036097
B14: Level attempts / player | C14: =IFERROR(SUMPRODUCT((Raw_Data_Daily!$B$2:$B$9999="Control")*(Raw_Data_Daily!$C$2:$C$9999="A. 0")*Raw_Data_Daily!$D$2:$D$9999*Raw_Data_Daily!$K$2:$K$9999)/SUMIFS(Raw_Data_Daily!$D:$D, Raw_Data_Daily!$B:$B, "Control", Raw_Data_Daily!$C:$C, "A. 0"),"") -> 9.258141 | D14: =IFERROR(SUMPRODUCT((Raw_Data_Daily!$B$2:$B$9999="Variant")*(Raw_Data_Daily!$C$2:$C$9999="A. 0")*Raw_Data_Daily!$D$2:$D$9999*Raw_Data_Daily!$K$2:$K$9999)/SUMIFS(Raw_Data_Daily!$D:$D, Raw_Data_Daily!$B:$B, "Variant", Raw_Data_Daily!$C:$C, "A. 0"),"") -> 9.9051784 | E14: =IFERROR((D14-C14)/ABS(C14),"") -> 0.069888475 | F14: =IFERROR(SUMPRODUCT((Raw_Data_Daily!$B$2:$B$9999="Control")*(Raw_Data_Daily!$C$2:$C$9999="B. 1-9")*Raw_Data_Daily!$D$2:$D$9999*Raw_Data_Daily!$K$2:$K$9999)/SUMIFS(Raw_Data_Daily!$D:$D, Raw_Data_Daily!$B:$B, "Control", Raw_Data_Daily!$C:$C, "B. 1-9"),"") -> 11.648771 | G14: =IFERROR(SUMPRODUCT((Raw_Data_Daily!$B$2:$B$9999="Variant")*(Raw_Data_Daily!$C$2:$C$9999="B. 1-9")*Raw_Data_Daily!$D$2:$D$9999*Raw_Data_Daily!$K$2:$K$9999)/SUMIFS(Raw_Data_Daily!$D:$D, Raw_Data_Daily!$B:$B, "Variant", Raw_Data_Daily!$C:$C, "B. 1-9"),"") -> 11.40699 | H14: =IFERROR((G14-F14)/ABS(F14),"") -> -0.02075596 | I14: =IFERROR(SUMPRODUCT((Raw_Data_Daily!$B$2:$B$9999="Control")*(Raw_Data_Daily!$C$2:$C$9999="C. 10-19")*Raw_Data_Daily!$D$2:$D$9999*Raw_Data_Daily!$K$2:$K$9999)/SUMIFS(Raw_Data_Daily!$D:$D, Raw_Data_Daily!$B:$B, "Control", Raw_Data_Daily!$C:$C, "C. 10-19"),"") -> 24.366102 | J14: =IFERROR(SUMPRODUCT((Raw_Data_Daily!$B$2:$B$9999="Variant")*(Raw_Data_Daily!$C$2:$C$9999="C. 10-19")*Raw_Data_Daily!$D$2:$D$9999*Raw_Data_Daily!$K$2:$K$9999)/SUMIFS(Raw_Data_Daily!$D:$D, Raw_Data_Daily!$B:$B, "Variant", Raw_Data_Daily!$C:$C, "C. 10-19"),"") -> 24.897393 | K14: =IFERROR((J14-I14)/ABS(I14),"") -> 0.021804517 | L14: =IFERROR(SUMPRODUCT((Raw_Data_Daily!$B$2:$B$9999="Control")*(Raw_Data_Daily!$C$2:$C$9999="D. 20-39")*Raw_Data_Daily!$D$2:$D$9999*Raw_Data_Daily!$K$2:$K$9999)/SUMIFS(Raw_Data_Daily!$D:$D, Raw_Data_Daily!$B:$B, "Control", Raw_Data_Daily!$C:$C, "D. 20-39"),"") -> 39.05534 | M14: =IFERROR(SUMPRODUCT((Raw_Data_Daily!$B$2:$B$9999="Variant")*(Raw_Data_Daily!$C$2:$C$9999="D. 20-39")*Raw_Data_Daily!$D$2:$D$9999*Raw_Data_Daily!$K$2:$K$9999)/SUMIFS(Raw_Data_Daily!$D:$D, Raw_Data_Daily!$B:$B, "Variant", Raw_Data_Daily!$C:$C, "D. 20-39"),"") -> 40.585598 | N14: =IFERROR((M14-L14)/ABS(L14),"") -> 0.039181791 | O14: =IFERROR(SUMPRODUCT((Raw_Data_Daily!$B$2:$B$9999="Control")*(Raw_Data_Daily!$C$2:$C$9999="E. 40-99")*Raw_Data_Daily!$D$2:$D$9999*Raw_Data_Daily!$K$2:$K$9999)/SUMIFS(Raw_Data_Daily!$D:$D, Raw_Data_Daily!$B:$B, "Control", Raw_Data_Daily!$C:$C, "E. 40-99"),"") -> 72.515629 | P14: =IFERROR(SUMPRODUCT((Raw_Data_Daily!$B$2:$B$9999="Variant")*(Raw_Data_Daily!$C$2:$C$9999="E. 40-99")*Raw_Data_Daily!$D$2:$D$9999*Raw_Data_Daily!$K$2:$K$9999)/SUMIFS(Raw_Data_Daily!$D:$D, Raw_Data_Daily!$B:$B, "Variant", Raw_Data_Daily!$C:$C, "E. 40-99"),"") -> 74.460091 | Q14: =IFERROR((P14-O14)/ABS(O14),"") -> 0.026814391 | R14: =IFERROR(SUMPRODUCT((Raw_Data_Daily!$B$2:$B$9999="Control")*(Raw_Data_Daily!$C$2:$C$9999="F. 100+")*Raw_Data_Daily!$D$2:$D$9999*Raw_Data_Daily!$K$2:$K$9999)/SUMIFS(Raw_Data_Daily!$D:$D, Raw_Data_Daily!$B:$B, "Control", Raw_Data_Daily!$C:$C, "F. 100+"),"") -> 164.67101 | S14: =IFERROR(SUMPRODUCT((Raw_Data_Daily!$B$2:$B$9999="Variant")*(Raw_Data_Daily!$C$2:$C$9999="F. 100+")*Raw_Data_Daily!$D$2:$D$9999*Raw_Data_Daily!$K$2:$K$9999)/SUMIFS(Raw_Data_Daily!$D:$D, Raw_Data_Daily!$B:$B, "Variant", Raw_Data_Daily!$C:$C, "F. 100+"),"") -> 161.46999 | T14: =IFERROR((S14-R14)/ABS(R14),"") -> -0.019438898
B15: Level completes / player | C15: =IFERROR(SUMPRODUCT((Raw_Data_Daily!$B$2:$B$9999="Control")*(Raw_Data_Daily!$C$2:$C$9999="A. 0")*Raw_Data_Daily!$D$2:$D$9999*Raw_Data_Daily!$L$2:$L$9999)/SUMIFS(Raw_Data_Daily!$D:$D, Raw_Data_Daily!$B:$B, "Control", Raw_Data_Daily!$C:$C, "A. 0"),"") -> 5.9097861 | D15: =IFERROR(SUMPRODUCT((Raw_Data_Daily!$B$2:$B$9999="Variant")*(Raw_Data_Daily!$C$2:$C$9999="A. 0")*Raw_Data_Daily!$D$2:$D$9999*Raw_Data_Daily!$L$2:$L$9999)/SUMIFS(Raw_Data_Daily!$D:$D, Raw_Data_Daily!$B:$B, "Variant", Raw_Data_Daily!$C:$C, "A. 0"),"") -> 6.5726315 | E15: =IFERROR((D15-C15)/ABS(C15),"") -> 0.11216063 | F15: =IFERROR(SUMPRODUCT((Raw_Data_Daily!$B$2:$B$9999="Control")*(Raw_Data_Daily!$C$2:$C$9999="B. 1-9")*Raw_Data_Daily!$D$2:$D$9999*Raw_Data_Daily!$L$2:$L$9999)/SUMIFS(Raw_Data_Daily!$D:$D, Raw_Data_Daily!$B:$B, "Control", Raw_Data_Daily!$C:$C, "B. 1-9"),"") -> 5.2682463 | G15: =IFERROR(SUMPRODUCT((Raw_Data_Daily!$B$2:$B$9999="Variant")*(Raw_Data_Daily!$C$2:$C$9999="B. 1-9")*Raw_Data_Daily!$D$2:$D$9999*Raw_Data_Daily!$L$2:$L$9999)/SUMIFS(Raw_Data_Daily!$D:$D, Raw_Data_Daily!$B:$B, "Variant", Raw_Data_Daily!$C:$C, "B. 1-9"),"") -> 5.2100565 | H15: =IFERROR((G15-F15)/ABS(F15),"") -> -0.011045381 | I15: =IFERROR(SUMPRODUCT((Raw_Data_Daily!$B$2:$B$9999="Control")*(Raw_Data_Daily!$C$2:$C$9999="C. 10-19")*Raw_Data_Daily!$D$2:$D$9999*Raw_Data_Daily!$L$2:$L$9999)/SUMIFS(Raw_Data_Daily!$D:$D, Raw_Data_Daily!$B:$B, "Control", Raw_Data_Daily!$C:$C, "C. 10-19"),"") -> 13.828845 | J15: =IFERROR(SUMPRODUCT((Raw_Data_Daily!$B$2:$B$9999="Variant")*(Raw_Data_Daily!$C$2:$C$9999="C. 10-19")*Raw_Data_Daily!$D$2:$D$9999*Raw_Data_Daily!$L$2:$L$9999)/SUMIFS(Raw_Data_Daily!$D:$D, Raw_Data_Daily!$B:$B, "Variant", Raw_Data_Daily!$C:$C, "C. 10-19"),"") -> 13.814269 | K15: =IFERROR((J15-I15)/ABS(I15),"") -> -0.0010539786 | L15: =IFERROR(SUMPRODUCT((Raw_Data_Daily!$B$2:$B$9999="Control")*(Raw_Data_Daily!$C$2:$C$9999="D. 20-39")*Raw_Data_Daily!$D$2:$D$9999*Raw_Data_Daily!$L$2:$L$9999)/SUMIFS(Raw_Data_Daily!$D:$D, Raw_Data_Daily!$B:$B, "Control", Raw_Data_Daily!$C:$C, "D. 20-39"),"") -> 26.064324 | M15: =IFERROR(SUMPRODUCT((Raw_Data_Daily!$B$2:$B$9999="Variant")*(Raw_Data_Daily!$C$2:$C$9999="D. 20-39")*Raw_Data_Daily!$D$2:$D$9999*Raw_Data_Daily!$L$2:$L$9999)/SUMIFS(Raw_Data_Daily!$D:$D, Raw_Data_Daily!$B:$B, "Variant", Raw_Data_Daily!$C:$C, "D. 20-39"),"") -> 26.450961 | N15: =IFERROR((M15-L15)/ABS(L15),"") -> 0.014833941 | O15: =IFERROR(SUMPRODUCT((Raw_Data_Daily!$B$2:$B$9999="Control")*(Raw_Data_Daily!$C$2:$C$9999="E. 40-99")*Raw_Data_Daily!$D$2:$D$9999*Raw_Data_Daily!$L$2:$L$9999)/SUMIFS(Raw_Data_Daily!$D:$D, Raw_Data_Daily!$B:$B, "Control", Raw_Data_Daily!$C:$C, "E. 40-99"),"") -> 53.136709 | P15: =IFERROR(SUMPRODUCT((Raw_Data_Daily!$B$2:$B$9999="Variant")*(Raw_Data_Daily!$C$2:$C$9999="E. 40-99")*Raw_Data_Daily!$D$2:$D$9999*Raw_Data_Daily!$L$2:$L$9999)/SUMIFS(Raw_Data_Daily!$D:$D, Raw_Data_Daily!$B:$B, "Variant", Raw_Data_Daily!$C:$C, "E. 40-99"),"") -> 54.229709 | Q15: =IFERROR((P15-O15)/ABS(O15),"") -> 0.020569579 | R15: =IFERROR(SUMPRODUCT((Raw_Data_Daily!$B$2:$B$9999="Control")*(Raw_Data_Daily!$C$2:$C$9999="F. 100+")*Raw_Data_Daily!$D$2:$D$9999*Raw_Data_Daily!$L$2:$L$9999)/SUMIFS(Raw_Data_Daily!$D:$D, Raw_Data_Daily!$B:$B, "Control", Raw_Data_Daily!$C:$C, "F. 100+"),"") -> 128.41218 | S15: =IFERROR(SUMPRODUCT((Raw_Data_Daily!$B$2:$B$9999="Variant")*(Raw_Data_Daily!$C$2:$C$9999="F. 100+")*Raw_Data_Daily!$D$2:$D$9999*Raw_Data_Daily!$L$2:$L$9999)/SUMIFS(Raw_Data_Daily!$D:$D, Raw_Data_Daily!$B:$B, "Variant", Raw_Data_Daily!$C:$C, "F. 100+"),"") -> 123.87504 | T15: =IFERROR((S15-R15)/ABS(R15),"") -> -0.035332615
A16: Daily Streak
B17: Avg daily streak | C17: =IFERROR(SUMPRODUCT((Raw_Data_Daily!$B$2:$B$9999="Control")*(Raw_Data_Daily!$C$2:$C$9999="A. 0")*Raw_Data_Daily!$D$2:$D$9999*Raw_Data_Daily!$AD$2:$AD$9999)/SUMIFS(Raw_Data_Daily!$D:$D, Raw_Data_Daily!$B:$B, "Control", Raw_Data_Daily!$C:$C, "A. 0"),"") -> 0 | D17: =IFERROR(SUMPRODUCT((Raw_Data_Daily!$B$2:$B$9999="Variant")*(Raw_Data_Daily!$C$2:$C$9999="A. 0")*Raw_Data_Daily!$D$2:$D$9999*Raw_Data_Daily!$AD$2:$AD$9999)/SUMIFS(Raw_Data_Daily!$D:$D, Raw_Data_Daily!$B:$B, "Variant", Raw_Data_Daily!$C:$C, "A. 0"),"") -> 0 | E17: =IFERROR((D17-C17)/ABS(C17),"") | F17: =IFERROR(SUMPRODUCT((Raw_Data_Daily!$B$2:$B$9999="Control")*(Raw_Data_Daily!$C$2:$C$9999="B. 1-9")*Raw_Data_Daily!$D$2:$D$9999*Raw_Data_Daily!$AD$2:$AD$9999)/SUMIFS(Raw_Data_Daily!$D:$D, Raw_Data_Daily!$B:$B, "Control", Raw_Data_Daily!$C:$C, "B. 1-9"),"") -> 4.0603037 | G17: =IFERROR(SUMPRODUCT((Raw_Data_Daily!$B$2:$B$9999="Variant")*(Raw_Data_Daily!$C$2:$C$9999="B. 1-9")*Raw_Data_Daily!$D$2:$D$9999*Raw_Data_Daily!$AD$2:$AD$9999)/SUMIFS(Raw_Data_Daily!$D:$D, Raw_Data_Daily!$B:$B, "Variant", Raw_Data_Daily!$C:$C, "B. 1-9"),"") -> 4.0732652 | H17: =IFERROR((G17-F17)/ABS(F17),"") -> 0.0031922351 | I17: =IFERROR(SUMPRODUCT((Raw_Data_Daily!$B$2:$B$9999="Control")*(Raw_Data_Daily!$C$2:$C$9999="C. 10-19")*Raw_Data_Daily!$D$2:$D$9999*Raw_Data_Daily!$AD$2:$AD$9999)/SUMIFS(Raw_Data_Daily!$D:$D, Raw_Data_Daily!$B:$B, "Control", Raw_Data_Daily!$C:$C, "C. 10-19"),"") -> 9.4589957 | J17: =IFERROR(SUMPRODUCT((Raw_Data_Daily!$B$2:$B$9999="Variant")*(Raw_Data_Daily!$C$2:$C$9999="C. 10-19")*Raw_Data_Daily!$D$2:$D$9999*Raw_Data_Daily!$AD$2:$AD$9999)/SUMIFS(Raw_Data_Daily!$D:$D, Raw_Data_Daily!$B:$B, "Variant", Raw_Data_Daily!$C:$C, "C. 10-19"),"") -> 9.4649761 | K17: =IFERROR((J17-I17)/ABS(I17),"") -> 0.00063224857 | L17: =IFERROR(SUMPRODUCT((Raw_Data_Daily!$B$2:$B$9999="Control")*(Raw_Data_Daily!$C$2:$C$9999="D. 20-39")*Raw_Data_Daily!$D$2:$D$9999*Raw_Data_Daily!$AD$2:$AD$9999)/SUMIFS(Raw_Data_Daily!$D:$D, Raw_Data_Daily!$B:$B, "Control", Raw_Data_Daily!$C:$C, "D. 20-39"),"") -> 16.636809 | M17: =IFERROR(SUMPRODUCT((Raw_Data_Daily!$B$2:$B$9999="Variant")*(Raw_Data_Daily!$C$2:$C$9999="D. 20-39")*Raw_Data_Daily!$D$2:$D$9999*Raw_Data_Daily!$AD$2:$AD$9999)/SUMIFS(Raw_Data_Daily!$D:$D, Raw_Data_Daily!$B:$B, "Variant", Raw_Data_Daily!$C:$C, "D. 20-39"),"") -> 16.663539 | N17: =IFERROR((M17-L17)/ABS(L17),"") -> 0.0016066327 | O17: =IFERROR(SUMPRODUCT((Raw_Data_Daily!$B$2:$B$9999="Control")*(Raw_Data_Daily!$C$2:$C$9999="E. 40-99")*Raw_Data_Daily!$D$2:$D$9999*Raw_Data_Daily!$AD$2:$AD$9999)/SUMIFS(Raw_Data_Daily!$D:$D, Raw_Data_Daily!$B:$B, "Control", Raw_Data_Daily!$C:$C, "E. 40-99"),"") -> 30.505617 | P17: =IFERROR(SUMPRODUCT((Raw_Data_Daily!$B$2:$B$9999="Variant")*(Raw_Data_Daily!$C$2:$C$9999="E. 40-99")*Raw_Data_Daily!$D$2:$D$9999*Raw_Data_Daily!$AD$2:$AD$9999)/SUMIFS(Raw_Data_Daily!$D:$D, Raw_Data_Daily!$B:$B, "Variant", Raw_Data_Daily!$C:$C, "E. 40-99"),"") -> 30.607191 | Q17: =IFERROR((P17-O17)/ABS(O17),"") -> 0.0033297072 | R17: =IFERROR(SUMPRODUCT((Raw_Data_Daily!$B$2:$B$9999="Control")*(Raw_Data_Daily!$C$2:$C$9999="F. 100+")*Raw_Data_Daily!$D$2:$D$9999*Raw_Data_Daily!$AD$2:$AD$9999)/SUMIFS(Raw_Data_Daily!$D:$D, Raw_Data_Daily!$B:$B, "Control", Raw_Data_Daily!$C:$C, "F. 100+"),"") -> 57.792201 | S17: =IFERROR(SUMPRODUCT((Raw_Data_Daily!$B$2:$B$9999="Variant")*(Raw_Data_Daily!$C$2:$C$9999="F. 100+")*Raw_Data_Daily!$D$2:$D$9999*Raw_Data_Daily!$AD$2:$AD$9999)/SUMIFS(Raw_Data_Daily!$D:$D, Raw_Data_Daily!$B:$B, "Variant", Raw_Data_Daily!$C:$C, "F. 100+"),"") -> 56.87259 | T17: =IFERROR((S17-R17)/ABS(R17),"") -> -0.015912358
B18: P25 daily streak | C18: =IFERROR(SUMPRODUCT((Raw_Data_Daily!$B$2:$B$9999="Control")*(Raw_Data_Daily!$C$2:$C$9999="A. 0")*Raw_Data_Daily!$D$2:$D$9999*Raw_Data_Daily!$AE$2:$AE$9999)/SUMIFS(Raw_Data_Daily!$D:$D, Raw_Data_Daily!$B:$B, "Control", Raw_Data_Daily!$C:$C, "A. 0"),"") -> 0 | D18: =IFERROR(SUMPRODUCT((Raw_Data_Daily!$B$2:$B$9999="Variant")*(Raw_Data_Daily!$C$2:$C$9999="A. 0")*Raw_Data_Daily!$D$2:$D$9999*Raw_Data_Daily!$AE$2:$AE$9999)/SUMIFS(Raw_Data_Daily!$D:$D, Raw_Data_Daily!$B:$B, "Variant", Raw_Data_Daily!$C:$C, "A. 0"),"") -> 0 | E18: =IFERROR((D18-C18)/ABS(C18),"") | F18: =IFERROR(SUMPRODUCT((Raw_Data_Daily!$B$2:$B$9999="Control")*(Raw_Data_Daily!$C$2:$C$9999="B. 1-9")*Raw_Data_Daily!$D$2:$D$9999*Raw_Data_Daily!$AE$2:$AE$9999)/SUMIFS(Raw_Data_Daily!$D:$D, Raw_Data_Daily!$B:$B, "Control", Raw_Data_Daily!$C:$C, "B. 1-9"),"") -> 1.3558617 | G18: =IFERROR(SUMPRODUCT((Raw_Data_Daily!$B$2:$B$9999="Variant")*(Raw_Data_Daily!$C$2:$C$9999="B. 1-9")*Raw_Data_Daily!$D$2:$D$9999*Raw_Data_Daily!$AE$2:$AE$9999)/SUMIFS(Raw_Data_Daily!$D:$D, Raw_Data_Daily!$B:$B, "Variant", Raw_Data_Daily!$C:$C, "B. 1-9"),"") -> 1.283184 | H18: =IFERROR((G18-F18)/ABS(F18),"") -> -0.053602626 | I18: =IFERROR(SUMPRODUCT((Raw_Data_Daily!$B$2:$B$9999="Control")*(Raw_Data_Daily!$C$2:$C$9999="C. 10-19")*Raw_Data_Daily!$D$2:$D$9999*Raw_Data_Daily!$AE$2:$AE$9999)/SUMIFS(Raw_Data_Daily!$D:$D, Raw_Data_Daily!$B:$B, "Control", Raw_Data_Daily!$C:$C, "C. 10-19"),"") -> 4.1431479 | J18: =IFERROR(SUMPRODUCT((Raw_Data_Daily!$B$2:$B$9999="Variant")*(Raw_Data_Daily!$C$2:$C$9999="C. 10-19")*Raw_Data_Daily!$D$2:$D$9999*Raw_Data_Daily!$AE$2:$AE$9999)/SUMIFS(Raw_Data_Daily!$D:$D, Raw_Data_Daily!$B:$B, "Variant", Raw_Data_Daily!$C:$C, "C. 10-19"),"") -> 4.1459458 | K18: =IFERROR((J18-I18)/ABS(I18),"") -> 0.00067531245 | L18: =IFERROR(SUMPRODUCT((Raw_Data_Daily!$B$2:$B$9999="Control")*(Raw_Data_Daily!$C$2:$C$9999="D. 20-39")*Raw_Data_Daily!$D$2:$D$9999*Raw_Data_Daily!$AE$2:$AE$9999)/SUMIFS(Raw_Data_Daily!$D:$D, Raw_Data_Daily!$B:$B, "Control", Raw_Data_Daily!$C:$C, "D. 20-39"),"") -> 6.9520648 | M18: =IFERROR(SUMPRODUCT((Raw_Data_Daily!$B$2:$B$9999="Variant")*(Raw_Data_Daily!$C$2:$C$9999="D. 20-39")*Raw_Data_Daily!$D$2:$D$9999*Raw_Data_Daily!$AE$2:$AE$9999)/SUMIFS(Raw_Data_Daily!$D:$D, Raw_Data_Daily!$B:$B, "Variant", Raw_Data_Daily!$C:$C, "D. 20-39"),"") -> 7.1522814 | N18: =IFERROR((M18-L18)/ABS(L18),"") -> 0.028799591 | O18: =IFERROR(SUMPRODUCT((Raw_Data_Daily!$B$2:$B$9999="Control")*(Raw_Data_Daily!$C$2:$C$9999="E. 40-99")*Raw_Data_Daily!$D$2:$D$9999*Raw_Data_Daily!$AE$2:$AE$9999)/SUMIFS(Raw_Data_Daily!$D:$D, Raw_Data_Daily!$B:$B, "Control", Raw_Data_Daily!$C:$C, "E. 40-99"),"") -> 12.107258 | P18: =IFERROR(SUMPRODUCT((Raw_Data_Daily!$B$2:$B$9999="Variant")*(Raw_Data_Daily!$C$2:$C$9999="E. 40-99")*Raw_Data_Daily!$D$2:$D$9999*Raw_Data_Daily!$AE$2:$AE$9999)/SUMIFS(Raw_Data_Daily!$D:$D, Raw_Data_Daily!$B:$B, "Variant", Raw_Data_Daily!$C:$C, "E. 40-99"),"") -> 12.572852 | Q18: =IFERROR((P18-O18)/ABS(O18),"") -> 0.038455741 | R18: =IFERROR(SUMPRODUCT((Raw_Data_Daily!$B$2:$B$9999="Control")*(Raw_Data_Daily!$C$2:$C$9999="F. 100+")*Raw_Data_Daily!$D$2:$D$9999*Raw_Data_Daily!$AE$2:$AE$9999)/SUMIFS(Raw_Data_Daily!$D:$D, Raw_Data_Daily!$B:$B, "Control", Raw_Data_Daily!$C:$C, "F. 100+"),"") -> 23.00524 | S18: =IFERROR(SUMPRODUCT((Raw_Data_Daily!$B$2:$B$9999="Variant")*(Raw_Data_Daily!$C$2:$C$9999="F. 100+")*Raw_Data_Daily!$D$2:$D$9999*Raw_Data_Daily!$AE$2:$AE$9999)/SUMIFS(Raw_Data_Daily!$D:$D, Raw_Data_Daily!$B:$B, "Variant", Raw_Data_Daily!$C:$C, "F. 100+"),"") -> 23.13763 | T18: =IFERROR((S18-R18)/ABS(R18),"") -> 0.0057547941
B19: P50 daily streak | C19: =IFERROR(SUMPRODUCT((Raw_Data_Daily!$B$2:$B$9999="Control")*(Raw_Data_Daily!$C$2:$C$9999="A. 0")*Raw_Data_Daily!$D$2:$D$9999*Raw_Data_Daily!$AF$2:$AF$9999)/SUMIFS(Raw_Data_Daily!$D:$D, Raw_Data_Daily!$B:$B, "Control", Raw_Data_Daily!$C:$C, "A. 0"),"") -> 0 | D19: =IFERROR(SUMPRODUCT((Raw_Data_Daily!$B$2:$B$9999="Variant")*(Raw_Data_Daily!$C$2:$C$9999="A. 0")*Raw_Data_Daily!$D$2:$D$9999*Raw_Data_Daily!$AF$2:$AF$9999)/SUMIFS(Raw_Data_Daily!$D:$D, Raw_Data_Daily!$B:$B, "Variant", Raw_Data_Daily!$C:$C, "A. 0"),"") -> 0 | E19: =IFERROR((D19-C19)/ABS(C19),"") | F19: =IFERROR(SUMPRODUCT((Raw_Data_Daily!$B$2:$B$9999="Control")*(Raw_Data_Daily!$C$2:$C$9999="B. 1-9")*Raw_Data_Daily!$D$2:$D$9999*Raw_Data_Daily!$AF$2:$AF$9999)/SUMIFS(Raw_Data_Daily!$D:$D, Raw_Data_Daily!$B:$B, "Control", Raw_Data_Daily!$C:$C, "B. 1-9"),"") -> 3 | G19: =IFERROR(SUMPRODUCT((Raw_Data_Daily!$B$2:$B$9999="Variant")*(Raw_Data_Daily!$C$2:$C$9999="B. 1-9")*Raw_Data_Daily!$D$2:$D$9999*Raw_Data_Daily!$AF$2:$AF$9999)/SUMIFS(Raw_Data_Daily!$D:$D, Raw_Data_Daily!$B:$B, "Variant", Raw_Data_Daily!$C:$C, "B. 1-9"),"") -> 3 | H19: =IFERROR((G19-F19)/ABS(F19),"") -> 0 | I19: =IFERROR(SUMPRODUCT((Raw_Data_Daily!$B$2:$B$9999="Control")*(Raw_Data_Daily!$C$2:$C$9999="C. 10-19")*Raw_Data_Daily!$D$2:$D$9999*Raw_Data_Daily!$AF$2:$AF$9999)/SUMIFS(Raw_Data_Daily!$D:$D, Raw_Data_Daily!$B:$B, "Control", Raw_Data_Daily!$C:$C, "C. 10-19"),"") -> 7.9223929 | J19: =IFERROR(SUMPRODUCT((Raw_Data_Daily!$B$2:$B$9999="Variant")*(Raw_Data_Daily!$C$2:$C$9999="C. 10-19")*Raw_Data_Daily!$D$2:$D$9999*Raw_Data_Daily!$AF$2:$AF$9999)/SUMIFS(Raw_Data_Daily!$D:$D, Raw_Data_Daily!$B:$B, "Variant", Raw_Data_Daily!$C:$C, "C. 10-19"),"") -> 8.2851487 | K19: =IFERROR((J19-I19)/ABS(I19),"") -> 0.04578866 | L19: =IFERROR(SUMPRODUCT((Raw_Data_Daily!$B$2:$B$9999="Control")*(Raw_Data_Daily!$C$2:$C$9999="D. 20-39")*Raw_Data_Daily!$D$2:$D$9999*Raw_Data_Daily!$AF$2:$AF$9999)/SUMIFS(Raw_Data_Daily!$D:$D, Raw_Data_Daily!$B:$B, "Control", Raw_Data_Daily!$C:$C, "D. 20-39"),"") -> 13.149576 | M19: =IFERROR(SUMPRODUCT((Raw_Data_Daily!$B$2:$B$9999="Variant")*(Raw_Data_Daily!$C$2:$C$9999="D. 20-39")*Raw_Data_Daily!$D$2:$D$9999*Raw_Data_Daily!$AF$2:$AF$9999)/SUMIFS(Raw_Data_Daily!$D:$D, Raw_Data_Daily!$B:$B, "Variant", Raw_Data_Daily!$C:$C, "D. 20-39"),"") -> 13.152281 | N19: =IFERROR((M19-L19)/ABS(L19),"") -> 0.00020570319 | O19: =IFERROR(SUMPRODUCT((Raw_Data_Daily!$B$2:$B$9999="Control")*(Raw_Data_Daily!$C$2:$C$9999="E. 40-99")*Raw_Data_Daily!$D$2:$D$9999*Raw_Data_Daily!$AF$2:$AF$9999)/SUMIFS(Raw_Data_Daily!$D:$D, Raw_Data_Daily!$B:$B, "Control", Raw_Data_Daily!$C:$C, "E. 40-99"),"") -> 23.010572 | P19: =IFERROR(SUMPRODUCT((Raw_Data_Daily!$B$2:$B$9999="Variant")*(Raw_Data_Daily!$C$2:$C$9999="E. 40-99")*Raw_Data_Daily!$D$2:$D$9999*Raw_Data_Daily!$AF$2:$AF$9999)/SUMIFS(Raw_Data_Daily!$D:$D, Raw_Data_Daily!$B:$B, "Variant", Raw_Data_Daily!$C:$C, "E. 40-99"),"") -> 23.433598 | Q19: =IFERROR((P19-O19)/ABS(O19),"") -> 0.018383976 | R19: =IFERROR(SUMPRODUCT((Raw_Data_Daily!$B$2:$B$9999="Control")*(Raw_Data_Daily!$C$2:$C$9999="F. 100+")*Raw_Data_Daily!$D$2:$D$9999*Raw_Data_Daily!$AF$2:$AF$9999)/SUMIFS(Raw_Data_Daily!$D:$D, Raw_Data_Daily!$B:$B, "Control", Raw_Data_Daily!$C:$C, "F. 100+"),"") -> 41.220434 | S19: =IFERROR(SUMPRODUCT((Raw_Data_Daily!$B$2:$B$9999="Variant")*(Raw_Data_Daily!$C$2:$C$9999="F. 100+")*Raw_Data_Daily!$D$2:$D$9999*Raw_Data_Daily!$AF$2:$AF$9999)/SUMIFS(Raw_Data_Daily!$D:$D, Raw_Data_Daily!$B:$B, "Variant", Raw_Data_Daily!$C:$C, "F. 100+"),"") -> 42.282744 | T19: =IFERROR((S19-R19)/ABS(R19),"") -> 0.025771445
B20: P75 daily streak | C20: =IFERROR(SUMPRODUCT((Raw_Data_Daily!$B$2:$B$9999="Control")*(Raw_Data_Daily!$C$2:$C$9999="A. 0")*Raw_Data_Daily!$D$2:$D$9999*Raw_Data_Daily!$AG$2:$AG$9999)/SUMIFS(Raw_Data_Daily!$D:$D, Raw_Data_Daily!$B:$B, "Control", Raw_Data_Daily!$C:$C, "A. 0"),"") -> 0 | D20: =IFERROR(SUMPRODUCT((Raw_Data_Daily!$B$2:$B$9999="Variant")*(Raw_Data_Daily!$C$2:$C$9999="A. 0")*Raw_Data_Daily!$D$2:$D$9999*Raw_Data_Daily!$AG$2:$AG$9999)/SUMIFS(Raw_Data_Daily!$D:$D, Raw_Data_Daily!$B:$B, "Variant", Raw_Data_Daily!$C:$C, "A. 0"),"") -> 0 | E20: =IFERROR((D20-C20)/ABS(C20),"") | F20: =IFERROR(SUMPRODUCT((Raw_Data_Daily!$B$2:$B$9999="Control")*(Raw_Data_Daily!$C$2:$C$9999="B. 1-9")*Raw_Data_Daily!$D$2:$D$9999*Raw_Data_Daily!$AG$2:$AG$9999)/SUMIFS(Raw_Data_Daily!$D:$D, Raw_Data_Daily!$B:$B, "Control", Raw_Data_Daily!$C:$C, "B. 1-9"),"") -> 5.4941747 | G20: =IFERROR(SUMPRODUCT((Raw_Data_Daily!$B$2:$B$9999="Variant")*(Raw_Data_Daily!$C$2:$C$9999="B. 1-9")*Raw_Data_Daily!$D$2:$D$9999*Raw_Data_Daily!$AG$2:$AG$9999)/SUMIFS(Raw_Data_Daily!$D:$D, Raw_Data_Daily!$B:$B, "Variant", Raw_Data_Daily!$C:$C, "B. 1-9"),"") -> 5.4936045 | H20: =IFERROR((G20-F20)/ABS(F20),"") -> -0.00010378444 | I20: =IFERROR(SUMPRODUCT((Raw_Data_Daily!$B$2:$B$9999="Control")*(Raw_Data_Daily!$C$2:$C$9999="C. 10-19")*Raw_Data_Daily!$D$2:$D$9999*Raw_Data_Daily!$AG$2:$AG$9999)/SUMIFS(Raw_Data_Daily!$D:$D, Raw_Data_Daily!$B:$B, "Control", Raw_Data_Daily!$C:$C, "C. 10-19"),"") -> 12.922393 | J20: =IFERROR(SUMPRODUCT((Raw_Data_Daily!$B$2:$B$9999="Variant")*(Raw_Data_Daily!$C$2:$C$9999="C. 10-19")*Raw_Data_Daily!$D$2:$D$9999*Raw_Data_Daily!$AG$2:$AG$9999)/SUMIFS(Raw_Data_Daily!$D:$D, Raw_Data_Daily!$B:$B, "Variant", Raw_Data_Daily!$C:$C, "C. 10-19"),"") -> 13 | K20: =IFERROR((J20-I20)/ABS(I20),"") -> 0.0060056288 | L20: =IFERROR(SUMPRODUCT((Raw_Data_Daily!$B$2:$B$9999="Control")*(Raw_Data_Daily!$C$2:$C$9999="D. 20-39")*Raw_Data_Daily!$D$2:$D$9999*Raw_Data_Daily!$AG$2:$AG$9999)/SUMIFS(Raw_Data_Daily!$D:$D, Raw_Data_Daily!$B:$B, "Control", Raw_Data_Daily!$C:$C, "D. 20-39"),"") -> 23.012193 | M20: =IFERROR(SUMPRODUCT((Raw_Data_Daily!$B$2:$B$9999="Variant")*(Raw_Data_Daily!$C$2:$C$9999="D. 20-39")*Raw_Data_Daily!$D$2:$D$9999*Raw_Data_Daily!$AG$2:$AG$9999)/SUMIFS(Raw_Data_Daily!$D:$D, Raw_Data_Daily!$B:$B, "Variant", Raw_Data_Daily!$C:$C, "D. 20-39"),"") -> 23.156976 | N20: =IFERROR((M20-L20)/ABS(L20),"") -> 0.0062915525 | O20: =IFERROR(SUMPRODUCT((Raw_Data_Daily!$B$2:$B$9999="Control")*(Raw_Data_Daily!$C$2:$C$9999="E. 40-99")*Raw_Data_Daily!$D$2:$D$9999*Raw_Data_Daily!$AG$2:$AG$9999)/SUMIFS(Raw_Data_Daily!$D:$D, Raw_Data_Daily!$B:$B, "Control", Raw_Data_Daily!$C:$C, "E. 40-99"),"") -> 41.696576 | P20: =IFERROR(SUMPRODUCT((Raw_Data_Daily!$B$2:$B$9999="Variant")*(Raw_Data_Daily!$C$2:$C$9999="E. 40-99")*Raw_Data_Daily!$D$2:$D$9999*Raw_Data_Daily!$AG$2:$AG$9999)/SUMIFS(Raw_Data_Daily!$D:$D, Raw_Data_Daily!$B:$B, "Variant", Raw_Data_Daily!$C:$C, "E. 40-99"),"") -> 41.92329 | Q20: =IFERROR((P20-O20)/ABS(O20),"") -> 0.0054372158 | R20: =IFERROR(SUMPRODUCT((Raw_Data_Daily!$B$2:$B$9999="Control")*(Raw_Data_Daily!$C$2:$C$9999="F. 100+")*Raw_Data_Daily!$D$2:$D$9999*Raw_Data_Daily!$AG$2:$AG$9999)/SUMIFS(Raw_Data_Daily!$D:$D, Raw_Data_Daily!$B:$B, "Control", Raw_Data_Daily!$C:$C, "F. 100+"),"") -> 75.334955 | S20: =IFERROR(SUMPRODUCT((Raw_Data_Daily!$B$2:$B$9999="Variant")*(Raw_Data_Daily!$C$2:$C$9999="F. 100+")*Raw_Data_Daily!$D$2:$D$9999*Raw_Data_Daily!$AG$2:$AG$9999)/SUMIFS(Raw_Data_Daily!$D:$D, Raw_Data_Daily!$B:$B, "Variant", Raw_Data_Daily!$C:$C, "F. 100+"),"") -> 74.793347 | T20: =IFERROR((S20-R20)/ABS(R20),"") -> -0.0071893306
B21: P90 daily streak | C21: =IFERROR(SUMPRODUCT((Raw_Data_Daily!$B$2:$B$9999="Control")*(Raw_Data_Daily!$C$2:$C$9999="A. 0")*Raw_Data_Daily!$D$2:$D$9999*Raw_Data_Daily!$AH$2:$AH$9999)/SUMIFS(Raw_Data_Daily!$D:$D, Raw_Data_Daily!$B:$B, "Control", Raw_Data_Daily!$C:$C, "A. 0"),"") -> 0 | D21: =IFERROR(SUMPRODUCT((Raw_Data_Daily!$B$2:$B$9999="Variant")*(Raw_Data_Daily!$C$2:$C$9999="A. 0")*Raw_Data_Daily!$D$2:$D$9999*Raw_Data_Daily!$AH$2:$AH$9999)/SUMIFS(Raw_Data_Daily!$D:$D, Raw_Data_Daily!$B:$B, "Variant", Raw_Data_Daily!$C:$C, "A. 0"),"") -> 0 | E21: =IFERROR((D21-C21)/ABS(C21),"") | F21: =IFERROR(SUMPRODUCT((Raw_Data_Daily!$B$2:$B$9999="Control")*(Raw_Data_Daily!$C$2:$C$9999="B. 1-9")*Raw_Data_Daily!$D$2:$D$9999*Raw_Data_Daily!$AH$2:$AH$9999)/SUMIFS(Raw_Data_Daily!$D:$D, Raw_Data_Daily!$B:$B, "Control", Raw_Data_Daily!$C:$C, "B. 1-9"),"") -> 8.4941747 | G21: =IFERROR(SUMPRODUCT((Raw_Data_Daily!$B$2:$B$9999="Variant")*(Raw_Data_Daily!$C$2:$C$9999="B. 1-9")*Raw_Data_Daily!$D$2:$D$9999*Raw_Data_Daily!$AH$2:$AH$9999)/SUMIFS(Raw_Data_Daily!$D:$D, Raw_Data_Daily!$B:$B, "Variant", Raw_Data_Daily!$C:$C, "B. 1-9"),"") -> 8.6365464 | H21: =IFERROR((G21-F21)/ABS(F21),"") -> 0.016761103 | I21: =IFERROR(SUMPRODUCT((Raw_Data_Daily!$B$2:$B$9999="Control")*(Raw_Data_Daily!$C$2:$C$9999="C. 10-19")*Raw_Data_Daily!$D$2:$D$9999*Raw_Data_Daily!$AH$2:$AH$9999)/SUMIFS(Raw_Data_Daily!$D:$D, Raw_Data_Daily!$B:$B, "Control", Raw_Data_Daily!$C:$C, "C. 10-19"),"") -> 18.642542 | J21: =IFERROR(SUMPRODUCT((Raw_Data_Daily!$B$2:$B$9999="Variant")*(Raw_Data_Daily!$C$2:$C$9999="C. 10-19")*Raw_Data_Daily!$D$2:$D$9999*Raw_Data_Daily!$AH$2:$AH$9999)/SUMIFS(Raw_Data_Daily!$D:$D, Raw_Data_Daily!$B:$B, "Variant", Raw_Data_Daily!$C:$C, "C. 10-19"),"") -> 18.639287 | K21: =IFERROR((J21-I21)/ABS(I21),"") -> -0.0001746184 | L21: =IFERROR(SUMPRODUCT((Raw_Data_Daily!$B$2:$B$9999="Control")*(Raw_Data_Daily!$C$2:$C$9999="D. 20-39")*Raw_Data_Daily!$D$2:$D$9999*Raw_Data_Daily!$AH$2:$AH$9999)/SUMIFS(Raw_Data_Daily!$D:$D, Raw_Data_Daily!$B:$B, "Control", Raw_Data_Daily!$C:$C, "D. 20-39"),"") -> 33.850424 | M21: =IFERROR(SUMPRODUCT((Raw_Data_Daily!$B$2:$B$9999="Variant")*(Raw_Data_Daily!$C$2:$C$9999="D. 20-39")*Raw_Data_Daily!$D$2:$D$9999*Raw_Data_Daily!$AH$2:$AH$9999)/SUMIFS(Raw_Data_Daily!$D:$D, Raw_Data_Daily!$B:$B, "Variant", Raw_Data_Daily!$C:$C, "D. 20-39"),"") -> 34.014552 | N21: =IFERROR((M21-L21)/ABS(L21),"") -> 0.0048486443 | O21: =IFERROR(SUMPRODUCT((Raw_Data_Daily!$B$2:$B$9999="Control")*(Raw_Data_Daily!$C$2:$C$9999="E. 40-99")*Raw_Data_Daily!$D$2:$D$9999*Raw_Data_Daily!$AH$2:$AH$9999)/SUMIFS(Raw_Data_Daily!$D:$D, Raw_Data_Daily!$B:$B, "Control", Raw_Data_Daily!$C:$C, "E. 40-99"),"") -> 63.492632 | P21: =IFERROR(SUMPRODUCT((Raw_Data_Daily!$B$2:$B$9999="Variant")*(Raw_Data_Daily!$C$2:$C$9999="E. 40-99")*Raw_Data_Daily!$D$2:$D$9999*Raw_Data_Daily!$AH$2:$AH$9999)/SUMIFS(Raw_Data_Daily!$D:$D, Raw_Data_Daily!$B:$B, "Variant", Raw_Data_Daily!$C:$C, "E. 40-99"),"") -> 63.119155 | Q21: =IFERROR((P21-O21)/ABS(O21),"") -> -0.0058822192 | R21: =IFERROR(SUMPRODUCT((Raw_Data_Daily!$B$2:$B$9999="Control")*(Raw_Data_Daily!$C$2:$C$9999="F. 100+")*Raw_Data_Daily!$D$2:$D$9999*Raw_Data_Daily!$AH$2:$AH$9999)/SUMIFS(Raw_Data_Daily!$D:$D, Raw_Data_Daily!$B:$B, "Control", Raw_Data_Daily!$C:$C, "F. 100+"),"") -> 126.09618 | S21: =IFERROR(SUMPRODUCT((Raw_Data_Daily!$B$2:$B$9999="Variant")*(Raw_Data_Daily!$C$2:$C$9999="F. 100+")*Raw_Data_Daily!$D$2:$D$9999*Raw_Data_Daily!$AH$2:$AH$9999)/SUMIFS(Raw_Data_Daily!$D:$D, Raw_Data_Daily!$B:$B, "Variant", Raw_Data_Daily!$C:$C, "F. 100+"),"") -> 118.0973 | T21: =IFERROR((S21-R21)/ABS(R21),"") -> -0.063434794
B22: P99 daily streak | C22: =IFERROR(SUMPRODUCT((Raw_Data_Daily!$B$2:$B$9999="Control")*(Raw_Data_Daily!$C$2:$C$9999="A. 0")*Raw_Data_Daily!$D$2:$D$9999*Raw_Data_Daily!$BC$2:$BC$9999)/SUMIFS(Raw_Data_Daily!$D:$D, Raw_Data_Daily!$B:$B, "Control", Raw_Data_Daily!$C:$C, "A. 0"),"") -> 0 | D22: =IFERROR(SUMPRODUCT((Raw_Data_Daily!$B$2:$B$9999="Variant")*(Raw_Data_Daily!$C$2:$C$9999="A. 0")*Raw_Data_Daily!$D$2:$D$9999*Raw_Data_Daily!$BC$2:$BC$9999)/SUMIFS(Raw_Data_Daily!$D:$D, Raw_Data_Daily!$B:$B, "Variant", Raw_Data_Daily!$C:$C, "A. 0"),"") -> 0 | E22: =IFERROR((D22-C22)/ABS(C22),"") | F22: =IFERROR(SUMPRODUCT((Raw_Data_Daily!$B$2:$B$9999="Control")*(Raw_Data_Daily!$C$2:$C$9999="B. 1-9")*Raw_Data_Daily!$D$2:$D$9999*Raw_Data_Daily!$BC$2:$BC$9999)/SUMIFS(Raw_Data_Daily!$D:$D, Raw_Data_Daily!$B:$B, "Control", Raw_Data_Daily!$C:$C, "B. 1-9"),"") -> 16.855344 | G22: =IFERROR(SUMPRODUCT((Raw_Data_Daily!$B$2:$B$9999="Variant")*(Raw_Data_Daily!$C$2:$C$9999="B. 1-9")*Raw_Data_Daily!$D$2:$D$9999*Raw_Data_Daily!$BC$2:$BC$9999)/SUMIFS(Raw_Data_Daily!$D:$D, Raw_Data_Daily!$B:$B, "Variant", Raw_Data_Daily!$C:$C, "B. 1-9"),"") -> 17.073663 | H22: =IFERROR((G22-F22)/ABS(F22),"") -> 0.012952515 | I22: =IFERROR(SUMPRODUCT((Raw_Data_Daily!$B$2:$B$9999="Control")*(Raw_Data_Daily!$C$2:$C$9999="C. 10-19")*Raw_Data_Daily!$D$2:$D$9999*Raw_Data_Daily!$BC$2:$BC$9999)/SUMIFS(Raw_Data_Daily!$D:$D, Raw_Data_Daily!$B:$B, "Control", Raw_Data_Daily!$C:$C, "C. 10-19"),"") -> 33.846264 | J22: =IFERROR(SUMPRODUCT((Raw_Data_Daily!$B$2:$B$9999="Variant")*(Raw_Data_Daily!$C$2:$C$9999="C. 10-19")*Raw_Data_Daily!$D$2:$D$9999*Raw_Data_Daily!$BC$2:$BC$9999)/SUMIFS(Raw_Data_Daily!$D:$D, Raw_Data_Daily!$B:$B, "Variant", Raw_Data_Daily!$C:$C, "C. 10-19"),"") -> 34.20884 | K22: =IFERROR((J22-I22)/ABS(I22),"") -> 0.010712451 | L22: =IFERROR(SUMPRODUCT((Raw_Data_Daily!$B$2:$B$9999="Control")*(Raw_Data_Daily!$C$2:$C$9999="D. 20-39")*Raw_Data_Daily!$D$2:$D$9999*Raw_Data_Daily!$BC$2:$BC$9999)/SUMIFS(Raw_Data_Daily!$D:$D, Raw_Data_Daily!$B:$B, "Control", Raw_Data_Daily!$C:$C, "D. 20-39"),"") -> 61.754057 | M22: =IFERROR(SUMPRODUCT((Raw_Data_Daily!$B$2:$B$9999="Variant")*(Raw_Data_Daily!$C$2:$C$9999="D. 20-39")*Raw_Data_Daily!$D$2:$D$9999*Raw_Data_Daily!$BC$2:$BC$9999)/SUMIFS(Raw_Data_Daily!$D:$D, Raw_Data_Daily!$B:$B, "Variant", Raw_Data_Daily!$C:$C, "D. 20-39"),"") -> 61.236246 | N22: =IFERROR((M22-L22)/ABS(L22),"") -> -0.0083850491 | O22: =IFERROR(SUMPRODUCT((Raw_Data_Daily!$B$2:$B$9999="Control")*(Raw_Data_Daily!$C$2:$C$9999="E. 40-99")*Raw_Data_Daily!$D$2:$D$9999*Raw_Data_Daily!$BC$2:$BC$9999)/SUMIFS(Raw_Data_Daily!$D:$D, Raw_Data_Daily!$B:$B, "Control", Raw_Data_Daily!$C:$C, "E. 40-99"),"") -> 124.1198 | P22: =IFERROR(SUMPRODUCT((Raw_Data_Daily!$B$2:$B$9999="Variant")*(Raw_Data_Daily!$C$2:$C$9999="E. 40-99")*Raw_Data_Daily!$D$2:$D$9999*Raw_Data_Daily!$BC$2:$BC$9999)/SUMIFS(Raw_Data_Daily!$D:$D, Raw_Data_Daily!$B:$B, "Variant", Raw_Data_Daily!$C:$C, "E. 40-99"),"") -> 118.95652 | Q22: =IFERROR((P22-O22)/ABS(O22),"") -> -0.041599192 | R22: =IFERROR(SUMPRODUCT((Raw_Data_Daily!$B$2:$B$9999="Control")*(Raw_Data_Daily!$C$2:$C$9999="F. 100+")*Raw_Data_Daily!$D$2:$D$9999*Raw_Data_Daily!$BC$2:$BC$9999)/SUMIFS(Raw_Data_Daily!$D:$D, Raw_Data_Daily!$B:$B, "Control", Raw_Data_Daily!$C:$C, "F. 100+"),"") -> 254.06774 | S22: =IFERROR(SUMPRODUCT((Raw_Data_Daily!$B$2:$B$9999="Variant")*(Raw_Data_Daily!$C$2:$C$9999="F. 100+")*Raw_Data_Daily!$D$2:$D$9999*Raw_Data_Daily!$BC$2:$BC$9999)/SUMIFS(Raw_Data_Daily!$D:$D, Raw_Data_Daily!$B:$B, "Variant", Raw_Data_Daily!$C:$C, "F. 100+"),"") -> 237.80665 | T22: =IFERROR((S22-R22)/ABS(R22),"") -> -0.064002957
A23: Difficulty
B24: Pass rate | C24: =IFERROR(SUMPRODUCT((Raw_Data_Daily!$B$2:$B$9999="Control")*(Raw_Data_Daily!$C$2:$C$9999="A. 0")*Raw_Data_Daily!$D$2:$D$9999*Raw_Data_Daily!$M$2:$M$9999)/SUMIFS(Raw_Data_Daily!$D:$D, Raw_Data_Daily!$B:$B, "Control", Raw_Data_Daily!$C:$C, "A. 0"),"") -> 0.57545837 | D24: =IFERROR(SUMPRODUCT((Raw_Data_Daily!$B$2:$B$9999="Variant")*(Raw_Data_Daily!$C$2:$C$9999="A. 0")*Raw_Data_Daily!$D$2:$D$9999*Raw_Data_Daily!$M$2:$M$9999)/SUMIFS(Raw_Data_Daily!$D:$D, Raw_Data_Daily!$B:$B, "Variant", Raw_Data_Daily!$C:$C, "A. 0"),"") -> 0.60411321 | E24: =IFERROR((D24-C24)/ABS(C24),"") -> 0.049794811 | F24: =IFERROR(SUMPRODUCT((Raw_Data_Daily!$B$2:$B$9999="Control")*(Raw_Data_Daily!$C$2:$C$9999="B. 1-9")*Raw_Data_Daily!$D$2:$D$9999*Raw_Data_Daily!$M$2:$M$9999)/SUMIFS(Raw_Data_Daily!$D:$D, Raw_Data_Daily!$B:$B, "Control", Raw_Data_Daily!$C:$C, "B. 1-9"),"") -> 0.45455381 | G24: =IFERROR(SUMPRODUCT((Raw_Data_Daily!$B$2:$B$9999="Variant")*(Raw_Data_Daily!$C$2:$C$9999="B. 1-9")*Raw_Data_Daily!$D$2:$D$9999*Raw_Data_Daily!$M$2:$M$9999)/SUMIFS(Raw_Data_Daily!$D:$D, Raw_Data_Daily!$B:$B, "Variant", Raw_Data_Daily!$C:$C, "B. 1-9"),"") -> 0.4609512 | H24: =IFERROR((G24-F24)/ABS(F24),"") -> 0.014074002 | I24: =IFERROR(SUMPRODUCT((Raw_Data_Daily!$B$2:$B$9999="Control")*(Raw_Data_Daily!$C$2:$C$9999="C. 10-19")*Raw_Data_Daily!$D$2:$D$9999*Raw_Data_Daily!$M$2:$M$9999)/SUMIFS(Raw_Data_Daily!$D:$D, Raw_Data_Daily!$B:$B, "Control", Raw_Data_Daily!$C:$C, "C. 10-19"),"") -> 0.56860522 | J24: =IFERROR(SUMPRODUCT((Raw_Data_Daily!$B$2:$B$9999="Variant")*(Raw_Data_Daily!$C$2:$C$9999="C. 10-19")*Raw_Data_Daily!$D$2:$D$9999*Raw_Data_Daily!$M$2:$M$9999)/SUMIFS(Raw_Data_Daily!$D:$D, Raw_Data_Daily!$B:$B, "Variant", Raw_Data_Daily!$C:$C, "C. 10-19"),"") -> 0.55741126 | K24: =IFERROR((J24-I24)/ABS(I24),"") -> -0.019686687 | L24: =IFERROR(SUMPRODUCT((Raw_Data_Daily!$B$2:$B$9999="Control")*(Raw_Data_Daily!$C$2:$C$9999="D. 20-39")*Raw_Data_Daily!$D$2:$D$9999*Raw_Data_Daily!$M$2:$M$9999)/SUMIFS(Raw_Data_Daily!$D:$D, Raw_Data_Daily!$B:$B, "Control", Raw_Data_Daily!$C:$C, "D. 20-39"),"") -> 0.66742436 | M24: =IFERROR(SUMPRODUCT((Raw_Data_Daily!$B$2:$B$9999="Variant")*(Raw_Data_Daily!$C$2:$C$9999="D. 20-39")*Raw_Data_Daily!$D$2:$D$9999*Raw_Data_Daily!$M$2:$M$9999)/SUMIFS(Raw_Data_Daily!$D:$D, Raw_Data_Daily!$B:$B, "Variant", Raw_Data_Daily!$C:$C, "D. 20-39"),"") -> 0.65233135 | N24: =IFERROR((M24-L24)/ABS(L24),"") -> -0.022613805 | O24: =IFERROR(SUMPRODUCT((Raw_Data_Daily!$B$2:$B$9999="Control")*(Raw_Data_Daily!$C$2:$C$9999="E. 40-99")*Raw_Data_Daily!$D$2:$D$9999*Raw_Data_Daily!$M$2:$M$9999)/SUMIFS(Raw_Data_Daily!$D:$D, Raw_Data_Daily!$B:$B, "Control", Raw_Data_Daily!$C:$C, "E. 40-99"),"") -> 0.73277901 | P24: =IFERROR(SUMPRODUCT((Raw_Data_Daily!$B$2:$B$9999="Variant")*(Raw_Data_Daily!$C$2:$C$9999="E. 40-99")*Raw_Data_Daily!$D$2:$D$9999*Raw_Data_Daily!$M$2:$M$9999)/SUMIFS(Raw_Data_Daily!$D:$D, Raw_Data_Daily!$B:$B, "Variant", Raw_Data_Daily!$C:$C, "E. 40-99"),"") -> 0.72835119 | Q24: =IFERROR((P24-O24)/ABS(O24),"") -> -0.0060425064 | R24: =IFERROR(SUMPRODUCT((Raw_Data_Daily!$B$2:$B$9999="Control")*(Raw_Data_Daily!$C$2:$C$9999="F. 100+")*Raw_Data_Daily!$D$2:$D$9999*Raw_Data_Daily!$M$2:$M$9999)/SUMIFS(Raw_Data_Daily!$D:$D, Raw_Data_Daily!$B:$B, "Control", Raw_Data_Daily!$C:$C, "F. 100+"),"") -> 0.78005951 | S24: =IFERROR(SUMPRODUCT((Raw_Data_Daily!$B$2:$B$9999="Variant")*(Raw_Data_Daily!$C$2:$C$9999="F. 100+")*Raw_Data_Daily!$D$2:$D$9999*Raw_Data_Daily!$M$2:$M$9999)/SUMIFS(Raw_Data_Daily!$D:$D, Raw_Data_Daily!$B:$B, "Variant", Raw_Data_Daily!$C:$C, "F. 100+"),"") -> 0.76718312 | T24: =IFERROR((S24-R24)/ABS(R24),"") -> -0.01650693
B25: OOM rate | C25: =IFERROR(SUMPRODUCT((Raw_Data_Daily!$B$2:$B$9999="Control")*(Raw_Data_Daily!$C$2:$C$9999="A. 0")*Raw_Data_Daily!$D$2:$D$9999*Raw_Data_Daily!$N$2:$N$9999)/SUMIFS(Raw_Data_Daily!$D:$D, Raw_Data_Daily!$B:$B, "Control", Raw_Data_Daily!$C:$C, "A. 0"),"") -> 0.52652232 | D25: =IFERROR(SUMPRODUCT((Raw_Data_Daily!$B$2:$B$9999="Variant")*(Raw_Data_Daily!$C$2:$C$9999="A. 0")*Raw_Data_Daily!$D$2:$D$9999*Raw_Data_Daily!$N$2:$N$9999)/SUMIFS(Raw_Data_Daily!$D:$D, Raw_Data_Daily!$B:$B, "Variant", Raw_Data_Daily!$C:$C, "A. 0"),"") -> 0.50720175 | E25: =IFERROR((D25-C25)/ABS(C25),"") -> -0.036694675 | F25: =IFERROR(SUMPRODUCT((Raw_Data_Daily!$B$2:$B$9999="Control")*(Raw_Data_Daily!$C$2:$C$9999="B. 1-9")*Raw_Data_Daily!$D$2:$D$9999*Raw_Data_Daily!$N$2:$N$9999)/SUMIFS(Raw_Data_Daily!$D:$D, Raw_Data_Daily!$B:$B, "Control", Raw_Data_Daily!$C:$C, "B. 1-9"),"") -> 0.65183815 | G25: =IFERROR(SUMPRODUCT((Raw_Data_Daily!$B$2:$B$9999="Variant")*(Raw_Data_Daily!$C$2:$C$9999="B. 1-9")*Raw_Data_Daily!$D$2:$D$9999*Raw_Data_Daily!$N$2:$N$9999)/SUMIFS(Raw_Data_Daily!$D:$D, Raw_Data_Daily!$B:$B, "Variant", Raw_Data_Daily!$C:$C, "B. 1-9"),"") -> 0.64410258 | H25: =IFERROR((G25-F25)/ABS(F25),"") -> -0.011867312 | I25: =IFERROR(SUMPRODUCT((Raw_Data_Daily!$B$2:$B$9999="Control")*(Raw_Data_Daily!$C$2:$C$9999="C. 10-19")*Raw_Data_Daily!$D$2:$D$9999*Raw_Data_Daily!$N$2:$N$9999)/SUMIFS(Raw_Data_Daily!$D:$D, Raw_Data_Daily!$B:$B, "Control", Raw_Data_Daily!$C:$C, "C. 10-19"),"") -> 0.5586567 | J25: =IFERROR(SUMPRODUCT((Raw_Data_Daily!$B$2:$B$9999="Variant")*(Raw_Data_Daily!$C$2:$C$9999="C. 10-19")*Raw_Data_Daily!$D$2:$D$9999*Raw_Data_Daily!$N$2:$N$9999)/SUMIFS(Raw_Data_Daily!$D:$D, Raw_Data_Daily!$B:$B, "Variant", Raw_Data_Daily!$C:$C, "C. 10-19"),"") -> 0.56476395 | K25: =IFERROR((J25-I25)/ABS(I25),"") -> 0.010932015 | L25: =IFERROR(SUMPRODUCT((Raw_Data_Daily!$B$2:$B$9999="Control")*(Raw_Data_Daily!$C$2:$C$9999="D. 20-39")*Raw_Data_Daily!$D$2:$D$9999*Raw_Data_Daily!$N$2:$N$9999)/SUMIFS(Raw_Data_Daily!$D:$D, Raw_Data_Daily!$B:$B, "Control", Raw_Data_Daily!$C:$C, "D. 20-39"),"") -> 0.46892129 | M25: =IFERROR(SUMPRODUCT((Raw_Data_Daily!$B$2:$B$9999="Variant")*(Raw_Data_Daily!$C$2:$C$9999="D. 20-39")*Raw_Data_Daily!$D$2:$D$9999*Raw_Data_Daily!$N$2:$N$9999)/SUMIFS(Raw_Data_Daily!$D:$D, Raw_Data_Daily!$B:$B, "Variant", Raw_Data_Daily!$C:$C, "D. 20-39"),"") -> 0.4805561 | N25: =IFERROR((M25-L25)/ABS(L25),"") -> 0.024811846 | O25: =IFERROR(SUMPRODUCT((Raw_Data_Daily!$B$2:$B$9999="Control")*(Raw_Data_Daily!$C$2:$C$9999="E. 40-99")*Raw_Data_Daily!$D$2:$D$9999*Raw_Data_Daily!$N$2:$N$9999)/SUMIFS(Raw_Data_Daily!$D:$D, Raw_Data_Daily!$B:$B, "Control", Raw_Data_Daily!$C:$C, "E. 40-99"),"") -> 0.39893738 | P25: =IFERROR(SUMPRODUCT((Raw_Data_Daily!$B$2:$B$9999="Variant")*(Raw_Data_Daily!$C$2:$C$9999="E. 40-99")*Raw_Data_Daily!$D$2:$D$9999*Raw_Data_Daily!$N$2:$N$9999)/SUMIFS(Raw_Data_Daily!$D:$D, Raw_Data_Daily!$B:$B, "Variant", Raw_Data_Daily!$C:$C, "E. 40-99"),"") -> 0.4028953 | Q25: =IFERROR((P25-O25)/ABS(O25),"") -> 0.0099211676 | R25: =IFERROR(SUMPRODUCT((Raw_Data_Daily!$B$2:$B$9999="Control")*(Raw_Data_Daily!$C$2:$C$9999="F. 100+")*Raw_Data_Daily!$D$2:$D$9999*Raw_Data_Daily!$N$2:$N$9999)/SUMIFS(Raw_Data_Daily!$D:$D, Raw_Data_Daily!$B:$B, "Control", Raw_Data_Daily!$C:$C, "F. 100+"),"") -> 0.32501688 | S25: =IFERROR(SUMPRODUCT((Raw_Data_Daily!$B$2:$B$9999="Variant")*(Raw_Data_Daily!$C$2:$C$9999="F. 100+")*Raw_Data_Daily!$D$2:$D$9999*Raw_Data_Daily!$N$2:$N$9999)/SUMIFS(Raw_Data_Daily!$D:$D, Raw_Data_Daily!$B:$B, "Variant", Raw_Data_Daily!$C:$C, "F. 100+"),"") -> 0.33744042 | T25: =IFERROR((S25-R25)/ABS(R25),"") -> 0.038224283
B26: First-try OOM rate | C26: =IFERROR(SUMPRODUCT((Raw_Data_Daily!$B$2:$B$9999="Control")*(Raw_Data_Daily!$C$2:$C$9999="A. 0")*Raw_Data_Daily!$D$2:$D$9999*Raw_Data_Daily!$O$2:$O$9999)/SUMIFS(Raw_Data_Daily!$D:$D, Raw_Data_Daily!$B:$B, "Control", Raw_Data_Daily!$C:$C, "A. 0"),"") -> 0.26604102 | D26: =IFERROR(SUMPRODUCT((Raw_Data_Daily!$B$2:$B$9999="Variant")*(Raw_Data_Daily!$C$2:$C$9999="A. 0")*Raw_Data_Daily!$D$2:$D$9999*Raw_Data_Daily!$O$2:$O$9999)/SUMIFS(Raw_Data_Daily!$D:$D, Raw_Data_Daily!$B:$B, "Variant", Raw_Data_Daily!$C:$C, "A. 0"),"") -> 0.2542265 | E26: =IFERROR((D26-C26)/ABS(C26),"") -> -0.044408632 | F26: =IFERROR(SUMPRODUCT((Raw_Data_Daily!$B$2:$B$9999="Control")*(Raw_Data_Daily!$C$2:$C$9999="B. 1-9")*Raw_Data_Daily!$D$2:$D$9999*Raw_Data_Daily!$O$2:$O$9999)/SUMIFS(Raw_Data_Daily!$D:$D, Raw_Data_Daily!$B:$B, "Control", Raw_Data_Daily!$C:$C, "B. 1-9"),"") -> 0.39299808 | G26: =IFERROR(SUMPRODUCT((Raw_Data_Daily!$B$2:$B$9999="Variant")*(Raw_Data_Daily!$C$2:$C$9999="B. 1-9")*Raw_Data_Daily!$D$2:$D$9999*Raw_Data_Daily!$O$2:$O$9999)/SUMIFS(Raw_Data_Daily!$D:$D, Raw_Data_Daily!$B:$B, "Variant", Raw_Data_Daily!$C:$C, "B. 1-9"),"") -> 0.38042953 | H26: =IFERROR((G26-F26)/ABS(F26),"") -> -0.031981213 | I26: =IFERROR(SUMPRODUCT((Raw_Data_Daily!$B$2:$B$9999="Control")*(Raw_Data_Daily!$C$2:$C$9999="C. 10-19")*Raw_Data_Daily!$D$2:$D$9999*Raw_Data_Daily!$O$2:$O$9999)/SUMIFS(Raw_Data_Daily!$D:$D, Raw_Data_Daily!$B:$B, "Control", Raw_Data_Daily!$C:$C, "C. 10-19"),"") -> 0.33475368 | J26: =IFERROR(SUMPRODUCT((Raw_Data_Daily!$B$2:$B$9999="Variant")*(Raw_Data_Daily!$C$2:$C$9999="C. 10-19")*Raw_Data_Daily!$D$2:$D$9999*Raw_Data_Daily!$O$2:$O$9999)/SUMIFS(Raw_Data_Daily!$D:$D, Raw_Data_Daily!$B:$B, "Variant", Raw_Data_Daily!$C:$C, "C. 10-19"),"") -> 0.33207356 | K26: =IFERROR((J26-I26)/ABS(I26),"") -> -0.0080062583 | L26: =IFERROR(SUMPRODUCT((Raw_Data_Daily!$B$2:$B$9999="Control")*(Raw_Data_Daily!$C$2:$C$9999="D. 20-39")*Raw_Data_Daily!$D$2:$D$9999*Raw_Data_Daily!$O$2:$O$9999)/SUMIFS(Raw_Data_Daily!$D:$D, Raw_Data_Daily!$B:$B, "Control", Raw_Data_Daily!$C:$C, "D. 20-39"),"") -> 0.29009336 | M26: =IFERROR(SUMPRODUCT((Raw_Data_Daily!$B$2:$B$9999="Variant")*(Raw_Data_Daily!$C$2:$C$9999="D. 20-39")*Raw_Data_Daily!$D$2:$D$9999*Raw_Data_Daily!$O$2:$O$9999)/SUMIFS(Raw_Data_Daily!$D:$D, Raw_Data_Daily!$B:$B, "Variant", Raw_Data_Daily!$C:$C, "D. 20-39"),"") -> 0.29132128 | N26: =IFERROR((M26-L26)/ABS(L26),"") -> 0.004232834 | O26: =IFERROR(SUMPRODUCT((Raw_Data_Daily!$B$2:$B$9999="Control")*(Raw_Data_Daily!$C$2:$C$9999="E. 40-99")*Raw_Data_Daily!$D$2:$D$9999*Raw_Data_Daily!$O$2:$O$9999)/SUMIFS(Raw_Data_Daily!$D:$D, Raw_Data_Daily!$B:$B, "Control", Raw_Data_Daily!$C:$C, "E. 40-99"),"") -> 0.25072898 | P26: =IFERROR(SUMPRODUCT((Raw_Data_Daily!$B$2:$B$9999="Variant")*(Raw_Data_Daily!$C$2:$C$9999="E. 40-99")*Raw_Data_Daily!$D$2:$D$9999*Raw_Data_Daily!$O$2:$O$9999)/SUMIFS(Raw_Data_Daily!$D:$D, Raw_Data_Daily!$B:$B, "Variant", Raw_Data_Daily!$C:$C, "E. 40-99"),"") -> 0.25082966 | Q26: =IFERROR((P26-O26)/ABS(O26),"") -> 0.00040155303 | R26: =IFERROR(SUMPRODUCT((Raw_Data_Daily!$B$2:$B$9999="Control")*(Raw_Data_Daily!$C$2:$C$9999="F. 100+")*Raw_Data_Daily!$D$2:$D$9999*Raw_Data_Daily!$O$2:$O$9999)/SUMIFS(Raw_Data_Daily!$D:$D, Raw_Data_Daily!$B:$B, "Control", Raw_Data_Daily!$C:$C, "F. 100+"),"") -> 0.2032314 | S26: =IFERROR(SUMPRODUCT((Raw_Data_Daily!$B$2:$B$9999="Variant")*(Raw_Data_Daily!$C$2:$C$9999="F. 100+")*Raw_Data_Daily!$D$2:$D$9999*Raw_Data_Daily!$O$2:$O$9999)/SUMIFS(Raw_Data_Daily!$D:$D, Raw_Data_Daily!$B:$B, "Variant", Raw_Data_Daily!$C:$C, "F. 100+"),"") -> 0.20566728 | T26: =IFERROR((S26-R26)/ABS(R26),"") -> 0.011985731 | V26: todo
B27: Attempts per completion | C27: =IFERROR(SUMPRODUCT((Raw_Data_Daily!$B$2:$B$9999="Control")*(Raw_Data_Daily!$C$2:$C$9999="A. 0")*Raw_Data_Daily!$D$2:$D$9999*Raw_Data_Daily!$P$2:$P$9999)/SUMIFS(Raw_Data_Daily!$D:$D, Raw_Data_Daily!$B:$B, "Control", Raw_Data_Daily!$C:$C, "A. 0"),"") -> 2.7865724 | D27: =IFERROR(SUMPRODUCT((Raw_Data_Daily!$B$2:$B$9999="Variant")*(Raw_Data_Daily!$C$2:$C$9999="A. 0")*Raw_Data_Daily!$D$2:$D$9999*Raw_Data_Daily!$P$2:$P$9999)/SUMIFS(Raw_Data_Daily!$D:$D, Raw_Data_Daily!$B:$B, "Variant", Raw_Data_Daily!$C:$C, "A. 0"),"") -> 2.2229385 | E27: =IFERROR((D27-C27)/ABS(C27),"") -> -0.20226783 | F27: =IFERROR(SUMPRODUCT((Raw_Data_Daily!$B$2:$B$9999="Control")*(Raw_Data_Daily!$C$2:$C$9999="B. 1-9")*Raw_Data_Daily!$D$2:$D$9999*Raw_Data_Daily!$P$2:$P$9999)/SUMIFS(Raw_Data_Daily!$D:$D, Raw_Data_Daily!$B:$B, "Control", Raw_Data_Daily!$C:$C, "B. 1-9"),"") -> 2.2132264 | G27: =IFERROR(SUMPRODUCT((Raw_Data_Daily!$B$2:$B$9999="Variant")*(Raw_Data_Daily!$C$2:$C$9999="B. 1-9")*Raw_Data_Daily!$D$2:$D$9999*Raw_Data_Daily!$P$2:$P$9999)/SUMIFS(Raw_Data_Daily!$D:$D, Raw_Data_Daily!$B:$B, "Variant", Raw_Data_Daily!$C:$C, "B. 1-9"),"") -> 2.1881524 | H27: =IFERROR((G27-F27)/ABS(F27),"") -> -0.01132917 | I27: =IFERROR(SUMPRODUCT((Raw_Data_Daily!$B$2:$B$9999="Control")*(Raw_Data_Daily!$C$2:$C$9999="C. 10-19")*Raw_Data_Daily!$D$2:$D$9999*Raw_Data_Daily!$P$2:$P$9999)/SUMIFS(Raw_Data_Daily!$D:$D, Raw_Data_Daily!$B:$B, "Control", Raw_Data_Daily!$C:$C, "C. 10-19"),"") -> 1.7625047 | J27: =IFERROR(SUMPRODUCT((Raw_Data_Daily!$B$2:$B$9999="Variant")*(Raw_Data_Daily!$C$2:$C$9999="C. 10-19")*Raw_Data_Daily!$D$2:$D$9999*Raw_Data_Daily!$P$2:$P$9999)/SUMIFS(Raw_Data_Daily!$D:$D, Raw_Data_Daily!$B:$B, "Variant", Raw_Data_Daily!$C:$C, "C. 10-19"),"") -> 1.8001164 | K27: =IFERROR((J27-I27)/ABS(I27),"") -> 0.021339916 | L27: =IFERROR(SUMPRODUCT((Raw_Data_Daily!$B$2:$B$9999="Control")*(Raw_Data_Daily!$C$2:$C$9999="D. 20-39")*Raw_Data_Daily!$D$2:$D$9999*Raw_Data_Daily!$P$2:$P$9999)/SUMIFS(Raw_Data_Daily!$D:$D, Raw_Data_Daily!$B:$B, "Control", Raw_Data_Daily!$C:$C, "D. 20-39"),"") -> 1.499293 | M27: =IFERROR(SUMPRODUCT((Raw_Data_Daily!$B$2:$B$9999="Variant")*(Raw_Data_Daily!$C$2:$C$9999="D. 20-39")*Raw_Data_Daily!$D$2:$D$9999*Raw_Data_Daily!$P$2:$P$9999)/SUMIFS(Raw_Data_Daily!$D:$D, Raw_Data_Daily!$B:$B, "Variant", Raw_Data_Daily!$C:$C, "D. 20-39"),"") -> 1.533842 | N27: =IFERROR((M27-L27)/ABS(L27),"") -> 0.023043488 | O27: =IFERROR(SUMPRODUCT((Raw_Data_Daily!$B$2:$B$9999="Control")*(Raw_Data_Daily!$C$2:$C$9999="E. 40-99")*Raw_Data_Daily!$D$2:$D$9999*Raw_Data_Daily!$P$2:$P$9999)/SUMIFS(Raw_Data_Daily!$D:$D, Raw_Data_Daily!$B:$B, "Control", Raw_Data_Daily!$C:$C, "E. 40-99"),"") -> 1.365059 | P27: =IFERROR(SUMPRODUCT((Raw_Data_Daily!$B$2:$B$9999="Variant")*(Raw_Data_Daily!$C$2:$C$9999="E. 40-99")*Raw_Data_Daily!$D$2:$D$9999*Raw_Data_Daily!$P$2:$P$9999)/SUMIFS(Raw_Data_Daily!$D:$D, Raw_Data_Daily!$B:$B, "Variant", Raw_Data_Daily!$C:$C, "E. 40-99"),"") -> 1.3730834 | Q27: =IFERROR((P27-O27)/ABS(O27),"") -> 0.0058784633 | R27: =IFERROR(SUMPRODUCT((Raw_Data_Daily!$B$2:$B$9999="Control")*(Raw_Data_Daily!$C$2:$C$9999="F. 100+")*Raw_Data_Daily!$D$2:$D$9999*Raw_Data_Daily!$P$2:$P$9999)/SUMIFS(Raw_Data_Daily!$D:$D, Raw_Data_Daily!$B:$B, "Control", Raw_Data_Daily!$C:$C, "F. 100+"),"") -> 1.2821728 | S27: =IFERROR(SUMPRODUCT((Raw_Data_Daily!$B$2:$B$9999="Variant")*(Raw_Data_Daily!$C$2:$C$9999="F. 100+")*Raw_Data_Daily!$D$2:$D$9999*Raw_Data_Daily!$P$2:$P$9999)/SUMIFS(Raw_Data_Daily!$D:$D, Raw_Data_Daily!$B:$B, "Variant", Raw_Data_Daily!$C:$C, "F. 100+"),"") -> 1.303489 | T27: =IFERROR((S27-R27)/ABS(R27),"") -> 0.016625022 | U27: x | V27: NS reward increase (careful wiht 100+)
A28: HC Economy | U28: x | V28: look into 100+ net
B29: HC gain total / player | C29: =IFERROR(SUMPRODUCT((Raw_Data_Daily!$B$2:$B$9999="Control")*(Raw_Data_Daily!$C$2:$C$9999="A. 0")*Raw_Data_Daily!$D$2:$D$9999*Raw_Data_Daily!$Q$2:$Q$9999)/SUMIFS(Raw_Data_Daily!$D:$D, Raw_Data_Daily!$B:$B, "Control", Raw_Data_Daily!$C:$C, "A. 0"),"") -> 47.666585 | D29: =IFERROR(SUMPRODUCT((Raw_Data_Daily!$B$2:$B$9999="Variant")*(Raw_Data_Daily!$C$2:$C$9999="A. 0")*Raw_Data_Daily!$D$2:$D$9999*Raw_Data_Daily!$Q$2:$Q$9999)/SUMIFS(Raw_Data_Daily!$D:$D, Raw_Data_Daily!$B:$B, "Variant", Raw_Data_Daily!$C:$C, "A. 0"),"") -> 56.256901 | E29: =IFERROR((D29-C29)/ABS(C29),"") -> 0.18021674 | F29: =IFERROR(SUMPRODUCT((Raw_Data_Daily!$B$2:$B$9999="Control")*(Raw_Data_Daily!$C$2:$C$9999="B. 1-9")*Raw_Data_Daily!$D$2:$D$9999*Raw_Data_Daily!$Q$2:$Q$9999)/SUMIFS(Raw_Data_Daily!$D:$D, Raw_Data_Daily!$B:$B, "Control", Raw_Data_Daily!$C:$C, "B. 1-9"),"") -> 46.358635 | G29: =IFERROR(SUMPRODUCT((Raw_Data_Daily!$B$2:$B$9999="Variant")*(Raw_Data_Daily!$C$2:$C$9999="B. 1-9")*Raw_Data_Daily!$D$2:$D$9999*Raw_Data_Daily!$Q$2:$Q$9999)/SUMIFS(Raw_Data_Daily!$D:$D, Raw_Data_Daily!$B:$B, "Variant", Raw_Data_Daily!$C:$C, "B. 1-9"),"") -> 44.969649 | H29: =IFERROR((G29-F29)/ABS(F29),"") -> -0.029961755 | I29: =IFERROR(SUMPRODUCT((Raw_Data_Daily!$B$2:$B$9999="Control")*(Raw_Data_Daily!$C$2:$C$9999="C. 10-19")*Raw_Data_Daily!$D$2:$D$9999*Raw_Data_Daily!$Q$2:$Q$9999)/SUMIFS(Raw_Data_Daily!$D:$D, Raw_Data_Daily!$B:$B, "Control", Raw_Data_Daily!$C:$C, "C. 10-19"),"") -> 98.261411 | J29: =IFERROR(SUMPRODUCT((Raw_Data_Daily!$B$2:$B$9999="Variant")*(Raw_Data_Daily!$C$2:$C$9999="C. 10-19")*Raw_Data_Daily!$D$2:$D$9999*Raw_Data_Daily!$Q$2:$Q$9999)/SUMIFS(Raw_Data_Daily!$D:$D, Raw_Data_Daily!$B:$B, "Variant", Raw_Data_Daily!$C:$C, "C. 10-19"),"") -> 94.931579 | K29: =IFERROR((J29-I29)/ABS(I29),"") -> -0.033887491 | L29: =IFERROR(SUMPRODUCT((Raw_Data_Daily!$B$2:$B$9999="Control")*(Raw_Data_Daily!$C$2:$C$9999="D. 20-39")*Raw_Data_Daily!$D$2:$D$9999*Raw_Data_Daily!$Q$2:$Q$9999)/SUMIFS(Raw_Data_Daily!$D:$D, Raw_Data_Daily!$B:$B, "Control", Raw_Data_Daily!$C:$C, "D. 20-39"),"") -> 168.45987 | M29: =IFERROR(SUMPRODUCT((Raw_Data_Daily!$B$2:$B$9999="Variant")*(Raw_Data_Daily!$C$2:$C$9999="D. 20-39")*Raw_Data_Daily!$D$2:$D$9999*Raw_Data_Daily!$Q$2:$Q$9999)/SUMIFS(Raw_Data_Daily!$D:$D, Raw_Data_Daily!$B:$B, "Variant", Raw_Data_Daily!$C:$C, "D. 20-39"),"") -> 172.87128 | N29: =IFERROR((M29-L29)/ABS(L29),"") -> 0.026186745 | O29: =IFERROR(SUMPRODUCT((Raw_Data_Daily!$B$2:$B$9999="Control")*(Raw_Data_Daily!$C$2:$C$9999="E. 40-99")*Raw_Data_Daily!$D$2:$D$9999*Raw_Data_Daily!$Q$2:$Q$9999)/SUMIFS(Raw_Data_Daily!$D:$D, Raw_Data_Daily!$B:$B, "Control", Raw_Data_Daily!$C:$C, "E. 40-99"),"") -> 312.72074 | P29: =IFERROR(SUMPRODUCT((Raw_Data_Daily!$B$2:$B$9999="Variant")*(Raw_Data_Daily!$C$2:$C$9999="E. 40-99")*Raw_Data_Daily!$D$2:$D$9999*Raw_Data_Daily!$Q$2:$Q$9999)/SUMIFS(Raw_Data_Daily!$D:$D, Raw_Data_Daily!$B:$B, "Variant", Raw_Data_Daily!$C:$C, "E. 40-99"),"") -> 339.10891 | Q29: =IFERROR((P29-O29)/ABS(O29),"") -> 0.084382521 | R29: =IFERROR(SUMPRODUCT((Raw_Data_Daily!$B$2:$B$9999="Control")*(Raw_Data_Daily!$C$2:$C$9999="F. 100+")*Raw_Data_Daily!$D$2:$D$9999*Raw_Data_Daily!$Q$2:$Q$9999)/SUMIFS(Raw_Data_Daily!$D:$D, Raw_Data_Daily!$B:$B, "Control", Raw_Data_Daily!$C:$C, "F. 100+"),"") -> 592.96086 | S29: =IFERROR(SUMPRODUCT((Raw_Data_Daily!$B$2:$B$9999="Variant")*(Raw_Data_Daily!$C$2:$C$9999="F. 100+")*Raw_Data_Daily!$D$2:$D$9999*Raw_Data_Daily!$Q$2:$Q$9999)/SUMIFS(Raw_Data_Daily!$D:$D, Raw_Data_Daily!$B:$B, "Variant", Raw_Data_Daily!$C:$C, "F. 100+"),"") -> 602.19491 | T29: =IFERROR((S29-R29)/ABS(R29),"") -> 0.015572775 | U29: x | V29: Booster analysis
B30: HC gain PAID / player | C30: =IFERROR(SUMPRODUCT((Raw_Data_Daily!$B$2:$B$9999="Control")*(Raw_Data_Daily!$C$2:$C$9999="A. 0")*Raw_Data_Daily!$D$2:$D$9999*Raw_Data_Daily!$T$2:$T$9999)/SUMIFS(Raw_Data_Daily!$D:$D, Raw_Data_Daily!$B:$B, "Control", Raw_Data_Daily!$C:$C, "A. 0"),"") -> 7.021161 | D30: =IFERROR(SUMPRODUCT((Raw_Data_Daily!$B$2:$B$9999="Variant")*(Raw_Data_Daily!$C$2:$C$9999="A. 0")*Raw_Data_Daily!$D$2:$D$9999*Raw_Data_Daily!$T$2:$T$9999)/SUMIFS(Raw_Data_Daily!$D:$D, Raw_Data_Daily!$B:$B, "Variant", Raw_Data_Daily!$C:$C, "A. 0"),"") -> 8.0333761 | E30: =IFERROR((D30-C30)/ABS(C30),"") -> 0.14416634 | F30: =IFERROR(SUMPRODUCT((Raw_Data_Daily!$B$2:$B$9999="Control")*(Raw_Data_Daily!$C$2:$C$9999="B. 1-9")*Raw_Data_Daily!$D$2:$D$9999*Raw_Data_Daily!$T$2:$T$9999)/SUMIFS(Raw_Data_Daily!$D:$D, Raw_Data_Daily!$B:$B, "Control", Raw_Data_Daily!$C:$C, "B. 1-9"),"") -> 2.1584 | G30: =IFERROR(SUMPRODUCT((Raw_Data_Daily!$B$2:$B$9999="Variant")*(Raw_Data_Daily!$C$2:$C$9999="B. 1-9")*Raw_Data_Daily!$D$2:$D$9999*Raw_Data_Daily!$T$2:$T$9999)/SUMIFS(Raw_Data_Daily!$D:$D, Raw_Data_Daily!$B:$B, "Variant", Raw_Data_Daily!$C:$C, "B. 1-9"),"") -> 2.1125992 | H30: =IFERROR((G30-F30)/ABS(F30),"") -> -0.021219777 | I30: =IFERROR(SUMPRODUCT((Raw_Data_Daily!$B$2:$B$9999="Control")*(Raw_Data_Daily!$C$2:$C$9999="C. 10-19")*Raw_Data_Daily!$D$2:$D$9999*Raw_Data_Daily!$T$2:$T$9999)/SUMIFS(Raw_Data_Daily!$D:$D, Raw_Data_Daily!$B:$B, "Control", Raw_Data_Daily!$C:$C, "C. 10-19"),"") -> 7.5152864 | J30: =IFERROR(SUMPRODUCT((Raw_Data_Daily!$B$2:$B$9999="Variant")*(Raw_Data_Daily!$C$2:$C$9999="C. 10-19")*Raw_Data_Daily!$D$2:$D$9999*Raw_Data_Daily!$T$2:$T$9999)/SUMIFS(Raw_Data_Daily!$D:$D, Raw_Data_Daily!$B:$B, "Variant", Raw_Data_Daily!$C:$C, "C. 10-19"),"") -> 7.3547832 | K30: =IFERROR((J30-I30)/ABS(I30),"") -> -0.021356897 | L30: =IFERROR(SUMPRODUCT((Raw_Data_Daily!$B$2:$B$9999="Control")*(Raw_Data_Daily!$C$2:$C$9999="D. 20-39")*Raw_Data_Daily!$D$2:$D$9999*Raw_Data_Daily!$T$2:$T$9999)/SUMIFS(Raw_Data_Daily!$D:$D, Raw_Data_Daily!$B:$B, "Control", Raw_Data_Daily!$C:$C, "D. 20-39"),"") -> 15.546886 | M30: =IFERROR(SUMPRODUCT((Raw_Data_Daily!$B$2:$B$9999="Variant")*(Raw_Data_Daily!$C$2:$C$9999="D. 20-39")*Raw_Data_Daily!$D$2:$D$9999*Raw_Data_Daily!$T$2:$T$9999)/SUMIFS(Raw_Data_Daily!$D:$D, Raw_Data_Daily!$B:$B, "Variant", Raw_Data_Daily!$C:$C, "D. 20-39"),"") -> 13.666355 | N30: =IFERROR((M30-L30)/ABS(L30),"") -> -0.1209587 | O30: =IFERROR(SUMPRODUCT((Raw_Data_Daily!$B$2:$B$9999="Control")*(Raw_Data_Daily!$C$2:$C$9999="E. 40-99")*Raw_Data_Daily!$D$2:$D$9999*Raw_Data_Daily!$T$2:$T$9999)/SUMIFS(Raw_Data_Daily!$D:$D, Raw_Data_Daily!$B:$B, "Control", Raw_Data_Daily!$C:$C, "E. 40-99"),"") -> 38.644098 | P30: =IFERROR(SUMPRODUCT((Raw_Data_Daily!$B$2:$B$9999="Variant")*(Raw_Data_Daily!$C$2:$C$9999="E. 40-99")*Raw_Data_Daily!$D$2:$D$9999*Raw_Data_Daily!$T$2:$T$9999)/SUMIFS(Raw_Data_Daily!$D:$D, Raw_Data_Daily!$B:$B, "Variant", Raw_Data_Daily!$C:$C, "E. 40-99"),"") -> 38.894543 | Q30: =IFERROR((P30-O30)/ABS(O30),"") -> 0.0064808144 | R30: =IFERROR(SUMPRODUCT((Raw_Data_Daily!$B$2:$B$9999="Control")*(Raw_Data_Daily!$C$2:$C$9999="F. 100+")*Raw_Data_Daily!$D$2:$D$9999*Raw_Data_Daily!$T$2:$T$9999)/SUMIFS(Raw_Data_Daily!$D:$D, Raw_Data_Daily!$B:$B, "Control", Raw_Data_Daily!$C:$C, "F. 100+"),"") -> 86.247223 | S30: =IFERROR(SUMPRODUCT((Raw_Data_Daily!$B$2:$B$9999="Variant")*(Raw_Data_Daily!$C$2:$C$9999="F. 100+")*Raw_Data_Daily!$D$2:$D$9999*Raw_Data_Daily!$T$2:$T$9999)/SUMIFS(Raw_Data_Daily!$D:$D, Raw_Data_Daily!$B:$B, "Variant", Raw_Data_Daily!$C:$C, "F. 100+"),"") -> 63.904062 | T30: =IFERROR((S30-R30)/ABS(R30),"") -> -0.25905948 | V30: ulbs
B31: HC gain FREE / player | C31: =IFERROR(SUMPRODUCT((Raw_Data_Daily!$B$2:$B$9999="Control")*(Raw_Data_Daily!$C$2:$C$9999="A. 0")*Raw_Data_Daily!$D$2:$D$9999*Raw_Data_Daily!$U$2:$U$9999)/SUMIFS(Raw_Data_Daily!$D:$D, Raw_Data_Daily!$B:$B, "Control", Raw_Data_Daily!$C:$C, "A. 0"),"") -> 40.645424 | D31: =IFERROR(SUMPRODUCT((Raw_Data_Daily!$B$2:$B$9999="Variant")*(Raw_Data_Daily!$C$2:$C$9999="A. 0")*Raw_Data_Daily!$D$2:$D$9999*Raw_Data_Daily!$U$2:$U$9999)/SUMIFS(Raw_Data_Daily!$D:$D, Raw_Data_Daily!$B:$B, "Variant", Raw_Data_Daily!$C:$C, "A. 0"),"") -> 48.221584 | E31: =IFERROR((D31-C31)/ABS(C31),"") -> 0.18639639 | F31: =IFERROR(SUMPRODUCT((Raw_Data_Daily!$B$2:$B$9999="Control")*(Raw_Data_Daily!$C$2:$C$9999="B. 1-9")*Raw_Data_Daily!$D$2:$D$9999*Raw_Data_Daily!$U$2:$U$9999)/SUMIFS(Raw_Data_Daily!$D:$D, Raw_Data_Daily!$B:$B, "Control", Raw_Data_Daily!$C:$C, "B. 1-9"),"") -> 44.200235 | G31: =IFERROR(SUMPRODUCT((Raw_Data_Daily!$B$2:$B$9999="Variant")*(Raw_Data_Daily!$C$2:$C$9999="B. 1-9")*Raw_Data_Daily!$D$2:$D$9999*Raw_Data_Daily!$U$2:$U$9999)/SUMIFS(Raw_Data_Daily!$D:$D, Raw_Data_Daily!$B:$B, "Variant", Raw_Data_Daily!$C:$C, "B. 1-9"),"") -> 42.85705 | H31: =IFERROR((G31-F31)/ABS(F31),"") -> -0.030388646 | I31: =IFERROR(SUMPRODUCT((Raw_Data_Daily!$B$2:$B$9999="Control")*(Raw_Data_Daily!$C$2:$C$9999="C. 10-19")*Raw_Data_Daily!$D$2:$D$9999*Raw_Data_Daily!$U$2:$U$9999)/SUMIFS(Raw_Data_Daily!$D:$D, Raw_Data_Daily!$B:$B, "Control", Raw_Data_Daily!$C:$C, "C. 10-19"),"") -> 90.750566 | J31: =IFERROR(SUMPRODUCT((Raw_Data_Daily!$B$2:$B$9999="Variant")*(Raw_Data_Daily!$C$2:$C$9999="C. 10-19")*Raw_Data_Daily!$D$2:$D$9999*Raw_Data_Daily!$U$2:$U$9999)/SUMIFS(Raw_Data_Daily!$D:$D, Raw_Data_Daily!$B:$B, "Variant", Raw_Data_Daily!$C:$C, "C. 10-19"),"") -> 87.576025 | K31: =IFERROR((J31-I31)/ABS(I31),"") -> -0.034980955 | L31: =IFERROR(SUMPRODUCT((Raw_Data_Daily!$B$2:$B$9999="Control")*(Raw_Data_Daily!$C$2:$C$9999="D. 20-39")*Raw_Data_Daily!$D$2:$D$9999*Raw_Data_Daily!$U$2:$U$9999)/SUMIFS(Raw_Data_Daily!$D:$D, Raw_Data_Daily!$B:$B, "Control", Raw_Data_Daily!$C:$C, "D. 20-39"),"") -> 152.91252 | M31: =IFERROR(SUMPRODUCT((Raw_Data_Daily!$B$2:$B$9999="Variant")*(Raw_Data_Daily!$C$2:$C$9999="D. 20-39")*Raw_Data_Daily!$D$2:$D$9999*Raw_Data_Daily!$U$2:$U$9999)/SUMIFS(Raw_Data_Daily!$D:$D, Raw_Data_Daily!$B:$B, "Variant", Raw_Data_Daily!$C:$C, "D. 20-39"),"") -> 159.20844 | N31: =IFERROR((M31-L31)/ABS(L31),"") -> 0.041173368 | O31: =IFERROR(SUMPRODUCT((Raw_Data_Daily!$B$2:$B$9999="Control")*(Raw_Data_Daily!$C$2:$C$9999="E. 40-99")*Raw_Data_Daily!$D$2:$D$9999*Raw_Data_Daily!$U$2:$U$9999)/SUMIFS(Raw_Data_Daily!$D:$D, Raw_Data_Daily!$B:$B, "Control", Raw_Data_Daily!$C:$C, "E. 40-99"),"") -> 274.07665 | P31: =IFERROR(SUMPRODUCT((Raw_Data_Daily!$B$2:$B$9999="Variant")*(Raw_Data_Daily!$C$2:$C$9999="E. 40-99")*Raw_Data_Daily!$D$2:$D$9999*Raw_Data_Daily!$U$2:$U$9999)/SUMIFS(Raw_Data_Daily!$D:$D, Raw_Data_Daily!$B:$B, "Variant", Raw_Data_Daily!$C:$C, "E. 40-99"),"") -> 300.21583 | Q31: =IFERROR((P31-O31)/ABS(O31),"") -> 0.095371814 | R31: =IFERROR(SUMPRODUCT((Raw_Data_Daily!$B$2:$B$9999="Control")*(Raw_Data_Daily!$C$2:$C$9999="F. 100+")*Raw_Data_Daily!$D$2:$D$9999*Raw_Data_Daily!$U$2:$U$9999)/SUMIFS(Raw_Data_Daily!$D:$D, Raw_Data_Daily!$B:$B, "Control", Raw_Data_Daily!$C:$C, "F. 100+"),"") -> 506.71437 | S31: =IFERROR(SUMPRODUCT((Raw_Data_Daily!$B$2:$B$9999="Variant")*(Raw_Data_Daily!$C$2:$C$9999="F. 100+")*Raw_Data_Daily!$D$2:$D$9999*Raw_Data_Daily!$U$2:$U$9999)/SUMIFS(Raw_Data_Daily!$D:$D, Raw_Data_Daily!$B:$B, "Variant", Raw_Data_Daily!$C:$C, "F. 100+"),"") -> 538.29017 | T31: =IFERROR((S31-R31)/ABS(R31),"") -> 0.062314805 | U31: x | V31: SPTs
B32: HC spent / player | C32: =IFERROR(SUMPRODUCT((Raw_Data_Daily!$B$2:$B$9999="Control")*(Raw_Data_Daily!$C$2:$C$9999="A. 0")*Raw_Data_Daily!$D$2:$D$9999*Raw_Data_Daily!$V$2:$V$9999)/SUMIFS(Raw_Data_Daily!$D:$D, Raw_Data_Daily!$B:$B, "Control", Raw_Data_Daily!$C:$C, "A. 0"),"") -> 35.17532 | D32: =IFERROR(SUMPRODUCT((Raw_Data_Daily!$B$2:$B$9999="Variant")*(Raw_Data_Daily!$C$2:$C$9999="A. 0")*Raw_Data_Daily!$D$2:$D$9999*Raw_Data_Daily!$V$2:$V$9999)/SUMIFS(Raw_Data_Daily!$D:$D, Raw_Data_Daily!$B:$B, "Variant", Raw_Data_Daily!$C:$C, "A. 0"),"") -> 42.494292 | E32: =IFERROR((D32-C32)/ABS(C32),"") -> 0.20807124 | F32: =IFERROR(SUMPRODUCT((Raw_Data_Daily!$B$2:$B$9999="Control")*(Raw_Data_Daily!$C$2:$C$9999="B. 1-9")*Raw_Data_Daily!$D$2:$D$9999*Raw_Data_Daily!$V$2:$V$9999)/SUMIFS(Raw_Data_Daily!$D:$D, Raw_Data_Daily!$B:$B, "Control", Raw_Data_Daily!$C:$C, "B. 1-9"),"") -> 44.982775 | G32: =IFERROR(SUMPRODUCT((Raw_Data_Daily!$B$2:$B$9999="Variant")*(Raw_Data_Daily!$C$2:$C$9999="B. 1-9")*Raw_Data_Daily!$D$2:$D$9999*Raw_Data_Daily!$V$2:$V$9999)/SUMIFS(Raw_Data_Daily!$D:$D, Raw_Data_Daily!$B:$B, "Variant", Raw_Data_Daily!$C:$C, "B. 1-9"),"") -> 43.769155 | H32: =IFERROR((G32-F32)/ABS(F32),"") -> -0.026979658 | I32: =IFERROR(SUMPRODUCT((Raw_Data_Daily!$B$2:$B$9999="Control")*(Raw_Data_Daily!$C$2:$C$9999="C. 10-19")*Raw_Data_Daily!$D$2:$D$9999*Raw_Data_Daily!$V$2:$V$9999)/SUMIFS(Raw_Data_Daily!$D:$D, Raw_Data_Daily!$B:$B, "Control", Raw_Data_Daily!$C:$C, "C. 10-19"),"") -> 101.64718 | J32: =IFERROR(SUMPRODUCT((Raw_Data_Daily!$B$2:$B$9999="Variant")*(Raw_Data_Daily!$C$2:$C$9999="C. 10-19")*Raw_Data_Daily!$D$2:$D$9999*Raw_Data_Daily!$V$2:$V$9999)/SUMIFS(Raw_Data_Daily!$D:$D, Raw_Data_Daily!$B:$B, "Variant", Raw_Data_Daily!$C:$C, "C. 10-19"),"") -> 96.660861 | K32: =IFERROR((J32-I32)/ABS(I32),"") -> -0.049055158 | L32: =IFERROR(SUMPRODUCT((Raw_Data_Daily!$B$2:$B$9999="Control")*(Raw_Data_Daily!$C$2:$C$9999="D. 20-39")*Raw_Data_Daily!$D$2:$D$9999*Raw_Data_Daily!$V$2:$V$9999)/SUMIFS(Raw_Data_Daily!$D:$D, Raw_Data_Daily!$B:$B, "Control", Raw_Data_Daily!$C:$C, "D. 20-39"),"") -> 175.93182 | M32: =IFERROR(SUMPRODUCT((Raw_Data_Daily!$B$2:$B$9999="Variant")*(Raw_Data_Daily!$C$2:$C$9999="D. 20-39")*Raw_Data_Daily!$D$2:$D$9999*Raw_Data_Daily!$V$2:$V$9999)/SUMIFS(Raw_Data_Daily!$D:$D, Raw_Data_Daily!$B:$B, "Variant", Raw_Data_Daily!$C:$C, "D. 20-39"),"") -> 178.14476 | N32: =IFERROR((M32-L32)/ABS(L32),"") -> 0.012578353 | O32: =IFERROR(SUMPRODUCT((Raw_Data_Daily!$B$2:$B$9999="Control")*(Raw_Data_Daily!$C$2:$C$9999="E. 40-99")*Raw_Data_Daily!$D$2:$D$9999*Raw_Data_Daily!$V$2:$V$9999)/SUMIFS(Raw_Data_Daily!$D:$D, Raw_Data_Daily!$B:$B, "Control", Raw_Data_Daily!$C:$C, "E. 40-99"),"") -> 326.3091 | P32: =IFERROR(SUMPRODUCT((Raw_Data_Daily!$B$2:$B$9999="Variant")*(Raw_Data_Daily!$C$2:$C$9999="E. 40-99")*Raw_Data_Daily!$D$2:$D$9999*Raw_Data_Daily!$V$2:$V$9999)/SUMIFS(Raw_Data_Daily!$D:$D, Raw_Data_Daily!$B:$B, "Variant", Raw_Data_Daily!$C:$C, "E. 40-99"),"") -> 356.57246 | Q32: =IFERROR((P32-O32)/ABS(O32),"") -> 0.09274446 | R32: =IFERROR(SUMPRODUCT((Raw_Data_Daily!$B$2:$B$9999="Control")*(Raw_Data_Daily!$C$2:$C$9999="F. 100+")*Raw_Data_Daily!$D$2:$D$9999*Raw_Data_Daily!$V$2:$V$9999)/SUMIFS(Raw_Data_Daily!$D:$D, Raw_Data_Daily!$B:$B, "Control", Raw_Data_Daily!$C:$C, "F. 100+"),"") -> 617.55142 | S32: =IFERROR(SUMPRODUCT((Raw_Data_Daily!$B$2:$B$9999="Variant")*(Raw_Data_Daily!$C$2:$C$9999="F. 100+")*Raw_Data_Daily!$D$2:$D$9999*Raw_Data_Daily!$V$2:$V$9999)/SUMIFS(Raw_Data_Daily!$D:$D, Raw_Data_Daily!$B:$B, "Variant", Raw_Data_Daily!$C:$C, "F. 100+"),"") -> 669.04185 | T32: =IFERROR((S32-R32)/ABS(R32),"") -> 0.083378365
B33: HC NET (gain - spend) / player | C33: =IFERROR(SUMPRODUCT((Raw_Data_Daily!$B$2:$B$9999="Control")*(Raw_Data_Daily!$C$2:$C$9999="A. 0")*Raw_Data_Daily!$D$2:$D$9999*(Raw_Data_Daily!$Q$2:$Q$9999-Raw_Data_Daily!$V$2:$V$9999))/SUMIFS(Raw_Data_Daily!$D:$D, Raw_Data_Daily!$B:$B, "Control", Raw_Data_Daily!$C:$C, "A. 0"),"") -> 12.491265 | D33: =IFERROR(SUMPRODUCT((Raw_Data_Daily!$B$2:$B$9999="Variant")*(Raw_Data_Daily!$C$2:$C$9999="A. 0")*Raw_Data_Daily!$D$2:$D$9999*(Raw_Data_Daily!$Q$2:$Q$9999-Raw_Data_Daily!$V$2:$V$9999))/SUMIFS(Raw_Data_Daily!$D:$D, Raw_Data_Daily!$B:$B, "Variant", Raw_Data_Daily!$C:$C, "A. 0"),"") -> 13.762609 | E33: =IFERROR((D33-C33)/ABS(C33),"") -> 0.10177867 | F33: =IFERROR(SUMPRODUCT((Raw_Data_Daily!$B$2:$B$9999="Control")*(Raw_Data_Daily!$C$2:$C$9999="B. 1-9")*Raw_Data_Daily!$D$2:$D$9999*(Raw_Data_Daily!$Q$2:$Q$9999-Raw_Data_Daily!$V$2:$V$9999))/SUMIFS(Raw_Data_Daily!$D:$D, Raw_Data_Daily!$B:$B, "Control", Raw_Data_Daily!$C:$C, "B. 1-9"),"") -> 1.37586 | G33: =IFERROR(SUMPRODUCT((Raw_Data_Daily!$B$2:$B$9999="Variant")*(Raw_Data_Daily!$C$2:$C$9999="B. 1-9")*Raw_Data_Daily!$D$2:$D$9999*(Raw_Data_Daily!$Q$2:$Q$9999-Raw_Data_Daily!$V$2:$V$9999))/SUMIFS(Raw_Data_Daily!$D:$D, Raw_Data_Daily!$B:$B, "Variant", Raw_Data_Daily!$C:$C, "B. 1-9"),"") -> 1.2004938 | H33: =IFERROR((G33-F33)/ABS(F33),"") -> -0.12745931 | I33: =IFERROR(SUMPRODUCT((Raw_Data_Daily!$B$2:$B$9999="Control")*(Raw_Data_Daily!$C$2:$C$9999="C. 10-19")*Raw_Data_Daily!$D$2:$D$9999*(Raw_Data_Daily!$Q$2:$Q$9999-Raw_Data_Daily!$V$2:$V$9999))/SUMIFS(Raw_Data_Daily!$D:$D, Raw_Data_Daily!$B:$B, "Control", Raw_Data_Daily!$C:$C, "C. 10-19"),"") -> -3.3857683 | J33: =IFERROR(SUMPRODUCT((Raw_Data_Daily!$B$2:$B$9999="Variant")*(Raw_Data_Daily!$C$2:$C$9999="C. 10-19")*Raw_Data_Daily!$D$2:$D$9999*(Raw_Data_Daily!$Q$2:$Q$9999-Raw_Data_Daily!$V$2:$V$9999))/SUMIFS(Raw_Data_Daily!$D:$D, Raw_Data_Daily!$B:$B, "Variant", Raw_Data_Daily!$C:$C, "C. 10-19"),"") -> -1.7292825 | K33: =IFERROR((J33-I33)/ABS(I33),"") -> 0.4892496 | L33: =IFERROR(SUMPRODUCT((Raw_Data_Daily!$B$2:$B$9999="Control")*(Raw_Data_Daily!$C$2:$C$9999="D. 20-39")*Raw_Data_Daily!$D$2:$D$9999*(Raw_Data_Daily!$Q$2:$Q$9999-Raw_Data_Daily!$V$2:$V$9999))/SUMIFS(Raw_Data_Daily!$D:$D, Raw_Data_Daily!$B:$B, "Control", Raw_Data_Daily!$C:$C, "D. 20-39"),"") -> -7.4719593 | M33: =IFERROR(SUMPRODUCT((Raw_Data_Daily!$B$2:$B$9999="Variant")*(Raw_Data_Daily!$C$2:$C$9999="D. 20-39")*Raw_Data_Daily!$D$2:$D$9999*(Raw_Data_Daily!$Q$2:$Q$9999-Raw_Data_Daily!$V$2:$V$9999))/SUMIFS(Raw_Data_Daily!$D:$D, Raw_Data_Daily!$B:$B, "Variant", Raw_Data_Daily!$C:$C, "D. 20-39"),"") -> -5.2734762 | N33: =IFERROR((M33-L33)/ABS(L33),"") -> 0.29423113 | O33: =IFERROR(SUMPRODUCT((Raw_Data_Daily!$B$2:$B$9999="Control")*(Raw_Data_Daily!$C$2:$C$9999="E. 40-99")*Raw_Data_Daily!$D$2:$D$9999*(Raw_Data_Daily!$Q$2:$Q$9999-Raw_Data_Daily!$V$2:$V$9999))/SUMIFS(Raw_Data_Daily!$D:$D, Raw_Data_Daily!$B:$B, "Control", Raw_Data_Daily!$C:$C, "E. 40-99"),"") -> -13.58836 | P33: =IFERROR(SUMPRODUCT((Raw_Data_Daily!$B$2:$B$9999="Variant")*(Raw_Data_Daily!$C$2:$C$9999="E. 40-99")*Raw_Data_Daily!$D$2:$D$9999*(Raw_Data_Daily!$Q$2:$Q$9999-Raw_Data_Daily!$V$2:$V$9999))/SUMIFS(Raw_Data_Daily!$D:$D, Raw_Data_Daily!$B:$B, "Variant", Raw_Data_Daily!$C:$C, "E. 40-99"),"") -> -17.463557 | Q33: =IFERROR((P33-O33)/ABS(O33),"") -> -0.28518503 | R33: =IFERROR(SUMPRODUCT((Raw_Data_Daily!$B$2:$B$9999="Control")*(Raw_Data_Daily!$C$2:$C$9999="F. 100+")*Raw_Data_Daily!$D$2:$D$9999*(Raw_Data_Daily!$Q$2:$Q$9999-Raw_Data_Daily!$V$2:$V$9999))/SUMIFS(Raw_Data_Daily!$D:$D, Raw_Data_Daily!$B:$B, "Control", Raw_Data_Daily!$C:$C, "F. 100+"),"") -> -24.590558 | S33: =IFERROR(SUMPRODUCT((Raw_Data_Daily!$B$2:$B$9999="Variant")*(Raw_Data_Daily!$C$2:$C$9999="F. 100+")*Raw_Data_Daily!$D$2:$D$9999*(Raw_Data_Daily!$Q$2:$Q$9999-Raw_Data_Daily!$V$2:$V$9999))/SUMIFS(Raw_Data_Daily!$D:$D, Raw_Data_Daily!$B:$B, "Variant", Raw_Data_Daily!$C:$C, "F. 100+"),"") -> -66.84694 | T33: =IFERROR((S33-R33)/ABS(R33),"") -> -1.7183987
B34: HC spent / attempt | C34: =IFERROR(SUMPRODUCT((Raw_Data_Daily!$B$2:$B$9999="Control")*(Raw_Data_Daily!$C$2:$C$9999="A. 0")*Raw_Data_Daily!$D$2:$D$9999*Raw_Data_Daily!$W$2:$W$9999)/SUMIFS(Raw_Data_Daily!$D:$D, Raw_Data_Daily!$B:$B, "Control", Raw_Data_Daily!$C:$C, "A. 0"),"") -> 3.6272529 | D34: =IFERROR(SUMPRODUCT((Raw_Data_Daily!$B$2:$B$9999="Variant")*(Raw_Data_Daily!$C$2:$C$9999="A. 0")*Raw_Data_Daily!$D$2:$D$9999*Raw_Data_Daily!$W$2:$W$9999)/SUMIFS(Raw_Data_Daily!$D:$D, Raw_Data_Daily!$B:$B, "Variant", Raw_Data_Daily!$C:$C, "A. 0"),"") -> 4.1280557 | E34: =IFERROR((D34-C34)/ABS(C34),"") -> 0.1380667 | F34: =IFERROR(SUMPRODUCT((Raw_Data_Daily!$B$2:$B$9999="Control")*(Raw_Data_Daily!$C$2:$C$9999="B. 1-9")*Raw_Data_Daily!$D$2:$D$9999*Raw_Data_Daily!$W$2:$W$9999)/SUMIFS(Raw_Data_Daily!$D:$D, Raw_Data_Daily!$B:$B, "Control", Raw_Data_Daily!$C:$C, "B. 1-9"),"") -> 3.870466 | G34: =IFERROR(SUMPRODUCT((Raw_Data_Daily!$B$2:$B$9999="Variant")*(Raw_Data_Daily!$C$2:$C$9999="B. 1-9")*Raw_Data_Daily!$D$2:$D$9999*Raw_Data_Daily!$W$2:$W$9999)/SUMIFS(Raw_Data_Daily!$D:$D, Raw_Data_Daily!$B:$B, "Variant", Raw_Data_Daily!$C:$C, "B. 1-9"),"") -> 3.8479529 | H34: =IFERROR((G34-F34)/ABS(F34),"") -> -0.0058166138 | I34: =IFERROR(SUMPRODUCT((Raw_Data_Daily!$B$2:$B$9999="Control")*(Raw_Data_Daily!$C$2:$C$9999="C. 10-19")*Raw_Data_Daily!$D$2:$D$9999*Raw_Data_Daily!$W$2:$W$9999)/SUMIFS(Raw_Data_Daily!$D:$D, Raw_Data_Daily!$B:$B, "Control", Raw_Data_Daily!$C:$C, "C. 10-19"),"") -> 4.1816368 | J34: =IFERROR(SUMPRODUCT((Raw_Data_Daily!$B$2:$B$9999="Variant")*(Raw_Data_Daily!$C$2:$C$9999="C. 10-19")*Raw_Data_Daily!$D$2:$D$9999*Raw_Data_Daily!$W$2:$W$9999)/SUMIFS(Raw_Data_Daily!$D:$D, Raw_Data_Daily!$B:$B, "Variant", Raw_Data_Daily!$C:$C, "C. 10-19"),"") -> 3.8941499 | K34: =IFERROR((J34-I34)/ABS(I34),"") -> -0.068749834 | L34: =IFERROR(SUMPRODUCT((Raw_Data_Daily!$B$2:$B$9999="Control")*(Raw_Data_Daily!$C$2:$C$9999="D. 20-39")*Raw_Data_Daily!$D$2:$D$9999*Raw_Data_Daily!$W$2:$W$9999)/SUMIFS(Raw_Data_Daily!$D:$D, Raw_Data_Daily!$B:$B, "Control", Raw_Data_Daily!$C:$C, "D. 20-39"),"") -> 4.5042009 | M34: =IFERROR(SUMPRODUCT((Raw_Data_Daily!$B$2:$B$9999="Variant")*(Raw_Data_Daily!$C$2:$C$9999="D. 20-39")*Raw_Data_Daily!$D$2:$D$9999*Raw_Data_Daily!$W$2:$W$9999)/SUMIFS(Raw_Data_Daily!$D:$D, Raw_Data_Daily!$B:$B, "Variant", Raw_Data_Daily!$C:$C, "D. 20-39"),"") -> 4.3901544 | N34: =IFERROR((M34-L34)/ABS(L34),"") -> -0.025320025 | O34: =IFERROR(SUMPRODUCT((Raw_Data_Daily!$B$2:$B$9999="Control")*(Raw_Data_Daily!$C$2:$C$9999="E. 40-99")*Raw_Data_Daily!$D$2:$D$9999*Raw_Data_Daily!$W$2:$W$9999)/SUMIFS(Raw_Data_Daily!$D:$D, Raw_Data_Daily!$B:$B, "Control", Raw_Data_Daily!$C:$C, "E. 40-99"),"") -> 4.5008578 | P34: =IFERROR(SUMPRODUCT((Raw_Data_Daily!$B$2:$B$9999="Variant")*(Raw_Data_Daily!$C$2:$C$9999="E. 40-99")*Raw_Data_Daily!$D$2:$D$9999*Raw_Data_Daily!$W$2:$W$9999)/SUMIFS(Raw_Data_Daily!$D:$D, Raw_Data_Daily!$B:$B, "Variant", Raw_Data_Daily!$C:$C, "E. 40-99"),"") -> 4.7857314 | Q34: =IFERROR((P34-O34)/ABS(O34),"") -> 0.06329317 | R34: =IFERROR(SUMPRODUCT((Raw_Data_Daily!$B$2:$B$9999="Control")*(Raw_Data_Daily!$C$2:$C$9999="F. 100+")*Raw_Data_Daily!$D$2:$D$9999*Raw_Data_Daily!$W$2:$W$9999)/SUMIFS(Raw_Data_Daily!$D:$D, Raw_Data_Daily!$B:$B, "Control", Raw_Data_Daily!$C:$C, "F. 100+"),"") -> 3.7535902 | S34: =IFERROR(SUMPRODUCT((Raw_Data_Daily!$B$2:$B$9999="Variant")*(Raw_Data_Daily!$C$2:$C$9999="F. 100+")*Raw_Data_Daily!$D$2:$D$9999*Raw_Data_Daily!$W$2:$W$9999)/SUMIFS(Raw_Data_Daily!$D:$D, Raw_Data_Daily!$B:$B, "Variant", Raw_Data_Daily!$C:$C, "F. 100+"),"") -> 4.139964 | T34: =IFERROR((S34-R34)/ABS(R34),"") -> 0.10293449
B35: Paid % of total HC gain | C35: =IFERROR(SUMPRODUCT((Raw_Data_Daily!$B$2:$B$9999="Control")*(Raw_Data_Daily!$C$2:$C$9999="A. 0")*Raw_Data_Daily!$D$2:$D$9999*Raw_Data_Daily!$X$2:$X$9999)/SUMIFS(Raw_Data_Daily!$D:$D, Raw_Data_Daily!$B:$B, "Control", Raw_Data_Daily!$C:$C, "A. 0"),"") -> 14.264641 | D35: =IFERROR(SUMPRODUCT((Raw_Data_Daily!$B$2:$B$9999="Variant")*(Raw_Data_Daily!$C$2:$C$9999="A. 0")*Raw_Data_Daily!$D$2:$D$9999*Raw_Data_Daily!$X$2:$X$9999)/SUMIFS(Raw_Data_Daily!$D:$D, Raw_Data_Daily!$B:$B, "Variant", Raw_Data_Daily!$C:$C, "A. 0"),"") -> 14.120844 | E35: =IFERROR((D35-C35)/ABS(C35),"") -> -0.010080629 | F35: =IFERROR(SUMPRODUCT((Raw_Data_Daily!$B$2:$B$9999="Control")*(Raw_Data_Daily!$C$2:$C$9999="B. 1-9")*Raw_Data_Daily!$D$2:$D$9999*Raw_Data_Daily!$X$2:$X$9999)/SUMIFS(Raw_Data_Daily!$D:$D, Raw_Data_Daily!$B:$B, "Control", Raw_Data_Daily!$C:$C, "B. 1-9"),"") -> 4.842538 | G35: =IFERROR(SUMPRODUCT((Raw_Data_Daily!$B$2:$B$9999="Variant")*(Raw_Data_Daily!$C$2:$C$9999="B. 1-9")*Raw_Data_Daily!$D$2:$D$9999*Raw_Data_Daily!$X$2:$X$9999)/SUMIFS(Raw_Data_Daily!$D:$D, Raw_Data_Daily!$B:$B, "Variant", Raw_Data_Daily!$C:$C, "B. 1-9"),"") -> 4.7742425 | H35: =IFERROR((G35-F35)/ABS(F35),"") -> -0.014103254 | I35: =IFERROR(SUMPRODUCT((Raw_Data_Daily!$B$2:$B$9999="Control")*(Raw_Data_Daily!$C$2:$C$9999="C. 10-19")*Raw_Data_Daily!$D$2:$D$9999*Raw_Data_Daily!$X$2:$X$9999)/SUMIFS(Raw_Data_Daily!$D:$D, Raw_Data_Daily!$B:$B, "Control", Raw_Data_Daily!$C:$C, "C. 10-19"),"") -> 7.9132528 | J35: =IFERROR(SUMPRODUCT((Raw_Data_Daily!$B$2:$B$9999="Variant")*(Raw_Data_Daily!$C$2:$C$9999="C. 10-19")*Raw_Data_Daily!$D$2:$D$9999*Raw_Data_Daily!$X$2:$X$9999)/SUMIFS(Raw_Data_Daily!$D:$D, Raw_Data_Daily!$B:$B, "Variant", Raw_Data_Daily!$C:$C, "C. 10-19"),"") -> 8.0278135 | K35: =IFERROR((J35-I35)/ABS(I35),"") -> 0.014477061 | L35: =IFERROR(SUMPRODUCT((Raw_Data_Daily!$B$2:$B$9999="Control")*(Raw_Data_Daily!$C$2:$C$9999="D. 20-39")*Raw_Data_Daily!$D$2:$D$9999*Raw_Data_Daily!$X$2:$X$9999)/SUMIFS(Raw_Data_Daily!$D:$D, Raw_Data_Daily!$B:$B, "Control", Raw_Data_Daily!$C:$C, "D. 20-39"),"") -> 9.4367764 | M35: =IFERROR(SUMPRODUCT((Raw_Data_Daily!$B$2:$B$9999="Variant")*(Raw_Data_Daily!$C$2:$C$9999="D. 20-39")*Raw_Data_Daily!$D$2:$D$9999*Raw_Data_Daily!$X$2:$X$9999)/SUMIFS(Raw_Data_Daily!$D:$D, Raw_Data_Daily!$B:$B, "Variant", Raw_Data_Daily!$C:$C, "D. 20-39"),"") -> 8.1133298 | N35: =IFERROR((M35-L35)/ABS(L35),"") -> -0.14024351 | O35: =IFERROR(SUMPRODUCT((Raw_Data_Daily!$B$2:$B$9999="Control")*(Raw_Data_Daily!$C$2:$C$9999="E. 40-99")*Raw_Data_Daily!$D$2:$D$9999*Raw_Data_Daily!$X$2:$X$9999)/SUMIFS(Raw_Data_Daily!$D:$D, Raw_Data_Daily!$B:$B, "Control", Raw_Data_Daily!$C:$C, "E. 40-99"),"") -> 12.679252 | P35: =IFERROR(SUMPRODUCT((Raw_Data_Daily!$B$2:$B$9999="Variant")*(Raw_Data_Daily!$C$2:$C$9999="E. 40-99")*Raw_Data_Daily!$D$2:$D$9999*Raw_Data_Daily!$X$2:$X$9999)/SUMIFS(Raw_Data_Daily!$D:$D, Raw_Data_Daily!$B:$B, "Variant", Raw_Data_Daily!$C:$C, "E. 40-99"),"") -> 11.647402 | Q35: =IFERROR((P35-O35)/ABS(O35),"") -> -0.081380955 | R35: =IFERROR(SUMPRODUCT((Raw_Data_Daily!$B$2:$B$9999="Control")*(Raw_Data_Daily!$C$2:$C$9999="F. 100+")*Raw_Data_Daily!$D$2:$D$9999*Raw_Data_Daily!$X$2:$X$9999)/SUMIFS(Raw_Data_Daily!$D:$D, Raw_Data_Daily!$B:$B, "Control", Raw_Data_Daily!$C:$C, "F. 100+"),"") -> 14.859094 | S35: =IFERROR(SUMPRODUCT((Raw_Data_Daily!$B$2:$B$9999="Variant")*(Raw_Data_Daily!$C$2:$C$9999="F. 100+")*Raw_Data_Daily!$D$2:$D$9999*Raw_Data_Daily!$X$2:$X$9999)/SUMIFS(Raw_Data_Daily!$D:$D, Raw_Data_Daily!$B:$B, "Variant", Raw_Data_Daily!$C:$C, "F. 100+"),"") -> 10.609593 | T35: =IFERROR((S35-R35)/ABS(R35),"") -> -0.2859866
A36: HC Economy - Sources
B37: HC gain / player (CORE) | C37: =IFERROR(SUMPRODUCT((Raw_Data_Daily!$B$2:$B$9999="Control")*(Raw_Data_Daily!$C$2:$C$9999="A. 0")*Raw_Data_Daily!$D$2:$D$9999*Raw_Data_Daily!$AX$2:$AX$9999)/SUMIFS(Raw_Data_Daily!$D:$D, Raw_Data_Daily!$B:$B, "Control", Raw_Data_Daily!$C:$C, "A. 0"),"") -> 10.787387 | D37: =IFERROR(SUMPRODUCT((Raw_Data_Daily!$B$2:$B$9999="Variant")*(Raw_Data_Daily!$C$2:$C$9999="A. 0")*Raw_Data_Daily!$D$2:$D$9999*Raw_Data_Daily!$AX$2:$AX$9999)/SUMIFS(Raw_Data_Daily!$D:$D, Raw_Data_Daily!$B:$B, "Variant", Raw_Data_Daily!$C:$C, "A. 0"),"") -> 9.2520435 | E37: =IFERROR((D37-C37)/ABS(C37),"") -> -0.14232762 | F37: =IFERROR(SUMPRODUCT((Raw_Data_Daily!$B$2:$B$9999="Control")*(Raw_Data_Daily!$C$2:$C$9999="B. 1-9")*Raw_Data_Daily!$D$2:$D$9999*Raw_Data_Daily!$AX$2:$AX$9999)/SUMIFS(Raw_Data_Daily!$D:$D, Raw_Data_Daily!$B:$B, "Control", Raw_Data_Daily!$C:$C, "B. 1-9"),"") -> 21.230192 | G37: =IFERROR(SUMPRODUCT((Raw_Data_Daily!$B$2:$B$9999="Variant")*(Raw_Data_Daily!$C$2:$C$9999="B. 1-9")*Raw_Data_Daily!$D$2:$D$9999*Raw_Data_Daily!$AX$2:$AX$9999)/SUMIFS(Raw_Data_Daily!$D:$D, Raw_Data_Daily!$B:$B, "Variant", Raw_Data_Daily!$C:$C, "B. 1-9"),"") -> 18.34629 | H37: =IFERROR((G37-F37)/ABS(F37),"") -> -0.13583963 | I37: =IFERROR(SUMPRODUCT((Raw_Data_Daily!$B$2:$B$9999="Control")*(Raw_Data_Daily!$C$2:$C$9999="C. 10-19")*Raw_Data_Daily!$D$2:$D$9999*Raw_Data_Daily!$AX$2:$AX$9999)/SUMIFS(Raw_Data_Daily!$D:$D, Raw_Data_Daily!$B:$B, "Control", Raw_Data_Daily!$C:$C, "C. 10-19"),"") -> 40.285575 | J37: =IFERROR(SUMPRODUCT((Raw_Data_Daily!$B$2:$B$9999="Variant")*(Raw_Data_Daily!$C$2:$C$9999="C. 10-19")*Raw_Data_Daily!$D$2:$D$9999*Raw_Data_Daily!$AX$2:$AX$9999)/SUMIFS(Raw_Data_Daily!$D:$D, Raw_Data_Daily!$B:$B, "Variant", Raw_Data_Daily!$C:$C, "C. 10-19"),"") -> 35.655794 | K37: =IFERROR((J37-I37)/ABS(I37),"") -> -0.11492403 | L37: =IFERROR(SUMPRODUCT((Raw_Data_Daily!$B$2:$B$9999="Control")*(Raw_Data_Daily!$C$2:$C$9999="D. 20-39")*Raw_Data_Daily!$D$2:$D$9999*Raw_Data_Daily!$AX$2:$AX$9999)/SUMIFS(Raw_Data_Daily!$D:$D, Raw_Data_Daily!$B:$B, "Control", Raw_Data_Daily!$C:$C, "D. 20-39"),"") -> 65.981641 | M37: =IFERROR(SUMPRODUCT((Raw_Data_Daily!$B$2:$B$9999="Variant")*(Raw_Data_Daily!$C$2:$C$9999="D. 20-39")*Raw_Data_Daily!$D$2:$D$9999*Raw_Data_Daily!$AX$2:$AX$9999)/SUMIFS(Raw_Data_Daily!$D:$D, Raw_Data_Daily!$B:$B, "Variant", Raw_Data_Daily!$C:$C, "D. 20-39"),"") -> 59.991049 | N37: =IFERROR((M37-L37)/ABS(L37),"") -> -0.0907918 | O37: =IFERROR(SUMPRODUCT((Raw_Data_Daily!$B$2:$B$9999="Control")*(Raw_Data_Daily!$C$2:$C$9999="E. 40-99")*Raw_Data_Daily!$D$2:$D$9999*Raw_Data_Daily!$AX$2:$AX$9999)/SUMIFS(Raw_Data_Daily!$D:$D, Raw_Data_Daily!$B:$B, "Control", Raw_Data_Daily!$C:$C, "E. 40-99"),"") -> 119.9296 | P37: =IFERROR(SUMPRODUCT((Raw_Data_Daily!$B$2:$B$9999="Variant")*(Raw_Data_Daily!$C$2:$C$9999="E. 40-99")*Raw_Data_Daily!$D$2:$D$9999*Raw_Data_Daily!$AX$2:$AX$9999)/SUMIFS(Raw_Data_Daily!$D:$D, Raw_Data_Daily!$B:$B, "Variant", Raw_Data_Daily!$C:$C, "E. 40-99"),"") -> 111.83697 | Q37: =IFERROR((P37-O37)/ABS(O37),"") -> -0.067478144 | R37: =IFERROR(SUMPRODUCT((Raw_Data_Daily!$B$2:$B$9999="Control")*(Raw_Data_Daily!$C$2:$C$9999="F. 100+")*Raw_Data_Daily!$D$2:$D$9999*Raw_Data_Daily!$AX$2:$AX$9999)/SUMIFS(Raw_Data_Daily!$D:$D, Raw_Data_Daily!$B:$B, "Control", Raw_Data_Daily!$C:$C, "F. 100+"),"") -> 281.27102 | S37: =IFERROR(SUMPRODUCT((Raw_Data_Daily!$B$2:$B$9999="Variant")*(Raw_Data_Daily!$C$2:$C$9999="F. 100+")*Raw_Data_Daily!$D$2:$D$9999*Raw_Data_Daily!$AX$2:$AX$9999)/SUMIFS(Raw_Data_Daily!$D:$D, Raw_Data_Daily!$B:$B, "Variant", Raw_Data_Daily!$C:$C, "F. 100+"),"") -> 242.72188 | T37: =IFERROR((S37-R37)/ABS(R37),"") -> -0.13705339
B38: HC gain / player (META) | C38: =IFERROR(SUMPRODUCT((Raw_Data_Daily!$B$2:$B$9999="Control")*(Raw_Data_Daily!$C$2:$C$9999="A. 0")*Raw_Data_Daily!$D$2:$D$9999*Raw_Data_Daily!$AY$2:$AY$9999)/SUMIFS(Raw_Data_Daily!$D:$D, Raw_Data_Daily!$B:$B, "Control", Raw_Data_Daily!$C:$C, "A. 0"),"") -> 27.173355 | D38: =IFERROR(SUMPRODUCT((Raw_Data_Daily!$B$2:$B$9999="Variant")*(Raw_Data_Daily!$C$2:$C$9999="A. 0")*Raw_Data_Daily!$D$2:$D$9999*Raw_Data_Daily!$AY$2:$AY$9999)/SUMIFS(Raw_Data_Daily!$D:$D, Raw_Data_Daily!$B:$B, "Variant", Raw_Data_Daily!$C:$C, "A. 0"),"") -> 36.191394 | E38: =IFERROR((D38-C38)/ABS(C38),"") -> 0.33187064 | F38: =IFERROR(SUMPRODUCT((Raw_Data_Daily!$B$2:$B$9999="Control")*(Raw_Data_Daily!$C$2:$C$9999="B. 1-9")*Raw_Data_Daily!$D$2:$D$9999*Raw_Data_Daily!$AY$2:$AY$9999)/SUMIFS(Raw_Data_Daily!$D:$D, Raw_Data_Daily!$B:$B, "Control", Raw_Data_Daily!$C:$C, "B. 1-9"),"") -> 20.272208 | G38: =IFERROR(SUMPRODUCT((Raw_Data_Daily!$B$2:$B$9999="Variant")*(Raw_Data_Daily!$C$2:$C$9999="B. 1-9")*Raw_Data_Daily!$D$2:$D$9999*Raw_Data_Daily!$AY$2:$AY$9999)/SUMIFS(Raw_Data_Daily!$D:$D, Raw_Data_Daily!$B:$B, "Variant", Raw_Data_Daily!$C:$C, "B. 1-9"),"") -> 21.925191 | H38: =IFERROR((G38-F38)/ABS(F38),"") -> 0.081539367 | I38: =IFERROR(SUMPRODUCT((Raw_Data_Daily!$B$2:$B$9999="Control")*(Raw_Data_Daily!$C$2:$C$9999="C. 10-19")*Raw_Data_Daily!$D$2:$D$9999*Raw_Data_Daily!$AY$2:$AY$9999)/SUMIFS(Raw_Data_Daily!$D:$D, Raw_Data_Daily!$B:$B, "Control", Raw_Data_Daily!$C:$C, "C. 10-19"),"") -> 46.083793 | J38: =IFERROR(SUMPRODUCT((Raw_Data_Daily!$B$2:$B$9999="Variant")*(Raw_Data_Daily!$C$2:$C$9999="C. 10-19")*Raw_Data_Daily!$D$2:$D$9999*Raw_Data_Daily!$AY$2:$AY$9999)/SUMIFS(Raw_Data_Daily!$D:$D, Raw_Data_Daily!$B:$B, "Variant", Raw_Data_Daily!$C:$C, "C. 10-19"),"") -> 47.75952 | K38: =IFERROR((J38-I38)/ABS(I38),"") -> 0.036362593 | L38: =IFERROR(SUMPRODUCT((Raw_Data_Daily!$B$2:$B$9999="Control")*(Raw_Data_Daily!$C$2:$C$9999="D. 20-39")*Raw_Data_Daily!$D$2:$D$9999*Raw_Data_Daily!$AY$2:$AY$9999)/SUMIFS(Raw_Data_Daily!$D:$D, Raw_Data_Daily!$B:$B, "Control", Raw_Data_Daily!$C:$C, "D. 20-39"),"") -> 81.530741 | M38: =IFERROR(SUMPRODUCT((Raw_Data_Daily!$B$2:$B$9999="Variant")*(Raw_Data_Daily!$C$2:$C$9999="D. 20-39")*Raw_Data_Daily!$D$2:$D$9999*Raw_Data_Daily!$AY$2:$AY$9999)/SUMIFS(Raw_Data_Daily!$D:$D, Raw_Data_Daily!$B:$B, "Variant", Raw_Data_Daily!$C:$C, "D. 20-39"),"") -> 93.763801 | N38: =IFERROR((M38-L38)/ABS(L38),"") -> 0.1500423 | O38: =IFERROR(SUMPRODUCT((Raw_Data_Daily!$B$2:$B$9999="Control")*(Raw_Data_Daily!$C$2:$C$9999="E. 40-99")*Raw_Data_Daily!$D$2:$D$9999*Raw_Data_Daily!$AY$2:$AY$9999)/SUMIFS(Raw_Data_Daily!$D:$D, Raw_Data_Daily!$B:$B, "Control", Raw_Data_Daily!$C:$C, "E. 40-99"),"") -> 144.56466 | P38: =IFERROR(SUMPRODUCT((Raw_Data_Daily!$B$2:$B$9999="Variant")*(Raw_Data_Daily!$C$2:$C$9999="E. 40-99")*Raw_Data_Daily!$D$2:$D$9999*Raw_Data_Daily!$AY$2:$AY$9999)/SUMIFS(Raw_Data_Daily!$D:$D, Raw_Data_Daily!$B:$B, "Variant", Raw_Data_Daily!$C:$C, "E. 40-99"),"") -> 178.73438 | Q38: =IFERROR((P38-O38)/ABS(O38),"") -> 0.23636295 | R38: =IFERROR(SUMPRODUCT((Raw_Data_Daily!$B$2:$B$9999="Control")*(Raw_Data_Daily!$C$2:$C$9999="F. 100+")*Raw_Data_Daily!$D$2:$D$9999*Raw_Data_Daily!$AY$2:$AY$9999)/SUMIFS(Raw_Data_Daily!$D:$D, Raw_Data_Daily!$B:$B, "Control", Raw_Data_Daily!$C:$C, "F. 100+"),"") -> 204.21548 | S38: =IFERROR(SUMPRODUCT((Raw_Data_Daily!$B$2:$B$9999="Variant")*(Raw_Data_Daily!$C$2:$C$9999="F. 100+")*Raw_Data_Daily!$D$2:$D$9999*Raw_Data_Daily!$AY$2:$AY$9999)/SUMIFS(Raw_Data_Daily!$D:$D, Raw_Data_Daily!$B:$B, "Variant", Raw_Data_Daily!$C:$C, "F. 100+"),"") -> 277.34116 | T38: =IFERROR((S38-R38)/ABS(R38),"") -> 0.35808099
B39: HC gain / player (AD) | C39: =IFERROR(SUMPRODUCT((Raw_Data_Daily!$B$2:$B$9999="Control")*(Raw_Data_Daily!$C$2:$C$9999="A. 0")*Raw_Data_Daily!$D$2:$D$9999*Raw_Data_Daily!$AZ$2:$AZ$9999)/SUMIFS(Raw_Data_Daily!$D:$D, Raw_Data_Daily!$B:$B, "Control", Raw_Data_Daily!$C:$C, "A. 0"),"") -> 2.5022862 | D39: =IFERROR(SUMPRODUCT((Raw_Data_Daily!$B$2:$B$9999="Variant")*(Raw_Data_Daily!$C$2:$C$9999="A. 0")*Raw_Data_Daily!$D$2:$D$9999*Raw_Data_Daily!$AZ$2:$AZ$9999)/SUMIFS(Raw_Data_Daily!$D:$D, Raw_Data_Daily!$B:$B, "Variant", Raw_Data_Daily!$C:$C, "A. 0"),"") -> 2.5870999 | E39: =IFERROR((D39-C39)/ABS(C39),"") -> 0.03389449 | F39: =IFERROR(SUMPRODUCT((Raw_Data_Daily!$B$2:$B$9999="Control")*(Raw_Data_Daily!$C$2:$C$9999="B. 1-9")*Raw_Data_Daily!$D$2:$D$9999*Raw_Data_Daily!$AZ$2:$AZ$9999)/SUMIFS(Raw_Data_Daily!$D:$D, Raw_Data_Daily!$B:$B, "Control", Raw_Data_Daily!$C:$C, "B. 1-9"),"") -> 2.2282499 | G39: =IFERROR(SUMPRODUCT((Raw_Data_Daily!$B$2:$B$9999="Variant")*(Raw_Data_Daily!$C$2:$C$9999="B. 1-9")*Raw_Data_Daily!$D$2:$D$9999*Raw_Data_Daily!$AZ$2:$AZ$9999)/SUMIFS(Raw_Data_Daily!$D:$D, Raw_Data_Daily!$B:$B, "Variant", Raw_Data_Daily!$C:$C, "B. 1-9"),"") -> 2.0980028 | H39: =IFERROR((G39-F39)/ABS(F39),"") -> -0.058452635 | I39: =IFERROR(SUMPRODUCT((Raw_Data_Daily!$B$2:$B$9999="Control")*(Raw_Data_Daily!$C$2:$C$9999="C. 10-19")*Raw_Data_Daily!$D$2:$D$9999*Raw_Data_Daily!$AZ$2:$AZ$9999)/SUMIFS(Raw_Data_Daily!$D:$D, Raw_Data_Daily!$B:$B, "Control", Raw_Data_Daily!$C:$C, "C. 10-19"),"") -> 3.1387565 | J39: =IFERROR(SUMPRODUCT((Raw_Data_Daily!$B$2:$B$9999="Variant")*(Raw_Data_Daily!$C$2:$C$9999="C. 10-19")*Raw_Data_Daily!$D$2:$D$9999*Raw_Data_Daily!$AZ$2:$AZ$9999)/SUMIFS(Raw_Data_Daily!$D:$D, Raw_Data_Daily!$B:$B, "Variant", Raw_Data_Daily!$C:$C, "C. 10-19"),"") -> 2.9918453 | K39: =IFERROR((J39-I39)/ABS(I39),"") -> -0.046805549 | L39: =IFERROR(SUMPRODUCT((Raw_Data_Daily!$B$2:$B$9999="Control")*(Raw_Data_Daily!$C$2:$C$9999="D. 20-39")*Raw_Data_Daily!$D$2:$D$9999*Raw_Data_Daily!$AZ$2:$AZ$9999)/SUMIFS(Raw_Data_Daily!$D:$D, Raw_Data_Daily!$B:$B, "Control", Raw_Data_Daily!$C:$C, "D. 20-39"),"") -> 3.1028057 | M39: =IFERROR(SUMPRODUCT((Raw_Data_Daily!$B$2:$B$9999="Variant")*(Raw_Data_Daily!$C$2:$C$9999="D. 20-39")*Raw_Data_Daily!$D$2:$D$9999*Raw_Data_Daily!$AZ$2:$AZ$9999)/SUMIFS(Raw_Data_Daily!$D:$D, Raw_Data_Daily!$B:$B, "Variant", Raw_Data_Daily!$C:$C, "D. 20-39"),"") -> 3.2803108 | N39: =IFERROR((M39-L39)/ABS(L39),"") -> 0.057207925 | O39: =IFERROR(SUMPRODUCT((Raw_Data_Daily!$B$2:$B$9999="Control")*(Raw_Data_Daily!$C$2:$C$9999="E. 40-99")*Raw_Data_Daily!$D$2:$D$9999*Raw_Data_Daily!$AZ$2:$AZ$9999)/SUMIFS(Raw_Data_Daily!$D:$D, Raw_Data_Daily!$B:$B, "Control", Raw_Data_Daily!$C:$C, "E. 40-99"),"") -> 4.3690112 | P39: =IFERROR(SUMPRODUCT((Raw_Data_Daily!$B$2:$B$9999="Variant")*(Raw_Data_Daily!$C$2:$C$9999="E. 40-99")*Raw_Data_Daily!$D$2:$D$9999*Raw_Data_Daily!$AZ$2:$AZ$9999)/SUMIFS(Raw_Data_Daily!$D:$D, Raw_Data_Daily!$B:$B, "Variant", Raw_Data_Daily!$C:$C, "E. 40-99"),"") -> 4.1841575 | Q39: =IFERROR((P39-O39)/ABS(O39),"") -> -0.042310209 | R39: =IFERROR(SUMPRODUCT((Raw_Data_Daily!$B$2:$B$9999="Control")*(Raw_Data_Daily!$C$2:$C$9999="F. 100+")*Raw_Data_Daily!$D$2:$D$9999*Raw_Data_Daily!$AZ$2:$AZ$9999)/SUMIFS(Raw_Data_Daily!$D:$D, Raw_Data_Daily!$B:$B, "Control", Raw_Data_Daily!$C:$C, "F. 100+"),"") -> 7.3238847 | S39: =IFERROR(SUMPRODUCT((Raw_Data_Daily!$B$2:$B$9999="Variant")*(Raw_Data_Daily!$C$2:$C$9999="F. 100+")*Raw_Data_Daily!$D$2:$D$9999*Raw_Data_Daily!$AZ$2:$AZ$9999)/SUMIFS(Raw_Data_Daily!$D:$D, Raw_Data_Daily!$B:$B, "Variant", Raw_Data_Daily!$C:$C, "F. 100+"),"") -> 6.9909023 | T39: =IFERROR((S39-R39)/ABS(R39),"") -> -0.045465276
B40: HC gain / player (PURCHASE) | C40: =IFERROR(SUMPRODUCT((Raw_Data_Daily!$B$2:$B$9999="Control")*(Raw_Data_Daily!$C$2:$C$9999="A. 0")*Raw_Data_Daily!$D$2:$D$9999*Raw_Data_Daily!$BA$2:$BA$9999)/SUMIFS(Raw_Data_Daily!$D:$D, Raw_Data_Daily!$B:$B, "Control", Raw_Data_Daily!$C:$C, "A. 0"),"") -> 7.021161 | D40: =IFERROR(SUMPRODUCT((Raw_Data_Daily!$B$2:$B$9999="Variant")*(Raw_Data_Daily!$C$2:$C$9999="A. 0")*Raw_Data_Daily!$D$2:$D$9999*Raw_Data_Daily!$BA$2:$BA$9999)/SUMIFS(Raw_Data_Daily!$D:$D, Raw_Data_Daily!$B:$B, "Variant", Raw_Data_Daily!$C:$C, "A. 0"),"") -> 8.0333761 | E40: =IFERROR((D40-C40)/ABS(C40),"") -> 0.14416634 | F40: =IFERROR(SUMPRODUCT((Raw_Data_Daily!$B$2:$B$9999="Control")*(Raw_Data_Daily!$C$2:$C$9999="B. 1-9")*Raw_Data_Daily!$D$2:$D$9999*Raw_Data_Daily!$BA$2:$BA$9999)/SUMIFS(Raw_Data_Daily!$D:$D, Raw_Data_Daily!$B:$B, "Control", Raw_Data_Daily!$C:$C, "B. 1-9"),"") -> 2.1584 | G40: =IFERROR(SUMPRODUCT((Raw_Data_Daily!$B$2:$B$9999="Variant")*(Raw_Data_Daily!$C$2:$C$9999="B. 1-9")*Raw_Data_Daily!$D$2:$D$9999*Raw_Data_Daily!$BA$2:$BA$9999)/SUMIFS(Raw_Data_Daily!$D:$D, Raw_Data_Daily!$B:$B, "Variant", Raw_Data_Daily!$C:$C, "B. 1-9"),"") -> 2.1103789 | H40: =IFERROR((G40-F40)/ABS(F40),"") -> -0.02224843 | I40: =IFERROR(SUMPRODUCT((Raw_Data_Daily!$B$2:$B$9999="Control")*(Raw_Data_Daily!$C$2:$C$9999="C. 10-19")*Raw_Data_Daily!$D$2:$D$9999*Raw_Data_Daily!$BA$2:$BA$9999)/SUMIFS(Raw_Data_Daily!$D:$D, Raw_Data_Daily!$B:$B, "Control", Raw_Data_Daily!$C:$C, "C. 10-19"),"") -> 7.5152864 | J40: =IFERROR(SUMPRODUCT((Raw_Data_Daily!$B$2:$B$9999="Variant")*(Raw_Data_Daily!$C$2:$C$9999="C. 10-19")*Raw_Data_Daily!$D$2:$D$9999*Raw_Data_Daily!$BA$2:$BA$9999)/SUMIFS(Raw_Data_Daily!$D:$D, Raw_Data_Daily!$B:$B, "Variant", Raw_Data_Daily!$C:$C, "C. 10-19"),"") -> 7.3525607 | K40: =IFERROR((J40-I40)/ABS(I40),"") -> -0.021652634 | L40: =IFERROR(SUMPRODUCT((Raw_Data_Daily!$B$2:$B$9999="Control")*(Raw_Data_Daily!$C$2:$C$9999="D. 20-39")*Raw_Data_Daily!$D$2:$D$9999*Raw_Data_Daily!$BA$2:$BA$9999)/SUMIFS(Raw_Data_Daily!$D:$D, Raw_Data_Daily!$B:$B, "Control", Raw_Data_Daily!$C:$C, "D. 20-39"),"") -> 15.546886 | M40: =IFERROR(SUMPRODUCT((Raw_Data_Daily!$B$2:$B$9999="Variant")*(Raw_Data_Daily!$C$2:$C$9999="D. 20-39")*Raw_Data_Daily!$D$2:$D$9999*Raw_Data_Daily!$BA$2:$BA$9999)/SUMIFS(Raw_Data_Daily!$D:$D, Raw_Data_Daily!$B:$B, "Variant", Raw_Data_Daily!$C:$C, "D. 20-39"),"") -> 13.666355 | N40: =IFERROR((M40-L40)/ABS(L40),"") -> -0.1209587 | O40: =IFERROR(SUMPRODUCT((Raw_Data_Daily!$B$2:$B$9999="Control")*(Raw_Data_Daily!$C$2:$C$9999="E. 40-99")*Raw_Data_Daily!$D$2:$D$9999*Raw_Data_Daily!$BA$2:$BA$9999)/SUMIFS(Raw_Data_Daily!$D:$D, Raw_Data_Daily!$B:$B, "Control", Raw_Data_Daily!$C:$C, "E. 40-99"),"") -> 38.638096 | P40: =IFERROR(SUMPRODUCT((Raw_Data_Daily!$B$2:$B$9999="Variant")*(Raw_Data_Daily!$C$2:$C$9999="E. 40-99")*Raw_Data_Daily!$D$2:$D$9999*Raw_Data_Daily!$BA$2:$BA$9999)/SUMIFS(Raw_Data_Daily!$D:$D, Raw_Data_Daily!$B:$B, "Variant", Raw_Data_Daily!$C:$C, "E. 40-99"),"") -> 38.892456 | Q40: =IFERROR((P40-O40)/ABS(O40),"") -> 0.0065831496 | R40: =IFERROR(SUMPRODUCT((Raw_Data_Daily!$B$2:$B$9999="Control")*(Raw_Data_Daily!$C$2:$C$9999="F. 100+")*Raw_Data_Daily!$D$2:$D$9999*Raw_Data_Daily!$BA$2:$BA$9999)/SUMIFS(Raw_Data_Daily!$D:$D, Raw_Data_Daily!$B:$B, "Control", Raw_Data_Daily!$C:$C, "F. 100+"),"") -> 86.247223 | S40: =IFERROR(SUMPRODUCT((Raw_Data_Daily!$B$2:$B$9999="Variant")*(Raw_Data_Daily!$C$2:$C$9999="F. 100+")*Raw_Data_Daily!$D$2:$D$9999*Raw_Data_Daily!$BA$2:$BA$9999)/SUMIFS(Raw_Data_Daily!$D:$D, Raw_Data_Daily!$B:$B, "Variant", Raw_Data_Daily!$C:$C, "F. 100+"),"") -> 63.762104 | T40: =IFERROR((S40-R40)/ABS(R40),"") -> -0.26070543
B41: HC gain / player (OTHER) | C41: =IFERROR(SUMPRODUCT((Raw_Data_Daily!$B$2:$B$9999="Control")*(Raw_Data_Daily!$C$2:$C$9999="A. 0")*Raw_Data_Daily!$D$2:$D$9999*Raw_Data_Daily!$BB$2:$BB$9999)/SUMIFS(Raw_Data_Daily!$D:$D, Raw_Data_Daily!$B:$B, "Control", Raw_Data_Daily!$C:$C, "A. 0"),"") -> 0.18710739 | D41: =IFERROR(SUMPRODUCT((Raw_Data_Daily!$B$2:$B$9999="Variant")*(Raw_Data_Daily!$C$2:$C$9999="A. 0")*Raw_Data_Daily!$D$2:$D$9999*Raw_Data_Daily!$BB$2:$BB$9999)/SUMIFS(Raw_Data_Daily!$D:$D, Raw_Data_Daily!$B:$B, "Variant", Raw_Data_Daily!$C:$C, "A. 0"),"") -> 0.18984306 | E41: =IFERROR((D41-C41)/ABS(C41),"") -> 0.014620823 | F41: =IFERROR(SUMPRODUCT((Raw_Data_Daily!$B$2:$B$9999="Control")*(Raw_Data_Daily!$C$2:$C$9999="B. 1-9")*Raw_Data_Daily!$D$2:$D$9999*Raw_Data_Daily!$BB$2:$BB$9999)/SUMIFS(Raw_Data_Daily!$D:$D, Raw_Data_Daily!$B:$B, "Control", Raw_Data_Daily!$C:$C, "B. 1-9"),"") -> 0.46813858 | G41: =IFERROR(SUMPRODUCT((Raw_Data_Daily!$B$2:$B$9999="Variant")*(Raw_Data_Daily!$C$2:$C$9999="B. 1-9")*Raw_Data_Daily!$D$2:$D$9999*Raw_Data_Daily!$BB$2:$BB$9999)/SUMIFS(Raw_Data_Daily!$D:$D, Raw_Data_Daily!$B:$B, "Variant", Raw_Data_Daily!$C:$C, "B. 1-9"),"") -> 0.49473671 | H41: =IFERROR((G41-F41)/ABS(F41),"") -> 0.056816787 | I41: =IFERROR(SUMPRODUCT((Raw_Data_Daily!$B$2:$B$9999="Control")*(Raw_Data_Daily!$C$2:$C$9999="C. 10-19")*Raw_Data_Daily!$D$2:$D$9999*Raw_Data_Daily!$BB$2:$BB$9999)/SUMIFS(Raw_Data_Daily!$D:$D, Raw_Data_Daily!$B:$B, "Control", Raw_Data_Daily!$C:$C, "C. 10-19"),"") -> 1.2388411 | J41: =IFERROR(SUMPRODUCT((Raw_Data_Daily!$B$2:$B$9999="Variant")*(Raw_Data_Daily!$C$2:$C$9999="C. 10-19")*Raw_Data_Daily!$D$2:$D$9999*Raw_Data_Daily!$BB$2:$BB$9999)/SUMIFS(Raw_Data_Daily!$D:$D, Raw_Data_Daily!$B:$B, "Variant", Raw_Data_Daily!$C:$C, "C. 10-19"),"") -> 1.1691035 | K41: =IFERROR((J41-I41)/ABS(I41),"") -> -0.056292616 | L41: =IFERROR(SUMPRODUCT((Raw_Data_Daily!$B$2:$B$9999="Control")*(Raw_Data_Daily!$C$2:$C$9999="D. 20-39")*Raw_Data_Daily!$D$2:$D$9999*Raw_Data_Daily!$BB$2:$BB$9999)/SUMIFS(Raw_Data_Daily!$D:$D, Raw_Data_Daily!$B:$B, "Control", Raw_Data_Daily!$C:$C, "D. 20-39"),"") -> 2.3002727 | M41: =IFERROR(SUMPRODUCT((Raw_Data_Daily!$B$2:$B$9999="Variant")*(Raw_Data_Daily!$C$2:$C$9999="D. 20-39")*Raw_Data_Daily!$D$2:$D$9999*Raw_Data_Daily!$BB$2:$BB$9999)/SUMIFS(Raw_Data_Daily!$D:$D, Raw_Data_Daily!$B:$B, "Variant", Raw_Data_Daily!$C:$C, "D. 20-39"),"") -> 2.174806 | N41: =IFERROR((M41-L41)/ABS(L41),"") -> -0.054544292 | O41: =IFERROR(SUMPRODUCT((Raw_Data_Daily!$B$2:$B$9999="Control")*(Raw_Data_Daily!$C$2:$C$9999="E. 40-99")*Raw_Data_Daily!$D$2:$D$9999*Raw_Data_Daily!$BB$2:$BB$9999)/SUMIFS(Raw_Data_Daily!$D:$D, Raw_Data_Daily!$B:$B, "Control", Raw_Data_Daily!$C:$C, "E. 40-99"),"") -> 5.2123495 | P41: =IFERROR(SUMPRODUCT((Raw_Data_Daily!$B$2:$B$9999="Variant")*(Raw_Data_Daily!$C$2:$C$9999="E. 40-99")*Raw_Data_Daily!$D$2:$D$9999*Raw_Data_Daily!$BB$2:$BB$9999)/SUMIFS(Raw_Data_Daily!$D:$D, Raw_Data_Daily!$B:$B, "Variant", Raw_Data_Daily!$C:$C, "E. 40-99"),"") -> 5.460315 | Q41: =IFERROR((P41-O41)/ABS(O41),"") -> 0.047572698 | R41: =IFERROR(SUMPRODUCT((Raw_Data_Daily!$B$2:$B$9999="Control")*(Raw_Data_Daily!$C$2:$C$9999="F. 100+")*Raw_Data_Daily!$D$2:$D$9999*Raw_Data_Daily!$BB$2:$BB$9999)/SUMIFS(Raw_Data_Daily!$D:$D, Raw_Data_Daily!$B:$B, "Control", Raw_Data_Daily!$C:$C, "F. 100+"),"") -> 13.9011 | S41: =IFERROR(SUMPRODUCT((Raw_Data_Daily!$B$2:$B$9999="Variant")*(Raw_Data_Daily!$C$2:$C$9999="F. 100+")*Raw_Data_Daily!$D$2:$D$9999*Raw_Data_Daily!$BB$2:$BB$9999)/SUMIFS(Raw_Data_Daily!$D:$D, Raw_Data_Daily!$B:$B, "Variant", Raw_Data_Daily!$C:$C, "F. 100+"),"") -> 11.378245 | T41: =IFERROR((S41-R41)/ABS(R41),"") -> -0.18148599
A42: HC Balance
B43: P50 HC balance | C43: =IFERROR(SUMPRODUCT((Raw_Data_Daily!$B$2:$B$9999="Control")*(Raw_Data_Daily!$C$2:$C$9999="A. 0")*Raw_Data_Daily!$D$2:$D$9999*Raw_Data_Daily!$Y$2:$Y$9999)/SUMIFS(Raw_Data_Daily!$D:$D, Raw_Data_Daily!$B:$B, "Control", Raw_Data_Daily!$C:$C, "A. 0"),"") -> 202.88659 | D43: =IFERROR(SUMPRODUCT((Raw_Data_Daily!$B$2:$B$9999="Variant")*(Raw_Data_Daily!$C$2:$C$9999="A. 0")*Raw_Data_Daily!$D$2:$D$9999*Raw_Data_Daily!$Y$2:$Y$9999)/SUMIFS(Raw_Data_Daily!$D:$D, Raw_Data_Daily!$B:$B, "Variant", Raw_Data_Daily!$C:$C, "A. 0"),"") -> 200.52987 | E43: =IFERROR((D43-C43)/ABS(C43),"") -> -0.011615944 | F43: =IFERROR(SUMPRODUCT((Raw_Data_Daily!$B$2:$B$9999="Control")*(Raw_Data_Daily!$C$2:$C$9999="B. 1-9")*Raw_Data_Daily!$D$2:$D$9999*Raw_Data_Daily!$Y$2:$Y$9999)/SUMIFS(Raw_Data_Daily!$D:$D, Raw_Data_Daily!$B:$B, "Control", Raw_Data_Daily!$C:$C, "B. 1-9"),"") -> 198.20295 | G43: =IFERROR(SUMPRODUCT((Raw_Data_Daily!$B$2:$B$9999="Variant")*(Raw_Data_Daily!$C$2:$C$9999="B. 1-9")*Raw_Data_Daily!$D$2:$D$9999*Raw_Data_Daily!$Y$2:$Y$9999)/SUMIFS(Raw_Data_Daily!$D:$D, Raw_Data_Daily!$B:$B, "Variant", Raw_Data_Daily!$C:$C, "B. 1-9"),"") -> 199.27294 | H43: =IFERROR((G43-F43)/ABS(F43),"") -> 0.0053984691 | I43: =IFERROR(SUMPRODUCT((Raw_Data_Daily!$B$2:$B$9999="Control")*(Raw_Data_Daily!$C$2:$C$9999="C. 10-19")*Raw_Data_Daily!$D$2:$D$9999*Raw_Data_Daily!$Y$2:$Y$9999)/SUMIFS(Raw_Data_Daily!$D:$D, Raw_Data_Daily!$B:$B, "Control", Raw_Data_Daily!$C:$C, "C. 10-19"),"") -> 221.16493 | J43: =IFERROR(SUMPRODUCT((Raw_Data_Daily!$B$2:$B$9999="Variant")*(Raw_Data_Daily!$C$2:$C$9999="C. 10-19")*Raw_Data_Daily!$D$2:$D$9999*Raw_Data_Daily!$Y$2:$Y$9999)/SUMIFS(Raw_Data_Daily!$D:$D, Raw_Data_Daily!$B:$B, "Variant", Raw_Data_Daily!$C:$C, "C. 10-19"),"") -> 211.20793 | K43: =IFERROR((J43-I43)/ABS(I43),"") -> -0.045020708 | L43: =IFERROR(SUMPRODUCT((Raw_Data_Daily!$B$2:$B$9999="Control")*(Raw_Data_Daily!$C$2:$C$9999="D. 20-39")*Raw_Data_Daily!$D$2:$D$9999*Raw_Data_Daily!$Y$2:$Y$9999)/SUMIFS(Raw_Data_Daily!$D:$D, Raw_Data_Daily!$B:$B, "Control", Raw_Data_Daily!$C:$C, "D. 20-39"),"") -> 254.2331 | M43: =IFERROR(SUMPRODUCT((Raw_Data_Daily!$B$2:$B$9999="Variant")*(Raw_Data_Daily!$C$2:$C$9999="D. 20-39")*Raw_Data_Daily!$D$2:$D$9999*Raw_Data_Daily!$Y$2:$Y$9999)/SUMIFS(Raw_Data_Daily!$D:$D, Raw_Data_Daily!$B:$B, "Variant", Raw_Data_Daily!$C:$C, "D. 20-39"),"") -> 249.29674 | N43: =IFERROR((M43-L43)/ABS(L43),"") -> -0.019416667 | O43: =IFERROR(SUMPRODUCT((Raw_Data_Daily!$B$2:$B$9999="Control")*(Raw_Data_Daily!$C$2:$C$9999="E. 40-99")*Raw_Data_Daily!$D$2:$D$9999*Raw_Data_Daily!$Y$2:$Y$9999)/SUMIFS(Raw_Data_Daily!$D:$D, Raw_Data_Daily!$B:$B, "Control", Raw_Data_Daily!$C:$C, "E. 40-99"),"") -> 312.3926 | P43: =IFERROR(SUMPRODUCT((Raw_Data_Daily!$B$2:$B$9999="Variant")*(Raw_Data_Daily!$C$2:$C$9999="E. 40-99")*Raw_Data_Daily!$D$2:$D$9999*Raw_Data_Daily!$Y$2:$Y$9999)/SUMIFS(Raw_Data_Daily!$D:$D, Raw_Data_Daily!$B:$B, "Variant", Raw_Data_Daily!$C:$C, "E. 40-99"),"") -> 321.24827 | Q43: =IFERROR((P43-O43)/ABS(O43),"") -> 0.028347878 | R43: =IFERROR(SUMPRODUCT((Raw_Data_Daily!$B$2:$B$9999="Control")*(Raw_Data_Daily!$C$2:$C$9999="F. 100+")*Raw_Data_Daily!$D$2:$D$9999*Raw_Data_Daily!$Y$2:$Y$9999)/SUMIFS(Raw_Data_Daily!$D:$D, Raw_Data_Daily!$B:$B, "Control", Raw_Data_Daily!$C:$C, "F. 100+"),"") -> 398.72942 | S43: =IFERROR(SUMPRODUCT((Raw_Data_Daily!$B$2:$B$9999="Variant")*(Raw_Data_Daily!$C$2:$C$9999="F. 100+")*Raw_Data_Daily!$D$2:$D$9999*Raw_Data_Daily!$Y$2:$Y$9999)/SUMIFS(Raw_Data_Daily!$D:$D, Raw_Data_Daily!$B:$B, "Variant", Raw_Data_Daily!$C:$C, "F. 100+"),"") -> 419.60541 | T43: =IFERROR((S43-R43)/ABS(R43),"") -> 0.052356281
B44: P75 HC balance | C44: =IFERROR(SUMPRODUCT((Raw_Data_Daily!$B$2:$B$9999="Control")*(Raw_Data_Daily!$C$2:$C$9999="A. 0")*Raw_Data_Daily!$D$2:$D$9999*Raw_Data_Daily!$Z$2:$Z$9999)/SUMIFS(Raw_Data_Daily!$D:$D, Raw_Data_Daily!$B:$B, "Control", Raw_Data_Daily!$C:$C, "A. 0"),"") -> 641.54604 | D44: =IFERROR(SUMPRODUCT((Raw_Data_Daily!$B$2:$B$9999="Variant")*(Raw_Data_Daily!$C$2:$C$9999="A. 0")*Raw_Data_Daily!$D$2:$D$9999*Raw_Data_Daily!$Z$2:$Z$9999)/SUMIFS(Raw_Data_Daily!$D:$D, Raw_Data_Daily!$B:$B, "Variant", Raw_Data_Daily!$C:$C, "A. 0"),"") -> 574.17418 | E44: =IFERROR((D44-C44)/ABS(C44),"") -> -0.10501484 | F44: =IFERROR(SUMPRODUCT((Raw_Data_Daily!$B$2:$B$9999="Control")*(Raw_Data_Daily!$C$2:$C$9999="B. 1-9")*Raw_Data_Daily!$D$2:$D$9999*Raw_Data_Daily!$Z$2:$Z$9999)/SUMIFS(Raw_Data_Daily!$D:$D, Raw_Data_Daily!$B:$B, "Control", Raw_Data_Daily!$C:$C, "B. 1-9"),"") -> 384.43058 | G44: =IFERROR(SUMPRODUCT((Raw_Data_Daily!$B$2:$B$9999="Variant")*(Raw_Data_Daily!$C$2:$C$9999="B. 1-9")*Raw_Data_Daily!$D$2:$D$9999*Raw_Data_Daily!$Z$2:$Z$9999)/SUMIFS(Raw_Data_Daily!$D:$D, Raw_Data_Daily!$B:$B, "Variant", Raw_Data_Daily!$C:$C, "B. 1-9"),"") -> 367.89522 | H44: =IFERROR((G44-F44)/ABS(F44),"") -> -0.04301259 | I44: =IFERROR(SUMPRODUCT((Raw_Data_Daily!$B$2:$B$9999="Control")*(Raw_Data_Daily!$C$2:$C$9999="C. 10-19")*Raw_Data_Daily!$D$2:$D$9999*Raw_Data_Daily!$Z$2:$Z$9999)/SUMIFS(Raw_Data_Daily!$D:$D, Raw_Data_Daily!$B:$B, "Control", Raw_Data_Daily!$C:$C, "C. 10-19"),"") -> 451.4506 | J44: =IFERROR(SUMPRODUCT((Raw_Data_Daily!$B$2:$B$9999="Variant")*(Raw_Data_Daily!$C$2:$C$9999="C. 10-19")*Raw_Data_Daily!$D$2:$D$9999*Raw_Data_Daily!$Z$2:$Z$9999)/SUMIFS(Raw_Data_Daily!$D:$D, Raw_Data_Daily!$B:$B, "Variant", Raw_Data_Daily!$C:$C, "C. 10-19"),"") -> 395.60356 | K44: =IFERROR((J44-I44)/ABS(I44),"") -> -0.12370576 | L44: =IFERROR(SUMPRODUCT((Raw_Data_Daily!$B$2:$B$9999="Control")*(Raw_Data_Daily!$C$2:$C$9999="D. 20-39")*Raw_Data_Daily!$D$2:$D$9999*Raw_Data_Daily!$Z$2:$Z$9999)/SUMIFS(Raw_Data_Daily!$D:$D, Raw_Data_Daily!$B:$B, "Control", Raw_Data_Daily!$C:$C, "D. 20-39"),"") -> 511.5482 | M44: =IFERROR(SUMPRODUCT((Raw_Data_Daily!$B$2:$B$9999="Variant")*(Raw_Data_Daily!$C$2:$C$9999="D. 20-39")*Raw_Data_Daily!$D$2:$D$9999*Raw_Data_Daily!$Z$2:$Z$9999)/SUMIFS(Raw_Data_Daily!$D:$D, Raw_Data_Daily!$B:$B, "Variant", Raw_Data_Daily!$C:$C, "D. 20-39"),"") -> 485.39829 | N44: =IFERROR((M44-L44)/ABS(L44),"") -> -0.051119147 | O44: =IFERROR(SUMPRODUCT((Raw_Data_Daily!$B$2:$B$9999="Control")*(Raw_Data_Daily!$C$2:$C$9999="E. 40-99")*Raw_Data_Daily!$D$2:$D$9999*Raw_Data_Daily!$Z$2:$Z$9999)/SUMIFS(Raw_Data_Daily!$D:$D, Raw_Data_Daily!$B:$B, "Control", Raw_Data_Daily!$C:$C, "E. 40-99"),"") -> 672.01079 | P44: =IFERROR(SUMPRODUCT((Raw_Data_Daily!$B$2:$B$9999="Variant")*(Raw_Data_Daily!$C$2:$C$9999="E. 40-99")*Raw_Data_Daily!$D$2:$D$9999*Raw_Data_Daily!$Z$2:$Z$9999)/SUMIFS(Raw_Data_Daily!$D:$D, Raw_Data_Daily!$B:$B, "Variant", Raw_Data_Daily!$C:$C, "E. 40-99"),"") -> 596.846 | Q44: =IFERROR((P44-O44)/ABS(O44),"") -> -0.11185057 | R44: =IFERROR(SUMPRODUCT((Raw_Data_Daily!$B$2:$B$9999="Control")*(Raw_Data_Daily!$C$2:$C$9999="F. 100+")*Raw_Data_Daily!$D$2:$D$9999*Raw_Data_Daily!$Z$2:$Z$9999)/SUMIFS(Raw_Data_Daily!$D:$D, Raw_Data_Daily!$B:$B, "Control", Raw_Data_Daily!$C:$C, "F. 100+"),"") -> 908.67103 | S44: =IFERROR(SUMPRODUCT((Raw_Data_Daily!$B$2:$B$9999="Variant")*(Raw_Data_Daily!$C$2:$C$9999="F. 100+")*Raw_Data_Daily!$D$2:$D$9999*Raw_Data_Daily!$Z$2:$Z$9999)/SUMIFS(Raw_Data_Daily!$D:$D, Raw_Data_Daily!$B:$B, "Variant", Raw_Data_Daily!$C:$C, "F. 100+"),"") -> 732.50021 | T44: =IFERROR((S44-R44)/ABS(R44),"") -> -0.19387745
B45: P90 HC balance | C45: =IFERROR(SUMPRODUCT((Raw_Data_Daily!$B$2:$B$9999="Control")*(Raw_Data_Daily!$C$2:$C$9999="A. 0")*Raw_Data_Daily!$D$2:$D$9999*Raw_Data_Daily!$AA$2:$AA$9999)/SUMIFS(Raw_Data_Daily!$D:$D, Raw_Data_Daily!$B:$B, "Control", Raw_Data_Daily!$C:$C, "A. 0"),"") -> 5043.9161 | D45: =IFERROR(SUMPRODUCT((Raw_Data_Daily!$B$2:$B$9999="Variant")*(Raw_Data_Daily!$C$2:$C$9999="A. 0")*Raw_Data_Daily!$D$2:$D$9999*Raw_Data_Daily!$AA$2:$AA$9999)/SUMIFS(Raw_Data_Daily!$D:$D, Raw_Data_Daily!$B:$B, "Variant", Raw_Data_Daily!$C:$C, "A. 0"),"") -> 4600.6226 | E45: =IFERROR((D45-C45)/ABS(C45),"") -> -0.087886774 | F45: =IFERROR(SUMPRODUCT((Raw_Data_Daily!$B$2:$B$9999="Control")*(Raw_Data_Daily!$C$2:$C$9999="B. 1-9")*Raw_Data_Daily!$D$2:$D$9999*Raw_Data_Daily!$AA$2:$AA$9999)/SUMIFS(Raw_Data_Daily!$D:$D, Raw_Data_Daily!$B:$B, "Control", Raw_Data_Daily!$C:$C, "B. 1-9"),"") -> 1519.7558 | G45: =IFERROR(SUMPRODUCT((Raw_Data_Daily!$B$2:$B$9999="Variant")*(Raw_Data_Daily!$C$2:$C$9999="B. 1-9")*Raw_Data_Daily!$D$2:$D$9999*Raw_Data_Daily!$AA$2:$AA$9999)/SUMIFS(Raw_Data_Daily!$D:$D, Raw_Data_Daily!$B:$B, "Variant", Raw_Data_Daily!$C:$C, "B. 1-9"),"") -> 1477.9997 | H45: =IFERROR((G45-F45)/ABS(F45),"") -> -0.027475535 | I45: =IFERROR(SUMPRODUCT((Raw_Data_Daily!$B$2:$B$9999="Control")*(Raw_Data_Daily!$C$2:$C$9999="C. 10-19")*Raw_Data_Daily!$D$2:$D$9999*Raw_Data_Daily!$AA$2:$AA$9999)/SUMIFS(Raw_Data_Daily!$D:$D, Raw_Data_Daily!$B:$B, "Control", Raw_Data_Daily!$C:$C, "C. 10-19"),"") -> 1592.0323 | J45: =IFERROR(SUMPRODUCT((Raw_Data_Daily!$B$2:$B$9999="Variant")*(Raw_Data_Daily!$C$2:$C$9999="C. 10-19")*Raw_Data_Daily!$D$2:$D$9999*Raw_Data_Daily!$AA$2:$AA$9999)/SUMIFS(Raw_Data_Daily!$D:$D, Raw_Data_Daily!$B:$B, "Variant", Raw_Data_Daily!$C:$C, "C. 10-19"),"") -> 1310.2512 | K45: =IFERROR((J45-I45)/ABS(I45),"") -> -0.17699462 | L45: =IFERROR(SUMPRODUCT((Raw_Data_Daily!$B$2:$B$9999="Control")*(Raw_Data_Daily!$C$2:$C$9999="D. 20-39")*Raw_Data_Daily!$D$2:$D$9999*Raw_Data_Daily!$AA$2:$AA$9999)/SUMIFS(Raw_Data_Daily!$D:$D, Raw_Data_Daily!$B:$B, "Control", Raw_Data_Daily!$C:$C, "D. 20-39"),"") -> 1504.3234 | M45: =IFERROR(SUMPRODUCT((Raw_Data_Daily!$B$2:$B$9999="Variant")*(Raw_Data_Daily!$C$2:$C$9999="D. 20-39")*Raw_Data_Daily!$D$2:$D$9999*Raw_Data_Daily!$AA$2:$AA$9999)/SUMIFS(Raw_Data_Daily!$D:$D, Raw_Data_Daily!$B:$B, "Variant", Raw_Data_Daily!$C:$C, "D. 20-39"),"") -> 1351.9439 | N45: =IFERROR((M45-L45)/ABS(L45),"") -> -0.10129434 | O45: =IFERROR(SUMPRODUCT((Raw_Data_Daily!$B$2:$B$9999="Control")*(Raw_Data_Daily!$C$2:$C$9999="E. 40-99")*Raw_Data_Daily!$D$2:$D$9999*Raw_Data_Daily!$AA$2:$AA$9999)/SUMIFS(Raw_Data_Daily!$D:$D, Raw_Data_Daily!$B:$B, "Control", Raw_Data_Daily!$C:$C, "E. 40-99"),"") -> 1893.0949 | P45: =IFERROR(SUMPRODUCT((Raw_Data_Daily!$B$2:$B$9999="Variant")*(Raw_Data_Daily!$C$2:$C$9999="E. 40-99")*Raw_Data_Daily!$D$2:$D$9999*Raw_Data_Daily!$AA$2:$AA$9999)/SUMIFS(Raw_Data_Daily!$D:$D, Raw_Data_Daily!$B:$B, "Variant", Raw_Data_Daily!$C:$C, "E. 40-99"),"") -> 1564.9806 | Q45: =IFERROR((P45-O45)/ABS(O45),"") -> -0.1733216 | R45: =IFERROR(SUMPRODUCT((Raw_Data_Daily!$B$2:$B$9999="Control")*(Raw_Data_Daily!$C$2:$C$9999="F. 100+")*Raw_Data_Daily!$D$2:$D$9999*Raw_Data_Daily!$AA$2:$AA$9999)/SUMIFS(Raw_Data_Daily!$D:$D, Raw_Data_Daily!$B:$B, "Control", Raw_Data_Daily!$C:$C, "F. 100+"),"") -> 2141.8069 | S45: =IFERROR(SUMPRODUCT((Raw_Data_Daily!$B$2:$B$9999="Variant")*(Raw_Data_Daily!$C$2:$C$9999="F. 100+")*Raw_Data_Daily!$D$2:$D$9999*Raw_Data_Daily!$AA$2:$AA$9999)/SUMIFS(Raw_Data_Daily!$D:$D, Raw_Data_Daily!$B:$B, "Variant", Raw_Data_Daily!$C:$C, "F. 100+"),"") -> 1491.6736 | T45: =IFERROR((S45-R45)/ABS(R45),"") -> -0.30354431
B46: P99 HC balance | C46: =IFERROR(SUMPRODUCT((Raw_Data_Daily!$B$2:$B$9999="Control")*(Raw_Data_Daily!$C$2:$C$9999="A. 0")*Raw_Data_Daily!$D$2:$D$9999*Raw_Data_Daily!$BD$2:$BD$9999)/SUMIFS(Raw_Data_Daily!$D:$D, Raw_Data_Daily!$B:$B, "Control", Raw_Data_Daily!$C:$C, "A. 0"),"") -> 29603.637 | D46: =IFERROR(SUMPRODUCT((Raw_Data_Daily!$B$2:$B$9999="Variant")*(Raw_Data_Daily!$C$2:$C$9999="A. 0")*Raw_Data_Daily!$D$2:$D$9999*Raw_Data_Daily!$BD$2:$BD$9999)/SUMIFS(Raw_Data_Daily!$D:$D, Raw_Data_Daily!$B:$B, "Variant", Raw_Data_Daily!$C:$C, "A. 0"),"") -> 27832.172 | E46: =IFERROR((D46-C46)/ABS(C46),"") -> -0.059839436 | F46: =IFERROR(SUMPRODUCT((Raw_Data_Daily!$B$2:$B$9999="Control")*(Raw_Data_Daily!$C$2:$C$9999="B. 1-9")*Raw_Data_Daily!$D$2:$D$9999*Raw_Data_Daily!$BD$2:$BD$9999)/SUMIFS(Raw_Data_Daily!$D:$D, Raw_Data_Daily!$B:$B, "Control", Raw_Data_Daily!$C:$C, "B. 1-9"),"") -> 20204.902 | G46: =IFERROR(SUMPRODUCT((Raw_Data_Daily!$B$2:$B$9999="Variant")*(Raw_Data_Daily!$C$2:$C$9999="B. 1-9")*Raw_Data_Daily!$D$2:$D$9999*Raw_Data_Daily!$BD$2:$BD$9999)/SUMIFS(Raw_Data_Daily!$D:$D, Raw_Data_Daily!$B:$B, "Variant", Raw_Data_Daily!$C:$C, "B. 1-9"),"") -> 19804.241 | H46: =IFERROR((G46-F46)/ABS(F46),"") -> -0.01982993 | I46: =IFERROR(SUMPRODUCT((Raw_Data_Daily!$B$2:$B$9999="Control")*(Raw_Data_Daily!$C$2:$C$9999="C. 10-19")*Raw_Data_Daily!$D$2:$D$9999*Raw_Data_Daily!$BD$2:$BD$9999)/SUMIFS(Raw_Data_Daily!$D:$D, Raw_Data_Daily!$B:$B, "Control", Raw_Data_Daily!$C:$C, "C. 10-19"),"") -> 21057.052 | J46: =IFERROR(SUMPRODUCT((Raw_Data_Daily!$B$2:$B$9999="Variant")*(Raw_Data_Daily!$C$2:$C$9999="C. 10-19")*Raw_Data_Daily!$D$2:$D$9999*Raw_Data_Daily!$BD$2:$BD$9999)/SUMIFS(Raw_Data_Daily!$D:$D, Raw_Data_Daily!$B:$B, "Variant", Raw_Data_Daily!$C:$C, "C. 10-19"),"") -> 18965.444 | K46: =IFERROR((J46-I46)/ABS(I46),"") -> -0.099330497 | L46: =IFERROR(SUMPRODUCT((Raw_Data_Daily!$B$2:$B$9999="Control")*(Raw_Data_Daily!$C$2:$C$9999="D. 20-39")*Raw_Data_Daily!$D$2:$D$9999*Raw_Data_Daily!$BD$2:$BD$9999)/SUMIFS(Raw_Data_Daily!$D:$D, Raw_Data_Daily!$B:$B, "Control", Raw_Data_Daily!$C:$C, "D. 20-39"),"") -> 18711.67 | M46: =IFERROR(SUMPRODUCT((Raw_Data_Daily!$B$2:$B$9999="Variant")*(Raw_Data_Daily!$C$2:$C$9999="D. 20-39")*Raw_Data_Daily!$D$2:$D$9999*Raw_Data_Daily!$BD$2:$BD$9999)/SUMIFS(Raw_Data_Daily!$D:$D, Raw_Data_Daily!$B:$B, "Variant", Raw_Data_Daily!$C:$C, "D. 20-39"),"") -> 16075.458 | N46: =IFERROR((M46-L46)/ABS(L46),"") -> -0.14088599 | O46: =IFERROR(SUMPRODUCT((Raw_Data_Daily!$B$2:$B$9999="Control")*(Raw_Data_Daily!$C$2:$C$9999="E. 40-99")*Raw_Data_Daily!$D$2:$D$9999*Raw_Data_Daily!$BD$2:$BD$9999)/SUMIFS(Raw_Data_Daily!$D:$D, Raw_Data_Daily!$B:$B, "Control", Raw_Data_Daily!$C:$C, "E. 40-99"),"") -> 17973.809 | P46: =IFERROR(SUMPRODUCT((Raw_Data_Daily!$B$2:$B$9999="Variant")*(Raw_Data_Daily!$C$2:$C$9999="E. 40-99")*Raw_Data_Daily!$D$2:$D$9999*Raw_Data_Daily!$BD$2:$BD$9999)/SUMIFS(Raw_Data_Daily!$D:$D, Raw_Data_Daily!$B:$B, "Variant", Raw_Data_Daily!$C:$C, "E. 40-99"),"") -> 15724.165 | Q46: =IFERROR((P46-O46)/ABS(O46),"") -> -0.12516237 | R46: =IFERROR(SUMPRODUCT((Raw_Data_Daily!$B$2:$B$9999="Control")*(Raw_Data_Daily!$C$2:$C$9999="F. 100+")*Raw_Data_Daily!$D$2:$D$9999*Raw_Data_Daily!$BD$2:$BD$9999)/SUMIFS(Raw_Data_Daily!$D:$D, Raw_Data_Daily!$B:$B, "Control", Raw_Data_Daily!$C:$C, "F. 100+"),"") -> 18931.595 | S46: =IFERROR(SUMPRODUCT((Raw_Data_Daily!$B$2:$B$9999="Variant")*(Raw_Data_Daily!$C$2:$C$9999="F. 100+")*Raw_Data_Daily!$D$2:$D$9999*Raw_Data_Daily!$BD$2:$BD$9999)/SUMIFS(Raw_Data_Daily!$D:$D, Raw_Data_Daily!$B:$B, "Variant", Raw_Data_Daily!$C:$C, "F. 100+"),"") -> 10609.926 | T46: =IFERROR((S46-R46)/ABS(R46),"") -> -0.4395651
A47: Boosters
B48: Booster gain total / player | C48: =IFERROR(SUMPRODUCT((Raw_Data_Daily!$B$2:$B$9999="Control")*(Raw_Data_Daily!$C$2:$C$9999="A. 0")*Raw_Data_Daily!$D$2:$D$9999*Raw_Data_Daily!$AQ$2:$AQ$9999)/SUMIFS(Raw_Data_Daily!$D:$D, Raw_Data_Daily!$B:$B, "Control", Raw_Data_Daily!$C:$C, "A. 0"),"") -> 1.6694807 | D48: =IFERROR(SUMPRODUCT((Raw_Data_Daily!$B$2:$B$9999="Variant")*(Raw_Data_Daily!$C$2:$C$9999="A. 0")*Raw_Data_Daily!$D$2:$D$9999*Raw_Data_Daily!$AQ$2:$AQ$9999)/SUMIFS(Raw_Data_Daily!$D:$D, Raw_Data_Daily!$B:$B, "Variant", Raw_Data_Daily!$C:$C, "A. 0"),"") -> 1.8876533 | E48: =IFERROR((D48-C48)/ABS(C48),"") -> 0.13068295 | F48: =IFERROR(SUMPRODUCT((Raw_Data_Daily!$B$2:$B$9999="Control")*(Raw_Data_Daily!$C$2:$C$9999="B. 1-9")*Raw_Data_Daily!$D$2:$D$9999*Raw_Data_Daily!$AQ$2:$AQ$9999)/SUMIFS(Raw_Data_Daily!$D:$D, Raw_Data_Daily!$B:$B, "Control", Raw_Data_Daily!$C:$C, "B. 1-9"),"") -> 3.2704812 | G48: =IFERROR(SUMPRODUCT((Raw_Data_Daily!$B$2:$B$9999="Variant")*(Raw_Data_Daily!$C$2:$C$9999="B. 1-9")*Raw_Data_Daily!$D$2:$D$9999*Raw_Data_Daily!$AQ$2:$AQ$9999)/SUMIFS(Raw_Data_Daily!$D:$D, Raw_Data_Daily!$B:$B, "Variant", Raw_Data_Daily!$C:$C, "B. 1-9"),"") -> 3.4208911 | H48: =IFERROR((G48-F48)/ABS(F48),"") -> 0.045990143 | I48: =IFERROR(SUMPRODUCT((Raw_Data_Daily!$B$2:$B$9999="Control")*(Raw_Data_Daily!$C$2:$C$9999="C. 10-19")*Raw_Data_Daily!$D$2:$D$9999*Raw_Data_Daily!$AQ$2:$AQ$9999)/SUMIFS(Raw_Data_Daily!$D:$D, Raw_Data_Daily!$B:$B, "Control", Raw_Data_Daily!$C:$C, "C. 10-19"),"") -> 6.5195177 | J48: =IFERROR(SUMPRODUCT((Raw_Data_Daily!$B$2:$B$9999="Variant")*(Raw_Data_Daily!$C$2:$C$9999="C. 10-19")*Raw_Data_Daily!$D$2:$D$9999*Raw_Data_Daily!$AQ$2:$AQ$9999)/SUMIFS(Raw_Data_Daily!$D:$D, Raw_Data_Daily!$B:$B, "Variant", Raw_Data_Daily!$C:$C, "C. 10-19"),"") -> 6.5313916 | K48: =IFERROR((J48-I48)/ABS(I48),"") -> 0.0018212857 | L48: =IFERROR(SUMPRODUCT((Raw_Data_Daily!$B$2:$B$9999="Control")*(Raw_Data_Daily!$C$2:$C$9999="D. 20-39")*Raw_Data_Daily!$D$2:$D$9999*Raw_Data_Daily!$AQ$2:$AQ$9999)/SUMIFS(Raw_Data_Daily!$D:$D, Raw_Data_Daily!$B:$B, "Control", Raw_Data_Daily!$C:$C, "D. 20-39"),"") -> 10.139961 | M48: =IFERROR(SUMPRODUCT((Raw_Data_Daily!$B$2:$B$9999="Variant")*(Raw_Data_Daily!$C$2:$C$9999="D. 20-39")*Raw_Data_Daily!$D$2:$D$9999*Raw_Data_Daily!$AQ$2:$AQ$9999)/SUMIFS(Raw_Data_Daily!$D:$D, Raw_Data_Daily!$B:$B, "Variant", Raw_Data_Daily!$C:$C, "D. 20-39"),"") -> 9.6966673 | N48: =IFERROR((M48-L48)/ABS(L48),"") -> -0.043717509 | O48: =IFERROR(SUMPRODUCT((Raw_Data_Daily!$B$2:$B$9999="Control")*(Raw_Data_Daily!$C$2:$C$9999="E. 40-99")*Raw_Data_Daily!$D$2:$D$9999*Raw_Data_Daily!$AQ$2:$AQ$9999)/SUMIFS(Raw_Data_Daily!$D:$D, Raw_Data_Daily!$B:$B, "Control", Raw_Data_Daily!$C:$C, "E. 40-99"),"") -> 16.786832 | P48: =IFERROR(SUMPRODUCT((Raw_Data_Daily!$B$2:$B$9999="Variant")*(Raw_Data_Daily!$C$2:$C$9999="E. 40-99")*Raw_Data_Daily!$D$2:$D$9999*Raw_Data_Daily!$AQ$2:$AQ$9999)/SUMIFS(Raw_Data_Daily!$D:$D, Raw_Data_Daily!$B:$B, "Variant", Raw_Data_Daily!$C:$C, "E. 40-99"),"") -> 14.892233 | Q48: =IFERROR((P48-O48)/ABS(O48),"") -> -0.11286221 | R48: =IFERROR(SUMPRODUCT((Raw_Data_Daily!$B$2:$B$9999="Control")*(Raw_Data_Daily!$C$2:$C$9999="F. 100+")*Raw_Data_Daily!$D$2:$D$9999*Raw_Data_Daily!$AQ$2:$AQ$9999)/SUMIFS(Raw_Data_Daily!$D:$D, Raw_Data_Daily!$B:$B, "Control", Raw_Data_Daily!$C:$C, "F. 100+"),"") -> 34.001875 | S48: =IFERROR(SUMPRODUCT((Raw_Data_Daily!$B$2:$B$9999="Variant")*(Raw_Data_Daily!$C$2:$C$9999="F. 100+")*Raw_Data_Daily!$D$2:$D$9999*Raw_Data_Daily!$AQ$2:$AQ$9999)/SUMIFS(Raw_Data_Daily!$D:$D, Raw_Data_Daily!$B:$B, "Variant", Raw_Data_Daily!$C:$C, "F. 100+"),"") -> 26.061531 | T48: =IFERROR((S48-R48)/ABS(R48),"") -> -0.23352666
B49: Booster gain PAID / player | C49: =IFERROR(SUMPRODUCT((Raw_Data_Daily!$B$2:$B$9999="Control")*(Raw_Data_Daily!$C$2:$C$9999="A. 0")*Raw_Data_Daily!$D$2:$D$9999*Raw_Data_Daily!$AR$2:$AR$9999)/SUMIFS(Raw_Data_Daily!$D:$D, Raw_Data_Daily!$B:$B, "Control", Raw_Data_Daily!$C:$C, "A. 0"),"") -> 0.094129864 | D49: =IFERROR(SUMPRODUCT((Raw_Data_Daily!$B$2:$B$9999="Variant")*(Raw_Data_Daily!$C$2:$C$9999="A. 0")*Raw_Data_Daily!$D$2:$D$9999*Raw_Data_Daily!$AR$2:$AR$9999)/SUMIFS(Raw_Data_Daily!$D:$D, Raw_Data_Daily!$B:$B, "Variant", Raw_Data_Daily!$C:$C, "A. 0"),"") -> 0.094952597 | E49: =IFERROR((D49-C49)/ABS(C49),"") -> 0.0087404035 | F49: =IFERROR(SUMPRODUCT((Raw_Data_Daily!$B$2:$B$9999="Control")*(Raw_Data_Daily!$C$2:$C$9999="B. 1-9")*Raw_Data_Daily!$D$2:$D$9999*Raw_Data_Daily!$AR$2:$AR$9999)/SUMIFS(Raw_Data_Daily!$D:$D, Raw_Data_Daily!$B:$B, "Control", Raw_Data_Daily!$C:$C, "B. 1-9"),"") -> 0.045839066 | G49: =IFERROR(SUMPRODUCT((Raw_Data_Daily!$B$2:$B$9999="Variant")*(Raw_Data_Daily!$C$2:$C$9999="B. 1-9")*Raw_Data_Daily!$D$2:$D$9999*Raw_Data_Daily!$AR$2:$AR$9999)/SUMIFS(Raw_Data_Daily!$D:$D, Raw_Data_Daily!$B:$B, "Variant", Raw_Data_Daily!$C:$C, "B. 1-9"),"") -> 0.042353265 | H49: =IFERROR((G49-F49)/ABS(F49),"") -> -0.076044334 | I49: =IFERROR(SUMPRODUCT((Raw_Data_Daily!$B$2:$B$9999="Control")*(Raw_Data_Daily!$C$2:$C$9999="C. 10-19")*Raw_Data_Daily!$D$2:$D$9999*Raw_Data_Daily!$AR$2:$AR$9999)/SUMIFS(Raw_Data_Daily!$D:$D, Raw_Data_Daily!$B:$B, "Control", Raw_Data_Daily!$C:$C, "C. 10-19"),"") -> 0.15208234 | J49: =IFERROR(SUMPRODUCT((Raw_Data_Daily!$B$2:$B$9999="Variant")*(Raw_Data_Daily!$C$2:$C$9999="C. 10-19")*Raw_Data_Daily!$D$2:$D$9999*Raw_Data_Daily!$AR$2:$AR$9999)/SUMIFS(Raw_Data_Daily!$D:$D, Raw_Data_Daily!$B:$B, "Variant", Raw_Data_Daily!$C:$C, "C. 10-19"),"") -> 0.12121507 | K49: =IFERROR((J49-I49)/ABS(I49),"") -> -0.20296421 | L49: =IFERROR(SUMPRODUCT((Raw_Data_Daily!$B$2:$B$9999="Control")*(Raw_Data_Daily!$C$2:$C$9999="D. 20-39")*Raw_Data_Daily!$D$2:$D$9999*Raw_Data_Daily!$AR$2:$AR$9999)/SUMIFS(Raw_Data_Daily!$D:$D, Raw_Data_Daily!$B:$B, "Control", Raw_Data_Daily!$C:$C, "D. 20-39"),"") -> 0.26661193 | M49: =IFERROR(SUMPRODUCT((Raw_Data_Daily!$B$2:$B$9999="Variant")*(Raw_Data_Daily!$C$2:$C$9999="D. 20-39")*Raw_Data_Daily!$D$2:$D$9999*Raw_Data_Daily!$AR$2:$AR$9999)/SUMIFS(Raw_Data_Daily!$D:$D, Raw_Data_Daily!$B:$B, "Variant", Raw_Data_Daily!$C:$C, "D. 20-39"),"") -> 0.23383565 | N49: =IFERROR((M49-L49)/ABS(L49),"") -> -0.12293629 | O49: =IFERROR(SUMPRODUCT((Raw_Data_Daily!$B$2:$B$9999="Control")*(Raw_Data_Daily!$C$2:$C$9999="E. 40-99")*Raw_Data_Daily!$D$2:$D$9999*Raw_Data_Daily!$AR$2:$AR$9999)/SUMIFS(Raw_Data_Daily!$D:$D, Raw_Data_Daily!$B:$B, "Control", Raw_Data_Daily!$C:$C, "E. 40-99"),"") -> 0.49903577 | P49: =IFERROR(SUMPRODUCT((Raw_Data_Daily!$B$2:$B$9999="Variant")*(Raw_Data_Daily!$C$2:$C$9999="E. 40-99")*Raw_Data_Daily!$D$2:$D$9999*Raw_Data_Daily!$AR$2:$AR$9999)/SUMIFS(Raw_Data_Daily!$D:$D, Raw_Data_Daily!$B:$B, "Variant", Raw_Data_Daily!$C:$C, "E. 40-99"),"") -> 0.61604959 | Q49: =IFERROR((P49-O49)/ABS(O49),"") -> 0.23447982 | R49: =IFERROR(SUMPRODUCT((Raw_Data_Daily!$B$2:$B$9999="Control")*(Raw_Data_Daily!$C$2:$C$9999="F. 100+")*Raw_Data_Daily!$D$2:$D$9999*Raw_Data_Daily!$AR$2:$AR$9999)/SUMIFS(Raw_Data_Daily!$D:$D, Raw_Data_Daily!$B:$B, "Control", Raw_Data_Daily!$C:$C, "F. 100+"),"") -> 1.2878044 | S49: =IFERROR(SUMPRODUCT((Raw_Data_Daily!$B$2:$B$9999="Variant")*(Raw_Data_Daily!$C$2:$C$9999="F. 100+")*Raw_Data_Daily!$D$2:$D$9999*Raw_Data_Daily!$AR$2:$AR$9999)/SUMIFS(Raw_Data_Daily!$D:$D, Raw_Data_Daily!$B:$B, "Variant", Raw_Data_Daily!$C:$C, "F. 100+"),"") -> 1.4819256 | T49: =IFERROR((S49-R49)/ABS(R49),"") -> 0.15073814
B50: Booster gain FREE / player | C50: =IFERROR(SUMPRODUCT((Raw_Data_Daily!$B$2:$B$9999="Control")*(Raw_Data_Daily!$C$2:$C$9999="A. 0")*Raw_Data_Daily!$D$2:$D$9999*Raw_Data_Daily!$AS$2:$AS$9999)/SUMIFS(Raw_Data_Daily!$D:$D, Raw_Data_Daily!$B:$B, "Control", Raw_Data_Daily!$C:$C, "A. 0"),"") -> 1.5753753 | D50: =IFERROR(SUMPRODUCT((Raw_Data_Daily!$B$2:$B$9999="Variant")*(Raw_Data_Daily!$C$2:$C$9999="A. 0")*Raw_Data_Daily!$D$2:$D$9999*Raw_Data_Daily!$AS$2:$AS$9999)/SUMIFS(Raw_Data_Daily!$D:$D, Raw_Data_Daily!$B:$B, "Variant", Raw_Data_Daily!$C:$C, "A. 0"),"") -> 1.792732 | E50: =IFERROR((D50-C50)/ABS(C50),"") -> 0.13797139 | F50: =IFERROR(SUMPRODUCT((Raw_Data_Daily!$B$2:$B$9999="Control")*(Raw_Data_Daily!$C$2:$C$9999="B. 1-9")*Raw_Data_Daily!$D$2:$D$9999*Raw_Data_Daily!$AS$2:$AS$9999)/SUMIFS(Raw_Data_Daily!$D:$D, Raw_Data_Daily!$B:$B, "Control", Raw_Data_Daily!$C:$C, "B. 1-9"),"") -> 3.2246421 | G50: =IFERROR(SUMPRODUCT((Raw_Data_Daily!$B$2:$B$9999="Variant")*(Raw_Data_Daily!$C$2:$C$9999="B. 1-9")*Raw_Data_Daily!$D$2:$D$9999*Raw_Data_Daily!$AS$2:$AS$9999)/SUMIFS(Raw_Data_Daily!$D:$D, Raw_Data_Daily!$B:$B, "Variant", Raw_Data_Daily!$C:$C, "B. 1-9"),"") -> 3.3785521 | H50: =IFERROR((G50-F50)/ABS(F50),"") -> 0.047729326 | I50: =IFERROR(SUMPRODUCT((Raw_Data_Daily!$B$2:$B$9999="Control")*(Raw_Data_Daily!$C$2:$C$9999="C. 10-19")*Raw_Data_Daily!$D$2:$D$9999*Raw_Data_Daily!$AS$2:$AS$9999)/SUMIFS(Raw_Data_Daily!$D:$D, Raw_Data_Daily!$B:$B, "Control", Raw_Data_Daily!$C:$C, "C. 10-19"),"") -> 6.3674574 | J50: =IFERROR(SUMPRODUCT((Raw_Data_Daily!$B$2:$B$9999="Variant")*(Raw_Data_Daily!$C$2:$C$9999="C. 10-19")*Raw_Data_Daily!$D$2:$D$9999*Raw_Data_Daily!$AS$2:$AS$9999)/SUMIFS(Raw_Data_Daily!$D:$D, Raw_Data_Daily!$B:$B, "Variant", Raw_Data_Daily!$C:$C, "C. 10-19"),"") -> 6.4101627 | K50: =IFERROR((J50-I50)/ABS(I50),"") -> 0.0067067986 | L50: =IFERROR(SUMPRODUCT((Raw_Data_Daily!$B$2:$B$9999="Control")*(Raw_Data_Daily!$C$2:$C$9999="D. 20-39")*Raw_Data_Daily!$D$2:$D$9999*Raw_Data_Daily!$AS$2:$AS$9999)/SUMIFS(Raw_Data_Daily!$D:$D, Raw_Data_Daily!$B:$B, "Control", Raw_Data_Daily!$C:$C, "D. 20-39"),"") -> 9.8733487 | M50: =IFERROR(SUMPRODUCT((Raw_Data_Daily!$B$2:$B$9999="Variant")*(Raw_Data_Daily!$C$2:$C$9999="D. 20-39")*Raw_Data_Daily!$D$2:$D$9999*Raw_Data_Daily!$AS$2:$AS$9999)/SUMIFS(Raw_Data_Daily!$D:$D, Raw_Data_Daily!$B:$B, "Variant", Raw_Data_Daily!$C:$C, "D. 20-39"),"") -> 9.4628241 | N50: =IFERROR((M50-L50)/ABS(L50),"") -> -0.041579067 | O50: =IFERROR(SUMPRODUCT((Raw_Data_Daily!$B$2:$B$9999="Control")*(Raw_Data_Daily!$C$2:$C$9999="E. 40-99")*Raw_Data_Daily!$D$2:$D$9999*Raw_Data_Daily!$AS$2:$AS$9999)/SUMIFS(Raw_Data_Daily!$D:$D, Raw_Data_Daily!$B:$B, "Control", Raw_Data_Daily!$C:$C, "E. 40-99"),"") -> 16.287807 | P50: =IFERROR(SUMPRODUCT((Raw_Data_Daily!$B$2:$B$9999="Variant")*(Raw_Data_Daily!$C$2:$C$9999="E. 40-99")*Raw_Data_Daily!$D$2:$D$9999*Raw_Data_Daily!$AS$2:$AS$9999)/SUMIFS(Raw_Data_Daily!$D:$D, Raw_Data_Daily!$B:$B, "Variant", Raw_Data_Daily!$C:$C, "E. 40-99"),"") -> 14.276205 | Q50: =IFERROR((P50-O50)/ABS(O50),"") -> -0.12350359 | R50: =IFERROR(SUMPRODUCT((Raw_Data_Daily!$B$2:$B$9999="Control")*(Raw_Data_Daily!$C$2:$C$9999="F. 100+")*Raw_Data_Daily!$D$2:$D$9999*Raw_Data_Daily!$AS$2:$AS$9999)/SUMIFS(Raw_Data_Daily!$D:$D, Raw_Data_Daily!$B:$B, "Control", Raw_Data_Daily!$C:$C, "F. 100+"),"") -> 32.714071 | S50: =IFERROR(SUMPRODUCT((Raw_Data_Daily!$B$2:$B$9999="Variant")*(Raw_Data_Daily!$C$2:$C$9999="F. 100+")*Raw_Data_Daily!$D$2:$D$9999*Raw_Data_Daily!$AS$2:$AS$9999)/SUMIFS(Raw_Data_Daily!$D:$D, Raw_Data_Daily!$B:$B, "Variant", Raw_Data_Daily!$C:$C, "F. 100+"),"") -> 24.579642 | T50: =IFERROR((S50-R50)/ABS(R50),"") -> -0.24865231
B51: Booster spent / player | C51: =IFERROR(SUMPRODUCT((Raw_Data_Daily!$B$2:$B$9999="Control")*(Raw_Data_Daily!$C$2:$C$9999="A. 0")*Raw_Data_Daily!$D$2:$D$9999*Raw_Data_Daily!$AT$2:$AT$9999)/SUMIFS(Raw_Data_Daily!$D:$D, Raw_Data_Daily!$B:$B, "Control", Raw_Data_Daily!$C:$C, "A. 0"),"") -> 1.2334598 | D51: =IFERROR(SUMPRODUCT((Raw_Data_Daily!$B$2:$B$9999="Variant")*(Raw_Data_Daily!$C$2:$C$9999="A. 0")*Raw_Data_Daily!$D$2:$D$9999*Raw_Data_Daily!$AT$2:$AT$9999)/SUMIFS(Raw_Data_Daily!$D:$D, Raw_Data_Daily!$B:$B, "Variant", Raw_Data_Daily!$C:$C, "A. 0"),"") -> 1.3844631 | E51: =IFERROR((D51-C51)/ABS(C51),"") -> 0.12242254 | F51: =IFERROR(SUMPRODUCT((Raw_Data_Daily!$B$2:$B$9999="Control")*(Raw_Data_Daily!$C$2:$C$9999="B. 1-9")*Raw_Data_Daily!$D$2:$D$9999*Raw_Data_Daily!$AT$2:$AT$9999)/SUMIFS(Raw_Data_Daily!$D:$D, Raw_Data_Daily!$B:$B, "Control", Raw_Data_Daily!$C:$C, "B. 1-9"),"") -> 2.7298232 | G51: =IFERROR(SUMPRODUCT((Raw_Data_Daily!$B$2:$B$9999="Variant")*(Raw_Data_Daily!$C$2:$C$9999="B. 1-9")*Raw_Data_Daily!$D$2:$D$9999*Raw_Data_Daily!$AT$2:$AT$9999)/SUMIFS(Raw_Data_Daily!$D:$D, Raw_Data_Daily!$B:$B, "Variant", Raw_Data_Daily!$C:$C, "B. 1-9"),"") -> 2.7589311 | H51: =IFERROR((G51-F51)/ABS(F51),"") -> 0.010662896 | I51: =IFERROR(SUMPRODUCT((Raw_Data_Daily!$B$2:$B$9999="Control")*(Raw_Data_Daily!$C$2:$C$9999="C. 10-19")*Raw_Data_Daily!$D$2:$D$9999*Raw_Data_Daily!$AT$2:$AT$9999)/SUMIFS(Raw_Data_Daily!$D:$D, Raw_Data_Daily!$B:$B, "Control", Raw_Data_Daily!$C:$C, "C. 10-19"),"") -> 5.7810365 | J51: =IFERROR(SUMPRODUCT((Raw_Data_Daily!$B$2:$B$9999="Variant")*(Raw_Data_Daily!$C$2:$C$9999="C. 10-19")*Raw_Data_Daily!$D$2:$D$9999*Raw_Data_Daily!$AT$2:$AT$9999)/SUMIFS(Raw_Data_Daily!$D:$D, Raw_Data_Daily!$B:$B, "Variant", Raw_Data_Daily!$C:$C, "C. 10-19"),"") -> 5.6778551 | K51: =IFERROR((J51-I51)/ABS(I51),"") -> -0.017848258 | L51: =IFERROR(SUMPRODUCT((Raw_Data_Daily!$B$2:$B$9999="Control")*(Raw_Data_Daily!$C$2:$C$9999="D. 20-39")*Raw_Data_Daily!$D$2:$D$9999*Raw_Data_Daily!$AT$2:$AT$9999)/SUMIFS(Raw_Data_Daily!$D:$D, Raw_Data_Daily!$B:$B, "Control", Raw_Data_Daily!$C:$C, "D. 20-39"),"") -> 9.2969217 | M51: =IFERROR(SUMPRODUCT((Raw_Data_Daily!$B$2:$B$9999="Variant")*(Raw_Data_Daily!$C$2:$C$9999="D. 20-39")*Raw_Data_Daily!$D$2:$D$9999*Raw_Data_Daily!$AT$2:$AT$9999)/SUMIFS(Raw_Data_Daily!$D:$D, Raw_Data_Daily!$B:$B, "Variant", Raw_Data_Daily!$C:$C, "D. 20-39"),"") -> 8.4409109 | N51: =IFERROR((M51-L51)/ABS(L51),"") -> -0.092074647 | O51: =IFERROR(SUMPRODUCT((Raw_Data_Daily!$B$2:$B$9999="Control")*(Raw_Data_Daily!$C$2:$C$9999="E. 40-99")*Raw_Data_Daily!$D$2:$D$9999*Raw_Data_Daily!$AT$2:$AT$9999)/SUMIFS(Raw_Data_Daily!$D:$D, Raw_Data_Daily!$B:$B, "Control", Raw_Data_Daily!$C:$C, "E. 40-99"),"") -> 16.283901 | P51: =IFERROR(SUMPRODUCT((Raw_Data_Daily!$B$2:$B$9999="Variant")*(Raw_Data_Daily!$C$2:$C$9999="E. 40-99")*Raw_Data_Daily!$D$2:$D$9999*Raw_Data_Daily!$AT$2:$AT$9999)/SUMIFS(Raw_Data_Daily!$D:$D, Raw_Data_Daily!$B:$B, "Variant", Raw_Data_Daily!$C:$C, "E. 40-99"),"") -> 13.548191 | Q51: =IFERROR((P51-O51)/ABS(O51),"") -> -0.16800091 | R51: =IFERROR(SUMPRODUCT((Raw_Data_Daily!$B$2:$B$9999="Control")*(Raw_Data_Daily!$C$2:$C$9999="F. 100+")*Raw_Data_Daily!$D$2:$D$9999*Raw_Data_Daily!$AT$2:$AT$9999)/SUMIFS(Raw_Data_Daily!$D:$D, Raw_Data_Daily!$B:$B, "Control", Raw_Data_Daily!$C:$C, "F. 100+"),"") -> 32.854043 | S51: =IFERROR(SUMPRODUCT((Raw_Data_Daily!$B$2:$B$9999="Variant")*(Raw_Data_Daily!$C$2:$C$9999="F. 100+")*Raw_Data_Daily!$D$2:$D$9999*Raw_Data_Daily!$AT$2:$AT$9999)/SUMIFS(Raw_Data_Daily!$D:$D, Raw_Data_Daily!$B:$B, "Variant", Raw_Data_Daily!$C:$C, "F. 100+"),"") -> 25.644081 | T51: =IFERROR((S51-R51)/ABS(R51),"") -> -0.21945431
B52: Booster NET (gain - spend) / player | C52: =IFERROR(SUMPRODUCT((Raw_Data_Daily!$B$2:$B$9999="Control")*(Raw_Data_Daily!$C$2:$C$9999="A. 0")*Raw_Data_Daily!$D$2:$D$9999*(Raw_Data_Daily!$AQ$2:$AQ$9999-Raw_Data_Daily!$AT$2:$AT$9999))/SUMIFS(Raw_Data_Daily!$D:$D, Raw_Data_Daily!$B:$B, "Control", Raw_Data_Daily!$C:$C, "A. 0"),"") -> 0.43602086 | D52: =IFERROR(SUMPRODUCT((Raw_Data_Daily!$B$2:$B$9999="Variant")*(Raw_Data_Daily!$C$2:$C$9999="A. 0")*Raw_Data_Daily!$D$2:$D$9999*(Raw_Data_Daily!$AQ$2:$AQ$9999-Raw_Data_Daily!$AT$2:$AT$9999))/SUMIFS(Raw_Data_Daily!$D:$D, Raw_Data_Daily!$B:$B, "Variant", Raw_Data_Daily!$C:$C, "A. 0"),"") -> 0.50319024 | E52: =IFERROR((D52-C52)/ABS(C52),"") -> 0.15405083 | F52: =IFERROR(SUMPRODUCT((Raw_Data_Daily!$B$2:$B$9999="Control")*(Raw_Data_Daily!$C$2:$C$9999="B. 1-9")*Raw_Data_Daily!$D$2:$D$9999*(Raw_Data_Daily!$AQ$2:$AQ$9999-Raw_Data_Daily!$AT$2:$AT$9999))/SUMIFS(Raw_Data_Daily!$D:$D, Raw_Data_Daily!$B:$B, "Control", Raw_Data_Daily!$C:$C, "B. 1-9"),"") -> 0.54065794 | G52: =IFERROR(SUMPRODUCT((Raw_Data_Daily!$B$2:$B$9999="Variant")*(Raw_Data_Daily!$C$2:$C$9999="B. 1-9")*Raw_Data_Daily!$D$2:$D$9999*(Raw_Data_Daily!$AQ$2:$AQ$9999-Raw_Data_Daily!$AT$2:$AT$9999))/SUMIFS(Raw_Data_Daily!$D:$D, Raw_Data_Daily!$B:$B, "Variant", Raw_Data_Daily!$C:$C, "B. 1-9"),"") -> 0.66196002 | H52: =IFERROR((G52-F52)/ABS(F52),"") -> 0.22436011 | I52: =IFERROR(SUMPRODUCT((Raw_Data_Daily!$B$2:$B$9999="Control")*(Raw_Data_Daily!$C$2:$C$9999="C. 10-19")*Raw_Data_Daily!$D$2:$D$9999*(Raw_Data_Daily!$AQ$2:$AQ$9999-Raw_Data_Daily!$AT$2:$AT$9999))/SUMIFS(Raw_Data_Daily!$D:$D, Raw_Data_Daily!$B:$B, "Control", Raw_Data_Daily!$C:$C, "C. 10-19"),"") -> 0.73848115 | J52: =IFERROR(SUMPRODUCT((Raw_Data_Daily!$B$2:$B$9999="Variant")*(Raw_Data_Daily!$C$2:$C$9999="C. 10-19")*Raw_Data_Daily!$D$2:$D$9999*(Raw_Data_Daily!$AQ$2:$AQ$9999-Raw_Data_Daily!$AT$2:$AT$9999))/SUMIFS(Raw_Data_Daily!$D:$D, Raw_Data_Daily!$B:$B, "Variant", Raw_Data_Daily!$C:$C, "C. 10-19"),"") -> 0.85353649 | K52: =IFERROR((J52-I52)/ABS(I52),"") -> 0.15579996 | L52: =IFERROR(SUMPRODUCT((Raw_Data_Daily!$B$2:$B$9999="Control")*(Raw_Data_Daily!$C$2:$C$9999="D. 20-39")*Raw_Data_Daily!$D$2:$D$9999*(Raw_Data_Daily!$AQ$2:$AQ$9999-Raw_Data_Daily!$AT$2:$AT$9999))/SUMIFS(Raw_Data_Daily!$D:$D, Raw_Data_Daily!$B:$B, "Control", Raw_Data_Daily!$C:$C, "D. 20-39"),"") -> 0.84303943 | M52: =IFERROR(SUMPRODUCT((Raw_Data_Daily!$B$2:$B$9999="Variant")*(Raw_Data_Daily!$C$2:$C$9999="D. 20-39")*Raw_Data_Daily!$D$2:$D$9999*(Raw_Data_Daily!$AQ$2:$AQ$9999-Raw_Data_Daily!$AT$2:$AT$9999))/SUMIFS(Raw_Data_Daily!$D:$D, Raw_Data_Daily!$B:$B, "Variant", Raw_Data_Daily!$C:$C, "D. 20-39"),"") -> 1.2557564 | N52: =IFERROR((M52-L52)/ABS(L52),"") -> 0.48955829 | O52: =IFERROR(SUMPRODUCT((Raw_Data_Daily!$B$2:$B$9999="Control")*(Raw_Data_Daily!$C$2:$C$9999="E. 40-99")*Raw_Data_Daily!$D$2:$D$9999*(Raw_Data_Daily!$AQ$2:$AQ$9999-Raw_Data_Daily!$AT$2:$AT$9999))/SUMIFS(Raw_Data_Daily!$D:$D, Raw_Data_Daily!$B:$B, "Control", Raw_Data_Daily!$C:$C, "E. 40-99"),"") -> 0.50293111 | P52: =IFERROR(SUMPRODUCT((Raw_Data_Daily!$B$2:$B$9999="Variant")*(Raw_Data_Daily!$C$2:$C$9999="E. 40-99")*Raw_Data_Daily!$D$2:$D$9999*(Raw_Data_Daily!$AQ$2:$AQ$9999-Raw_Data_Daily!$AT$2:$AT$9999))/SUMIFS(Raw_Data_Daily!$D:$D, Raw_Data_Daily!$B:$B, "Variant", Raw_Data_Daily!$C:$C, "E. 40-99"),"") -> 1.3440422 | Q52: =IFERROR((P52-O52)/ABS(O52),"") -> 1.6724182 | R52: =IFERROR(SUMPRODUCT((Raw_Data_Daily!$B$2:$B$9999="Control")*(Raw_Data_Daily!$C$2:$C$9999="F. 100+")*Raw_Data_Daily!$D$2:$D$9999*(Raw_Data_Daily!$AQ$2:$AQ$9999-Raw_Data_Daily!$AT$2:$AT$9999))/SUMIFS(Raw_Data_Daily!$D:$D, Raw_Data_Daily!$B:$B, "Control", Raw_Data_Daily!$C:$C, "F. 100+"),"") -> 1.1478328 | S52: =IFERROR(SUMPRODUCT((Raw_Data_Daily!$B$2:$B$9999="Variant")*(Raw_Data_Daily!$C$2:$C$9999="F. 100+")*Raw_Data_Daily!$D$2:$D$9999*(Raw_Data_Daily!$AQ$2:$AQ$9999-Raw_Data_Daily!$AT$2:$AT$9999))/SUMIFS(Raw_Data_Daily!$D:$D, Raw_Data_Daily!$B:$B, "Variant", Raw_Data_Daily!$C:$C, "F. 100+"),"") -> 0.41744981 | T52: =IFERROR((S52-R52)/ABS(R52),"") -> -0.6363148
B53: Booster spent / attempt | C53: =IFERROR(SUMPRODUCT((Raw_Data_Daily!$B$2:$B$9999="Control")*(Raw_Data_Daily!$C$2:$C$9999="A. 0")*Raw_Data_Daily!$D$2:$D$9999*Raw_Data_Daily!$AU$2:$AU$9999)/SUMIFS(Raw_Data_Daily!$D:$D, Raw_Data_Daily!$B:$B, "Control", Raw_Data_Daily!$C:$C, "A. 0"),"") -> 0.13972523 | D53: =IFERROR(SUMPRODUCT((Raw_Data_Daily!$B$2:$B$9999="Variant")*(Raw_Data_Daily!$C$2:$C$9999="A. 0")*Raw_Data_Daily!$D$2:$D$9999*Raw_Data_Daily!$AU$2:$AU$9999)/SUMIFS(Raw_Data_Daily!$D:$D, Raw_Data_Daily!$B:$B, "Variant", Raw_Data_Daily!$C:$C, "A. 0"),"") -> 0.14677594 | E53: =IFERROR((D53-C53)/ABS(C53),"") -> 0.050461203 | F53: =IFERROR(SUMPRODUCT((Raw_Data_Daily!$B$2:$B$9999="Control")*(Raw_Data_Daily!$C$2:$C$9999="B. 1-9")*Raw_Data_Daily!$D$2:$D$9999*Raw_Data_Daily!$AU$2:$AU$9999)/SUMIFS(Raw_Data_Daily!$D:$D, Raw_Data_Daily!$B:$B, "Control", Raw_Data_Daily!$C:$C, "B. 1-9"),"") -> 0.23484449 | G53: =IFERROR(SUMPRODUCT((Raw_Data_Daily!$B$2:$B$9999="Variant")*(Raw_Data_Daily!$C$2:$C$9999="B. 1-9")*Raw_Data_Daily!$D$2:$D$9999*Raw_Data_Daily!$AU$2:$AU$9999)/SUMIFS(Raw_Data_Daily!$D:$D, Raw_Data_Daily!$B:$B, "Variant", Raw_Data_Daily!$C:$C, "B. 1-9"),"") -> 0.24239988 | H53: =IFERROR((G53-F53)/ABS(F53),"") -> 0.032171888 | I53: =IFERROR(SUMPRODUCT((Raw_Data_Daily!$B$2:$B$9999="Control")*(Raw_Data_Daily!$C$2:$C$9999="C. 10-19")*Raw_Data_Daily!$D$2:$D$9999*Raw_Data_Daily!$AU$2:$AU$9999)/SUMIFS(Raw_Data_Daily!$D:$D, Raw_Data_Daily!$B:$B, "Control", Raw_Data_Daily!$C:$C, "C. 10-19"),"") -> 0.23796761 | J53: =IFERROR(SUMPRODUCT((Raw_Data_Daily!$B$2:$B$9999="Variant")*(Raw_Data_Daily!$C$2:$C$9999="C. 10-19")*Raw_Data_Daily!$D$2:$D$9999*Raw_Data_Daily!$AU$2:$AU$9999)/SUMIFS(Raw_Data_Daily!$D:$D, Raw_Data_Daily!$B:$B, "Variant", Raw_Data_Daily!$C:$C, "C. 10-19"),"") -> 0.22829501 | K53: =IFERROR((J53-I53)/ABS(I53),"") -> -0.040646713 | L53: =IFERROR(SUMPRODUCT((Raw_Data_Daily!$B$2:$B$9999="Control")*(Raw_Data_Daily!$C$2:$C$9999="D. 20-39")*Raw_Data_Daily!$D$2:$D$9999*Raw_Data_Daily!$AU$2:$AU$9999)/SUMIFS(Raw_Data_Daily!$D:$D, Raw_Data_Daily!$B:$B, "Control", Raw_Data_Daily!$C:$C, "D. 20-39"),"") -> 0.23810837 | M53: =IFERROR(SUMPRODUCT((Raw_Data_Daily!$B$2:$B$9999="Variant")*(Raw_Data_Daily!$C$2:$C$9999="D. 20-39")*Raw_Data_Daily!$D$2:$D$9999*Raw_Data_Daily!$AU$2:$AU$9999)/SUMIFS(Raw_Data_Daily!$D:$D, Raw_Data_Daily!$B:$B, "Variant", Raw_Data_Daily!$C:$C, "D. 20-39"),"") -> 0.20771605 | N53: =IFERROR((M53-L53)/ABS(L53),"") -> -0.12764071 | O53: =IFERROR(SUMPRODUCT((Raw_Data_Daily!$B$2:$B$9999="Control")*(Raw_Data_Daily!$C$2:$C$9999="E. 40-99")*Raw_Data_Daily!$D$2:$D$9999*Raw_Data_Daily!$AU$2:$AU$9999)/SUMIFS(Raw_Data_Daily!$D:$D, Raw_Data_Daily!$B:$B, "Control", Raw_Data_Daily!$C:$C, "E. 40-99"),"") -> 0.22450621 | P53: =IFERROR(SUMPRODUCT((Raw_Data_Daily!$B$2:$B$9999="Variant")*(Raw_Data_Daily!$C$2:$C$9999="E. 40-99")*Raw_Data_Daily!$D$2:$D$9999*Raw_Data_Daily!$AU$2:$AU$9999)/SUMIFS(Raw_Data_Daily!$D:$D, Raw_Data_Daily!$B:$B, "Variant", Raw_Data_Daily!$C:$C, "E. 40-99"),"") -> 0.18171964 | Q53: =IFERROR((P53-O53)/ABS(O53),"") -> -0.19058076 | R53: =IFERROR(SUMPRODUCT((Raw_Data_Daily!$B$2:$B$9999="Control")*(Raw_Data_Daily!$C$2:$C$9999="F. 100+")*Raw_Data_Daily!$D$2:$D$9999*Raw_Data_Daily!$AU$2:$AU$9999)/SUMIFS(Raw_Data_Daily!$D:$D, Raw_Data_Daily!$B:$B, "Control", Raw_Data_Daily!$C:$C, "F. 100+"),"") -> 0.19978724 | S53: =IFERROR(SUMPRODUCT((Raw_Data_Daily!$B$2:$B$9999="Variant")*(Raw_Data_Daily!$C$2:$C$9999="F. 100+")*Raw_Data_Daily!$D$2:$D$9999*Raw_Data_Daily!$AU$2:$AU$9999)/SUMIFS(Raw_Data_Daily!$D:$D, Raw_Data_Daily!$B:$B, "Variant", Raw_Data_Daily!$C:$C, "F. 100+"),"") -> 0.15875239 | T53: =IFERROR((S53-R53)/ABS(R53),"") -> -0.20539273
A55: NS Actual Completions
F56: Previous | G56: New | H56: Δ % | I56: Previous | J56: New | K56: Δ % | L56: Previous | M56: New | N56: Δ % | O56: Previous | P56: New | Q56: Δ % | R56: Previous | S56: New | T56: Δ %
B57: NS active rate (%) | D57: =IFERROR(SUMPRODUCT((Raw_Data_Daily!$B$2:$B$9999="Variant")*(Raw_Data_Daily!$C$2:$C$9999="A. 0")*Raw_Data_Daily!$D$2:$D$9999*Raw_Data_Daily!$AM$2:$AM$9999)/SUMIFS(Raw_Data_Daily!$D:$D, Raw_Data_Daily!$B:$B, "Variant", Raw_Data_Daily!$C:$C, "A. 0"),"") -> 7.0198257 | F57: 42.647143 | G57: =IFERROR(SUMPRODUCT((Raw_Data_Daily!$B$2:$B$9999="Variant")*(Raw_Data_Daily!$C$2:$C$9999="B. 1-9")*Raw_Data_Daily!$D$2:$D$9999*Raw_Data_Daily!$AM$2:$AM$9999)/SUMIFS(Raw_Data_Daily!$D:$D, Raw_Data_Daily!$B:$B, "Variant", Raw_Data_Daily!$C:$C, "B. 1-9"),"") -> 36.008276 | H57: =IFERROR((G57-F57)/ABS(F57),"") -> -0.15566966 | I57: 64.218039 | J57: =IFERROR(SUMPRODUCT((Raw_Data_Daily!$B$2:$B$9999="Variant")*(Raw_Data_Daily!$C$2:$C$9999="C. 10-19")*Raw_Data_Daily!$D$2:$D$9999*Raw_Data_Daily!$AM$2:$AM$9999)/SUMIFS(Raw_Data_Daily!$D:$D, Raw_Data_Daily!$B:$B, "Variant", Raw_Data_Daily!$C:$C, "C. 10-19"),"") -> 44.078685 | K57: =IFERROR((J57-I57)/ABS(I57),"") -> -0.31360899 | L57: 67.131053 | M57: =IFERROR(SUMPRODUCT((Raw_Data_Daily!$B$2:$B$9999="Variant")*(Raw_Data_Daily!$C$2:$C$9999="D. 20-39")*Raw_Data_Daily!$D$2:$D$9999*Raw_Data_Daily!$AM$2:$AM$9999)/SUMIFS(Raw_Data_Daily!$D:$D, Raw_Data_Daily!$B:$B, "Variant", Raw_Data_Daily!$C:$C, "D. 20-39"),"") -> 45.202687 | N57: =IFERROR((M57-L57)/ABS(L57),"") -> -0.32665011 | O57: 69.476952 | P57: =IFERROR(SUMPRODUCT((Raw_Data_Daily!$B$2:$B$9999="Variant")*(Raw_Data_Daily!$C$2:$C$9999="E. 40-99")*Raw_Data_Daily!$D$2:$D$9999*Raw_Data_Daily!$AM$2:$AM$9999)/SUMIFS(Raw_Data_Daily!$D:$D, Raw_Data_Daily!$B:$B, "Variant", Raw_Data_Daily!$C:$C, "E. 40-99"),"") -> 42.964403 | Q57: =IFERROR((P57-O57)/ABS(O57),"") -> -0.38160207 | R57: 69.556122 | S57: =IFERROR(SUMPRODUCT((Raw_Data_Daily!$B$2:$B$9999="Variant")*(Raw_Data_Daily!$C$2:$C$9999="F. 100+")*Raw_Data_Daily!$D$2:$D$9999*Raw_Data_Daily!$AM$2:$AM$9999)/SUMIFS(Raw_Data_Daily!$D:$D, Raw_Data_Daily!$B:$B, "Variant", Raw_Data_Daily!$C:$C, "F. 100+"),"") -> 47.067418 | T57: =IFERROR((S57-R57)/ABS(R57),"") -> -0.3233174
B58: R1 finished (%) [actual] | D58: =IFERROR(SUMPRODUCT((Raw_Data_Daily!$B$2:$B$9999="Variant")*(Raw_Data_Daily!$C$2:$C$9999="A. 0")*Raw_Data_Daily!$D$2:$D$9999*Raw_Data_Daily!$AN$2:$AN$9999)/SUMIFS(Raw_Data_Daily!$D:$D, Raw_Data_Daily!$B:$B, "Variant", Raw_Data_Daily!$C:$C, "A. 0"),"") -> 7.0198257 | F58: 42.647143 | G58: =IFERROR(SUMPRODUCT((Raw_Data_Daily!$B$2:$B$9999="Variant")*(Raw_Data_Daily!$C$2:$C$9999="B. 1-9")*Raw_Data_Daily!$D$2:$D$9999*Raw_Data_Daily!$AN$2:$AN$9999)/SUMIFS(Raw_Data_Daily!$D:$D, Raw_Data_Daily!$B:$B, "Variant", Raw_Data_Daily!$C:$C, "B. 1-9"),"") -> 36.008276 | H58: =IFERROR((G58-F58)/ABS(F58),"") -> -0.15566966 | I58: 64.218039 | J58: =IFERROR(SUMPRODUCT((Raw_Data_Daily!$B$2:$B$9999="Variant")*(Raw_Data_Daily!$C$2:$C$9999="C. 10-19")*Raw_Data_Daily!$D$2:$D$9999*Raw_Data_Daily!$AN$2:$AN$9999)/SUMIFS(Raw_Data_Daily!$D:$D, Raw_Data_Daily!$B:$B, "Variant", Raw_Data_Daily!$C:$C, "C. 10-19"),"") -> 44.078685 | K58: =IFERROR((J58-I58)/ABS(I58),"") -> -0.31360899 | L58: 67.131053 | M58: =IFERROR(SUMPRODUCT((Raw_Data_Daily!$B$2:$B$9999="Variant")*(Raw_Data_Daily!$C$2:$C$9999="D. 20-39")*Raw_Data_Daily!$D$2:$D$9999*Raw_Data_Daily!$AN$2:$AN$9999)/SUMIFS(Raw_Data_Daily!$D:$D, Raw_Data_Daily!$B:$B, "Variant", Raw_Data_Daily!$C:$C, "D. 20-39"),"") -> 45.202687 | N58: =IFERROR((M58-L58)/ABS(L58),"") -> -0.32665011 | O58: 69.476952 | P58: =IFERROR(SUMPRODUCT((Raw_Data_Daily!$B$2:$B$9999="Variant")*(Raw_Data_Daily!$C$2:$C$9999="E. 40-99")*Raw_Data_Daily!$D$2:$D$9999*Raw_Data_Daily!$AN$2:$AN$9999)/SUMIFS(Raw_Data_Daily!$D:$D, Raw_Data_Daily!$B:$B, "Variant", Raw_Data_Daily!$C:$C, "E. 40-99"),"") -> 42.964403 | Q58: =IFERROR((P58-O58)/ABS(O58),"") -> -0.38160207 | R58: 69.556122 | S58: =IFERROR(SUMPRODUCT((Raw_Data_Daily!$B$2:$B$9999="Variant")*(Raw_Data_Daily!$C$2:$C$9999="F. 100+")*Raw_Data_Daily!$D$2:$D$9999*Raw_Data_Daily!$AN$2:$AN$9999)/SUMIFS(Raw_Data_Daily!$D:$D, Raw_Data_Daily!$B:$B, "Variant", Raw_Data_Daily!$C:$C, "F. 100+"),"") -> 47.067418 | T58: =IFERROR((S58-R58)/ABS(R58),"") -> -0.3233174
B59: R2 finished (%) [actual] | D59: =IFERROR(SUMPRODUCT((Raw_Data_Daily!$B$2:$B$9999="Variant")*(Raw_Data_Daily!$C$2:$C$9999="A. 0")*Raw_Data_Daily!$D$2:$D$9999*Raw_Data_Daily!$AO$2:$AO$9999)/SUMIFS(Raw_Data_Daily!$D:$D, Raw_Data_Daily!$B:$B, "Variant", Raw_Data_Daily!$C:$C, "A. 0"),"") -> 4.4242367 | F59: 20.758438 | G59: =IFERROR(SUMPRODUCT((Raw_Data_Daily!$B$2:$B$9999="Variant")*(Raw_Data_Daily!$C$2:$C$9999="B. 1-9")*Raw_Data_Daily!$D$2:$D$9999*Raw_Data_Daily!$AO$2:$AO$9999)/SUMIFS(Raw_Data_Daily!$D:$D, Raw_Data_Daily!$B:$B, "Variant", Raw_Data_Daily!$C:$C, "B. 1-9"),"") -> 17.572311 | H59: =IFERROR((G59-F59)/ABS(F59),"") -> -0.15348589 | I59: 44.857285 | J59: =IFERROR(SUMPRODUCT((Raw_Data_Daily!$B$2:$B$9999="Variant")*(Raw_Data_Daily!$C$2:$C$9999="C. 10-19")*Raw_Data_Daily!$D$2:$D$9999*Raw_Data_Daily!$AO$2:$AO$9999)/SUMIFS(Raw_Data_Daily!$D:$D, Raw_Data_Daily!$B:$B, "Variant", Raw_Data_Daily!$C:$C, "C. 10-19"),"") -> 25.48059 | K59: =IFERROR((J59-I59)/ABS(I59),"") -> -0.43196318 | L59: 44.821434 | M59: =IFERROR(SUMPRODUCT((Raw_Data_Daily!$B$2:$B$9999="Variant")*(Raw_Data_Daily!$C$2:$C$9999="D. 20-39")*Raw_Data_Daily!$D$2:$D$9999*Raw_Data_Daily!$AO$2:$AO$9999)/SUMIFS(Raw_Data_Daily!$D:$D, Raw_Data_Daily!$B:$B, "Variant", Raw_Data_Daily!$C:$C, "D. 20-39"),"") -> 24.546993 | N59: =IFERROR((M59-L59)/ABS(L59),"") -> -0.45233808 | O59: 49.474289 | P59: =IFERROR(SUMPRODUCT((Raw_Data_Daily!$B$2:$B$9999="Variant")*(Raw_Data_Daily!$C$2:$C$9999="E. 40-99")*Raw_Data_Daily!$D$2:$D$9999*Raw_Data_Daily!$AO$2:$AO$9999)/SUMIFS(Raw_Data_Daily!$D:$D, Raw_Data_Daily!$B:$B, "Variant", Raw_Data_Daily!$C:$C, "E. 40-99"),"") -> 24.39425 | Q59: =IFERROR((P59-O59)/ABS(O59),"") -> -0.50693077 | R59: 49.613295 | S59: =IFERROR(SUMPRODUCT((Raw_Data_Daily!$B$2:$B$9999="Variant")*(Raw_Data_Daily!$C$2:$C$9999="F. 100+")*Raw_Data_Daily!$D$2:$D$9999*Raw_Data_Daily!$AO$2:$AO$9999)/SUMIFS(Raw_Data_Daily!$D:$D, Raw_Data_Daily!$B:$B, "Variant", Raw_Data_Daily!$C:$C, "F. 100+"),"") -> 35.302004 | T59: =IFERROR((S59-R59)/ABS(R59),"") -> -0.28845677
B60: R3 finished (%) [actual] | D60: =IFERROR(SUMPRODUCT((Raw_Data_Daily!$B$2:$B$9999="Variant")*(Raw_Data_Daily!$C$2:$C$9999="A. 0")*Raw_Data_Daily!$D$2:$D$9999*Raw_Data_Daily!$AP$2:$AP$9999)/SUMIFS(Raw_Data_Daily!$D:$D, Raw_Data_Daily!$B:$B, "Variant", Raw_Data_Daily!$C:$C, "A. 0"),"") -> 2.4990871 | F60: 8.3585179 | G60: =IFERROR(SUMPRODUCT((Raw_Data_Daily!$B$2:$B$9999="Variant")*(Raw_Data_Daily!$C$2:$C$9999="B. 1-9")*Raw_Data_Daily!$D$2:$D$9999*Raw_Data_Daily!$AP$2:$AP$9999)/SUMIFS(Raw_Data_Daily!$D:$D, Raw_Data_Daily!$B:$B, "Variant", Raw_Data_Daily!$C:$C, "B. 1-9"),"") -> 5.5048512 | H60: =IFERROR((G60-F60)/ABS(F60),"") -> -0.34140822 | I60: 25.564668 | J60: =IFERROR(SUMPRODUCT((Raw_Data_Daily!$B$2:$B$9999="Variant")*(Raw_Data_Daily!$C$2:$C$9999="C. 10-19")*Raw_Data_Daily!$D$2:$D$9999*Raw_Data_Daily!$AP$2:$AP$9999)/SUMIFS(Raw_Data_Daily!$D:$D, Raw_Data_Daily!$B:$B, "Variant", Raw_Data_Daily!$C:$C, "C. 10-19"),"") -> 11.720219 | K60: =IFERROR((J60-I60)/ABS(I60),"") -> -0.54154621 | L60: 29.762965 | M60: =IFERROR(SUMPRODUCT((Raw_Data_Daily!$B$2:$B$9999="Variant")*(Raw_Data_Daily!$C$2:$C$9999="D. 20-39")*Raw_Data_Daily!$D$2:$D$9999*Raw_Data_Daily!$AP$2:$AP$9999)/SUMIFS(Raw_Data_Daily!$D:$D, Raw_Data_Daily!$B:$B, "Variant", Raw_Data_Daily!$C:$C, "D. 20-39"),"") -> 12.122363 | N60: =IFERROR((M60-L60)/ABS(L60),"") -> -0.59270311 | O60: 34.037131 | P60: =IFERROR(SUMPRODUCT((Raw_Data_Daily!$B$2:$B$9999="Variant")*(Raw_Data_Daily!$C$2:$C$9999="E. 40-99")*Raw_Data_Daily!$D$2:$D$9999*Raw_Data_Daily!$AP$2:$AP$9999)/SUMIFS(Raw_Data_Daily!$D:$D, Raw_Data_Daily!$B:$B, "Variant", Raw_Data_Daily!$C:$C, "E. 40-99"),"") -> 14.461213 | Q60: =IFERROR((P60-O60)/ABS(O60),"") -> -0.5751342 | R60: 36.705925 | S60: =IFERROR(SUMPRODUCT((Raw_Data_Daily!$B$2:$B$9999="Variant")*(Raw_Data_Daily!$C$2:$C$9999="F. 100+")*Raw_Data_Daily!$D$2:$D$9999*Raw_Data_Daily!$AP$2:$AP$9999)/SUMIFS(Raw_Data_Daily!$D:$D, Raw_Data_Daily!$B:$B, "Variant", Raw_Data_Daily!$C:$C, "F. 100+"),"") -> 29.730911 | T60: =IFERROR((S60-R60)/ABS(R60),"") -> -0.19002421
A62: Red
B63: Red gain total / player | C63: =IFERROR(SUMPRODUCT((Raw_Data_Daily!$B$2:$B$9999="Control")*(Raw_Data_Daily!$C$2:$C$9999="A. 0")*Raw_Data_Daily!$D$2:$D$9999*Raw_Data_Daily!$BO$2:$BO$9999)/SUMIFS(Raw_Data_Daily!$D:$D, Raw_Data_Daily!$B:$B, "Control", Raw_Data_Daily!$C:$C, "A. 0"),"") -> 0.2865499 | D63: =IFERROR(SUMPRODUCT((Raw_Data_Daily!$B$2:$B$9999="Variant")*(Raw_Data_Daily!$C$2:$C$9999="A. 0")*Raw_Data_Daily!$D$2:$D$9999*Raw_Data_Daily!$BO$2:$BO$9999)/SUMIFS(Raw_Data_Daily!$D:$D, Raw_Data_Daily!$B:$B, "Variant", Raw_Data_Daily!$C:$C, "A. 0"),"") -> 0.34414863 | E63: =IFERROR((D63-C63)/ABS(C63),"") -> 0.20100767 | F63: =IFERROR(SUMPRODUCT((Raw_Data_Daily!$B$2:$B$9999="Control")*(Raw_Data_Daily!$C$2:$C$9999="B. 1-9")*Raw_Data_Daily!$D$2:$D$9999*Raw_Data_Daily!$BO$2:$BO$9999)/SUMIFS(Raw_Data_Daily!$D:$D, Raw_Data_Daily!$B:$B, "Control", Raw_Data_Daily!$C:$C, "B. 1-9"),"") -> 0.83237506 | G63: =IFERROR(SUMPRODUCT((Raw_Data_Daily!$B$2:$B$9999="Variant")*(Raw_Data_Daily!$C$2:$C$9999="B. 1-9")*Raw_Data_Daily!$D$2:$D$9999*Raw_Data_Daily!$BO$2:$BO$9999)/SUMIFS(Raw_Data_Daily!$D:$D, Raw_Data_Daily!$B:$B, "Variant", Raw_Data_Daily!$C:$C, "B. 1-9"),"") -> 1.0814529 | H63: =IFERROR((G63-F63)/ABS(F63),"") -> 0.29923749 | I63: =IFERROR(SUMPRODUCT((Raw_Data_Daily!$B$2:$B$9999="Control")*(Raw_Data_Daily!$C$2:$C$9999="C. 10-19")*Raw_Data_Daily!$D$2:$D$9999*Raw_Data_Daily!$BO$2:$BO$9999)/SUMIFS(Raw_Data_Daily!$D:$D, Raw_Data_Daily!$B:$B, "Control", Raw_Data_Daily!$C:$C, "C. 10-19"),"") -> 1.5793923 | J63: =IFERROR(SUMPRODUCT((Raw_Data_Daily!$B$2:$B$9999="Variant")*(Raw_Data_Daily!$C$2:$C$9999="C. 10-19")*Raw_Data_Daily!$D$2:$D$9999*Raw_Data_Daily!$BO$2:$BO$9999)/SUMIFS(Raw_Data_Daily!$D:$D, Raw_Data_Daily!$B:$B, "Variant", Raw_Data_Daily!$C:$C, "C. 10-19"),"") -> 1.8009347 | K63: =IFERROR((J63-I63)/ABS(I63),"") -> 0.14027065 | L63: =IFERROR(SUMPRODUCT((Raw_Data_Daily!$B$2:$B$9999="Control")*(Raw_Data_Daily!$C$2:$C$9999="D. 20-39")*Raw_Data_Daily!$D$2:$D$9999*Raw_Data_Daily!$BO$2:$BO$9999)/SUMIFS(Raw_Data_Daily!$D:$D, Raw_Data_Daily!$B:$B, "Control", Raw_Data_Daily!$C:$C, "D. 20-39"),"") -> 2.2485825 | M63: =IFERROR(SUMPRODUCT((Raw_Data_Daily!$B$2:$B$9999="Variant")*(Raw_Data_Daily!$C$2:$C$9999="D. 20-39")*Raw_Data_Daily!$D$2:$D$9999*Raw_Data_Daily!$BO$2:$BO$9999)/SUMIFS(Raw_Data_Daily!$D:$D, Raw_Data_Daily!$B:$B, "Variant", Raw_Data_Daily!$C:$C, "D. 20-39"),"") -> 2.3297445 | N63: =IFERROR((M63-L63)/ABS(L63),"") -> 0.036094747 | O63: =IFERROR(SUMPRODUCT((Raw_Data_Daily!$B$2:$B$9999="Control")*(Raw_Data_Daily!$C$2:$C$9999="E. 40-99")*Raw_Data_Daily!$D$2:$D$9999*Raw_Data_Daily!$BO$2:$BO$9999)/SUMIFS(Raw_Data_Daily!$D:$D, Raw_Data_Daily!$B:$B, "Control", Raw_Data_Daily!$C:$C, "E. 40-99"),"") -> 3.4209283 | P63: =IFERROR(SUMPRODUCT((Raw_Data_Daily!$B$2:$B$9999="Variant")*(Raw_Data_Daily!$C$2:$C$9999="E. 40-99")*Raw_Data_Daily!$D$2:$D$9999*Raw_Data_Daily!$BO$2:$BO$9999)/SUMIFS(Raw_Data_Daily!$D:$D, Raw_Data_Daily!$B:$B, "Variant", Raw_Data_Daily!$C:$C, "E. 40-99"),"") -> 3.1295709 | Q63: =IFERROR((P63-O63)/ABS(O63),"") -> -0.085169116 | R63: =IFERROR(SUMPRODUCT((Raw_Data_Daily!$B$2:$B$9999="Control")*(Raw_Data_Daily!$C$2:$C$9999="F. 100+")*Raw_Data_Daily!$D$2:$D$9999*Raw_Data_Daily!$BO$2:$BO$9999)/SUMIFS(Raw_Data_Daily!$D:$D, Raw_Data_Daily!$B:$B, "Control", Raw_Data_Daily!$C:$C, "F. 100+"),"") -> 6.8697449 | S63: =IFERROR(SUMPRODUCT((Raw_Data_Daily!$B$2:$B$9999="Variant")*(Raw_Data_Daily!$C$2:$C$9999="F. 100+")*Raw_Data_Daily!$D$2:$D$9999*Raw_Data_Daily!$BO$2:$BO$9999)/SUMIFS(Raw_Data_Daily!$D:$D, Raw_Data_Daily!$B:$B, "Variant", Raw_Data_Daily!$C:$C, "F. 100+"),"") -> 5.0794365 | T63: =IFERROR((S63-R63)/ABS(R63),"") -> -0.26060771
B64: Red gain PAID / player | C64: =IFERROR(SUMPRODUCT((Raw_Data_Daily!$B$2:$B$9999="Control")*(Raw_Data_Daily!$C$2:$C$9999="A. 0")*Raw_Data_Daily!$D$2:$D$9999*Raw_Data_Daily!$BP$2:$BP$9999)/SUMIFS(Raw_Data_Daily!$D:$D, Raw_Data_Daily!$B:$B, "Control", Raw_Data_Daily!$C:$C, "A. 0"),"") -> 0.014323088 | D64: =IFERROR(SUMPRODUCT((Raw_Data_Daily!$B$2:$B$9999="Variant")*(Raw_Data_Daily!$C$2:$C$9999="A. 0")*Raw_Data_Daily!$D$2:$D$9999*Raw_Data_Daily!$BP$2:$BP$9999)/SUMIFS(Raw_Data_Daily!$D:$D, Raw_Data_Daily!$B:$B, "Variant", Raw_Data_Daily!$C:$C, "A. 0"),"") -> 0.01374868 | E64: =IFERROR((D64-C64)/ABS(C64),"") -> -0.040103625 | F64: =IFERROR(SUMPRODUCT((Raw_Data_Daily!$B$2:$B$9999="Control")*(Raw_Data_Daily!$C$2:$C$9999="B. 1-9")*Raw_Data_Daily!$D$2:$D$9999*Raw_Data_Daily!$BP$2:$BP$9999)/SUMIFS(Raw_Data_Daily!$D:$D, Raw_Data_Daily!$B:$B, "Control", Raw_Data_Daily!$C:$C, "B. 1-9"),"") -> 0.010331482 | G64: =IFERROR(SUMPRODUCT((Raw_Data_Daily!$B$2:$B$9999="Variant")*(Raw_Data_Daily!$C$2:$C$9999="B. 1-9")*Raw_Data_Daily!$D$2:$D$9999*Raw_Data_Daily!$BP$2:$BP$9999)/SUMIFS(Raw_Data_Daily!$D:$D, Raw_Data_Daily!$B:$B, "Variant", Raw_Data_Daily!$C:$C, "B. 1-9"),"") -> 0.01088602 | H64: =IFERROR((G64-F64)/ABS(F64),"") -> 0.053674607 | I64: =IFERROR(SUMPRODUCT((Raw_Data_Daily!$B$2:$B$9999="Control")*(Raw_Data_Daily!$C$2:$C$9999="C. 10-19")*Raw_Data_Daily!$D$2:$D$9999*Raw_Data_Daily!$BP$2:$BP$9999)/SUMIFS(Raw_Data_Daily!$D:$D, Raw_Data_Daily!$B:$B, "Control", Raw_Data_Daily!$C:$C, "C. 10-19"),"") -> 0.030847914 | J64: =IFERROR(SUMPRODUCT((Raw_Data_Daily!$B$2:$B$9999="Variant")*(Raw_Data_Daily!$C$2:$C$9999="C. 10-19")*Raw_Data_Daily!$D$2:$D$9999*Raw_Data_Daily!$BP$2:$BP$9999)/SUMIFS(Raw_Data_Daily!$D:$D, Raw_Data_Daily!$B:$B, "Variant", Raw_Data_Daily!$C:$C, "C. 10-19"),"") -> 0.028668382 | K64: =IFERROR((J64-I64)/ABS(I64),"") -> -0.070654095 | L64: =IFERROR(SUMPRODUCT((Raw_Data_Daily!$B$2:$B$9999="Control")*(Raw_Data_Daily!$C$2:$C$9999="D. 20-39")*Raw_Data_Daily!$D$2:$D$9999*Raw_Data_Daily!$BP$2:$BP$9999)/SUMIFS(Raw_Data_Daily!$D:$D, Raw_Data_Daily!$B:$B, "Control", Raw_Data_Daily!$C:$C, "D. 20-39"),"") -> 0.047031764 | M64: =IFERROR(SUMPRODUCT((Raw_Data_Daily!$B$2:$B$9999="Variant")*(Raw_Data_Daily!$C$2:$C$9999="D. 20-39")*Raw_Data_Daily!$D$2:$D$9999*Raw_Data_Daily!$BP$2:$BP$9999)/SUMIFS(Raw_Data_Daily!$D:$D, Raw_Data_Daily!$B:$B, "Variant", Raw_Data_Daily!$C:$C, "D. 20-39"),"") -> 0.041849149 | N64: =IFERROR((M64-L64)/ABS(L64),"") -> -0.11019395 | O64: =IFERROR(SUMPRODUCT((Raw_Data_Daily!$B$2:$B$9999="Control")*(Raw_Data_Daily!$C$2:$C$9999="E. 40-99")*Raw_Data_Daily!$D$2:$D$9999*Raw_Data_Daily!$BP$2:$BP$9999)/SUMIFS(Raw_Data_Daily!$D:$D, Raw_Data_Daily!$B:$B, "Control", Raw_Data_Daily!$C:$C, "E. 40-99"),"") -> 0.070009263 | P64: =IFERROR(SUMPRODUCT((Raw_Data_Daily!$B$2:$B$9999="Variant")*(Raw_Data_Daily!$C$2:$C$9999="E. 40-99")*Raw_Data_Daily!$D$2:$D$9999*Raw_Data_Daily!$BP$2:$BP$9999)/SUMIFS(Raw_Data_Daily!$D:$D, Raw_Data_Daily!$B:$B, "Variant", Raw_Data_Daily!$C:$C, "E. 40-99"),"") -> 0.10567763 | Q64: =IFERROR((P64-O64)/ABS(O64),"") -> 0.5094807 | R64: =IFERROR(SUMPRODUCT((Raw_Data_Daily!$B$2:$B$9999="Control")*(Raw_Data_Daily!$C$2:$C$9999="F. 100+")*Raw_Data_Daily!$D$2:$D$9999*Raw_Data_Daily!$BP$2:$BP$9999)/SUMIFS(Raw_Data_Daily!$D:$D, Raw_Data_Daily!$B:$B, "Control", Raw_Data_Daily!$C:$C, "F. 100+"),"") -> 0.19312953 | S64: =IFERROR(SUMPRODUCT((Raw_Data_Daily!$B$2:$B$9999="Variant")*(Raw_Data_Daily!$C$2:$C$9999="F. 100+")*Raw_Data_Daily!$D$2:$D$9999*Raw_Data_Daily!$BP$2:$BP$9999)/SUMIFS(Raw_Data_Daily!$D:$D, Raw_Data_Daily!$B:$B, "Variant", Raw_Data_Daily!$C:$C, "F. 100+"),"") -> 0.2964706 | T64: =IFERROR((S64-R64)/ABS(R64),"") -> 0.53508687
B65: Red gain FREE / player | C65: =IFERROR(SUMPRODUCT((Raw_Data_Daily!$B$2:$B$9999="Control")*(Raw_Data_Daily!$C$2:$C$9999="A. 0")*Raw_Data_Daily!$D$2:$D$9999*Raw_Data_Daily!$BQ$2:$BQ$9999)/SUMIFS(Raw_Data_Daily!$D:$D, Raw_Data_Daily!$B:$B, "Control", Raw_Data_Daily!$C:$C, "A. 0"),"") -> 0.27221451 | D65: =IFERROR(SUMPRODUCT((Raw_Data_Daily!$B$2:$B$9999="Variant")*(Raw_Data_Daily!$C$2:$C$9999="A. 0")*Raw_Data_Daily!$D$2:$D$9999*Raw_Data_Daily!$BQ$2:$BQ$9999)/SUMIFS(Raw_Data_Daily!$D:$D, Raw_Data_Daily!$B:$B, "Variant", Raw_Data_Daily!$C:$C, "A. 0"),"") -> 0.33040706 | E65: =IFERROR((D65-C65)/ABS(C65),"") -> 0.21377462 | F65: =IFERROR(SUMPRODUCT((Raw_Data_Daily!$B$2:$B$9999="Control")*(Raw_Data_Daily!$C$2:$C$9999="B. 1-9")*Raw_Data_Daily!$D$2:$D$9999*Raw_Data_Daily!$BQ$2:$BQ$9999)/SUMIFS(Raw_Data_Daily!$D:$D, Raw_Data_Daily!$B:$B, "Control", Raw_Data_Daily!$C:$C, "B. 1-9"),"") -> 0.82204322 | G65: =IFERROR(SUMPRODUCT((Raw_Data_Daily!$B$2:$B$9999="Variant")*(Raw_Data_Daily!$C$2:$C$9999="B. 1-9")*Raw_Data_Daily!$D$2:$D$9999*Raw_Data_Daily!$BQ$2:$BQ$9999)/SUMIFS(Raw_Data_Daily!$D:$D, Raw_Data_Daily!$B:$B, "Variant", Raw_Data_Daily!$C:$C, "B. 1-9"),"") -> 1.0705454 | H65: =IFERROR((G65-F65)/ABS(F65),"") -> 0.30229814 | I65: =IFERROR(SUMPRODUCT((Raw_Data_Daily!$B$2:$B$9999="Control")*(Raw_Data_Daily!$C$2:$C$9999="C. 10-19")*Raw_Data_Daily!$D$2:$D$9999*Raw_Data_Daily!$BQ$2:$BQ$9999)/SUMIFS(Raw_Data_Daily!$D:$D, Raw_Data_Daily!$B:$B, "Control", Raw_Data_Daily!$C:$C, "C. 10-19"),"") -> 1.5485881 | J65: =IFERROR(SUMPRODUCT((Raw_Data_Daily!$B$2:$B$9999="Variant")*(Raw_Data_Daily!$C$2:$C$9999="C. 10-19")*Raw_Data_Daily!$D$2:$D$9999*Raw_Data_Daily!$BQ$2:$BQ$9999)/SUMIFS(Raw_Data_Daily!$D:$D, Raw_Data_Daily!$B:$B, "Variant", Raw_Data_Daily!$C:$C, "C. 10-19"),"") -> 1.7722663 | K65: =IFERROR((J65-I65)/ABS(I65),"") -> 0.14444015 | L65: =IFERROR(SUMPRODUCT((Raw_Data_Daily!$B$2:$B$9999="Control")*(Raw_Data_Daily!$C$2:$C$9999="D. 20-39")*Raw_Data_Daily!$D$2:$D$9999*Raw_Data_Daily!$BQ$2:$BQ$9999)/SUMIFS(Raw_Data_Daily!$D:$D, Raw_Data_Daily!$B:$B, "Control", Raw_Data_Daily!$C:$C, "D. 20-39"),"") -> 2.2015461 | M65: =IFERROR(SUMPRODUCT((Raw_Data_Daily!$B$2:$B$9999="Variant")*(Raw_Data_Daily!$C$2:$C$9999="D. 20-39")*Raw_Data_Daily!$D$2:$D$9999*Raw_Data_Daily!$BQ$2:$BQ$9999)/SUMIFS(Raw_Data_Daily!$D:$D, Raw_Data_Daily!$B:$B, "Variant", Raw_Data_Daily!$C:$C, "D. 20-39"),"") -> 2.2878888 | N65: =IFERROR((M65-L65)/ABS(L65),"") -> 0.039219093 | O65: =IFERROR(SUMPRODUCT((Raw_Data_Daily!$B$2:$B$9999="Control")*(Raw_Data_Daily!$C$2:$C$9999="E. 40-99")*Raw_Data_Daily!$D$2:$D$9999*Raw_Data_Daily!$BQ$2:$BQ$9999)/SUMIFS(Raw_Data_Daily!$D:$D, Raw_Data_Daily!$B:$B, "Control", Raw_Data_Daily!$C:$C, "E. 40-99"),"") -> 3.350919 | P65: =IFERROR(SUMPRODUCT((Raw_Data_Daily!$B$2:$B$9999="Variant")*(Raw_Data_Daily!$C$2:$C$9999="E. 40-99")*Raw_Data_Daily!$D$2:$D$9999*Raw_Data_Daily!$BQ$2:$BQ$9999)/SUMIFS(Raw_Data_Daily!$D:$D, Raw_Data_Daily!$B:$B, "Variant", Raw_Data_Daily!$C:$C, "E. 40-99"),"") -> 3.0239075 | Q65: =IFERROR((P65-O65)/ABS(O65),"") -> -0.097588604 | R65: =IFERROR(SUMPRODUCT((Raw_Data_Daily!$B$2:$B$9999="Control")*(Raw_Data_Daily!$C$2:$C$9999="F. 100+")*Raw_Data_Daily!$D$2:$D$9999*Raw_Data_Daily!$BQ$2:$BQ$9999)/SUMIFS(Raw_Data_Daily!$D:$D, Raw_Data_Daily!$B:$B, "Control", Raw_Data_Daily!$C:$C, "F. 100+"),"") -> 6.676651 | S65: =IFERROR(SUMPRODUCT((Raw_Data_Daily!$B$2:$B$9999="Variant")*(Raw_Data_Daily!$C$2:$C$9999="F. 100+")*Raw_Data_Daily!$D$2:$D$9999*Raw_Data_Daily!$BQ$2:$BQ$9999)/SUMIFS(Raw_Data_Daily!$D:$D, Raw_Data_Daily!$B:$B, "Variant", Raw_Data_Daily!$C:$C, "F. 100+"),"") -> 4.7829591 | T65: =IFERROR((S65-R65)/ABS(R65),"") -> -0.28362901
B66: Red spent / player | C66: =IFERROR(SUMPRODUCT((Raw_Data_Daily!$B$2:$B$9999="Control")*(Raw_Data_Daily!$C$2:$C$9999="A. 0")*Raw_Data_Daily!$D$2:$D$9999*Raw_Data_Daily!$BR$2:$BR$9999)/SUMIFS(Raw_Data_Daily!$D:$D, Raw_Data_Daily!$B:$B, "Control", Raw_Data_Daily!$C:$C, "A. 0"),"") -> 0.2451973 | D66: =IFERROR(SUMPRODUCT((Raw_Data_Daily!$B$2:$B$9999="Variant")*(Raw_Data_Daily!$C$2:$C$9999="A. 0")*Raw_Data_Daily!$D$2:$D$9999*Raw_Data_Daily!$BR$2:$BR$9999)/SUMIFS(Raw_Data_Daily!$D:$D, Raw_Data_Daily!$B:$B, "Variant", Raw_Data_Daily!$C:$C, "A. 0"),"") -> 0.27371763 | E66: =IFERROR((D66-C66)/ABS(C66),"") -> 0.11631584 | F66: =IFERROR(SUMPRODUCT((Raw_Data_Daily!$B$2:$B$9999="Control")*(Raw_Data_Daily!$C$2:$C$9999="B. 1-9")*Raw_Data_Daily!$D$2:$D$9999*Raw_Data_Daily!$BR$2:$BR$9999)/SUMIFS(Raw_Data_Daily!$D:$D, Raw_Data_Daily!$B:$B, "Control", Raw_Data_Daily!$C:$C, "B. 1-9"),"") -> 0.63577934 | G66: =IFERROR(SUMPRODUCT((Raw_Data_Daily!$B$2:$B$9999="Variant")*(Raw_Data_Daily!$C$2:$C$9999="B. 1-9")*Raw_Data_Daily!$D$2:$D$9999*Raw_Data_Daily!$BR$2:$BR$9999)/SUMIFS(Raw_Data_Daily!$D:$D, Raw_Data_Daily!$B:$B, "Variant", Raw_Data_Daily!$C:$C, "B. 1-9"),"") -> 0.71069537 | H66: =IFERROR((G66-F66)/ABS(F66),"") -> 0.11783339 | I66: =IFERROR(SUMPRODUCT((Raw_Data_Daily!$B$2:$B$9999="Control")*(Raw_Data_Daily!$C$2:$C$9999="C. 10-19")*Raw_Data_Daily!$D$2:$D$9999*Raw_Data_Daily!$BR$2:$BR$9999)/SUMIFS(Raw_Data_Daily!$D:$D, Raw_Data_Daily!$B:$B, "Control", Raw_Data_Daily!$C:$C, "C. 10-19"),"") -> 1.2822431 | J66: =IFERROR(SUMPRODUCT((Raw_Data_Daily!$B$2:$B$9999="Variant")*(Raw_Data_Daily!$C$2:$C$9999="C. 10-19")*Raw_Data_Daily!$D$2:$D$9999*Raw_Data_Daily!$BR$2:$BR$9999)/SUMIFS(Raw_Data_Daily!$D:$D, Raw_Data_Daily!$B:$B, "Variant", Raw_Data_Daily!$C:$C, "C. 10-19"),"") -> 1.360796 | K66: =IFERROR((J66-I66)/ABS(I66),"") -> 0.061262151 | L66: =IFERROR(SUMPRODUCT((Raw_Data_Daily!$B$2:$B$9999="Control")*(Raw_Data_Daily!$C$2:$C$9999="D. 20-39")*Raw_Data_Daily!$D$2:$D$9999*Raw_Data_Daily!$BR$2:$BR$9999)/SUMIFS(Raw_Data_Daily!$D:$D, Raw_Data_Daily!$B:$B, "Control", Raw_Data_Daily!$C:$C, "D. 20-39"),"") -> 1.8683392 | M66: =IFERROR(SUMPRODUCT((Raw_Data_Daily!$B$2:$B$9999="Variant")*(Raw_Data_Daily!$C$2:$C$9999="D. 20-39")*Raw_Data_Daily!$D$2:$D$9999*Raw_Data_Daily!$BR$2:$BR$9999)/SUMIFS(Raw_Data_Daily!$D:$D, Raw_Data_Daily!$B:$B, "Variant", Raw_Data_Daily!$C:$C, "D. 20-39"),"") -> 1.8012563 | N66: =IFERROR((M66-L66)/ABS(L66),"") -> -0.035905108 | O66: =IFERROR(SUMPRODUCT((Raw_Data_Daily!$B$2:$B$9999="Control")*(Raw_Data_Daily!$C$2:$C$9999="E. 40-99")*Raw_Data_Daily!$D$2:$D$9999*Raw_Data_Daily!$BR$2:$BR$9999)/SUMIFS(Raw_Data_Daily!$D:$D, Raw_Data_Daily!$B:$B, "Control", Raw_Data_Daily!$C:$C, "E. 40-99"),"") -> 2.9916281 | P66: =IFERROR(SUMPRODUCT((Raw_Data_Daily!$B$2:$B$9999="Variant")*(Raw_Data_Daily!$C$2:$C$9999="E. 40-99")*Raw_Data_Daily!$D$2:$D$9999*Raw_Data_Daily!$BR$2:$BR$9999)/SUMIFS(Raw_Data_Daily!$D:$D, Raw_Data_Daily!$B:$B, "Variant", Raw_Data_Daily!$C:$C, "E. 40-99"),"") -> 2.5942597 | Q66: =IFERROR((P66-O66)/ABS(O66),"") -> -0.13282679 | R66: =IFERROR(SUMPRODUCT((Raw_Data_Daily!$B$2:$B$9999="Control")*(Raw_Data_Daily!$C$2:$C$9999="F. 100+")*Raw_Data_Daily!$D$2:$D$9999*Raw_Data_Daily!$BR$2:$BR$9999)/SUMIFS(Raw_Data_Daily!$D:$D, Raw_Data_Daily!$B:$B, "Control", Raw_Data_Daily!$C:$C, "F. 100+"),"") -> 5.8727465 | S66: =IFERROR(SUMPRODUCT((Raw_Data_Daily!$B$2:$B$9999="Variant")*(Raw_Data_Daily!$C$2:$C$9999="F. 100+")*Raw_Data_Daily!$D$2:$D$9999*Raw_Data_Daily!$BR$2:$BR$9999)/SUMIFS(Raw_Data_Daily!$D:$D, Raw_Data_Daily!$B:$B, "Variant", Raw_Data_Daily!$C:$C, "F. 100+"),"") -> 4.4457284 | T66: =IFERROR((S66-R66)/ABS(R66),"") -> -0.24298989
B67: Red NET (gain - spend) / player | C67: =IFERROR(SUMPRODUCT((Raw_Data_Daily!$B$2:$B$9999="Control")*(Raw_Data_Daily!$C$2:$C$9999="A. 0")*Raw_Data_Daily!$D$2:$D$9999*(Raw_Data_Daily!$BO$2:$BO$9999-Raw_Data_Daily!$BR$2:$BR$9999))/SUMIFS(Raw_Data_Daily!$D:$D, Raw_Data_Daily!$B:$B, "Control", Raw_Data_Daily!$C:$C, "A. 0"),"") -> 0.041352608 | D67: =IFERROR(SUMPRODUCT((Raw_Data_Daily!$B$2:$B$9999="Variant")*(Raw_Data_Daily!$C$2:$C$9999="A. 0")*Raw_Data_Daily!$D$2:$D$9999*(Raw_Data_Daily!$BO$2:$BO$9999-Raw_Data_Daily!$BR$2:$BR$9999))/SUMIFS(Raw_Data_Daily!$D:$D, Raw_Data_Daily!$B:$B, "Variant", Raw_Data_Daily!$C:$C, "A. 0"),"") -> 0.070431007 | E67: =IFERROR((D67-C67)/ABS(C67),"") -> 0.70318176 | F67: =IFERROR(SUMPRODUCT((Raw_Data_Daily!$B$2:$B$9999="Control")*(Raw_Data_Daily!$C$2:$C$9999="B. 1-9")*Raw_Data_Daily!$D$2:$D$9999*(Raw_Data_Daily!$BO$2:$BO$9999-Raw_Data_Daily!$BR$2:$BR$9999))/SUMIFS(Raw_Data_Daily!$D:$D, Raw_Data_Daily!$B:$B, "Control", Raw_Data_Daily!$C:$C, "B. 1-9"),"") -> 0.19659572 | G67: =IFERROR(SUMPRODUCT((Raw_Data_Daily!$B$2:$B$9999="Variant")*(Raw_Data_Daily!$C$2:$C$9999="B. 1-9")*Raw_Data_Daily!$D$2:$D$9999*(Raw_Data_Daily!$BO$2:$BO$9999-Raw_Data_Daily!$BR$2:$BR$9999))/SUMIFS(Raw_Data_Daily!$D:$D, Raw_Data_Daily!$B:$B, "Variant", Raw_Data_Daily!$C:$C, "B. 1-9"),"") -> 0.37075751 | H67: =IFERROR((G67-F67)/ABS(F67),"") -> 0.88588798 | I67: =IFERROR(SUMPRODUCT((Raw_Data_Daily!$B$2:$B$9999="Control")*(Raw_Data_Daily!$C$2:$C$9999="C. 10-19")*Raw_Data_Daily!$D$2:$D$9999*(Raw_Data_Daily!$BO$2:$BO$9999-Raw_Data_Daily!$BR$2:$BR$9999))/SUMIFS(Raw_Data_Daily!$D:$D, Raw_Data_Daily!$B:$B, "Control", Raw_Data_Daily!$C:$C, "C. 10-19"),"") -> 0.29714929 | J67: =IFERROR(SUMPRODUCT((Raw_Data_Daily!$B$2:$B$9999="Variant")*(Raw_Data_Daily!$C$2:$C$9999="C. 10-19")*Raw_Data_Daily!$D$2:$D$9999*(Raw_Data_Daily!$BO$2:$BO$9999-Raw_Data_Daily!$BR$2:$BR$9999))/SUMIFS(Raw_Data_Daily!$D:$D, Raw_Data_Daily!$B:$B, "Variant", Raw_Data_Daily!$C:$C, "C. 10-19"),"") -> 0.44013871 | K67: =IFERROR((J67-I67)/ABS(I67),"") -> 0.48120399 | L67: =IFERROR(SUMPRODUCT((Raw_Data_Daily!$B$2:$B$9999="Control")*(Raw_Data_Daily!$C$2:$C$9999="D. 20-39")*Raw_Data_Daily!$D$2:$D$9999*(Raw_Data_Daily!$BO$2:$BO$9999-Raw_Data_Daily!$BR$2:$BR$9999))/SUMIFS(Raw_Data_Daily!$D:$D, Raw_Data_Daily!$B:$B, "Control", Raw_Data_Daily!$C:$C, "D. 20-39"),"") -> 0.38024328 | M67: =IFERROR(SUMPRODUCT((Raw_Data_Daily!$B$2:$B$9999="Variant")*(Raw_Data_Daily!$C$2:$C$9999="D. 20-39")*Raw_Data_Daily!$D$2:$D$9999*(Raw_Data_Daily!$BO$2:$BO$9999-Raw_Data_Daily!$BR$2:$BR$9999))/SUMIFS(Raw_Data_Daily!$D:$D, Raw_Data_Daily!$B:$B, "Variant", Raw_Data_Daily!$C:$C, "D. 20-39"),"") -> 0.52848822 | N67: =IFERROR((M67-L67)/ABS(L67),"") -> 0.38986865 | O67: =IFERROR(SUMPRODUCT((Raw_Data_Daily!$B$2:$B$9999="Control")*(Raw_Data_Daily!$C$2:$C$9999="E. 40-99")*Raw_Data_Daily!$D$2:$D$9999*(Raw_Data_Daily!$BO$2:$BO$9999-Raw_Data_Daily!$BR$2:$BR$9999))/SUMIFS(Raw_Data_Daily!$D:$D, Raw_Data_Daily!$B:$B, "Control", Raw_Data_Daily!$C:$C, "E. 40-99"),"") -> 0.42930024 | P67: =IFERROR(SUMPRODUCT((Raw_Data_Daily!$B$2:$B$9999="Variant")*(Raw_Data_Daily!$C$2:$C$9999="E. 40-99")*Raw_Data_Daily!$D$2:$D$9999*(Raw_Data_Daily!$BO$2:$BO$9999-Raw_Data_Daily!$BR$2:$BR$9999))/SUMIFS(Raw_Data_Daily!$D:$D, Raw_Data_Daily!$B:$B, "Variant", Raw_Data_Daily!$C:$C, "E. 40-99"),"") -> 0.53531116 | Q67: =IFERROR((P67-O67)/ABS(O67),"") -> 0.24693889 | R67: =IFERROR(SUMPRODUCT((Raw_Data_Daily!$B$2:$B$9999="Control")*(Raw_Data_Daily!$C$2:$C$9999="F. 100+")*Raw_Data_Daily!$D$2:$D$9999*(Raw_Data_Daily!$BO$2:$BO$9999-Raw_Data_Daily!$BR$2:$BR$9999))/SUMIFS(Raw_Data_Daily!$D:$D, Raw_Data_Daily!$B:$B, "Control", Raw_Data_Daily!$C:$C, "F. 100+"),"") -> 0.99699847 | S67: =IFERROR(SUMPRODUCT((Raw_Data_Daily!$B$2:$B$9999="Variant")*(Raw_Data_Daily!$C$2:$C$9999="F. 100+")*Raw_Data_Daily!$D$2:$D$9999*(Raw_Data_Daily!$BO$2:$BO$9999-Raw_Data_Daily!$BR$2:$BR$9999))/SUMIFS(Raw_Data_Daily!$D:$D, Raw_Data_Daily!$B:$B, "Variant", Raw_Data_Daily!$C:$C, "F. 100+"),"") -> 0.63370802 | T67: =IFERROR((S67-R67)/ABS(R67),"") -> -0.36438415
A68: Chuck
B69: Chuck gain total / player | C69: =IFERROR(SUMPRODUCT((Raw_Data_Daily!$B$2:$B$9999="Control")*(Raw_Data_Daily!$C$2:$C$9999="A. 0")*Raw_Data_Daily!$D$2:$D$9999*Raw_Data_Daily!$BS$2:$BS$9999)/SUMIFS(Raw_Data_Daily!$D:$D, Raw_Data_Daily!$B:$B, "Control", Raw_Data_Daily!$C:$C, "A. 0"),"") -> 0.30712293 | D69: =IFERROR(SUMPRODUCT((Raw_Data_Daily!$B$2:$B$9999="Variant")*(Raw_Data_Daily!$C$2:$C$9999="A. 0")*Raw_Data_Daily!$D$2:$D$9999*Raw_Data_Daily!$BS$2:$BS$9999)/SUMIFS(Raw_Data_Daily!$D:$D, Raw_Data_Daily!$B:$B, "Variant", Raw_Data_Daily!$C:$C, "A. 0"),"") -> 0.34673627 | E69: =IFERROR((D69-C69)/ABS(C69),"") -> 0.12898204 | F69: =IFERROR(SUMPRODUCT((Raw_Data_Daily!$B$2:$B$9999="Control")*(Raw_Data_Daily!$C$2:$C$9999="B. 1-9")*Raw_Data_Daily!$D$2:$D$9999*Raw_Data_Daily!$BS$2:$BS$9999)/SUMIFS(Raw_Data_Daily!$D:$D, Raw_Data_Daily!$B:$B, "Control", Raw_Data_Daily!$C:$C, "B. 1-9"),"") -> 0.84485374 | G69: =IFERROR(SUMPRODUCT((Raw_Data_Daily!$B$2:$B$9999="Variant")*(Raw_Data_Daily!$C$2:$C$9999="B. 1-9")*Raw_Data_Daily!$D$2:$D$9999*Raw_Data_Daily!$BS$2:$BS$9999)/SUMIFS(Raw_Data_Daily!$D:$D, Raw_Data_Daily!$B:$B, "Variant", Raw_Data_Daily!$C:$C, "B. 1-9"),"") -> 0.99144291 | H69: =IFERROR((G69-F69)/ABS(F69),"") -> 0.17350833 | I69: =IFERROR(SUMPRODUCT((Raw_Data_Daily!$B$2:$B$9999="Control")*(Raw_Data_Daily!$C$2:$C$9999="C. 10-19")*Raw_Data_Daily!$D$2:$D$9999*Raw_Data_Daily!$BS$2:$BS$9999)/SUMIFS(Raw_Data_Daily!$D:$D, Raw_Data_Daily!$B:$B, "Control", Raw_Data_Daily!$C:$C, "C. 10-19"),"") -> 1.563499 | J69: =IFERROR(SUMPRODUCT((Raw_Data_Daily!$B$2:$B$9999="Variant")*(Raw_Data_Daily!$C$2:$C$9999="C. 10-19")*Raw_Data_Daily!$D$2:$D$9999*Raw_Data_Daily!$BS$2:$BS$9999)/SUMIFS(Raw_Data_Daily!$D:$D, Raw_Data_Daily!$B:$B, "Variant", Raw_Data_Daily!$C:$C, "C. 10-19"),"") -> 1.7646272 | K69: =IFERROR((J69-I69)/ABS(I69),"") -> 0.12863982 | L69: =IFERROR(SUMPRODUCT((Raw_Data_Daily!$B$2:$B$9999="Control")*(Raw_Data_Daily!$C$2:$C$9999="D. 20-39")*Raw_Data_Daily!$D$2:$D$9999*Raw_Data_Daily!$BS$2:$BS$9999)/SUMIFS(Raw_Data_Daily!$D:$D, Raw_Data_Daily!$B:$B, "Control", Raw_Data_Daily!$C:$C, "D. 20-39"),"") -> 2.3501081 | M69: =IFERROR(SUMPRODUCT((Raw_Data_Daily!$B$2:$B$9999="Variant")*(Raw_Data_Daily!$C$2:$C$9999="D. 20-39")*Raw_Data_Daily!$D$2:$D$9999*Raw_Data_Daily!$BS$2:$BS$9999)/SUMIFS(Raw_Data_Daily!$D:$D, Raw_Data_Daily!$B:$B, "Variant", Raw_Data_Daily!$C:$C, "D. 20-39"),"") -> 2.4210179 | N69: =IFERROR((M69-L69)/ABS(L69),"") -> 0.030173007 | O69: =IFERROR(SUMPRODUCT((Raw_Data_Daily!$B$2:$B$9999="Control")*(Raw_Data_Daily!$C$2:$C$9999="E. 40-99")*Raw_Data_Daily!$D$2:$D$9999*Raw_Data_Daily!$BS$2:$BS$9999)/SUMIFS(Raw_Data_Daily!$D:$D, Raw_Data_Daily!$B:$B, "Control", Raw_Data_Daily!$C:$C, "E. 40-99"),"") -> 3.5734874 | P69: =IFERROR(SUMPRODUCT((Raw_Data_Daily!$B$2:$B$9999="Variant")*(Raw_Data_Daily!$C$2:$C$9999="E. 40-99")*Raw_Data_Daily!$D$2:$D$9999*Raw_Data_Daily!$BS$2:$BS$9999)/SUMIFS(Raw_Data_Daily!$D:$D, Raw_Data_Daily!$B:$B, "Variant", Raw_Data_Daily!$C:$C, "E. 40-99"),"") -> 3.3314213 | Q69: =IFERROR((P69-O69)/ABS(O69),"") -> -0.067739476 | R69: =IFERROR(SUMPRODUCT((Raw_Data_Daily!$B$2:$B$9999="Control")*(Raw_Data_Daily!$C$2:$C$9999="F. 100+")*Raw_Data_Daily!$D$2:$D$9999*Raw_Data_Daily!$BS$2:$BS$9999)/SUMIFS(Raw_Data_Daily!$D:$D, Raw_Data_Daily!$B:$B, "Control", Raw_Data_Daily!$C:$C, "F. 100+"),"") -> 7.2859578 | S69: =IFERROR(SUMPRODUCT((Raw_Data_Daily!$B$2:$B$9999="Variant")*(Raw_Data_Daily!$C$2:$C$9999="F. 100+")*Raw_Data_Daily!$D$2:$D$9999*Raw_Data_Daily!$BS$2:$BS$9999)/SUMIFS(Raw_Data_Daily!$D:$D, Raw_Data_Daily!$B:$B, "Variant", Raw_Data_Daily!$C:$C, "F. 100+"),"") -> 5.5139442 | T69: =IFERROR((S69-R69)/ABS(R69),"") -> -0.24320942
B70: Chuck gain PAID / player | C70: =IFERROR(SUMPRODUCT((Raw_Data_Daily!$B$2:$B$9999="Control")*(Raw_Data_Daily!$C$2:$C$9999="A. 0")*Raw_Data_Daily!$D$2:$D$9999*Raw_Data_Daily!$BT$2:$BT$9999)/SUMIFS(Raw_Data_Daily!$D:$D, Raw_Data_Daily!$B:$B, "Control", Raw_Data_Daily!$C:$C, "A. 0"),"") -> 0.013441675 | D70: =IFERROR(SUMPRODUCT((Raw_Data_Daily!$B$2:$B$9999="Variant")*(Raw_Data_Daily!$C$2:$C$9999="A. 0")*Raw_Data_Daily!$D$2:$D$9999*Raw_Data_Daily!$BT$2:$BT$9999)/SUMIFS(Raw_Data_Daily!$D:$D, Raw_Data_Daily!$B:$B, "Variant", Raw_Data_Daily!$C:$C, "A. 0"),"") -> 0.013012344 | E70: =IFERROR((D70-C70)/ABS(C70),"") -> -0.031940276 | F70: =IFERROR(SUMPRODUCT((Raw_Data_Daily!$B$2:$B$9999="Control")*(Raw_Data_Daily!$C$2:$C$9999="B. 1-9")*Raw_Data_Daily!$D$2:$D$9999*Raw_Data_Daily!$BT$2:$BT$9999)/SUMIFS(Raw_Data_Daily!$D:$D, Raw_Data_Daily!$B:$B, "Control", Raw_Data_Daily!$C:$C, "B. 1-9"),"") -> 0.0067395815 | G70: =IFERROR(SUMPRODUCT((Raw_Data_Daily!$B$2:$B$9999="Variant")*(Raw_Data_Daily!$C$2:$C$9999="B. 1-9")*Raw_Data_Daily!$D$2:$D$9999*Raw_Data_Daily!$BT$2:$BT$9999)/SUMIFS(Raw_Data_Daily!$D:$D, Raw_Data_Daily!$B:$B, "Variant", Raw_Data_Daily!$C:$C, "B. 1-9"),"") -> 0.0060402937 | H70: =IFERROR((G70-F70)/ABS(F70),"") -> -0.10375834 | I70: =IFERROR(SUMPRODUCT((Raw_Data_Daily!$B$2:$B$9999="Control")*(Raw_Data_Daily!$C$2:$C$9999="C. 10-19")*Raw_Data_Daily!$D$2:$D$9999*Raw_Data_Daily!$BT$2:$BT$9999)/SUMIFS(Raw_Data_Daily!$D:$D, Raw_Data_Daily!$B:$B, "Control", Raw_Data_Daily!$C:$C, "C. 10-19"),"") -> 0.025741689 | J70: =IFERROR(SUMPRODUCT((Raw_Data_Daily!$B$2:$B$9999="Variant")*(Raw_Data_Daily!$C$2:$C$9999="C. 10-19")*Raw_Data_Daily!$D$2:$D$9999*Raw_Data_Daily!$BT$2:$BT$9999)/SUMIFS(Raw_Data_Daily!$D:$D, Raw_Data_Daily!$B:$B, "Variant", Raw_Data_Daily!$C:$C, "C. 10-19"),"") -> 0.018094334 | K70: =IFERROR((J70-I70)/ABS(I70),"") -> -0.29708053 | L70: =IFERROR(SUMPRODUCT((Raw_Data_Daily!$B$2:$B$9999="Control")*(Raw_Data_Daily!$C$2:$C$9999="D. 20-39")*Raw_Data_Daily!$D$2:$D$9999*Raw_Data_Daily!$BT$2:$BT$9999)/SUMIFS(Raw_Data_Daily!$D:$D, Raw_Data_Daily!$B:$B, "Control", Raw_Data_Daily!$C:$C, "D. 20-39"),"") -> 0.047427685 | M70: =IFERROR(SUMPRODUCT((Raw_Data_Daily!$B$2:$B$9999="Variant")*(Raw_Data_Daily!$C$2:$C$9999="D. 20-39")*Raw_Data_Daily!$D$2:$D$9999*Raw_Data_Daily!$BT$2:$BT$9999)/SUMIFS(Raw_Data_Daily!$D:$D, Raw_Data_Daily!$B:$B, "Variant", Raw_Data_Daily!$C:$C, "D. 20-39"),"") -> 0.043048967 | N70: =IFERROR((M70-L70)/ABS(L70),"") -> -0.092324078 | O70: =IFERROR(SUMPRODUCT((Raw_Data_Daily!$B$2:$B$9999="Control")*(Raw_Data_Daily!$C$2:$C$9999="E. 40-99")*Raw_Data_Daily!$D$2:$D$9999*Raw_Data_Daily!$BT$2:$BT$9999)/SUMIFS(Raw_Data_Daily!$D:$D, Raw_Data_Daily!$B:$B, "Control", Raw_Data_Daily!$C:$C, "E. 40-99"),"") -> 0.072472309 | P70: =IFERROR(SUMPRODUCT((Raw_Data_Daily!$B$2:$B$9999="Variant")*(Raw_Data_Daily!$C$2:$C$9999="E. 40-99")*Raw_Data_Daily!$D$2:$D$9999*Raw_Data_Daily!$BT$2:$BT$9999)/SUMIFS(Raw_Data_Daily!$D:$D, Raw_Data_Daily!$B:$B, "Variant", Raw_Data_Daily!$C:$C, "E. 40-99"),"") -> 0.11171225 | Q70: =IFERROR((P70-O70)/ABS(O70),"") -> 0.54144736 | R70: =IFERROR(SUMPRODUCT((Raw_Data_Daily!$B$2:$B$9999="Control")*(Raw_Data_Daily!$C$2:$C$9999="F. 100+")*Raw_Data_Daily!$D$2:$D$9999*Raw_Data_Daily!$BT$2:$BT$9999)/SUMIFS(Raw_Data_Daily!$D:$D, Raw_Data_Daily!$B:$B, "Control", Raw_Data_Daily!$C:$C, "F. 100+"),"") -> 0.21223653 | S70: =IFERROR(SUMPRODUCT((Raw_Data_Daily!$B$2:$B$9999="Variant")*(Raw_Data_Daily!$C$2:$C$9999="F. 100+")*Raw_Data_Daily!$D$2:$D$9999*Raw_Data_Daily!$BT$2:$BT$9999)/SUMIFS(Raw_Data_Daily!$D:$D, Raw_Data_Daily!$B:$B, "Variant", Raw_Data_Daily!$C:$C, "F. 100+"),"") -> 0.31890374 | T70: =IFERROR((S70-R70)/ABS(R70),"") -> 0.50258651
B71: Chuck gain FREE / player | C71: =IFERROR(SUMPRODUCT((Raw_Data_Daily!$B$2:$B$9999="Control")*(Raw_Data_Daily!$C$2:$C$9999="A. 0")*Raw_Data_Daily!$D$2:$D$9999*Raw_Data_Daily!$BU$2:$BU$9999)/SUMIFS(Raw_Data_Daily!$D:$D, Raw_Data_Daily!$B:$B, "Control", Raw_Data_Daily!$C:$C, "A. 0"),"") -> 0.29369636 | D71: =IFERROR(SUMPRODUCT((Raw_Data_Daily!$B$2:$B$9999="Variant")*(Raw_Data_Daily!$C$2:$C$9999="A. 0")*Raw_Data_Daily!$D$2:$D$9999*Raw_Data_Daily!$BU$2:$BU$9999)/SUMIFS(Raw_Data_Daily!$D:$D, Raw_Data_Daily!$B:$B, "Variant", Raw_Data_Daily!$C:$C, "A. 0"),"") -> 0.33373824 | E71: =IFERROR((D71-C71)/ABS(C71),"") -> 0.13633768 | F71: =IFERROR(SUMPRODUCT((Raw_Data_Daily!$B$2:$B$9999="Control")*(Raw_Data_Daily!$C$2:$C$9999="B. 1-9")*Raw_Data_Daily!$D$2:$D$9999*Raw_Data_Daily!$BU$2:$BU$9999)/SUMIFS(Raw_Data_Daily!$D:$D, Raw_Data_Daily!$B:$B, "Control", Raw_Data_Daily!$C:$C, "B. 1-9"),"") -> 0.83815087 | G71: =IFERROR(SUMPRODUCT((Raw_Data_Daily!$B$2:$B$9999="Variant")*(Raw_Data_Daily!$C$2:$C$9999="B. 1-9")*Raw_Data_Daily!$D$2:$D$9999*Raw_Data_Daily!$BU$2:$BU$9999)/SUMIFS(Raw_Data_Daily!$D:$D, Raw_Data_Daily!$B:$B, "Variant", Raw_Data_Daily!$C:$C, "B. 1-9"),"") -> 0.98542412 | H71: =IFERROR((G71-F71)/ABS(F71),"") -> 0.1757121 | I71: =IFERROR(SUMPRODUCT((Raw_Data_Daily!$B$2:$B$9999="Control")*(Raw_Data_Daily!$C$2:$C$9999="C. 10-19")*Raw_Data_Daily!$D$2:$D$9999*Raw_Data_Daily!$BU$2:$BU$9999)/SUMIFS(Raw_Data_Daily!$D:$D, Raw_Data_Daily!$B:$B, "Control", Raw_Data_Daily!$C:$C, "C. 10-19"),"") -> 1.5377573 | J71: =IFERROR(SUMPRODUCT((Raw_Data_Daily!$B$2:$B$9999="Variant")*(Raw_Data_Daily!$C$2:$C$9999="C. 10-19")*Raw_Data_Daily!$D$2:$D$9999*Raw_Data_Daily!$BU$2:$BU$9999)/SUMIFS(Raw_Data_Daily!$D:$D, Raw_Data_Daily!$B:$B, "Variant", Raw_Data_Daily!$C:$C, "C. 10-19"),"") -> 1.7465321 | K71: =IFERROR((J71-I71)/ABS(I71),"") -> 0.13576579 | L71: =IFERROR(SUMPRODUCT((Raw_Data_Daily!$B$2:$B$9999="Control")*(Raw_Data_Daily!$C$2:$C$9999="D. 20-39")*Raw_Data_Daily!$D$2:$D$9999*Raw_Data_Daily!$BU$2:$BU$9999)/SUMIFS(Raw_Data_Daily!$D:$D, Raw_Data_Daily!$B:$B, "Control", Raw_Data_Daily!$C:$C, "D. 20-39"),"") -> 2.3026956 | M71: =IFERROR(SUMPRODUCT((Raw_Data_Daily!$B$2:$B$9999="Variant")*(Raw_Data_Daily!$C$2:$C$9999="D. 20-39")*Raw_Data_Daily!$D$2:$D$9999*Raw_Data_Daily!$BU$2:$BU$9999)/SUMIFS(Raw_Data_Daily!$D:$D, Raw_Data_Daily!$B:$B, "Variant", Raw_Data_Daily!$C:$C, "D. 20-39"),"") -> 2.3779486 | N71: =IFERROR((M71-L71)/ABS(L71),"") -> 0.032680395 | O71: =IFERROR(SUMPRODUCT((Raw_Data_Daily!$B$2:$B$9999="Control")*(Raw_Data_Daily!$C$2:$C$9999="E. 40-99")*Raw_Data_Daily!$D$2:$D$9999*Raw_Data_Daily!$BU$2:$BU$9999)/SUMIFS(Raw_Data_Daily!$D:$D, Raw_Data_Daily!$B:$B, "Control", Raw_Data_Daily!$C:$C, "E. 40-99"),"") -> 3.50103 | P71: =IFERROR(SUMPRODUCT((Raw_Data_Daily!$B$2:$B$9999="Variant")*(Raw_Data_Daily!$C$2:$C$9999="E. 40-99")*Raw_Data_Daily!$D$2:$D$9999*Raw_Data_Daily!$BU$2:$BU$9999)/SUMIFS(Raw_Data_Daily!$D:$D, Raw_Data_Daily!$B:$B, "Variant", Raw_Data_Daily!$C:$C, "E. 40-99"),"") -> 3.219709 | Q71: =IFERROR((P71-O71)/ABS(O71),"") -> -0.080353773 | R71: =IFERROR(SUMPRODUCT((Raw_Data_Daily!$B$2:$B$9999="Control")*(Raw_Data_Daily!$C$2:$C$9999="F. 100+")*Raw_Data_Daily!$D$2:$D$9999*Raw_Data_Daily!$BU$2:$BU$9999)/SUMIFS(Raw_Data_Daily!$D:$D, Raw_Data_Daily!$B:$B, "Control", Raw_Data_Daily!$C:$C, "F. 100+"),"") -> 7.0737356 | S71: =IFERROR(SUMPRODUCT((Raw_Data_Daily!$B$2:$B$9999="Variant")*(Raw_Data_Daily!$C$2:$C$9999="F. 100+")*Raw_Data_Daily!$D$2:$D$9999*Raw_Data_Daily!$BU$2:$BU$9999)/SUMIFS(Raw_Data_Daily!$D:$D, Raw_Data_Daily!$B:$B, "Variant", Raw_Data_Daily!$C:$C, "F. 100+"),"") -> 5.1950043 | T71: =IFERROR((S71-R71)/ABS(R71),"") -> -0.26559252
B72: Chuck spent / player | C72: =IFERROR(SUMPRODUCT((Raw_Data_Daily!$B$2:$B$9999="Control")*(Raw_Data_Daily!$C$2:$C$9999="A. 0")*Raw_Data_Daily!$D$2:$D$9999*Raw_Data_Daily!$BV$2:$BV$9999)/SUMIFS(Raw_Data_Daily!$D:$D, Raw_Data_Daily!$B:$B, "Control", Raw_Data_Daily!$C:$C, "A. 0"),"") -> 0.23150231 | D72: =IFERROR(SUMPRODUCT((Raw_Data_Daily!$B$2:$B$9999="Variant")*(Raw_Data_Daily!$C$2:$C$9999="A. 0")*Raw_Data_Daily!$D$2:$D$9999*Raw_Data_Daily!$BV$2:$BV$9999)/SUMIFS(Raw_Data_Daily!$D:$D, Raw_Data_Daily!$B:$B, "Variant", Raw_Data_Daily!$C:$C, "A. 0"),"") -> 0.25566378 | E72: =IFERROR((D72-C72)/ABS(C72),"") -> 0.10436818 | F72: =IFERROR(SUMPRODUCT((Raw_Data_Daily!$B$2:$B$9999="Control")*(Raw_Data_Daily!$C$2:$C$9999="B. 1-9")*Raw_Data_Daily!$D$2:$D$9999*Raw_Data_Daily!$BV$2:$BV$9999)/SUMIFS(Raw_Data_Daily!$D:$D, Raw_Data_Daily!$B:$B, "Control", Raw_Data_Daily!$C:$C, "B. 1-9"),"") -> 0.59441691 | G72: =IFERROR(SUMPRODUCT((Raw_Data_Daily!$B$2:$B$9999="Variant")*(Raw_Data_Daily!$C$2:$C$9999="B. 1-9")*Raw_Data_Daily!$D$2:$D$9999*Raw_Data_Daily!$BV$2:$BV$9999)/SUMIFS(Raw_Data_Daily!$D:$D, Raw_Data_Daily!$B:$B, "Variant", Raw_Data_Daily!$C:$C, "B. 1-9"),"") -> 0.64557494 | H72: =IFERROR((G72-F72)/ABS(F72),"") -> 0.08606421 | I72: =IFERROR(SUMPRODUCT((Raw_Data_Daily!$B$2:$B$9999="Control")*(Raw_Data_Daily!$C$2:$C$9999="C. 10-19")*Raw_Data_Daily!$D$2:$D$9999*Raw_Data_Daily!$BV$2:$BV$9999)/SUMIFS(Raw_Data_Daily!$D:$D, Raw_Data_Daily!$B:$B, "Control", Raw_Data_Daily!$C:$C, "C. 10-19"),"") -> 1.2271359 | J72: =IFERROR(SUMPRODUCT((Raw_Data_Daily!$B$2:$B$9999="Variant")*(Raw_Data_Daily!$C$2:$C$9999="C. 10-19")*Raw_Data_Daily!$D$2:$D$9999*Raw_Data_Daily!$BV$2:$BV$9999)/SUMIFS(Raw_Data_Daily!$D:$D, Raw_Data_Daily!$B:$B, "Variant", Raw_Data_Daily!$C:$C, "C. 10-19"),"") -> 1.2795698 | K72: =IFERROR((J72-I72)/ABS(I72),"") -> 0.042728694 | L72: =IFERROR(SUMPRODUCT((Raw_Data_Daily!$B$2:$B$9999="Control")*(Raw_Data_Daily!$C$2:$C$9999="D. 20-39")*Raw_Data_Daily!$D$2:$D$9999*Raw_Data_Daily!$BV$2:$BV$9999)/SUMIFS(Raw_Data_Daily!$D:$D, Raw_Data_Daily!$B:$B, "Control", Raw_Data_Daily!$C:$C, "D. 20-39"),"") -> 1.9102055 | M72: =IFERROR(SUMPRODUCT((Raw_Data_Daily!$B$2:$B$9999="Variant")*(Raw_Data_Daily!$C$2:$C$9999="D. 20-39")*Raw_Data_Daily!$D$2:$D$9999*Raw_Data_Daily!$BV$2:$BV$9999)/SUMIFS(Raw_Data_Daily!$D:$D, Raw_Data_Daily!$B:$B, "Variant", Raw_Data_Daily!$C:$C, "D. 20-39"),"") -> 1.8058465 | N72: =IFERROR((M72-L72)/ABS(L72),"") -> -0.054632378 | O72: =IFERROR(SUMPRODUCT((Raw_Data_Daily!$B$2:$B$9999="Control")*(Raw_Data_Daily!$C$2:$C$9999="E. 40-99")*Raw_Data_Daily!$D$2:$D$9999*Raw_Data_Daily!$BV$2:$BV$9999)/SUMIFS(Raw_Data_Daily!$D:$D, Raw_Data_Daily!$B:$B, "Control", Raw_Data_Daily!$C:$C, "E. 40-99"),"") -> 3.1041365 | P72: =IFERROR(SUMPRODUCT((Raw_Data_Daily!$B$2:$B$9999="Variant")*(Raw_Data_Daily!$C$2:$C$9999="E. 40-99")*Raw_Data_Daily!$D$2:$D$9999*Raw_Data_Daily!$BV$2:$BV$9999)/SUMIFS(Raw_Data_Daily!$D:$D, Raw_Data_Daily!$B:$B, "Variant", Raw_Data_Daily!$C:$C, "E. 40-99"),"") -> 2.6674113 | Q72: =IFERROR((P72-O72)/ABS(O72),"") -> -0.14069134 | R72: =IFERROR(SUMPRODUCT((Raw_Data_Daily!$B$2:$B$9999="Control")*(Raw_Data_Daily!$C$2:$C$9999="F. 100+")*Raw_Data_Daily!$D$2:$D$9999*Raw_Data_Daily!$BV$2:$BV$9999)/SUMIFS(Raw_Data_Daily!$D:$D, Raw_Data_Daily!$B:$B, "Control", Raw_Data_Daily!$C:$C, "F. 100+"),"") -> 6.0729799 | S72: =IFERROR(SUMPRODUCT((Raw_Data_Daily!$B$2:$B$9999="Variant")*(Raw_Data_Daily!$C$2:$C$9999="F. 100+")*Raw_Data_Daily!$D$2:$D$9999*Raw_Data_Daily!$BV$2:$BV$9999)/SUMIFS(Raw_Data_Daily!$D:$D, Raw_Data_Daily!$B:$B, "Variant", Raw_Data_Daily!$C:$C, "F. 100+"),"") -> 4.7384567 | T72: =IFERROR((S72-R72)/ABS(R72),"") -> -0.21974768
B73: Chuck NET (gain - spend) / player | C73: =IFERROR(SUMPRODUCT((Raw_Data_Daily!$B$2:$B$9999="Control")*(Raw_Data_Daily!$C$2:$C$9999="A. 0")*Raw_Data_Daily!$D$2:$D$9999*(Raw_Data_Daily!$BS$2:$BS$9999-Raw_Data_Daily!$BV$2:$BV$9999))/SUMIFS(Raw_Data_Daily!$D:$D, Raw_Data_Daily!$B:$B, "Control", Raw_Data_Daily!$C:$C, "A. 0"),"") -> 0.075620619 | D73: =IFERROR(SUMPRODUCT((Raw_Data_Daily!$B$2:$B$9999="Variant")*(Raw_Data_Daily!$C$2:$C$9999="A. 0")*Raw_Data_Daily!$D$2:$D$9999*(Raw_Data_Daily!$BS$2:$BS$9999-Raw_Data_Daily!$BV$2:$BV$9999))/SUMIFS(Raw_Data_Daily!$D:$D, Raw_Data_Daily!$B:$B, "Variant", Raw_Data_Daily!$C:$C, "A. 0"),"") -> 0.091072485 | E73: =IFERROR((D73-C73)/ABS(C73),"") -> 0.20433403 | F73: =IFERROR(SUMPRODUCT((Raw_Data_Daily!$B$2:$B$9999="Control")*(Raw_Data_Daily!$C$2:$C$9999="B. 1-9")*Raw_Data_Daily!$D$2:$D$9999*(Raw_Data_Daily!$BS$2:$BS$9999-Raw_Data_Daily!$BV$2:$BV$9999))/SUMIFS(Raw_Data_Daily!$D:$D, Raw_Data_Daily!$B:$B, "Control", Raw_Data_Daily!$C:$C, "B. 1-9"),"") -> 0.25043683 | G73: =IFERROR(SUMPRODUCT((Raw_Data_Daily!$B$2:$B$9999="Variant")*(Raw_Data_Daily!$C$2:$C$9999="B. 1-9")*Raw_Data_Daily!$D$2:$D$9999*(Raw_Data_Daily!$BS$2:$BS$9999-Raw_Data_Daily!$BV$2:$BV$9999))/SUMIFS(Raw_Data_Daily!$D:$D, Raw_Data_Daily!$B:$B, "Variant", Raw_Data_Daily!$C:$C, "B. 1-9"),"") -> 0.34586797 | H73: =IFERROR((G73-F73)/ABS(F73),"") -> 0.38105874 | I73: =IFERROR(SUMPRODUCT((Raw_Data_Daily!$B$2:$B$9999="Control")*(Raw_Data_Daily!$C$2:$C$9999="C. 10-19")*Raw_Data_Daily!$D$2:$D$9999*(Raw_Data_Daily!$BS$2:$BS$9999-Raw_Data_Daily!$BV$2:$BV$9999))/SUMIFS(Raw_Data_Daily!$D:$D, Raw_Data_Daily!$B:$B, "Control", Raw_Data_Daily!$C:$C, "C. 10-19"),"") -> 0.33636306 | J73: =IFERROR(SUMPRODUCT((Raw_Data_Daily!$B$2:$B$9999="Variant")*(Raw_Data_Daily!$C$2:$C$9999="C. 10-19")*Raw_Data_Daily!$D$2:$D$9999*(Raw_Data_Daily!$BS$2:$BS$9999-Raw_Data_Daily!$BV$2:$BV$9999))/SUMIFS(Raw_Data_Daily!$D:$D, Raw_Data_Daily!$B:$B, "Variant", Raw_Data_Daily!$C:$C, "C. 10-19"),"") -> 0.48505738 | K73: =IFERROR((J73-I73)/ABS(I73),"") -> 0.44206492 | L73: =IFERROR(SUMPRODUCT((Raw_Data_Daily!$B$2:$B$9999="Control")*(Raw_Data_Daily!$C$2:$C$9999="D. 20-39")*Raw_Data_Daily!$D$2:$D$9999*(Raw_Data_Daily!$BS$2:$BS$9999-Raw_Data_Daily!$BV$2:$BV$9999))/SUMIFS(Raw_Data_Daily!$D:$D, Raw_Data_Daily!$B:$B, "Control", Raw_Data_Daily!$C:$C, "D. 20-39"),"") -> 0.43990258 | M73: =IFERROR(SUMPRODUCT((Raw_Data_Daily!$B$2:$B$9999="Variant")*(Raw_Data_Daily!$C$2:$C$9999="D. 20-39")*Raw_Data_Daily!$D$2:$D$9999*(Raw_Data_Daily!$BS$2:$BS$9999-Raw_Data_Daily!$BV$2:$BV$9999))/SUMIFS(Raw_Data_Daily!$D:$D, Raw_Data_Daily!$B:$B, "Variant", Raw_Data_Daily!$C:$C, "D. 20-39"),"") -> 0.61517147 | N73: =IFERROR((M73-L73)/ABS(L73),"") -> 0.39842663 | O73: =IFERROR(SUMPRODUCT((Raw_Data_Daily!$B$2:$B$9999="Control")*(Raw_Data_Daily!$C$2:$C$9999="E. 40-99")*Raw_Data_Daily!$D$2:$D$9999*(Raw_Data_Daily!$BS$2:$BS$9999-Raw_Data_Daily!$BV$2:$BV$9999))/SUMIFS(Raw_Data_Daily!$D:$D, Raw_Data_Daily!$B:$B, "Control", Raw_Data_Daily!$C:$C, "E. 40-99"),"") -> 0.46935097 | P73: =IFERROR(SUMPRODUCT((Raw_Data_Daily!$B$2:$B$9999="Variant")*(Raw_Data_Daily!$C$2:$C$9999="E. 40-99")*Raw_Data_Daily!$D$2:$D$9999*(Raw_Data_Daily!$BS$2:$BS$9999-Raw_Data_Daily!$BV$2:$BV$9999))/SUMIFS(Raw_Data_Daily!$D:$D, Raw_Data_Daily!$B:$B, "Variant", Raw_Data_Daily!$C:$C, "E. 40-99"),"") -> 0.66400992 | Q73: =IFERROR((P73-O73)/ABS(O73),"") -> 0.41474069 | R73: =IFERROR(SUMPRODUCT((Raw_Data_Daily!$B$2:$B$9999="Control")*(Raw_Data_Daily!$C$2:$C$9999="F. 100+")*Raw_Data_Daily!$D$2:$D$9999*(Raw_Data_Daily!$BS$2:$BS$9999-Raw_Data_Daily!$BV$2:$BV$9999))/SUMIFS(Raw_Data_Daily!$D:$D, Raw_Data_Daily!$B:$B, "Control", Raw_Data_Daily!$C:$C, "F. 100+"),"") -> 1.2129779 | S73: =IFERROR(SUMPRODUCT((Raw_Data_Daily!$B$2:$B$9999="Variant")*(Raw_Data_Daily!$C$2:$C$9999="F. 100+")*Raw_Data_Daily!$D$2:$D$9999*(Raw_Data_Daily!$BS$2:$BS$9999-Raw_Data_Daily!$BV$2:$BV$9999))/SUMIFS(Raw_Data_Daily!$D:$D, Raw_Data_Daily!$B:$B, "Variant", Raw_Data_Daily!$C:$C, "F. 100+"),"") -> 0.77548757 | T73: =IFERROR((S73-R73)/ABS(R73),"") -> -0.3606746
A74: Bomb
B75: Bomb gain total / player | C75: =IFERROR(SUMPRODUCT((Raw_Data_Daily!$B$2:$B$9999="Control")*(Raw_Data_Daily!$C$2:$C$9999="A. 0")*Raw_Data_Daily!$D$2:$D$9999*Raw_Data_Daily!$BW$2:$BW$9999)/SUMIFS(Raw_Data_Daily!$D:$D, Raw_Data_Daily!$B:$B, "Control", Raw_Data_Daily!$C:$C, "A. 0"),"") -> 0.20037359 | D75: =IFERROR(SUMPRODUCT((Raw_Data_Daily!$B$2:$B$9999="Variant")*(Raw_Data_Daily!$C$2:$C$9999="A. 0")*Raw_Data_Daily!$D$2:$D$9999*Raw_Data_Daily!$BW$2:$BW$9999)/SUMIFS(Raw_Data_Daily!$D:$D, Raw_Data_Daily!$B:$B, "Variant", Raw_Data_Daily!$C:$C, "A. 0"),"") -> 0.22905005 | E75: =IFERROR((D75-C75)/ABS(C75),"") -> 0.14311498 | F75: =IFERROR(SUMPRODUCT((Raw_Data_Daily!$B$2:$B$9999="Control")*(Raw_Data_Daily!$C$2:$C$9999="B. 1-9")*Raw_Data_Daily!$D$2:$D$9999*Raw_Data_Daily!$BW$2:$BW$9999)/SUMIFS(Raw_Data_Daily!$D:$D, Raw_Data_Daily!$B:$B, "Control", Raw_Data_Daily!$C:$C, "B. 1-9"),"") -> 0.39911519 | G75: =IFERROR(SUMPRODUCT((Raw_Data_Daily!$B$2:$B$9999="Variant")*(Raw_Data_Daily!$C$2:$C$9999="B. 1-9")*Raw_Data_Daily!$D$2:$D$9999*Raw_Data_Daily!$BW$2:$BW$9999)/SUMIFS(Raw_Data_Daily!$D:$D, Raw_Data_Daily!$B:$B, "Variant", Raw_Data_Daily!$C:$C, "B. 1-9"),"") -> 0.31384245 | H75: =IFERROR((G75-F75)/ABS(F75),"") -> -0.21365447 | I75: =IFERROR(SUMPRODUCT((Raw_Data_Daily!$B$2:$B$9999="Control")*(Raw_Data_Daily!$C$2:$C$9999="C. 10-19")*Raw_Data_Daily!$D$2:$D$9999*Raw_Data_Daily!$BW$2:$BW$9999)/SUMIFS(Raw_Data_Daily!$D:$D, Raw_Data_Daily!$B:$B, "Control", Raw_Data_Daily!$C:$C, "C. 10-19"),"") -> 0.875502 | J75: =IFERROR(SUMPRODUCT((Raw_Data_Daily!$B$2:$B$9999="Variant")*(Raw_Data_Daily!$C$2:$C$9999="C. 10-19")*Raw_Data_Daily!$D$2:$D$9999*Raw_Data_Daily!$BW$2:$BW$9999)/SUMIFS(Raw_Data_Daily!$D:$D, Raw_Data_Daily!$B:$B, "Variant", Raw_Data_Daily!$C:$C, "C. 10-19"),"") -> 0.7306797 | K75: =IFERROR((J75-I75)/ABS(I75),"") -> -0.1654163 | L75: =IFERROR(SUMPRODUCT((Raw_Data_Daily!$B$2:$B$9999="Control")*(Raw_Data_Daily!$C$2:$C$9999="D. 20-39")*Raw_Data_Daily!$D$2:$D$9999*Raw_Data_Daily!$BW$2:$BW$9999)/SUMIFS(Raw_Data_Daily!$D:$D, Raw_Data_Daily!$B:$B, "Control", Raw_Data_Daily!$C:$C, "D. 20-39"),"") -> 1.5469752 | M75: =IFERROR(SUMPRODUCT((Raw_Data_Daily!$B$2:$B$9999="Variant")*(Raw_Data_Daily!$C$2:$C$9999="D. 20-39")*Raw_Data_Daily!$D$2:$D$9999*Raw_Data_Daily!$BW$2:$BW$9999)/SUMIFS(Raw_Data_Daily!$D:$D, Raw_Data_Daily!$B:$B, "Variant", Raw_Data_Daily!$C:$C, "D. 20-39"),"") -> 1.4122145 | N75: =IFERROR((M75-L75)/ABS(L75),"") -> -0.087112342 | O75: =IFERROR(SUMPRODUCT((Raw_Data_Daily!$B$2:$B$9999="Control")*(Raw_Data_Daily!$C$2:$C$9999="E. 40-99")*Raw_Data_Daily!$D$2:$D$9999*Raw_Data_Daily!$BW$2:$BW$9999)/SUMIFS(Raw_Data_Daily!$D:$D, Raw_Data_Daily!$B:$B, "Control", Raw_Data_Daily!$C:$C, "E. 40-99"),"") -> 2.7297209 | P75: =IFERROR(SUMPRODUCT((Raw_Data_Daily!$B$2:$B$9999="Variant")*(Raw_Data_Daily!$C$2:$C$9999="E. 40-99")*Raw_Data_Daily!$D$2:$D$9999*Raw_Data_Daily!$BW$2:$BW$9999)/SUMIFS(Raw_Data_Daily!$D:$D, Raw_Data_Daily!$B:$B, "Variant", Raw_Data_Daily!$C:$C, "E. 40-99"),"") -> 2.488534 | Q75: =IFERROR((P75-O75)/ABS(O75),"") -> -0.088355889 | R75: =IFERROR(SUMPRODUCT((Raw_Data_Daily!$B$2:$B$9999="Control")*(Raw_Data_Daily!$C$2:$C$9999="F. 100+")*Raw_Data_Daily!$D$2:$D$9999*Raw_Data_Daily!$BW$2:$BW$9999)/SUMIFS(Raw_Data_Daily!$D:$D, Raw_Data_Daily!$B:$B, "Control", Raw_Data_Daily!$C:$C, "F. 100+"),"") -> 5.64745 | S75: =IFERROR(SUMPRODUCT((Raw_Data_Daily!$B$2:$B$9999="Variant")*(Raw_Data_Daily!$C$2:$C$9999="F. 100+")*Raw_Data_Daily!$D$2:$D$9999*Raw_Data_Daily!$BW$2:$BW$9999)/SUMIFS(Raw_Data_Daily!$D:$D, Raw_Data_Daily!$B:$B, "Variant", Raw_Data_Daily!$C:$C, "F. 100+"),"") -> 4.6956338 | T75: =IFERROR((S75-R75)/ABS(R75),"") -> -0.16853911
B76: Bomb gain PAID / player | C76: =IFERROR(SUMPRODUCT((Raw_Data_Daily!$B$2:$B$9999="Control")*(Raw_Data_Daily!$C$2:$C$9999="A. 0")*Raw_Data_Daily!$D$2:$D$9999*Raw_Data_Daily!$BX$2:$BX$9999)/SUMIFS(Raw_Data_Daily!$D:$D, Raw_Data_Daily!$B:$B, "Control", Raw_Data_Daily!$C:$C, "A. 0"),"") -> 0.013997184 | D76: =IFERROR(SUMPRODUCT((Raw_Data_Daily!$B$2:$B$9999="Variant")*(Raw_Data_Daily!$C$2:$C$9999="A. 0")*Raw_Data_Daily!$D$2:$D$9999*Raw_Data_Daily!$BX$2:$BX$9999)/SUMIFS(Raw_Data_Daily!$D:$D, Raw_Data_Daily!$B:$B, "Variant", Raw_Data_Daily!$C:$C, "A. 0"),"") -> 0.012995132 | E76: =IFERROR((D76-C76)/ABS(C76),"") -> -0.071589577 | F76: =IFERROR(SUMPRODUCT((Raw_Data_Daily!$B$2:$B$9999="Control")*(Raw_Data_Daily!$C$2:$C$9999="B. 1-9")*Raw_Data_Daily!$D$2:$D$9999*Raw_Data_Daily!$BX$2:$BX$9999)/SUMIFS(Raw_Data_Daily!$D:$D, Raw_Data_Daily!$B:$B, "Control", Raw_Data_Daily!$C:$C, "B. 1-9"),"") -> 0.011360616 | G76: =IFERROR(SUMPRODUCT((Raw_Data_Daily!$B$2:$B$9999="Variant")*(Raw_Data_Daily!$C$2:$C$9999="B. 1-9")*Raw_Data_Daily!$D$2:$D$9999*Raw_Data_Daily!$BX$2:$BX$9999)/SUMIFS(Raw_Data_Daily!$D:$D, Raw_Data_Daily!$B:$B, "Variant", Raw_Data_Daily!$C:$C, "B. 1-9"),"") -> 0.008646561 | H76: =IFERROR((G76-F76)/ABS(F76),"") -> -0.23890033 | I76: =IFERROR(SUMPRODUCT((Raw_Data_Daily!$B$2:$B$9999="Control")*(Raw_Data_Daily!$C$2:$C$9999="C. 10-19")*Raw_Data_Daily!$D$2:$D$9999*Raw_Data_Daily!$BX$2:$BX$9999)/SUMIFS(Raw_Data_Daily!$D:$D, Raw_Data_Daily!$B:$B, "Control", Raw_Data_Daily!$C:$C, "C. 10-19"),"") -> 0.042298212 | J76: =IFERROR(SUMPRODUCT((Raw_Data_Daily!$B$2:$B$9999="Variant")*(Raw_Data_Daily!$C$2:$C$9999="C. 10-19")*Raw_Data_Daily!$D$2:$D$9999*Raw_Data_Daily!$BX$2:$BX$9999)/SUMIFS(Raw_Data_Daily!$D:$D, Raw_Data_Daily!$B:$B, "Variant", Raw_Data_Daily!$C:$C, "C. 10-19"),"") -> 0.023415091 | K76: =IFERROR((J76-I76)/ABS(I76),"") -> -0.44642834 | L76: =IFERROR(SUMPRODUCT((Raw_Data_Daily!$B$2:$B$9999="Control")*(Raw_Data_Daily!$C$2:$C$9999="D. 20-39")*Raw_Data_Daily!$D$2:$D$9999*Raw_Data_Daily!$BX$2:$BX$9999)/SUMIFS(Raw_Data_Daily!$D:$D, Raw_Data_Daily!$B:$B, "Control", Raw_Data_Daily!$C:$C, "D. 20-39"),"") -> 0.058652834 | M76: =IFERROR(SUMPRODUCT((Raw_Data_Daily!$B$2:$B$9999="Variant")*(Raw_Data_Daily!$C$2:$C$9999="D. 20-39")*Raw_Data_Daily!$D$2:$D$9999*Raw_Data_Daily!$BX$2:$BX$9999)/SUMIFS(Raw_Data_Daily!$D:$D, Raw_Data_Daily!$B:$B, "Variant", Raw_Data_Daily!$C:$C, "D. 20-39"),"") -> 0.049538258 | N76: =IFERROR((M76-L76)/ABS(L76),"") -> -0.15539873 | O76: =IFERROR(SUMPRODUCT((Raw_Data_Daily!$B$2:$B$9999="Control")*(Raw_Data_Daily!$C$2:$C$9999="E. 40-99")*Raw_Data_Daily!$D$2:$D$9999*Raw_Data_Daily!$BX$2:$BX$9999)/SUMIFS(Raw_Data_Daily!$D:$D, Raw_Data_Daily!$B:$B, "Control", Raw_Data_Daily!$C:$C, "E. 40-99"),"") -> 0.079369838 | P76: =IFERROR(SUMPRODUCT((Raw_Data_Daily!$B$2:$B$9999="Variant")*(Raw_Data_Daily!$C$2:$C$9999="E. 40-99")*Raw_Data_Daily!$D$2:$D$9999*Raw_Data_Daily!$BX$2:$BX$9999)/SUMIFS(Raw_Data_Daily!$D:$D, Raw_Data_Daily!$B:$B, "Variant", Raw_Data_Daily!$C:$C, "E. 40-99"),"") -> 0.13455302 | Q76: =IFERROR((P76-O76)/ABS(O76),"") -> 0.69526644 | R76: =IFERROR(SUMPRODUCT((Raw_Data_Daily!$B$2:$B$9999="Control")*(Raw_Data_Daily!$C$2:$C$9999="F. 100+")*Raw_Data_Daily!$D$2:$D$9999*Raw_Data_Daily!$BX$2:$BX$9999)/SUMIFS(Raw_Data_Daily!$D:$D, Raw_Data_Daily!$B:$B, "Control", Raw_Data_Daily!$C:$C, "F. 100+"),"") -> 0.24140857 | S76: =IFERROR(SUMPRODUCT((Raw_Data_Daily!$B$2:$B$9999="Variant")*(Raw_Data_Daily!$C$2:$C$9999="F. 100+")*Raw_Data_Daily!$D$2:$D$9999*Raw_Data_Daily!$BX$2:$BX$9999)/SUMIFS(Raw_Data_Daily!$D:$D, Raw_Data_Daily!$B:$B, "Variant", Raw_Data_Daily!$C:$C, "F. 100+"),"") -> 0.38003277 | T76: =IFERROR((S76-R76)/ABS(R76),"") -> 0.57423063
