Workbook

Sheet By Bucket
A1: A/B Test Summary By 7d Completion Bucket
A3: Category | B3: Metric | C3: 0 | F3: 1-9 | I3: 10-19 | L3: 20-39 | O3: 40-99 | R3: 100+
C4: Control | D4: Variant | E4: Δ % | F4: Control | G4: Variant | H4: Δ % | I4: Control | J4: Variant | K4: Δ % | L4: Control | M4: Variant | N4: Δ % | O4: Control | P4: Variant | Q4: Δ % | R4: Control | S4: Variant | T4: Δ %
A5: Players
B6: Players (sum) | C6: =SUMIFS('Raw Data'!$D:$D, 'Raw Data'!$B:$B, "Control", 'Raw Data'!$C:$C, "A. 0") -> 467890 | D6: =SUMIFS('Raw Data'!$D:$D, 'Raw Data'!$B:$B, "Variant", 'Raw Data'!$C:$C, "A. 0") -> 475895 | E6: =IFERROR((D6-C6)/ABS(C6),"") -> 0.017108722 | F6: =SUMIFS('Raw Data'!$D:$D, 'Raw Data'!$B:$B, "Control", 'Raw Data'!$C:$C, "B. 1-9") -> 916871 | G6: =SUMIFS('Raw Data'!$D:$D, 'Raw Data'!$B:$B, "Variant", 'Raw Data'!$C:$C, "B. 1-9") -> 881788 | H6: =IFERROR((G6-F6)/ABS(F6),"") -> -0.038263834 | I6: =SUMIFS('Raw Data'!$D:$D, 'Raw Data'!$B:$B, "Control", 'Raw Data'!$C:$C, "C. 10-19") -> 551945 | J6: =SUMIFS('Raw Data'!$D:$D, 'Raw Data'!$B:$B, "Variant", 'Raw Data'!$C:$C, "C. 10-19") -> 552886 | K6: =IFERROR((J6-I6)/ABS(I6),"") -> 0.00170488 | L6: =SUMIFS('Raw Data'!$D:$D, 'Raw Data'!$B:$B, "Control", 'Raw Data'!$C:$C, "D. 20-39") -> 300214 | M6: =SUMIFS('Raw Data'!$D:$D, 'Raw Data'!$B:$B, "Variant", 'Raw Data'!$C:$C, "D. 20-39") -> 307551 | N6: =IFERROR((M6-L6)/ABS(L6),"") -> 0.024439233 | O6: =SUMIFS('Raw Data'!$D:$D, 'Raw Data'!$B:$B, "Control", 'Raw Data'!$C:$C, "E. 40-99") -> 119870 | P6: =SUMIFS('Raw Data'!$D:$D, 'Raw Data'!$B:$B, "Variant", 'Raw Data'!$C:$C, "E. 40-99") -> 128100 | Q6: =IFERROR((P6-O6)/ABS(O6),"") -> 0.068657713 | R6: =SUMIFS('Raw Data'!$D:$D, 'Raw Data'!$B:$B, "Control", 'Raw Data'!$C:$C, "F. 100+") -> 13045 | S6: =SUMIFS('Raw Data'!$D:$D, 'Raw Data'!$B:$B, "Variant", 'Raw Data'!$C:$C, "F. 100+") -> 14508 | T6: =IFERROR((S6-R6)/ABS(R6),"") -> 0.11215025
A7: Revenue
B8: Total revenue | C8: =SUMIFS('Raw Data'!$F:$F, 'Raw Data'!$B:$B, "Control", 'Raw Data'!$C:$C, "A. 0") -> 2400.05 | D8: =SUMIFS('Raw Data'!$F:$F, 'Raw Data'!$B:$B, "Variant", 'Raw Data'!$C:$C, "A. 0") -> 2067.13 | E8: =IFERROR((D8-C8)/ABS(C8),"") -> -0.13871378 | F8: =SUMIFS('Raw Data'!$F:$F, 'Raw Data'!$B:$B, "Control", 'Raw Data'!$C:$C, "B. 1-9") -> 96065.51 | G8: =SUMIFS('Raw Data'!$F:$F, 'Raw Data'!$B:$B, "Variant", 'Raw Data'!$C:$C, "B. 1-9") -> 94348.51 | H8: =IFERROR((G8-F8)/ABS(F8),"") -> -0.01787322 | I8: =SUMIFS('Raw Data'!$F:$F, 'Raw Data'!$B:$B, "Control", 'Raw Data'!$C:$C, "C. 10-19") -> 208718.62 | J8: =SUMIFS('Raw Data'!$F:$F, 'Raw Data'!$B:$B, "Variant", 'Raw Data'!$C:$C, "C. 10-19") -> 211098.24 | K8: =IFERROR((J8-I8)/ABS(I8),"") -> 0.011401091 | L8: =SUMIFS('Raw Data'!$F:$F, 'Raw Data'!$B:$B, "Control", 'Raw Data'!$C:$C, "D. 20-39") -> 263848.34 | M8: =SUMIFS('Raw Data'!$F:$F, 'Raw Data'!$B:$B, "Variant", 'Raw Data'!$C:$C, "D. 20-39") -> 263600.45 | N8: =IFERROR((M8-L8)/ABS(L8),"") -> -0.000939517 | O8: =SUMIFS('Raw Data'!$F:$F, 'Raw Data'!$B:$B, "Control", 'Raw Data'!$C:$C, "E. 40-99") -> 222590.87 | P8: =SUMIFS('Raw Data'!$F:$F, 'Raw Data'!$B:$B, "Variant", 'Raw Data'!$C:$C, "E. 40-99") -> 247929.7 | Q8: =IFERROR((P8-O8)/ABS(O8),"") -> 0.11383589 | R8: =SUMIFS('Raw Data'!$F:$F, 'Raw Data'!$B:$B, "Control", 'Raw Data'!$C:$C, "F. 100+") -> 42946.19 | S8: =SUMIFS('Raw Data'!$F:$F, 'Raw Data'!$B:$B, "Variant", 'Raw Data'!$C:$C, "F. 100+") -> 54761.93 | T8: =IFERROR((S8-R8)/ABS(R8),"") -> 0.27512895
B9: ARPDAU | C9: =IFERROR(SUMIFS('Raw Data'!$F:$F, 'Raw Data'!$B:$B, "Control", 'Raw Data'!$C:$C, "A. 0")/SUMIFS('Raw Data'!$D:$D, 'Raw Data'!$B:$B, "Control", 'Raw Data'!$C:$C, "A. 0"),"") -> 0.0051295176 | D9: =IFERROR(SUMIFS('Raw Data'!$F:$F, 'Raw Data'!$B:$B, "Variant", 'Raw Data'!$C:$C, "A. 0")/SUMIFS('Raw Data'!$D:$D, 'Raw Data'!$B:$B, "Variant", 'Raw Data'!$C:$C, "A. 0"),"") -> 0.0043436682 | E9: =IFERROR((D9-C9)/ABS(C9),"") -> -0.15320142 | F9: =IFERROR(SUMIFS('Raw Data'!$F:$F, 'Raw Data'!$B:$B, "Control", 'Raw Data'!$C:$C, "B. 1-9")/SUMIFS('Raw Data'!$D:$D, 'Raw Data'!$B:$B, "Control", 'Raw Data'!$C:$C, "B. 1-9"),"") -> 0.10477538 | G9: =IFERROR(SUMIFS('Raw Data'!$F:$F, 'Raw Data'!$B:$B, "Variant", 'Raw Data'!$C:$C, "B. 1-9")/SUMIFS('Raw Data'!$D:$D, 'Raw Data'!$B:$B, "Variant", 'Raw Data'!$C:$C, "B. 1-9"),"") -> 0.10699682 | H9: =IFERROR((G9-F9)/ABS(F9),"") -> 0.021201879 | I9: =IFERROR(SUMIFS('Raw Data'!$F:$F, 'Raw Data'!$B:$B, "Control", 'Raw Data'!$C:$C, "C. 10-19")/SUMIFS('Raw Data'!$D:$D, 'Raw Data'!$B:$B, "Control", 'Raw Data'!$C:$C, "C. 10-19"),"") -> 0.37815112 | J9: =IFERROR(SUMIFS('Raw Data'!$F:$F, 'Raw Data'!$B:$B, "Variant", 'Raw Data'!$C:$C, "C. 10-19")/SUMIFS('Raw Data'!$D:$D, 'Raw Data'!$B:$B, "Variant", 'Raw Data'!$C:$C, "C. 10-19"),"") -> 0.38181151 | K9: =IFERROR((J9-I9)/ABS(I9),"") -> 0.0096797083 | L9: =IFERROR(SUMIFS('Raw Data'!$F:$F, 'Raw Data'!$B:$B, "Control", 'Raw Data'!$C:$C, "D. 20-39")/SUMIFS('Raw Data'!$D:$D, 'Raw Data'!$B:$B, "Control", 'Raw Data'!$C:$C, "D. 20-39"),"") -> 0.87886754 | M9: =IFERROR(SUMIFS('Raw Data'!$F:$F, 'Raw Data'!$B:$B, "Variant", 'Raw Data'!$C:$C, "D. 20-39")/SUMIFS('Raw Data'!$D:$D, 'Raw Data'!$B:$B, "Variant", 'Raw Data'!$C:$C, "D. 20-39"),"") -> 0.85709508 | N9: =IFERROR((M9-L9)/ABS(L9),"") -> -0.02477331 | O9: =IFERROR(SUMIFS('Raw Data'!$F:$F, 'Raw Data'!$B:$B, "Control", 'Raw Data'!$C:$C, "E. 40-99")/SUMIFS('Raw Data'!$D:$D, 'Raw Data'!$B:$B, "Control", 'Raw Data'!$C:$C, "E. 40-99"),"") -> 1.8569356 | P9: =IFERROR(SUMIFS('Raw Data'!$F:$F, 'Raw Data'!$B:$B, "Variant", 'Raw Data'!$C:$C, "E. 40-99")/SUMIFS('Raw Data'!$D:$D, 'Raw Data'!$B:$B, "Variant", 'Raw Data'!$C:$C, "E. 40-99"),"") -> 1.9354387 | Q9: =IFERROR((P9-O9)/ABS(O9),"") -> 0.04227563 | R9: =IFERROR(SUMIFS('Raw Data'!$F:$F, 'Raw Data'!$B:$B, "Control", 'Raw Data'!$C:$C, "F. 100+")/SUMIFS('Raw Data'!$D:$D, 'Raw Data'!$B:$B, "Control", 'Raw Data'!$C:$C, "F. 100+"),"") -> 3.2921571 | S9: =IFERROR(SUMIFS('Raw Data'!$F:$F, 'Raw Data'!$B:$B, "Variant", 'Raw Data'!$C:$C, "F. 100+")/SUMIFS('Raw Data'!$D:$D, 'Raw Data'!$B:$B, "Variant", 'Raw Data'!$C:$C, "F. 100+"),"") -> 3.7746023 | T9: =IFERROR((S9-R9)/ABS(R9),"") -> 0.14654378
B10: AVG Payer day (%) | C10: =IFERROR(SUMPRODUCT(('Raw Data'!$B$2:$B$9999="Control")*('Raw Data'!$C$2:$C$9999="A. 0")*'Raw Data'!$D$2:$D$9999*'Raw Data'!$H$2:$H$9999/100)/SUMIFS('Raw Data'!$D:$D, 'Raw Data'!$B:$B, "Control", 'Raw Data'!$C:$C, "A. 0")*100,"") -> 0.11219302 | D10: =IFERROR(SUMPRODUCT(('Raw Data'!$B$2:$B$9999="Variant")*('Raw Data'!$C$2:$C$9999="A. 0")*'Raw Data'!$D$2:$D$9999*'Raw Data'!$H$2:$H$9999/100)/SUMIFS('Raw Data'!$D:$D, 'Raw Data'!$B:$B, "Variant", 'Raw Data'!$C:$C, "A. 0")*100,"") -> 0.11193099 | E10: =IFERROR((D10-C10)/ABS(C10),"") -> -0.0023354597 | F10: =IFERROR(SUMPRODUCT(('Raw Data'!$B$2:$B$9999="Control")*('Raw Data'!$C$2:$C$9999="B. 1-9")*'Raw Data'!$D$2:$D$9999*'Raw Data'!$H$2:$H$9999/100)/SUMIFS('Raw Data'!$D:$D, 'Raw Data'!$B:$B, "Control", 'Raw Data'!$C:$C, "B. 1-9")*100,"") -> 3.1001404 | G10: =IFERROR(SUMPRODUCT(('Raw Data'!$B$2:$B$9999="Variant")*('Raw Data'!$C$2:$C$9999="B. 1-9")*'Raw Data'!$D$2:$D$9999*'Raw Data'!$H$2:$H$9999/100)/SUMIFS('Raw Data'!$D:$D, 'Raw Data'!$B:$B, "Variant", 'Raw Data'!$C:$C, "B. 1-9")*100,"") -> 3.2123059 | H10: =IFERROR((G10-F10)/ABS(F10),"") -> 0.036180782 | I10: =IFERROR(SUMPRODUCT(('Raw Data'!$B$2:$B$9999="Control")*('Raw Data'!$C$2:$C$9999="C. 10-19")*'Raw Data'!$D$2:$D$9999*'Raw Data'!$H$2:$H$9999/100)/SUMIFS('Raw Data'!$D:$D, 'Raw Data'!$B:$B, "Control", 'Raw Data'!$C:$C, "C. 10-19")*100,"") -> 8.1126463 | J10: =IFERROR(SUMPRODUCT(('Raw Data'!$B$2:$B$9999="Variant")*('Raw Data'!$C$2:$C$9999="C. 10-19")*'Raw Data'!$D$2:$D$9999*'Raw Data'!$H$2:$H$9999/100)/SUMIFS('Raw Data'!$D:$D, 'Raw Data'!$B:$B, "Variant", 'Raw Data'!$C:$C, "C. 10-19")*100,"") -> 8.1286187 | K10: =IFERROR((J10-I10)/ABS(I10),"") -> 0.0019688259 | L10: =IFERROR(SUMPRODUCT(('Raw Data'!$B$2:$B$9999="Control")*('Raw Data'!$C$2:$C$9999="D. 20-39")*'Raw Data'!$D$2:$D$9999*'Raw Data'!$H$2:$H$9999/100)/SUMIFS('Raw Data'!$D:$D, 'Raw Data'!$B:$B, "Control", 'Raw Data'!$C:$C, "D. 20-39")*100,"") -> 11.95899 | M10: =IFERROR(SUMPRODUCT(('Raw Data'!$B$2:$B$9999="Variant")*('Raw Data'!$C$2:$C$9999="D. 20-39")*'Raw Data'!$D$2:$D$9999*'Raw Data'!$H$2:$H$9999/100)/SUMIFS('Raw Data'!$D:$D, 'Raw Data'!$B:$B, "Variant", 'Raw Data'!$C:$C, "D. 20-39")*100,"") -> 11.909557 | N10: =IFERROR((M10-L10)/ABS(L10),"") -> -0.0041335681 | O10: =IFERROR(SUMPRODUCT(('Raw Data'!$B$2:$B$9999="Control")*('Raw Data'!$C$2:$C$9999="E. 40-99")*'Raw Data'!$D$2:$D$9999*'Raw Data'!$H$2:$H$9999/100)/SUMIFS('Raw Data'!$D:$D, 'Raw Data'!$B:$B, "Control", 'Raw Data'!$C:$C, "E. 40-99")*100,"") -> 15.082809 | P10: =IFERROR(SUMPRODUCT(('Raw Data'!$B$2:$B$9999="Variant")*('Raw Data'!$C$2:$C$9999="E. 40-99")*'Raw Data'!$D$2:$D$9999*'Raw Data'!$H$2:$H$9999/100)/SUMIFS('Raw Data'!$D:$D, 'Raw Data'!$B:$B, "Variant", 'Raw Data'!$C:$C, "E. 40-99")*100,"") -> 15.042847 | Q10: =IFERROR((P10-O10)/ABS(O10),"") -> -0.0026495683 | R10: =IFERROR(SUMPRODUCT(('Raw Data'!$B$2:$B$9999="Control")*('Raw Data'!$C$2:$C$9999="F. 100+")*'Raw Data'!$D$2:$D$9999*'Raw Data'!$H$2:$H$9999/100)/SUMIFS('Raw Data'!$D:$D, 'Raw Data'!$B:$B, "Control", 'Raw Data'!$C:$C, "F. 100+")*100,"") -> 15.799055 | S10: =IFERROR(SUMPRODUCT(('Raw Data'!$B$2:$B$9999="Variant")*('Raw Data'!$C$2:$C$9999="F. 100+")*'Raw Data'!$D$2:$D$9999*'Raw Data'!$H$2:$H$9999/100)/SUMIFS('Raw Data'!$D:$D, 'Raw Data'!$B:$B, "Variant", 'Raw Data'!$C:$C, "F. 100+")*100,"") -> 16.984116 | T10: =IFERROR((S10-R10)/ABS(R10),"") -> 0.075008338
B11: ARPPU | C11: =IFERROR(SUMIFS('Raw Data'!$F:$F, 'Raw Data'!$B:$B, "Control", 'Raw Data'!$C:$C, "A. 0")/SUMPRODUCT(('Raw Data'!$B$2:$B$9999="Control")*('Raw Data'!$C$2:$C$9999="A. 0")*'Raw Data'!$D$2:$D$9999*'Raw Data'!$H$2:$H$9999/100),"") -> 4.5720472 | D11: =IFERROR(SUMIFS('Raw Data'!$F:$F, 'Raw Data'!$B:$B, "Variant", 'Raw Data'!$C:$C, "A. 0")/SUMPRODUCT(('Raw Data'!$B$2:$B$9999="Variant")*('Raw Data'!$C$2:$C$9999="A. 0")*'Raw Data'!$D$2:$D$9999*'Raw Data'!$H$2:$H$9999/100),"") -> 3.8806662 | E11: =IFERROR((D11-C11)/ABS(C11),"") -> -0.15121912 | F11: =IFERROR(SUMIFS('Raw Data'!$F:$F, 'Raw Data'!$B:$B, "Control", 'Raw Data'!$C:$C, "B. 1-9")/SUMPRODUCT(('Raw Data'!$B$2:$B$9999="Control")*('Raw Data'!$C$2:$C$9999="B. 1-9")*'Raw Data'!$D$2:$D$9999*'Raw Data'!$H$2:$H$9999/100),"") -> 3.379698 | G11: =IFERROR(SUMIFS('Raw Data'!$F:$F, 'Raw Data'!$B:$B, "Variant", 'Raw Data'!$C:$C, "B. 1-9")/SUMPRODUCT(('Raw Data'!$B$2:$B$9999="Variant")*('Raw Data'!$C$2:$C$9999="B. 1-9")*'Raw Data'!$D$2:$D$9999*'Raw Data'!$H$2:$H$9999/100),"") -> 3.3308415 | H11: =IFERROR((G11-F11)/ABS(F11),"") -> -0.014455878 | I11: =IFERROR(SUMIFS('Raw Data'!$F:$F, 'Raw Data'!$B:$B, "Control", 'Raw Data'!$C:$C, "C. 10-19")/SUMPRODUCT(('Raw Data'!$B$2:$B$9999="Control")*('Raw Data'!$C$2:$C$9999="C. 10-19")*'Raw Data'!$D$2:$D$9999*'Raw Data'!$H$2:$H$9999/100),"") -> 4.6612548 | J11: =IFERROR(SUMIFS('Raw Data'!$F:$F, 'Raw Data'!$B:$B, "Variant", 'Raw Data'!$C:$C, "C. 10-19")/SUMPRODUCT(('Raw Data'!$B$2:$B$9999="Variant")*('Raw Data'!$C$2:$C$9999="C. 10-19")*'Raw Data'!$D$2:$D$9999*'Raw Data'!$H$2:$H$9999/100),"") -> 4.6971266 | K11: =IFERROR((J11-I11)/ABS(I11),"") -> 0.0076957309 | L11: =IFERROR(SUMIFS('Raw Data'!$F:$F, 'Raw Data'!$B:$B, "Control", 'Raw Data'!$C:$C, "D. 20-39")/SUMPRODUCT(('Raw Data'!$B$2:$B$9999="Control")*('Raw Data'!$C$2:$C$9999="D. 20-39")*'Raw Data'!$D$2:$D$9999*'Raw Data'!$H$2:$H$9999/100),"") -> 7.3490113 | M11: =IFERROR(SUMIFS('Raw Data'!$F:$F, 'Raw Data'!$B:$B, "Variant", 'Raw Data'!$C:$C, "D. 20-39")/SUMPRODUCT(('Raw Data'!$B$2:$B$9999="Variant")*('Raw Data'!$C$2:$C$9999="D. 20-39")*'Raw Data'!$D$2:$D$9999*'Raw Data'!$H$2:$H$9999/100),"") -> 7.1967 | N11: =IFERROR((M11-L11)/ABS(L11),"") -> -0.020725411 | O11: =IFERROR(SUMIFS('Raw Data'!$F:$F, 'Raw Data'!$B:$B, "Control", 'Raw Data'!$C:$C, "E. 40-99")/SUMPRODUCT(('Raw Data'!$B$2:$B$9999="Control")*('Raw Data'!$C$2:$C$9999="E. 40-99")*'Raw Data'!$D$2:$D$9999*'Raw Data'!$H$2:$H$9999/100),"") -> 12.311603 | P11: =IFERROR(SUMIFS('Raw Data'!$F:$F, 'Raw Data'!$B:$B, "Variant", 'Raw Data'!$C:$C, "E. 40-99")/SUMPRODUCT(('Raw Data'!$B$2:$B$9999="Variant")*('Raw Data'!$C$2:$C$9999="E. 40-99")*'Raw Data'!$D$2:$D$9999*'Raw Data'!$H$2:$H$9999/100),"") -> 12.866173 | Q11: =IFERROR((P11-O11)/ABS(O11),"") -> 0.045044547 | R11: =IFERROR(SUMIFS('Raw Data'!$F:$F, 'Raw Data'!$B:$B, "Control", 'Raw Data'!$C:$C, "F. 100+")/SUMPRODUCT(('Raw Data'!$B$2:$B$9999="Control")*('Raw Data'!$C$2:$C$9999="F. 100+")*'Raw Data'!$D$2:$D$9999*'Raw Data'!$H$2:$H$9999/100),"") -> 20.837684 | S11: =IFERROR(SUMIFS('Raw Data'!$F:$F, 'Raw Data'!$B:$B, "Variant", 'Raw Data'!$C:$C, "F. 100+")/SUMPRODUCT(('Raw Data'!$B$2:$B$9999="Variant")*('Raw Data'!$C$2:$C$9999="F. 100+")*'Raw Data'!$D$2:$D$9999*'Raw Data'!$H$2:$H$9999/100),"") -> 22.224309 | T11: =IFERROR((S11-R11)/ABS(R11),"") -> 0.066544077
A12: Engagement
B13: Time spent (mins) | C13: =IFERROR(SUMPRODUCT(('Raw Data'!$B$2:$B$9999="Control")*('Raw Data'!$C$2:$C$9999="A. 0")*'Raw Data'!$D$2:$D$9999*'Raw Data'!$J$2:$J$9999)/SUMIFS('Raw Data'!$D:$D, 'Raw Data'!$B:$B, "Control", 'Raw Data'!$C:$C, "A. 0"),"") -> 6.4304274 | D13: =IFERROR(SUMPRODUCT(('Raw Data'!$B$2:$B$9999="Variant")*('Raw Data'!$C$2:$C$9999="A. 0")*'Raw Data'!$D$2:$D$9999*'Raw Data'!$J$2:$J$9999)/SUMIFS('Raw Data'!$D:$D, 'Raw Data'!$B:$B, "Variant", 'Raw Data'!$C:$C, "A. 0"),"") -> 6.5687264 | E13: =IFERROR((D13-C13)/ABS(C13),"") -> 0.021506967 | F13: =IFERROR(SUMPRODUCT(('Raw Data'!$B$2:$B$9999="Control")*('Raw Data'!$C$2:$C$9999="B. 1-9")*'Raw Data'!$D$2:$D$9999*'Raw Data'!$J$2:$J$9999)/SUMIFS('Raw Data'!$D:$D, 'Raw Data'!$B:$B, "Control", 'Raw Data'!$C:$C, "B. 1-9"),"") -> 31.745879 | G13: =IFERROR(SUMPRODUCT(('Raw Data'!$B$2:$B$9999="Variant")*('Raw Data'!$C$2:$C$9999="B. 1-9")*'Raw Data'!$D$2:$D$9999*'Raw Data'!$J$2:$J$9999)/SUMIFS('Raw Data'!$D:$D, 'Raw Data'!$B:$B, "Variant", 'Raw Data'!$C:$C, "B. 1-9"),"") -> 32.633704 | H13: =IFERROR((G13-F13)/ABS(F13),"") -> 0.02796664 | I13: =IFERROR(SUMPRODUCT(('Raw Data'!$B$2:$B$9999="Control")*('Raw Data'!$C$2:$C$9999="C. 10-19")*'Raw Data'!$D$2:$D$9999*'Raw Data'!$J$2:$J$9999)/SUMIFS('Raw Data'!$D:$D, 'Raw Data'!$B:$B, "Control", 'Raw Data'!$C:$C, "C. 10-19"),"") -> 57.822319 | J13: =IFERROR(SUMPRODUCT(('Raw Data'!$B$2:$B$9999="Variant")*('Raw Data'!$C$2:$C$9999="C. 10-19")*'Raw Data'!$D$2:$D$9999*'Raw Data'!$J$2:$J$9999)/SUMIFS('Raw Data'!$D:$D, 'Raw Data'!$B:$B, "Variant", 'Raw Data'!$C:$C, "C. 10-19"),"") -> 59.497589 | K13: =IFERROR((J13-I13)/ABS(I13),"") -> 0.028972733 | L13: =IFERROR(SUMPRODUCT(('Raw Data'!$B$2:$B$9999="Control")*('Raw Data'!$C$2:$C$9999="D. 20-39")*'Raw Data'!$D$2:$D$9999*'Raw Data'!$J$2:$J$9999)/SUMIFS('Raw Data'!$D:$D, 'Raw Data'!$B:$B, "Control", 'Raw Data'!$C:$C, "D. 20-39"),"") -> 83.011584 | M13: =IFERROR(SUMPRODUCT(('Raw Data'!$B$2:$B$9999="Variant")*('Raw Data'!$C$2:$C$9999="D. 20-39")*'Raw Data'!$D$2:$D$9999*'Raw Data'!$J$2:$J$9999)/SUMIFS('Raw Data'!$D:$D, 'Raw Data'!$B:$B, "Variant", 'Raw Data'!$C:$C, "D. 20-39"),"") -> 84.757425 | N13: =IFERROR((M13-L13)/ABS(L13),"") -> 0.021031297 | O13: =IFERROR(SUMPRODUCT(('Raw Data'!$B$2:$B$9999="Control")*('Raw Data'!$C$2:$C$9999="E. 40-99")*'Raw Data'!$D$2:$D$9999*'Raw Data'!$J$2:$J$9999)/SUMIFS('Raw Data'!$D:$D, 'Raw Data'!$B:$B, "Control", 'Raw Data'!$C:$C, "E. 40-99"),"") -> 130.83582 | P13: =IFERROR(SUMPRODUCT(('Raw Data'!$B$2:$B$9999="Variant")*('Raw Data'!$C$2:$C$9999="E. 40-99")*'Raw Data'!$D$2:$D$9999*'Raw Data'!$J$2:$J$9999)/SUMIFS('Raw Data'!$D:$D, 'Raw Data'!$B:$B, "Variant", 'Raw Data'!$C:$C, "E. 40-99"),"") -> 132.90854 | Q13: =IFERROR((P13-O13)/ABS(O13),"") -> 0.015842113 | R13: =IFERROR(SUMPRODUCT(('Raw Data'!$B$2:$B$9999="Control")*('Raw Data'!$C$2:$C$9999="F. 100+")*'Raw Data'!$D$2:$D$9999*'Raw Data'!$J$2:$J$9999)/SUMIFS('Raw Data'!$D:$D, 'Raw Data'!$B:$B, "Control", 'Raw Data'!$C:$C, "F. 100+"),"") -> 243.4056 | S13: =IFERROR(SUMPRODUCT(('Raw Data'!$B$2:$B$9999="Variant")*('Raw Data'!$C$2:$C$9999="F. 100+")*'Raw Data'!$D$2:$D$9999*'Raw Data'!$J$2:$J$9999)/SUMIFS('Raw Data'!$D:$D, 'Raw Data'!$B:$B, "Variant", 'Raw Data'!$C:$C, "F. 100+"),"") -> 248.62782 | T13: =IFERROR((S13-R13)/ABS(R13),"") -> 0.021454791
B14: Level attempts / player | C14: =IFERROR(SUMPRODUCT(('Raw Data'!$B$2:$B$9999="Control")*('Raw Data'!$C$2:$C$9999="A. 0")*'Raw Data'!$D$2:$D$9999*'Raw Data'!$K$2:$K$9999)/SUMIFS('Raw Data'!$D:$D, 'Raw Data'!$B:$B, "Control", 'Raw Data'!$C:$C, "A. 0"),"") -> 2.7258533 | D14: =IFERROR(SUMPRODUCT(('Raw Data'!$B$2:$B$9999="Variant")*('Raw Data'!$C$2:$C$9999="A. 0")*'Raw Data'!$D$2:$D$9999*'Raw Data'!$K$2:$K$9999)/SUMIFS('Raw Data'!$D:$D, 'Raw Data'!$B:$B, "Variant", 'Raw Data'!$C:$C, "A. 0"),"") -> 2.8131201 | E14: =IFERROR((D14-C14)/ABS(C14),"") -> 0.032014505 | F14: =IFERROR(SUMPRODUCT(('Raw Data'!$B$2:$B$9999="Control")*('Raw Data'!$C$2:$C$9999="B. 1-9")*'Raw Data'!$D$2:$D$9999*'Raw Data'!$K$2:$K$9999)/SUMIFS('Raw Data'!$D:$D, 'Raw Data'!$B:$B, "Control", 'Raw Data'!$C:$C, "B. 1-9"),"") -> 15.657149 | G14: =IFERROR(SUMPRODUCT(('Raw Data'!$B$2:$B$9999="Variant")*('Raw Data'!$C$2:$C$9999="B. 1-9")*'Raw Data'!$D$2:$D$9999*'Raw Data'!$K$2:$K$9999)/SUMIFS('Raw Data'!$D:$D, 'Raw Data'!$B:$B, "Variant", 'Raw Data'!$C:$C, "B. 1-9"),"") -> 16.042561 | H14: =IFERROR((G14-F14)/ABS(F14),"") -> 0.024615714 | I14: =IFERROR(SUMPRODUCT(('Raw Data'!$B$2:$B$9999="Control")*('Raw Data'!$C$2:$C$9999="C. 10-19")*'Raw Data'!$D$2:$D$9999*'Raw Data'!$K$2:$K$9999)/SUMIFS('Raw Data'!$D:$D, 'Raw Data'!$B:$B, "Control", 'Raw Data'!$C:$C, "C. 10-19"),"") -> 29.56553 | J14: =IFERROR(SUMPRODUCT(('Raw Data'!$B$2:$B$9999="Variant")*('Raw Data'!$C$2:$C$9999="C. 10-19")*'Raw Data'!$D$2:$D$9999*'Raw Data'!$K$2:$K$9999)/SUMIFS('Raw Data'!$D:$D, 'Raw Data'!$B:$B, "Variant", 'Raw Data'!$C:$C, "C. 10-19"),"") -> 30.442178 | K14: =IFERROR((J14-I14)/ABS(I14),"") -> 0.029651007 | L14: =IFERROR(SUMPRODUCT(('Raw Data'!$B$2:$B$9999="Control")*('Raw Data'!$C$2:$C$9999="D. 20-39")*'Raw Data'!$D$2:$D$9999*'Raw Data'!$K$2:$K$9999)/SUMIFS('Raw Data'!$D:$D, 'Raw Data'!$B:$B, "Control", 'Raw Data'!$C:$C, "D. 20-39"),"") -> 44.615331 | M14: =IFERROR(SUMPRODUCT(('Raw Data'!$B$2:$B$9999="Variant")*('Raw Data'!$C$2:$C$9999="D. 20-39")*'Raw Data'!$D$2:$D$9999*'Raw Data'!$K$2:$K$9999)/SUMIFS('Raw Data'!$D:$D, 'Raw Data'!$B:$B, "Variant", 'Raw Data'!$C:$C, "D. 20-39"),"") -> 45.510224 | N14: =IFERROR((M14-L14)/ABS(L14),"") -> 0.02005797 | O14: =IFERROR(SUMPRODUCT(('Raw Data'!$B$2:$B$9999="Control")*('Raw Data'!$C$2:$C$9999="E. 40-99")*'Raw Data'!$D$2:$D$9999*'Raw Data'!$K$2:$K$9999)/SUMIFS('Raw Data'!$D:$D, 'Raw Data'!$B:$B, "Control", 'Raw Data'!$C:$C, "E. 40-99"),"") -> 74.561666 | P14: =IFERROR(SUMPRODUCT(('Raw Data'!$B$2:$B$9999="Variant")*('Raw Data'!$C$2:$C$9999="E. 40-99")*'Raw Data'!$D$2:$D$9999*'Raw Data'!$K$2:$K$9999)/SUMIFS('Raw Data'!$D:$D, 'Raw Data'!$B:$B, "Variant", 'Raw Data'!$C:$C, "E. 40-99"),"") -> 75.536948 | Q14: =IFERROR((P14-O14)/ABS(O14),"") -> 0.013080207 | R14: =IFERROR(SUMPRODUCT(('Raw Data'!$B$2:$B$9999="Control")*('Raw Data'!$C$2:$C$9999="F. 100+")*'Raw Data'!$D$2:$D$9999*'Raw Data'!$K$2:$K$9999)/SUMIFS('Raw Data'!$D:$D, 'Raw Data'!$B:$B, "Control", 'Raw Data'!$C:$C, "F. 100+"),"") -> 149.75455 | S14: =IFERROR(SUMPRODUCT(('Raw Data'!$B$2:$B$9999="Variant")*('Raw Data'!$C$2:$C$9999="F. 100+")*'Raw Data'!$D$2:$D$9999*'Raw Data'!$K$2:$K$9999)/SUMIFS('Raw Data'!$D:$D, 'Raw Data'!$B:$B, "Variant", 'Raw Data'!$C:$C, "F. 100+"),"") -> 149.93435 | T14: =IFERROR((S14-R14)/ABS(R14),"") -> 0.0012006876
B15: Level completes / player | C15: =IFERROR(SUMPRODUCT(('Raw Data'!$B$2:$B$9999="Control")*('Raw Data'!$C$2:$C$9999="A. 0")*'Raw Data'!$D$2:$D$9999*'Raw Data'!$L$2:$L$9999)/SUMIFS('Raw Data'!$D:$D, 'Raw Data'!$B:$B, "Control", 'Raw Data'!$C:$C, "A. 0"),"") -> 0.058897839 | D15: =IFERROR(SUMPRODUCT(('Raw Data'!$B$2:$B$9999="Variant")*('Raw Data'!$C$2:$C$9999="A. 0")*'Raw Data'!$D$2:$D$9999*'Raw Data'!$L$2:$L$9999)/SUMIFS('Raw Data'!$D:$D, 'Raw Data'!$B:$B, "Variant", 'Raw Data'!$C:$C, "A. 0"),"") -> 0.063852341 | E15: =IFERROR((D15-C15)/ABS(C15),"") -> 0.08412027 | F15: =IFERROR(SUMPRODUCT(('Raw Data'!$B$2:$B$9999="Control")*('Raw Data'!$C$2:$C$9999="B. 1-9")*'Raw Data'!$D$2:$D$9999*'Raw Data'!$L$2:$L$9999)/SUMIFS('Raw Data'!$D:$D, 'Raw Data'!$B:$B, "Control", 'Raw Data'!$C:$C, "B. 1-9"),"") -> 5.5878982 | G15: =IFERROR(SUMPRODUCT(('Raw Data'!$B$2:$B$9999="Variant")*('Raw Data'!$C$2:$C$9999="B. 1-9")*'Raw Data'!$D$2:$D$9999*'Raw Data'!$L$2:$L$9999)/SUMIFS('Raw Data'!$D:$D, 'Raw Data'!$B:$B, "Variant", 'Raw Data'!$C:$C, "B. 1-9"),"") -> 5.6042368 | H15: =IFERROR((G15-F15)/ABS(F15),"") -> 0.0029239101 | I15: =IFERROR(SUMPRODUCT(('Raw Data'!$B$2:$B$9999="Control")*('Raw Data'!$C$2:$C$9999="C. 10-19")*'Raw Data'!$D$2:$D$9999*'Raw Data'!$L$2:$L$9999)/SUMIFS('Raw Data'!$D:$D, 'Raw Data'!$B:$B, "Control", 'Raw Data'!$C:$C, "C. 10-19"),"") -> 14.432736 | J15: =IFERROR(SUMPRODUCT(('Raw Data'!$B$2:$B$9999="Variant")*('Raw Data'!$C$2:$C$9999="C. 10-19")*'Raw Data'!$D$2:$D$9999*'Raw Data'!$L$2:$L$9999)/SUMIFS('Raw Data'!$D:$D, 'Raw Data'!$B:$B, "Variant", 'Raw Data'!$C:$C, "C. 10-19"),"") -> 14.515333 | K15: =IFERROR((J15-I15)/ABS(I15),"") -> 0.0057228689 | L15: =IFERROR(SUMPRODUCT(('Raw Data'!$B$2:$B$9999="Control")*('Raw Data'!$C$2:$C$9999="D. 20-39")*'Raw Data'!$D$2:$D$9999*'Raw Data'!$L$2:$L$9999)/SUMIFS('Raw Data'!$D:$D, 'Raw Data'!$B:$B, "Control", 'Raw Data'!$C:$C, "D. 20-39"),"") -> 27.734219 | M15: =IFERROR(SUMPRODUCT(('Raw Data'!$B$2:$B$9999="Variant")*('Raw Data'!$C$2:$C$9999="D. 20-39")*'Raw Data'!$D$2:$D$9999*'Raw Data'!$L$2:$L$9999)/SUMIFS('Raw Data'!$D:$D, 'Raw Data'!$B:$B, "Variant", 'Raw Data'!$C:$C, "D. 20-39"),"") -> 28.083718 | N15: =IFERROR((M15-L15)/ABS(L15),"") -> 0.012601738 | O15: =IFERROR(SUMPRODUCT(('Raw Data'!$B$2:$B$9999="Control")*('Raw Data'!$C$2:$C$9999="E. 40-99")*'Raw Data'!$D$2:$D$9999*'Raw Data'!$L$2:$L$9999)/SUMIFS('Raw Data'!$D:$D, 'Raw Data'!$B:$B, "Control", 'Raw Data'!$C:$C, "E. 40-99"),"") -> 56.089138 | P15: =IFERROR(SUMPRODUCT(('Raw Data'!$B$2:$B$9999="Variant")*('Raw Data'!$C$2:$C$9999="E. 40-99")*'Raw Data'!$D$2:$D$9999*'Raw Data'!$L$2:$L$9999)/SUMIFS('Raw Data'!$D:$D, 'Raw Data'!$B:$B, "Variant", 'Raw Data'!$C:$C, "E. 40-99"),"") -> 56.906657 | Q15: =IFERROR((P15-O15)/ABS(O15),"") -> 0.014575351 | R15: =IFERROR(SUMPRODUCT(('Raw Data'!$B$2:$B$9999="Control")*('Raw Data'!$C$2:$C$9999="F. 100+")*'Raw Data'!$D$2:$D$9999*'Raw Data'!$L$2:$L$9999)/SUMIFS('Raw Data'!$D:$D, 'Raw Data'!$B:$B, "Control", 'Raw Data'!$C:$C, "F. 100+"),"") -> 126.95442 | S15: =IFERROR(SUMPRODUCT(('Raw Data'!$B$2:$B$9999="Variant")*('Raw Data'!$C$2:$C$9999="F. 100+")*'Raw Data'!$D$2:$D$9999*'Raw Data'!$L$2:$L$9999)/SUMIFS('Raw Data'!$D:$D, 'Raw Data'!$B:$B, "Variant", 'Raw Data'!$C:$C, "F. 100+"),"") -> 126.36774 | T15: =IFERROR((S15-R15)/ABS(R15),"") -> -0.0046211366
A16: Daily Streak
B17: Avg daily streak | C17: =IFERROR(SUMPRODUCT(('Raw Data'!$B$2:$B$9999="Control")*('Raw Data'!$C$2:$C$9999="A. 0")*'Raw Data'!$D$2:$D$9999*'Raw Data'!$AD$2:$AD$9999)/SUMIFS('Raw Data'!$D:$D, 'Raw Data'!$B:$B, "Control", 'Raw Data'!$C:$C, "A. 0"),"") -> 0 | D17: =IFERROR(SUMPRODUCT(('Raw Data'!$B$2:$B$9999="Variant")*('Raw Data'!$C$2:$C$9999="A. 0")*'Raw Data'!$D$2:$D$9999*'Raw Data'!$AD$2:$AD$9999)/SUMIFS('Raw Data'!$D:$D, 'Raw Data'!$B:$B, "Variant", 'Raw Data'!$C:$C, "A. 0"),"") -> 0 | E17: =IFERROR((D17-C17)/ABS(C17),"") | F17: =IFERROR(SUMPRODUCT(('Raw Data'!$B$2:$B$9999="Control")*('Raw Data'!$C$2:$C$9999="B. 1-9")*'Raw Data'!$D$2:$D$9999*'Raw Data'!$AD$2:$AD$9999)/SUMIFS('Raw Data'!$D:$D, 'Raw Data'!$B:$B, "Control", 'Raw Data'!$C:$C, "B. 1-9"),"") -> 3.850426 | G17: =IFERROR(SUMPRODUCT(('Raw Data'!$B$2:$B$9999="Variant")*('Raw Data'!$C$2:$C$9999="B. 1-9")*'Raw Data'!$D$2:$D$9999*'Raw Data'!$AD$2:$AD$9999)/SUMIFS('Raw Data'!$D:$D, 'Raw Data'!$B:$B, "Variant", 'Raw Data'!$C:$C, "B. 1-9"),"") -> 3.8362349 | H17: =IFERROR((G17-F17)/ABS(F17),"") -> -0.0036855847 | I17: =IFERROR(SUMPRODUCT(('Raw Data'!$B$2:$B$9999="Control")*('Raw Data'!$C$2:$C$9999="C. 10-19")*'Raw Data'!$D$2:$D$9999*'Raw Data'!$AD$2:$AD$9999)/SUMIFS('Raw Data'!$D:$D, 'Raw Data'!$B:$B, "Control", 'Raw Data'!$C:$C, "C. 10-19"),"") -> 9.3562958 | J17: =IFERROR(SUMPRODUCT(('Raw Data'!$B$2:$B$9999="Variant")*('Raw Data'!$C$2:$C$9999="C. 10-19")*'Raw Data'!$D$2:$D$9999*'Raw Data'!$AD$2:$AD$9999)/SUMIFS('Raw Data'!$D:$D, 'Raw Data'!$B:$B, "Variant", 'Raw Data'!$C:$C, "C. 10-19"),"") -> 9.3730652 | K17: =IFERROR((J17-I17)/ABS(I17),"") -> 0.0017923214 | L17: =IFERROR(SUMPRODUCT(('Raw Data'!$B$2:$B$9999="Control")*('Raw Data'!$C$2:$C$9999="D. 20-39")*'Raw Data'!$D$2:$D$9999*'Raw Data'!$AD$2:$AD$9999)/SUMIFS('Raw Data'!$D:$D, 'Raw Data'!$B:$B, "Control", 'Raw Data'!$C:$C, "D. 20-39"),"") -> 18.113888 | M17: =IFERROR(SUMPRODUCT(('Raw Data'!$B$2:$B$9999="Variant")*('Raw Data'!$C$2:$C$9999="D. 20-39")*'Raw Data'!$D$2:$D$9999*'Raw Data'!$AD$2:$AD$9999)/SUMIFS('Raw Data'!$D:$D, 'Raw Data'!$B:$B, "Variant", 'Raw Data'!$C:$C, "D. 20-39"),"") -> 18.3893 | N17: =IFERROR((M17-L17)/ABS(L17),"") -> 0.015204459 | O17: =IFERROR(SUMPRODUCT(('Raw Data'!$B$2:$B$9999="Control")*('Raw Data'!$C$2:$C$9999="E. 40-99")*'Raw Data'!$D$2:$D$9999*'Raw Data'!$AD$2:$AD$9999)/SUMIFS('Raw Data'!$D:$D, 'Raw Data'!$B:$B, "Control", 'Raw Data'!$C:$C, "E. 40-99"),"") -> 37.804735 | P17: =IFERROR(SUMPRODUCT(('Raw Data'!$B$2:$B$9999="Variant")*('Raw Data'!$C$2:$C$9999="E. 40-99")*'Raw Data'!$D$2:$D$9999*'Raw Data'!$AD$2:$AD$9999)/SUMIFS('Raw Data'!$D:$D, 'Raw Data'!$B:$B, "Variant", 'Raw Data'!$C:$C, "E. 40-99"),"") -> 39.027694 | Q17: =IFERROR((P17-O17)/ABS(O17),"") -> 0.032349371 | R17: =IFERROR(SUMPRODUCT(('Raw Data'!$B$2:$B$9999="Control")*('Raw Data'!$C$2:$C$9999="F. 100+")*'Raw Data'!$D$2:$D$9999*'Raw Data'!$AD$2:$AD$9999)/SUMIFS('Raw Data'!$D:$D, 'Raw Data'!$B:$B, "Control", 'Raw Data'!$C:$C, "F. 100+"),"") -> 88.190885 | S17: =IFERROR(SUMPRODUCT(('Raw Data'!$B$2:$B$9999="Variant")*('Raw Data'!$C$2:$C$9999="F. 100+")*'Raw Data'!$D$2:$D$9999*'Raw Data'!$AD$2:$AD$9999)/SUMIFS('Raw Data'!$D:$D, 'Raw Data'!$B:$B, "Variant", 'Raw Data'!$C:$C, "F. 100+"),"") -> 88.697662 | T17: =IFERROR((S17-R17)/ABS(R17),"") -> 0.0057463601
B18: P25 daily streak | C18: =IFERROR(SUMPRODUCT(('Raw Data'!$B$2:$B$9999="Control")*('Raw Data'!$C$2:$C$9999="A. 0")*'Raw Data'!$D$2:$D$9999*'Raw Data'!$AE$2:$AE$9999)/SUMIFS('Raw Data'!$D:$D, 'Raw Data'!$B:$B, "Control", 'Raw Data'!$C:$C, "A. 0"),"") -> 0 | D18: =IFERROR(SUMPRODUCT(('Raw Data'!$B$2:$B$9999="Variant")*('Raw Data'!$C$2:$C$9999="A. 0")*'Raw Data'!$D$2:$D$9999*'Raw Data'!$AE$2:$AE$9999)/SUMIFS('Raw Data'!$D:$D, 'Raw Data'!$B:$B, "Variant", 'Raw Data'!$C:$C, "A. 0"),"") -> 0 | E18: =IFERROR((D18-C18)/ABS(C18),"") | F18: =IFERROR(SUMPRODUCT(('Raw Data'!$B$2:$B$9999="Control")*('Raw Data'!$C$2:$C$9999="B. 1-9")*'Raw Data'!$D$2:$D$9999*'Raw Data'!$AE$2:$AE$9999)/SUMIFS('Raw Data'!$D:$D, 'Raw Data'!$B:$B, "Control", 'Raw Data'!$C:$C, "B. 1-9"),"") -> 1 | G18: =IFERROR(SUMPRODUCT(('Raw Data'!$B$2:$B$9999="Variant")*('Raw Data'!$C$2:$C$9999="B. 1-9")*'Raw Data'!$D$2:$D$9999*'Raw Data'!$AE$2:$AE$9999)/SUMIFS('Raw Data'!$D:$D, 'Raw Data'!$B:$B, "Variant", 'Raw Data'!$C:$C, "B. 1-9"),"") -> 1 | H18: =IFERROR((G18-F18)/ABS(F18),"") -> 0 | I18: =IFERROR(SUMPRODUCT(('Raw Data'!$B$2:$B$9999="Control")*('Raw Data'!$C$2:$C$9999="C. 10-19")*'Raw Data'!$D$2:$D$9999*'Raw Data'!$AE$2:$AE$9999)/SUMIFS('Raw Data'!$D:$D, 'Raw Data'!$B:$B, "Control", 'Raw Data'!$C:$C, "C. 10-19"),"") -> 3.1056083 | J18: =IFERROR(SUMPRODUCT(('Raw Data'!$B$2:$B$9999="Variant")*('Raw Data'!$C$2:$C$9999="C. 10-19")*'Raw Data'!$D$2:$D$9999*'Raw Data'!$AE$2:$AE$9999)/SUMIFS('Raw Data'!$D:$D, 'Raw Data'!$B:$B, "Variant", 'Raw Data'!$C:$C, "C. 10-19"),"") -> 3.0707976 | K18: =IFERROR((J18-I18)/ABS(I18),"") -> -0.011208996 | L18: =IFERROR(SUMPRODUCT(('Raw Data'!$B$2:$B$9999="Control")*('Raw Data'!$C$2:$C$9999="D. 20-39")*'Raw Data'!$D$2:$D$9999*'Raw Data'!$AE$2:$AE$9999)/SUMIFS('Raw Data'!$D:$D, 'Raw Data'!$B:$B, "Control", 'Raw Data'!$C:$C, "D. 20-39"),"") -> 6.9494927 | M18: =IFERROR(SUMPRODUCT(('Raw Data'!$B$2:$B$9999="Variant")*('Raw Data'!$C$2:$C$9999="D. 20-39")*'Raw Data'!$D$2:$D$9999*'Raw Data'!$AE$2:$AE$9999)/SUMIFS('Raw Data'!$D:$D, 'Raw Data'!$B:$B, "Variant", 'Raw Data'!$C:$C, "D. 20-39"),"") -> 6.7502983 | N18: =IFERROR((M18-L18)/ABS(L18),"") -> -0.028663153 | O18: =IFERROR(SUMPRODUCT(('Raw Data'!$B$2:$B$9999="Control")*('Raw Data'!$C$2:$C$9999="E. 40-99")*'Raw Data'!$D$2:$D$9999*'Raw Data'!$AE$2:$AE$9999)/SUMIFS('Raw Data'!$D:$D, 'Raw Data'!$B:$B, "Control", 'Raw Data'!$C:$C, "E. 40-99"),"") -> 14.681538 | P18: =IFERROR(SUMPRODUCT(('Raw Data'!$B$2:$B$9999="Variant")*('Raw Data'!$C$2:$C$9999="E. 40-99")*'Raw Data'!$D$2:$D$9999*'Raw Data'!$AE$2:$AE$9999)/SUMIFS('Raw Data'!$D:$D, 'Raw Data'!$B:$B, "Variant", 'Raw Data'!$C:$C, "E. 40-99"),"") -> 15.012966 | Q18: =IFERROR((P18-O18)/ABS(O18),"") -> 0.02257448 | R18: =IFERROR(SUMPRODUCT(('Raw Data'!$B$2:$B$9999="Control")*('Raw Data'!$C$2:$C$9999="F. 100+")*'Raw Data'!$D$2:$D$9999*'Raw Data'!$AE$2:$AE$9999)/SUMIFS('Raw Data'!$D:$D, 'Raw Data'!$B:$B, "Control", 'Raw Data'!$C:$C, "F. 100+"),"") -> 35.22683 | S18: =IFERROR(SUMPRODUCT(('Raw Data'!$B$2:$B$9999="Variant")*('Raw Data'!$C$2:$C$9999="F. 100+")*'Raw Data'!$D$2:$D$9999*'Raw Data'!$AE$2:$AE$9999)/SUMIFS('Raw Data'!$D:$D, 'Raw Data'!$B:$B, "Variant", 'Raw Data'!$C:$C, "F. 100+"),"") -> 35.481734 | T18: =IFERROR((S18-R18)/ABS(R18),"") -> 0.0072360758
B19: P50 daily streak | C19: =IFERROR(SUMPRODUCT(('Raw Data'!$B$2:$B$9999="Control")*('Raw Data'!$C$2:$C$9999="A. 0")*'Raw Data'!$D$2:$D$9999*'Raw Data'!$AF$2:$AF$9999)/SUMIFS('Raw Data'!$D:$D, 'Raw Data'!$B:$B, "Control", 'Raw Data'!$C:$C, "A. 0"),"") -> 0 | D19: =IFERROR(SUMPRODUCT(('Raw Data'!$B$2:$B$9999="Variant")*('Raw Data'!$C$2:$C$9999="A. 0")*'Raw Data'!$D$2:$D$9999*'Raw Data'!$AF$2:$AF$9999)/SUMIFS('Raw Data'!$D:$D, 'Raw Data'!$B:$B, "Variant", 'Raw Data'!$C:$C, "A. 0"),"") -> 0 | E19: =IFERROR((D19-C19)/ABS(C19),"") | F19: =IFERROR(SUMPRODUCT(('Raw Data'!$B$2:$B$9999="Control")*('Raw Data'!$C$2:$C$9999="B. 1-9")*'Raw Data'!$D$2:$D$9999*'Raw Data'!$AF$2:$AF$9999)/SUMIFS('Raw Data'!$D:$D, 'Raw Data'!$B:$B, "Control", 'Raw Data'!$C:$C, "B. 1-9"),"") -> 2.1389519 | G19: =IFERROR(SUMPRODUCT(('Raw Data'!$B$2:$B$9999="Variant")*('Raw Data'!$C$2:$C$9999="B. 1-9")*'Raw Data'!$D$2:$D$9999*'Raw Data'!$AF$2:$AF$9999)/SUMIFS('Raw Data'!$D:$D, 'Raw Data'!$B:$B, "Variant", 'Raw Data'!$C:$C, "B. 1-9"),"") -> 2.1388837 | H19: =IFERROR((G19-F19)/ABS(F19),"") -> -3.189077e-05 | I19: =IFERROR(SUMPRODUCT(('Raw Data'!$B$2:$B$9999="Control")*('Raw Data'!$C$2:$C$9999="C. 10-19")*'Raw Data'!$D$2:$D$9999*'Raw Data'!$AF$2:$AF$9999)/SUMIFS('Raw Data'!$D:$D, 'Raw Data'!$B:$B, "Control", 'Raw Data'!$C:$C, "C. 10-19"),"") -> 7.1445742 | J19: =IFERROR(SUMPRODUCT(('Raw Data'!$B$2:$B$9999="Variant")*('Raw Data'!$C$2:$C$9999="C. 10-19")*'Raw Data'!$D$2:$D$9999*'Raw Data'!$AF$2:$AF$9999)/SUMIFS('Raw Data'!$D:$D, 'Raw Data'!$B:$B, "Variant", 'Raw Data'!$C:$C, "C. 10-19"),"") -> 6.9668431 | K19: =IFERROR((J19-I19)/ABS(I19),"") -> -0.024876376 | L19: =IFERROR(SUMPRODUCT(('Raw Data'!$B$2:$B$9999="Control")*('Raw Data'!$C$2:$C$9999="D. 20-39")*'Raw Data'!$D$2:$D$9999*'Raw Data'!$AF$2:$AF$9999)/SUMIFS('Raw Data'!$D:$D, 'Raw Data'!$B:$B, "Control", 'Raw Data'!$C:$C, "D. 20-39"),"") -> 14.13997 | M19: =IFERROR(SUMPRODUCT(('Raw Data'!$B$2:$B$9999="Variant")*('Raw Data'!$C$2:$C$9999="D. 20-39")*'Raw Data'!$D$2:$D$9999*'Raw Data'!$AF$2:$AF$9999)/SUMIFS('Raw Data'!$D:$D, 'Raw Data'!$B:$B, "Variant", 'Raw Data'!$C:$C, "D. 20-39"),"") -> 14.178614 | N19: =IFERROR((M19-L19)/ABS(L19),"") -> 0.0027329707 | O19: =IFERROR(SUMPRODUCT(('Raw Data'!$B$2:$B$9999="Control")*('Raw Data'!$C$2:$C$9999="E. 40-99")*'Raw Data'!$D$2:$D$9999*'Raw Data'!$AF$2:$AF$9999)/SUMIFS('Raw Data'!$D:$D, 'Raw Data'!$B:$B, "Control", 'Raw Data'!$C:$C, "E. 40-99"),"") -> 29.820848 | P19: =IFERROR(SUMPRODUCT(('Raw Data'!$B$2:$B$9999="Variant")*('Raw Data'!$C$2:$C$9999="E. 40-99")*'Raw Data'!$D$2:$D$9999*'Raw Data'!$AF$2:$AF$9999)/SUMIFS('Raw Data'!$D:$D, 'Raw Data'!$B:$B, "Variant", 'Raw Data'!$C:$C, "E. 40-99"),"") -> 30.915691 | Q19: =IFERROR((P19-O19)/ABS(O19),"") -> 0.036714023 | R19: =IFERROR(SUMPRODUCT(('Raw Data'!$B$2:$B$9999="Control")*('Raw Data'!$C$2:$C$9999="F. 100+")*'Raw Data'!$D$2:$D$9999*'Raw Data'!$AF$2:$AF$9999)/SUMIFS('Raw Data'!$D:$D, 'Raw Data'!$B:$B, "Control", 'Raw Data'!$C:$C, "F. 100+"),"") -> 74.421694 | S19: =IFERROR(SUMPRODUCT(('Raw Data'!$B$2:$B$9999="Variant")*('Raw Data'!$C$2:$C$9999="F. 100+")*'Raw Data'!$D$2:$D$9999*'Raw Data'!$AF$2:$AF$9999)/SUMIFS('Raw Data'!$D:$D, 'Raw Data'!$B:$B, "Variant", 'Raw Data'!$C:$C, "F. 100+"),"") -> 76.772195 | T19: =IFERROR((S19-R19)/ABS(R19),"") -> 0.031583539
B20: P75 daily streak | C20: =IFERROR(SUMPRODUCT(('Raw Data'!$B$2:$B$9999="Control")*('Raw Data'!$C$2:$C$9999="A. 0")*'Raw Data'!$D$2:$D$9999*'Raw Data'!$AG$2:$AG$9999)/SUMIFS('Raw Data'!$D:$D, 'Raw Data'!$B:$B, "Control", 'Raw Data'!$C:$C, "A. 0"),"") -> 0 | D20: =IFERROR(SUMPRODUCT(('Raw Data'!$B$2:$B$9999="Variant")*('Raw Data'!$C$2:$C$9999="A. 0")*'Raw Data'!$D$2:$D$9999*'Raw Data'!$AG$2:$AG$9999)/SUMIFS('Raw Data'!$D:$D, 'Raw Data'!$B:$B, "Variant", 'Raw Data'!$C:$C, "A. 0"),"") -> 0 | E20: =IFERROR((D20-C20)/ABS(C20),"") | F20: =IFERROR(SUMPRODUCT(('Raw Data'!$B$2:$B$9999="Control")*('Raw Data'!$C$2:$C$9999="B. 1-9")*'Raw Data'!$D$2:$D$9999*'Raw Data'!$AG$2:$AG$9999)/SUMIFS('Raw Data'!$D:$D, 'Raw Data'!$B:$B, "Control", 'Raw Data'!$C:$C, "B. 1-9"),"") -> 5.0348217 | G20: =IFERROR(SUMPRODUCT(('Raw Data'!$B$2:$B$9999="Variant")*('Raw Data'!$C$2:$C$9999="B. 1-9")*'Raw Data'!$D$2:$D$9999*'Raw Data'!$AG$2:$AG$9999)/SUMIFS('Raw Data'!$D:$D, 'Raw Data'!$B:$B, "Variant", 'Raw Data'!$C:$C, "B. 1-9"),"") -> 5 | H20: =IFERROR((G20-F20)/ABS(F20),"") -> -0.0069161719 | I20: =IFERROR(SUMPRODUCT(('Raw Data'!$B$2:$B$9999="Control")*('Raw Data'!$C$2:$C$9999="C. 10-19")*'Raw Data'!$D$2:$D$9999*'Raw Data'!$AG$2:$AG$9999)/SUMIFS('Raw Data'!$D:$D, 'Raw Data'!$B:$B, "Control", 'Raw Data'!$C:$C, "C. 10-19"),"") -> 12.871208 | J20: =IFERROR(SUMPRODUCT(('Raw Data'!$B$2:$B$9999="Variant")*('Raw Data'!$C$2:$C$9999="C. 10-19")*'Raw Data'!$D$2:$D$9999*'Raw Data'!$AG$2:$AG$9999)/SUMIFS('Raw Data'!$D:$D, 'Raw Data'!$B:$B, "Variant", 'Raw Data'!$C:$C, "C. 10-19"),"") -> 12.972468 | K20: =IFERROR((J20-I20)/ABS(I20),"") -> 0.0078671653 | L20: =IFERROR(SUMPRODUCT(('Raw Data'!$B$2:$B$9999="Control")*('Raw Data'!$C$2:$C$9999="D. 20-39")*'Raw Data'!$D$2:$D$9999*'Raw Data'!$AG$2:$AG$9999)/SUMIFS('Raw Data'!$D:$D, 'Raw Data'!$B:$B, "Control", 'Raw Data'!$C:$C, "D. 20-39"),"") -> 25.407476 | M20: =IFERROR(SUMPRODUCT(('Raw Data'!$B$2:$B$9999="Variant")*('Raw Data'!$C$2:$C$9999="D. 20-39")*'Raw Data'!$D$2:$D$9999*'Raw Data'!$AG$2:$AG$9999)/SUMIFS('Raw Data'!$D:$D, 'Raw Data'!$B:$B, "Variant", 'Raw Data'!$C:$C, "D. 20-39"),"") -> 25.625808 | N20: =IFERROR((M20-L20)/ABS(L20),"") -> 0.0085932346 | O20: =IFERROR(SUMPRODUCT(('Raw Data'!$B$2:$B$9999="Control")*('Raw Data'!$C$2:$C$9999="E. 40-99")*'Raw Data'!$D$2:$D$9999*'Raw Data'!$AG$2:$AG$9999)/SUMIFS('Raw Data'!$D:$D, 'Raw Data'!$B:$B, "Control", 'Raw Data'!$C:$C, "E. 40-99"),"") -> 51.936681 | P20: =IFERROR(SUMPRODUCT(('Raw Data'!$B$2:$B$9999="Variant")*('Raw Data'!$C$2:$C$9999="E. 40-99")*'Raw Data'!$D$2:$D$9999*'Raw Data'!$AG$2:$AG$9999)/SUMIFS('Raw Data'!$D:$D, 'Raw Data'!$B:$B, "Variant", 'Raw Data'!$C:$C, "E. 40-99"),"") -> 53.638368 | Q20: =IFERROR((P20-O20)/ABS(O20),"") -> 0.032764647 | R20: =IFERROR(SUMPRODUCT(('Raw Data'!$B$2:$B$9999="Control")*('Raw Data'!$C$2:$C$9999="F. 100+")*'Raw Data'!$D$2:$D$9999*'Raw Data'!$AG$2:$AG$9999)/SUMIFS('Raw Data'!$D:$D, 'Raw Data'!$B:$B, "Control", 'Raw Data'!$C:$C, "F. 100+"),"") -> 124.26968 | S20: =IFERROR(SUMPRODUCT(('Raw Data'!$B$2:$B$9999="Variant")*('Raw Data'!$C$2:$C$9999="F. 100+")*'Raw Data'!$D$2:$D$9999*'Raw Data'!$AG$2:$AG$9999)/SUMIFS('Raw Data'!$D:$D, 'Raw Data'!$B:$B, "Variant", 'Raw Data'!$C:$C, "F. 100+"),"") -> 124.66088 | T20: =IFERROR((S20-R20)/ABS(R20),"") -> 0.0031479511
B21: P90 daily streak | C21: =IFERROR(SUMPRODUCT(('Raw Data'!$B$2:$B$9999="Control")*('Raw Data'!$C$2:$C$9999="A. 0")*'Raw Data'!$D$2:$D$9999*'Raw Data'!$AH$2:$AH$9999)/SUMIFS('Raw Data'!$D:$D, 'Raw Data'!$B:$B, "Control", 'Raw Data'!$C:$C, "A. 0"),"") -> 0 | D21: =IFERROR(SUMPRODUCT(('Raw Data'!$B$2:$B$9999="Variant")*('Raw Data'!$C$2:$C$9999="A. 0")*'Raw Data'!$D$2:$D$9999*'Raw Data'!$AH$2:$AH$9999)/SUMIFS('Raw Data'!$D:$D, 'Raw Data'!$B:$B, "Variant", 'Raw Data'!$C:$C, "A. 0"),"") -> 0 | E21: =IFERROR((D21-C21)/ABS(C21),"") | F21: =IFERROR(SUMPRODUCT(('Raw Data'!$B$2:$B$9999="Control")*('Raw Data'!$C$2:$C$9999="B. 1-9")*'Raw Data'!$D$2:$D$9999*'Raw Data'!$AH$2:$AH$9999)/SUMIFS('Raw Data'!$D:$D, 'Raw Data'!$B:$B, "Control", 'Raw Data'!$C:$C, "B. 1-9"),"") -> 8.7879724 | G21: =IFERROR(SUMPRODUCT(('Raw Data'!$B$2:$B$9999="Variant")*('Raw Data'!$C$2:$C$9999="B. 1-9")*'Raw Data'!$D$2:$D$9999*'Raw Data'!$AH$2:$AH$9999)/SUMIFS('Raw Data'!$D:$D, 'Raw Data'!$B:$B, "Variant", 'Raw Data'!$C:$C, "B. 1-9"),"") -> 8.6823329 | H21: =IFERROR((G21-F21)/ABS(F21),"") -> -0.012020909 | I21: =IFERROR(SUMPRODUCT(('Raw Data'!$B$2:$B$9999="Control")*('Raw Data'!$C$2:$C$9999="C. 10-19")*'Raw Data'!$D$2:$D$9999*'Raw Data'!$AH$2:$AH$9999)/SUMIFS('Raw Data'!$D:$D, 'Raw Data'!$B:$B, "Control", 'Raw Data'!$C:$C, "C. 10-19"),"") -> 20.117468 | J21: =IFERROR(SUMPRODUCT(('Raw Data'!$B$2:$B$9999="Variant")*('Raw Data'!$C$2:$C$9999="C. 10-19")*'Raw Data'!$D$2:$D$9999*'Raw Data'!$AH$2:$AH$9999)/SUMIFS('Raw Data'!$D:$D, 'Raw Data'!$B:$B, "Variant", 'Raw Data'!$C:$C, "C. 10-19"),"") -> 20.220959 | K21: =IFERROR((J21-I21)/ABS(I21),"") -> 0.0051443116 | L21: =IFERROR(SUMPRODUCT(('Raw Data'!$B$2:$B$9999="Control")*('Raw Data'!$C$2:$C$9999="D. 20-39")*'Raw Data'!$D$2:$D$9999*'Raw Data'!$AH$2:$AH$9999)/SUMIFS('Raw Data'!$D:$D, 'Raw Data'!$B:$B, "Control", 'Raw Data'!$C:$C, "D. 20-39"),"") -> 37.932861 | M21: =IFERROR(SUMPRODUCT(('Raw Data'!$B$2:$B$9999="Variant")*('Raw Data'!$C$2:$C$9999="D. 20-39")*'Raw Data'!$D$2:$D$9999*'Raw Data'!$AH$2:$AH$9999)/SUMIFS('Raw Data'!$D:$D, 'Raw Data'!$B:$B, "Variant", 'Raw Data'!$C:$C, "D. 20-39"),"") -> 38.91431 | N21: =IFERROR((M21-L21)/ABS(L21),"") -> 0.025873316 | O21: =IFERROR(SUMPRODUCT(('Raw Data'!$B$2:$B$9999="Control")*('Raw Data'!$C$2:$C$9999="E. 40-99")*'Raw Data'!$D$2:$D$9999*'Raw Data'!$AH$2:$AH$9999)/SUMIFS('Raw Data'!$D:$D, 'Raw Data'!$B:$B, "Control", 'Raw Data'!$C:$C, "E. 40-99"),"") -> 79.400642 | P21: =IFERROR(SUMPRODUCT(('Raw Data'!$B$2:$B$9999="Variant")*('Raw Data'!$C$2:$C$9999="E. 40-99")*'Raw Data'!$D$2:$D$9999*'Raw Data'!$AH$2:$AH$9999)/SUMIFS('Raw Data'!$D:$D, 'Raw Data'!$B:$B, "Variant", 'Raw Data'!$C:$C, "E. 40-99"),"") -> 82.173653 | Q21: =IFERROR((P21-O21)/ABS(O21),"") -> 0.03492429 | R21: =IFERROR(SUMPRODUCT(('Raw Data'!$B$2:$B$9999="Control")*('Raw Data'!$C$2:$C$9999="F. 100+")*'Raw Data'!$D$2:$D$9999*'Raw Data'!$AH$2:$AH$9999)/SUMIFS('Raw Data'!$D:$D, 'Raw Data'!$B:$B, "Control", 'Raw Data'!$C:$C, "F. 100+"),"") -> 179.36788 | S21: =IFERROR(SUMPRODUCT(('Raw Data'!$B$2:$B$9999="Variant")*('Raw Data'!$C$2:$C$9999="F. 100+")*'Raw Data'!$D$2:$D$9999*'Raw Data'!$AH$2:$AH$9999)/SUMIFS('Raw Data'!$D:$D, 'Raw Data'!$B:$B, "Variant", 'Raw Data'!$C:$C, "F. 100+"),"") -> 177.7185 | T21: =IFERROR((S21-R21)/ABS(R21),"") -> -0.0091955163
A22: Difficulty
B23: Pass rate | C23: =IFERROR(SUMPRODUCT(('Raw Data'!$B$2:$B$9999="Control")*('Raw Data'!$C$2:$C$9999="A. 0")*'Raw Data'!$D$2:$D$9999*'Raw Data'!$M$2:$M$9999)/SUMIFS('Raw Data'!$D:$D, 'Raw Data'!$B:$B, "Control", 'Raw Data'!$C:$C, "A. 0"),"") -> 0.021860321 | D23: =IFERROR(SUMPRODUCT(('Raw Data'!$B$2:$B$9999="Variant")*('Raw Data'!$C$2:$C$9999="A. 0")*'Raw Data'!$D$2:$D$9999*'Raw Data'!$M$2:$M$9999)/SUMIFS('Raw Data'!$D:$D, 'Raw Data'!$B:$B, "Variant", 'Raw Data'!$C:$C, "A. 0"),"") -> 0.023070146 | E23: =IFERROR((D23-C23)/ABS(C23),"") -> 0.0553434 | F23: =IFERROR(SUMPRODUCT(('Raw Data'!$B$2:$B$9999="Control")*('Raw Data'!$C$2:$C$9999="B. 1-9")*'Raw Data'!$D$2:$D$9999*'Raw Data'!$M$2:$M$9999)/SUMIFS('Raw Data'!$D:$D, 'Raw Data'!$B:$B, "Control", 'Raw Data'!$C:$C, "B. 1-9"),"") -> 0.35788332 | G23: =IFERROR(SUMPRODUCT(('Raw Data'!$B$2:$B$9999="Variant")*('Raw Data'!$C$2:$C$9999="B. 1-9")*'Raw Data'!$D$2:$D$9999*'Raw Data'!$M$2:$M$9999)/SUMIFS('Raw Data'!$D:$D, 'Raw Data'!$B:$B, "Variant", 'Raw Data'!$C:$C, "B. 1-9"),"") -> 0.34991098 | H23: =IFERROR((G23-F23)/ABS(F23),"") -> -0.022276382 | I23: =IFERROR(SUMPRODUCT(('Raw Data'!$B$2:$B$9999="Control")*('Raw Data'!$C$2:$C$9999="C. 10-19")*'Raw Data'!$D$2:$D$9999*'Raw Data'!$M$2:$M$9999)/SUMIFS('Raw Data'!$D:$D, 'Raw Data'!$B:$B, "Control", 'Raw Data'!$C:$C, "C. 10-19"),"") -> 0.48910357 | J23: =IFERROR(SUMPRODUCT(('Raw Data'!$B$2:$B$9999="Variant")*('Raw Data'!$C$2:$C$9999="C. 10-19")*'Raw Data'!$D$2:$D$9999*'Raw Data'!$M$2:$M$9999)/SUMIFS('Raw Data'!$D:$D, 'Raw Data'!$B:$B, "Variant", 'Raw Data'!$C:$C, "C. 10-19"),"") -> 0.47754203 | K23: =IFERROR((J23-I23)/ABS(I23),"") -> -0.023638211 | L23: =IFERROR(SUMPRODUCT(('Raw Data'!$B$2:$B$9999="Control")*('Raw Data'!$C$2:$C$9999="D. 20-39")*'Raw Data'!$D$2:$D$9999*'Raw Data'!$M$2:$M$9999)/SUMIFS('Raw Data'!$D:$D, 'Raw Data'!$B:$B, "Control", 'Raw Data'!$C:$C, "D. 20-39"),"") -> 0.62169759 | M23: =IFERROR(SUMPRODUCT(('Raw Data'!$B$2:$B$9999="Variant")*('Raw Data'!$C$2:$C$9999="D. 20-39")*'Raw Data'!$D$2:$D$9999*'Raw Data'!$M$2:$M$9999)/SUMIFS('Raw Data'!$D:$D, 'Raw Data'!$B:$B, "Variant", 'Raw Data'!$C:$C, "D. 20-39"),"") -> 0.61679331 | N23: =IFERROR((M23-L23)/ABS(L23),"") -> -0.0078885351 | O23: =IFERROR(SUMPRODUCT(('Raw Data'!$B$2:$B$9999="Control")*('Raw Data'!$C$2:$C$9999="E. 40-99")*'Raw Data'!$D$2:$D$9999*'Raw Data'!$M$2:$M$9999)/SUMIFS('Raw Data'!$D:$D, 'Raw Data'!$B:$B, "Control", 'Raw Data'!$C:$C, "E. 40-99"),"") -> 0.75220446 | P23: =IFERROR(SUMPRODUCT(('Raw Data'!$B$2:$B$9999="Variant")*('Raw Data'!$C$2:$C$9999="E. 40-99")*'Raw Data'!$D$2:$D$9999*'Raw Data'!$M$2:$M$9999)/SUMIFS('Raw Data'!$D:$D, 'Raw Data'!$B:$B, "Variant", 'Raw Data'!$C:$C, "E. 40-99"),"") -> 0.75306844 | Q23: =IFERROR((P23-O23)/ABS(O23),"") -> 0.0011485924 | R23: =IFERROR(SUMPRODUCT(('Raw Data'!$B$2:$B$9999="Control")*('Raw Data'!$C$2:$C$9999="F. 100+")*'Raw Data'!$D$2:$D$9999*'Raw Data'!$M$2:$M$9999)/SUMIFS('Raw Data'!$D:$D, 'Raw Data'!$B:$B, "Control", 'Raw Data'!$C:$C, "F. 100+"),"") -> 0.84783844 | S23: =IFERROR(SUMPRODUCT(('Raw Data'!$B$2:$B$9999="Variant")*('Raw Data'!$C$2:$C$9999="F. 100+")*'Raw Data'!$D$2:$D$9999*'Raw Data'!$M$2:$M$9999)/SUMIFS('Raw Data'!$D:$D, 'Raw Data'!$B:$B, "Variant", 'Raw Data'!$C:$C, "F. 100+"),"") -> 0.84285308 | T23: =IFERROR((S23-R23)/ABS(R23),"") -> -0.0058800858
B24: OOM rate | C24: =IFERROR(SUMPRODUCT(('Raw Data'!$B$2:$B$9999="Control")*('Raw Data'!$C$2:$C$9999="A. 0")*'Raw Data'!$D$2:$D$9999*'Raw Data'!$N$2:$N$9999)/SUMIFS('Raw Data'!$D:$D, 'Raw Data'!$B:$B, "Control", 'Raw Data'!$C:$C, "A. 0"),"") -> 0.9815874 | D24: =IFERROR(SUMPRODUCT(('Raw Data'!$B$2:$B$9999="Variant")*('Raw Data'!$C$2:$C$9999="A. 0")*'Raw Data'!$D$2:$D$9999*'Raw Data'!$N$2:$N$9999)/SUMIFS('Raw Data'!$D:$D, 'Raw Data'!$B:$B, "Variant", 'Raw Data'!$C:$C, "A. 0"),"") -> 0.9799736 | E24: =IFERROR((D24-C24)/ABS(C24),"") -> -0.0016440757 | F24: =IFERROR(SUMPRODUCT(('Raw Data'!$B$2:$B$9999="Control")*('Raw Data'!$C$2:$C$9999="B. 1-9")*'Raw Data'!$D$2:$D$9999*'Raw Data'!$N$2:$N$9999)/SUMIFS('Raw Data'!$D:$D, 'Raw Data'!$B:$B, "Control", 'Raw Data'!$C:$C, "B. 1-9"),"") -> 0.75982597 | G24: =IFERROR(SUMPRODUCT(('Raw Data'!$B$2:$B$9999="Variant")*('Raw Data'!$C$2:$C$9999="B. 1-9")*'Raw Data'!$D$2:$D$9999*'Raw Data'!$N$2:$N$9999)/SUMIFS('Raw Data'!$D:$D, 'Raw Data'!$B:$B, "Variant", 'Raw Data'!$C:$C, "B. 1-9"),"") -> 0.76202177 | H24: =IFERROR((G24-F24)/ABS(F24),"") -> 0.0028898639 | I24: =IFERROR(SUMPRODUCT(('Raw Data'!$B$2:$B$9999="Control")*('Raw Data'!$C$2:$C$9999="C. 10-19")*'Raw Data'!$D$2:$D$9999*'Raw Data'!$N$2:$N$9999)/SUMIFS('Raw Data'!$D:$D, 'Raw Data'!$B:$B, "Control", 'Raw Data'!$C:$C, "C. 10-19"),"") -> 0.64785492 | J24: =IFERROR(SUMPRODUCT(('Raw Data'!$B$2:$B$9999="Variant")*('Raw Data'!$C$2:$C$9999="C. 10-19")*'Raw Data'!$D$2:$D$9999*'Raw Data'!$N$2:$N$9999)/SUMIFS('Raw Data'!$D:$D, 'Raw Data'!$B:$B, "Variant", 'Raw Data'!$C:$C, "C. 10-19"),"") -> 0.6539622 | K24: =IFERROR((J24-I24)/ABS(I24),"") -> 0.009426922 | L24: =IFERROR(SUMPRODUCT(('Raw Data'!$B$2:$B$9999="Control")*('Raw Data'!$C$2:$C$9999="D. 20-39")*'Raw Data'!$D$2:$D$9999*'Raw Data'!$N$2:$N$9999)/SUMIFS('Raw Data'!$D:$D, 'Raw Data'!$B:$B, "Control", 'Raw Data'!$C:$C, "D. 20-39"),"") -> 0.52288643 | M24: =IFERROR(SUMPRODUCT(('Raw Data'!$B$2:$B$9999="Variant")*('Raw Data'!$C$2:$C$9999="D. 20-39")*'Raw Data'!$D$2:$D$9999*'Raw Data'!$N$2:$N$9999)/SUMIFS('Raw Data'!$D:$D, 'Raw Data'!$B:$B, "Variant", 'Raw Data'!$C:$C, "D. 20-39"),"") -> 0.5243463 | N24: =IFERROR((M24-L24)/ABS(L24),"") -> 0.002791941 | O24: =IFERROR(SUMPRODUCT(('Raw Data'!$B$2:$B$9999="Control")*('Raw Data'!$C$2:$C$9999="E. 40-99")*'Raw Data'!$D$2:$D$9999*'Raw Data'!$N$2:$N$9999)/SUMIFS('Raw Data'!$D:$D, 'Raw Data'!$B:$B, "Control", 'Raw Data'!$C:$C, "E. 40-99"),"") -> 0.39317147 | P24: =IFERROR(SUMPRODUCT(('Raw Data'!$B$2:$B$9999="Variant")*('Raw Data'!$C$2:$C$9999="E. 40-99")*'Raw Data'!$D$2:$D$9999*'Raw Data'!$N$2:$N$9999)/SUMIFS('Raw Data'!$D:$D, 'Raw Data'!$B:$B, "Variant", 'Raw Data'!$C:$C, "E. 40-99"),"") -> 0.39105596 | Q24: =IFERROR((P24-O24)/ABS(O24),"") -> -0.0053806274 | R24: =IFERROR(SUMPRODUCT(('Raw Data'!$B$2:$B$9999="Control")*('Raw Data'!$C$2:$C$9999="F. 100+")*'Raw Data'!$D$2:$D$9999*'Raw Data'!$N$2:$N$9999)/SUMIFS('Raw Data'!$D:$D, 'Raw Data'!$B:$B, "Control", 'Raw Data'!$C:$C, "F. 100+"),"") -> 0.28313985 | S24: =IFERROR(SUMPRODUCT(('Raw Data'!$B$2:$B$9999="Variant")*('Raw Data'!$C$2:$C$9999="F. 100+")*'Raw Data'!$D$2:$D$9999*'Raw Data'!$N$2:$N$9999)/SUMIFS('Raw Data'!$D:$D, 'Raw Data'!$B:$B, "Variant", 'Raw Data'!$C:$C, "F. 100+"),"") -> 0.28980897 | T24: =IFERROR((S24-R24)/ABS(R24),"") -> 0.023554158
B25: First-try OOM rate | C25: =IFERROR(SUMPRODUCT(('Raw Data'!$B$2:$B$9999="Control")*('Raw Data'!$C$2:$C$9999="A. 0")*'Raw Data'!$D$2:$D$9999*'Raw Data'!$O$2:$O$9999)/SUMIFS('Raw Data'!$D:$D, 'Raw Data'!$B:$B, "Control", 'Raw Data'!$C:$C, "A. 0"),"") -> 0.7763233 | D25: =IFERROR(SUMPRODUCT(('Raw Data'!$B$2:$B$9999="Variant")*('Raw Data'!$C$2:$C$9999="A. 0")*'Raw Data'!$D$2:$D$9999*'Raw Data'!$O$2:$O$9999)/SUMIFS('Raw Data'!$D:$D, 'Raw Data'!$B:$B, "Variant", 'Raw Data'!$C:$C, "A. 0"),"") -> 0.74494993 | E25: =IFERROR((D25-C25)/ABS(C25),"") -> -0.040412765 | F25: =IFERROR(SUMPRODUCT(('Raw Data'!$B$2:$B$9999="Control")*('Raw Data'!$C$2:$C$9999="B. 1-9")*'Raw Data'!$D$2:$D$9999*'Raw Data'!$O$2:$O$9999)/SUMIFS('Raw Data'!$D:$D, 'Raw Data'!$B:$B, "Control", 'Raw Data'!$C:$C, "B. 1-9"),"") -> 0.53356215 | G25: =IFERROR(SUMPRODUCT(('Raw Data'!$B$2:$B$9999="Variant")*('Raw Data'!$C$2:$C$9999="B. 1-9")*'Raw Data'!$D$2:$D$9999*'Raw Data'!$O$2:$O$9999)/SUMIFS('Raw Data'!$D:$D, 'Raw Data'!$B:$B, "Variant", 'Raw Data'!$C:$C, "B. 1-9"),"") -> 0.53120168 | H25: =IFERROR((G25-F25)/ABS(F25),"") -> -0.0044239839 | I25: =IFERROR(SUMPRODUCT(('Raw Data'!$B$2:$B$9999="Control")*('Raw Data'!$C$2:$C$9999="C. 10-19")*'Raw Data'!$D$2:$D$9999*'Raw Data'!$O$2:$O$9999)/SUMIFS('Raw Data'!$D:$D, 'Raw Data'!$B:$B, "Control", 'Raw Data'!$C:$C, "C. 10-19"),"") -> 0.41605134 | J25: =IFERROR(SUMPRODUCT(('Raw Data'!$B$2:$B$9999="Variant")*('Raw Data'!$C$2:$C$9999="C. 10-19")*'Raw Data'!$D$2:$D$9999*'Raw Data'!$O$2:$O$9999)/SUMIFS('Raw Data'!$D:$D, 'Raw Data'!$B:$B, "Variant", 'Raw Data'!$C:$C, "C. 10-19"),"") -> 0.41562015 | K25: =IFERROR((J25-I25)/ABS(I25),"") -> -0.00103639 | L25: =IFERROR(SUMPRODUCT(('Raw Data'!$B$2:$B$9999="Control")*('Raw Data'!$C$2:$C$9999="D. 20-39")*'Raw Data'!$D$2:$D$9999*'Raw Data'!$O$2:$O$9999)/SUMIFS('Raw Data'!$D:$D, 'Raw Data'!$B:$B, "Control", 'Raw Data'!$C:$C, "D. 20-39"),"") -> 0.33006846 | M25: =IFERROR(SUMPRODUCT(('Raw Data'!$B$2:$B$9999="Variant")*('Raw Data'!$C$2:$C$9999="D. 20-39")*'Raw Data'!$D$2:$D$9999*'Raw Data'!$O$2:$O$9999)/SUMIFS('Raw Data'!$D:$D, 'Raw Data'!$B:$B, "Variant", 'Raw Data'!$C:$C, "D. 20-39"),"") -> 0.32689821 | N25: =IFERROR((M25-L25)/ABS(L25),"") -> -0.0096048211 | O25: =IFERROR(SUMPRODUCT(('Raw Data'!$B$2:$B$9999="Control")*('Raw Data'!$C$2:$C$9999="E. 40-99")*'Raw Data'!$D$2:$D$9999*'Raw Data'!$O$2:$O$9999)/SUMIFS('Raw Data'!$D:$D, 'Raw Data'!$B:$B, "Control", 'Raw Data'!$C:$C, "E. 40-99"),"") -> 0.25755219 | P25: =IFERROR(SUMPRODUCT(('Raw Data'!$B$2:$B$9999="Variant")*('Raw Data'!$C$2:$C$9999="E. 40-99")*'Raw Data'!$D$2:$D$9999*'Raw Data'!$O$2:$O$9999)/SUMIFS('Raw Data'!$D:$D, 'Raw Data'!$B:$B, "Variant", 'Raw Data'!$C:$C, "E. 40-99"),"") -> 0.2537171 | Q25: =IFERROR((P25-O25)/ABS(O25),"") -> -0.014890554 | R25: =IFERROR(SUMPRODUCT(('Raw Data'!$B$2:$B$9999="Control")*('Raw Data'!$C$2:$C$9999="F. 100+")*'Raw Data'!$D$2:$D$9999*'Raw Data'!$O$2:$O$9999)/SUMIFS('Raw Data'!$D:$D, 'Raw Data'!$B:$B, "Control", 'Raw Data'!$C:$C, "F. 100+"),"") -> 0.19643438 | S25: =IFERROR(SUMPRODUCT(('Raw Data'!$B$2:$B$9999="Variant")*('Raw Data'!$C$2:$C$9999="F. 100+")*'Raw Data'!$D$2:$D$9999*'Raw Data'!$O$2:$O$9999)/SUMIFS('Raw Data'!$D:$D, 'Raw Data'!$B:$B, "Variant", 'Raw Data'!$C:$C, "F. 100+"),"") -> 0.20023819 | T25: =IFERROR((S25-R25)/ABS(R25),"") -> 0.019364252
B26: Attempts per completion | C26: =IFERROR(SUMPRODUCT(('Raw Data'!$B$2:$B$9999="Control")*('Raw Data'!$C$2:$C$9999="A. 0")*'Raw Data'!$D$2:$D$9999*'Raw Data'!$P$2:$P$9999)/SUMIFS('Raw Data'!$D:$D, 'Raw Data'!$B:$B, "Control", 'Raw Data'!$C:$C, "A. 0"),"") -> 69.200155 | D26: =IFERROR(SUMPRODUCT(('Raw Data'!$B$2:$B$9999="Variant")*('Raw Data'!$C$2:$C$9999="A. 0")*'Raw Data'!$D$2:$D$9999*'Raw Data'!$P$2:$P$9999)/SUMIFS('Raw Data'!$D:$D, 'Raw Data'!$B:$B, "Variant", 'Raw Data'!$C:$C, "A. 0"),"") -> 48.636483 | E26: =IFERROR((D26-C26)/ABS(C26),"") -> -0.29716222 | F26: =IFERROR(SUMPRODUCT(('Raw Data'!$B$2:$B$9999="Control")*('Raw Data'!$C$2:$C$9999="B. 1-9")*'Raw Data'!$D$2:$D$9999*'Raw Data'!$P$2:$P$9999)/SUMIFS('Raw Data'!$D:$D, 'Raw Data'!$B:$B, "Control", 'Raw Data'!$C:$C, "B. 1-9"),"") -> 2.8011394 | G26: =IFERROR(SUMPRODUCT(('Raw Data'!$B$2:$B$9999="Variant")*('Raw Data'!$C$2:$C$9999="B. 1-9")*'Raw Data'!$D$2:$D$9999*'Raw Data'!$P$2:$P$9999)/SUMIFS('Raw Data'!$D:$D, 'Raw Data'!$B:$B, "Variant", 'Raw Data'!$C:$C, "B. 1-9"),"") -> 2.8624707 | H26: =IFERROR((G26-F26)/ABS(F26),"") -> 0.021895113 | I26: =IFERROR(SUMPRODUCT(('Raw Data'!$B$2:$B$9999="Control")*('Raw Data'!$C$2:$C$9999="C. 10-19")*'Raw Data'!$D$2:$D$9999*'Raw Data'!$P$2:$P$9999)/SUMIFS('Raw Data'!$D:$D, 'Raw Data'!$B:$B, "Control", 'Raw Data'!$C:$C, "C. 10-19"),"") -> 2.0480784 | J26: =IFERROR(SUMPRODUCT(('Raw Data'!$B$2:$B$9999="Variant")*('Raw Data'!$C$2:$C$9999="C. 10-19")*'Raw Data'!$D$2:$D$9999*'Raw Data'!$P$2:$P$9999)/SUMIFS('Raw Data'!$D:$D, 'Raw Data'!$B:$B, "Variant", 'Raw Data'!$C:$C, "C. 10-19"),"") -> 2.0972354 | K26: =IFERROR((J26-I26)/ABS(I26),"") -> 0.024001533 | L26: =IFERROR(SUMPRODUCT(('Raw Data'!$B$2:$B$9999="Control")*('Raw Data'!$C$2:$C$9999="D. 20-39")*'Raw Data'!$D$2:$D$9999*'Raw Data'!$P$2:$P$9999)/SUMIFS('Raw Data'!$D:$D, 'Raw Data'!$B:$B, "Control", 'Raw Data'!$C:$C, "D. 20-39"),"") -> 1.6102783 | M26: =IFERROR(SUMPRODUCT(('Raw Data'!$B$2:$B$9999="Variant")*('Raw Data'!$C$2:$C$9999="D. 20-39")*'Raw Data'!$D$2:$D$9999*'Raw Data'!$P$2:$P$9999)/SUMIFS('Raw Data'!$D:$D, 'Raw Data'!$B:$B, "Variant", 'Raw Data'!$C:$C, "D. 20-39"),"") -> 1.6235219 | N26: =IFERROR((M26-L26)/ABS(L26),"") -> 0.0082244262 | O26: =IFERROR(SUMPRODUCT(('Raw Data'!$B$2:$B$9999="Control")*('Raw Data'!$C$2:$C$9999="E. 40-99")*'Raw Data'!$D$2:$D$9999*'Raw Data'!$P$2:$P$9999)/SUMIFS('Raw Data'!$D:$D, 'Raw Data'!$B:$B, "Control", 'Raw Data'!$C:$C, "E. 40-99"),"") -> 1.3300902 | P26: =IFERROR(SUMPRODUCT(('Raw Data'!$B$2:$B$9999="Variant")*('Raw Data'!$C$2:$C$9999="E. 40-99")*'Raw Data'!$D$2:$D$9999*'Raw Data'!$P$2:$P$9999)/SUMIFS('Raw Data'!$D:$D, 'Raw Data'!$B:$B, "Variant", 'Raw Data'!$C:$C, "E. 40-99"),"") -> 1.3285932 | Q26: =IFERROR((P26-O26)/ABS(O26),"") -> -0.0011255309 | R26: =IFERROR(SUMPRODUCT(('Raw Data'!$B$2:$B$9999="Control")*('Raw Data'!$C$2:$C$9999="F. 100+")*'Raw Data'!$D$2:$D$9999*'Raw Data'!$P$2:$P$9999)/SUMIFS('Raw Data'!$D:$D, 'Raw Data'!$B:$B, "Control", 'Raw Data'!$C:$C, "F. 100+"),"") -> 1.1798282 | S26: =IFERROR(SUMPRODUCT(('Raw Data'!$B$2:$B$9999="Variant")*('Raw Data'!$C$2:$C$9999="F. 100+")*'Raw Data'!$D$2:$D$9999*'Raw Data'!$P$2:$P$9999)/SUMIFS('Raw Data'!$D:$D, 'Raw Data'!$B:$B, "Variant", 'Raw Data'!$C:$C, "F. 100+"),"") -> 1.186839 | T26: =IFERROR((S26-R26)/ABS(R26),"") -> 0.0059422562
A27: HC Economy
B28: HC gain total / player | C28: =IFERROR(SUMPRODUCT(('Raw Data'!$B$2:$B$9999="Control")*('Raw Data'!$C$2:$C$9999="A. 0")*'Raw Data'!$D$2:$D$9999*'Raw Data'!$Q$2:$Q$9999)/SUMIFS('Raw Data'!$D:$D, 'Raw Data'!$B:$B, "Control", 'Raw Data'!$C:$C, "A. 0"),"") -> 26.989699 | D28: =IFERROR(SUMPRODUCT(('Raw Data'!$B$2:$B$9999="Variant")*('Raw Data'!$C$2:$C$9999="A. 0")*'Raw Data'!$D$2:$D$9999*'Raw Data'!$Q$2:$Q$9999)/SUMIFS('Raw Data'!$D:$D, 'Raw Data'!$B:$B, "Variant", 'Raw Data'!$C:$C, "A. 0"),"") -> 23.576351 | E28: =IFERROR((D28-C28)/ABS(C28),"") -> -0.12646856 | F28: =IFERROR(SUMPRODUCT(('Raw Data'!$B$2:$B$9999="Control")*('Raw Data'!$C$2:$C$9999="B. 1-9")*'Raw Data'!$D$2:$D$9999*'Raw Data'!$Q$2:$Q$9999)/SUMIFS('Raw Data'!$D:$D, 'Raw Data'!$B:$B, "Control", 'Raw Data'!$C:$C, "B. 1-9"),"") -> 65.71083 | G28: =IFERROR(SUMPRODUCT(('Raw Data'!$B$2:$B$9999="Variant")*('Raw Data'!$C$2:$C$9999="B. 1-9")*'Raw Data'!$D$2:$D$9999*'Raw Data'!$Q$2:$Q$9999)/SUMIFS('Raw Data'!$D:$D, 'Raw Data'!$B:$B, "Variant", 'Raw Data'!$C:$C, "B. 1-9"),"") -> 58.796127 | H28: =IFERROR((G28-F28)/ABS(F28),"") -> -0.10522928 | I28: =IFERROR(SUMPRODUCT(('Raw Data'!$B$2:$B$9999="Control")*('Raw Data'!$C$2:$C$9999="C. 10-19")*'Raw Data'!$D$2:$D$9999*'Raw Data'!$Q$2:$Q$9999)/SUMIFS('Raw Data'!$D:$D, 'Raw Data'!$B:$B, "Control", 'Raw Data'!$C:$C, "C. 10-19"),"") -> 130.47514 | J28: =IFERROR(SUMPRODUCT(('Raw Data'!$B$2:$B$9999="Variant")*('Raw Data'!$C$2:$C$9999="C. 10-19")*'Raw Data'!$D$2:$D$9999*'Raw Data'!$Q$2:$Q$9999)/SUMIFS('Raw Data'!$D:$D, 'Raw Data'!$B:$B, "Variant", 'Raw Data'!$C:$C, "C. 10-19"),"") -> 123.21437 | K28: =IFERROR((J28-I28)/ABS(I28),"") -> -0.055648662 | L28: =IFERROR(SUMPRODUCT(('Raw Data'!$B$2:$B$9999="Control")*('Raw Data'!$C$2:$C$9999="D. 20-39")*'Raw Data'!$D$2:$D$9999*'Raw Data'!$Q$2:$Q$9999)/SUMIFS('Raw Data'!$D:$D, 'Raw Data'!$B:$B, "Control", 'Raw Data'!$C:$C, "D. 20-39"),"") -> 231.86417 | M28: =IFERROR(SUMPRODUCT(('Raw Data'!$B$2:$B$9999="Variant")*('Raw Data'!$C$2:$C$9999="D. 20-39")*'Raw Data'!$D$2:$D$9999*'Raw Data'!$Q$2:$Q$9999)/SUMIFS('Raw Data'!$D:$D, 'Raw Data'!$B:$B, "Variant", 'Raw Data'!$C:$C, "D. 20-39"),"") -> 226.3284 | N28: =IFERROR((M28-L28)/ABS(L28),"") -> -0.023875054 | O28: =IFERROR(SUMPRODUCT(('Raw Data'!$B$2:$B$9999="Control")*('Raw Data'!$C$2:$C$9999="E. 40-99")*'Raw Data'!$D$2:$D$9999*'Raw Data'!$Q$2:$Q$9999)/SUMIFS('Raw Data'!$D:$D, 'Raw Data'!$B:$B, "Control", 'Raw Data'!$C:$C, "E. 40-99"),"") -> 433.09226 | P28: =IFERROR(SUMPRODUCT(('Raw Data'!$B$2:$B$9999="Variant")*('Raw Data'!$C$2:$C$9999="E. 40-99")*'Raw Data'!$D$2:$D$9999*'Raw Data'!$Q$2:$Q$9999)/SUMIFS('Raw Data'!$D:$D, 'Raw Data'!$B:$B, "Variant", 'Raw Data'!$C:$C, "E. 40-99"),"") -> 438.42963 | Q28: =IFERROR((P28-O28)/ABS(O28),"") -> 0.012323882 | R28: =IFERROR(SUMPRODUCT(('Raw Data'!$B$2:$B$9999="Control")*('Raw Data'!$C$2:$C$9999="F. 100+")*'Raw Data'!$D$2:$D$9999*'Raw Data'!$Q$2:$Q$9999)/SUMIFS('Raw Data'!$D:$D, 'Raw Data'!$B:$B, "Control", 'Raw Data'!$C:$C, "F. 100+"),"") -> 834.68989 | S28: =IFERROR(SUMPRODUCT(('Raw Data'!$B$2:$B$9999="Variant")*('Raw Data'!$C$2:$C$9999="F. 100+")*'Raw Data'!$D$2:$D$9999*'Raw Data'!$Q$2:$Q$9999)/SUMIFS('Raw Data'!$D:$D, 'Raw Data'!$B:$B, "Variant", 'Raw Data'!$C:$C, "F. 100+"),"") -> 822.66151 | T28: =IFERROR((S28-R28)/ABS(R28),"") -> -0.014410597
B29: HC gain PAID / player | C29: =IFERROR(SUMPRODUCT(('Raw Data'!$B$2:$B$9999="Control")*('Raw Data'!$C$2:$C$9999="A. 0")*'Raw Data'!$D$2:$D$9999*'Raw Data'!$T$2:$T$9999)/SUMIFS('Raw Data'!$D:$D, 'Raw Data'!$B:$B, "Control", 'Raw Data'!$C:$C, "A. 0"),"") -> 0.31689585 | D29: =IFERROR(SUMPRODUCT(('Raw Data'!$B$2:$B$9999="Variant")*('Raw Data'!$C$2:$C$9999="A. 0")*'Raw Data'!$D$2:$D$9999*'Raw Data'!$T$2:$T$9999)/SUMIFS('Raw Data'!$D:$D, 'Raw Data'!$B:$B, "Variant", 'Raw Data'!$C:$C, "A. 0"),"") -> 0.27573416 | E29: =IFERROR((D29-C29)/ABS(C29),"") -> -0.12989027 | F29: =IFERROR(SUMPRODUCT(('Raw Data'!$B$2:$B$9999="Control")*('Raw Data'!$C$2:$C$9999="B. 1-9")*'Raw Data'!$D$2:$D$9999*'Raw Data'!$T$2:$T$9999)/SUMIFS('Raw Data'!$D:$D, 'Raw Data'!$B:$B, "Control", 'Raw Data'!$C:$C, "B. 1-9"),"") -> 6.6490282 | G29: =IFERROR(SUMPRODUCT(('Raw Data'!$B$2:$B$9999="Variant")*('Raw Data'!$C$2:$C$9999="B. 1-9")*'Raw Data'!$D$2:$D$9999*'Raw Data'!$T$2:$T$9999)/SUMIFS('Raw Data'!$D:$D, 'Raw Data'!$B:$B, "Variant", 'Raw Data'!$C:$C, "B. 1-9"),"") -> 6.7789735 | H29: =IFERROR((G29-F29)/ABS(F29),"") -> 0.019543503 | I29: =IFERROR(SUMPRODUCT(('Raw Data'!$B$2:$B$9999="Control")*('Raw Data'!$C$2:$C$9999="C. 10-19")*'Raw Data'!$D$2:$D$9999*'Raw Data'!$T$2:$T$9999)/SUMIFS('Raw Data'!$D:$D, 'Raw Data'!$B:$B, "Control", 'Raw Data'!$C:$C, "C. 10-19"),"") -> 23.338872 | J29: =IFERROR(SUMPRODUCT(('Raw Data'!$B$2:$B$9999="Variant")*('Raw Data'!$C$2:$C$9999="C. 10-19")*'Raw Data'!$D$2:$D$9999*'Raw Data'!$T$2:$T$9999)/SUMIFS('Raw Data'!$D:$D, 'Raw Data'!$B:$B, "Variant", 'Raw Data'!$C:$C, "C. 10-19"),"") -> 23.501215 | K29: =IFERROR((J29-I29)/ABS(I29),"") -> 0.0069558981 | L29: =IFERROR(SUMPRODUCT(('Raw Data'!$B$2:$B$9999="Control")*('Raw Data'!$C$2:$C$9999="D. 20-39")*'Raw Data'!$D$2:$D$9999*'Raw Data'!$T$2:$T$9999)/SUMIFS('Raw Data'!$D:$D, 'Raw Data'!$B:$B, "Control", 'Raw Data'!$C:$C, "D. 20-39"),"") -> 53.78642 | M29: =IFERROR(SUMPRODUCT(('Raw Data'!$B$2:$B$9999="Variant")*('Raw Data'!$C$2:$C$9999="D. 20-39")*'Raw Data'!$D$2:$D$9999*'Raw Data'!$T$2:$T$9999)/SUMIFS('Raw Data'!$D:$D, 'Raw Data'!$B:$B, "Variant", 'Raw Data'!$C:$C, "D. 20-39"),"") -> 52.805842 | N29: =IFERROR((M29-L29)/ABS(L29),"") -> -0.018230951 | O29: =IFERROR(SUMPRODUCT(('Raw Data'!$B$2:$B$9999="Control")*('Raw Data'!$C$2:$C$9999="E. 40-99")*'Raw Data'!$D$2:$D$9999*'Raw Data'!$T$2:$T$9999)/SUMIFS('Raw Data'!$D:$D, 'Raw Data'!$B:$B, "Control", 'Raw Data'!$C:$C, "E. 40-99"),"") -> 114.24422 | P29: =IFERROR(SUMPRODUCT(('Raw Data'!$B$2:$B$9999="Variant")*('Raw Data'!$C$2:$C$9999="E. 40-99")*'Raw Data'!$D$2:$D$9999*'Raw Data'!$T$2:$T$9999)/SUMIFS('Raw Data'!$D:$D, 'Raw Data'!$B:$B, "Variant", 'Raw Data'!$C:$C, "E. 40-99"),"") -> 119.7299 | Q29: =IFERROR((P29-O29)/ABS(O29),"") -> 0.048017146 | R29: =IFERROR(SUMPRODUCT(('Raw Data'!$B$2:$B$9999="Control")*('Raw Data'!$C$2:$C$9999="F. 100+")*'Raw Data'!$D$2:$D$9999*'Raw Data'!$T$2:$T$9999)/SUMIFS('Raw Data'!$D:$D, 'Raw Data'!$B:$B, "Control", 'Raw Data'!$C:$C, "F. 100+"),"") -> 211.82531 | S29: =IFERROR(SUMPRODUCT(('Raw Data'!$B$2:$B$9999="Variant")*('Raw Data'!$C$2:$C$9999="F. 100+")*'Raw Data'!$D$2:$D$9999*'Raw Data'!$T$2:$T$9999)/SUMIFS('Raw Data'!$D:$D, 'Raw Data'!$B:$B, "Variant", 'Raw Data'!$C:$C, "F. 100+"),"") -> 235.79767 | T29: =IFERROR((S29-R29)/ABS(R29),"") -> 0.11317044
B30: HC gain FREE / player | C30: =IFERROR(SUMPRODUCT(('Raw Data'!$B$2:$B$9999="Control")*('Raw Data'!$C$2:$C$9999="A. 0")*'Raw Data'!$D$2:$D$9999*'Raw Data'!$U$2:$U$9999)/SUMIFS('Raw Data'!$D:$D, 'Raw Data'!$B:$B, "Control", 'Raw Data'!$C:$C, "A. 0"),"") -> 26.670684 | D30: =IFERROR(SUMPRODUCT(('Raw Data'!$B$2:$B$9999="Variant")*('Raw Data'!$C$2:$C$9999="A. 0")*'Raw Data'!$D$2:$D$9999*'Raw Data'!$U$2:$U$9999)/SUMIFS('Raw Data'!$D:$D, 'Raw Data'!$B:$B, "Variant", 'Raw Data'!$C:$C, "A. 0"),"") -> 23.298581 | E30: =IFERROR((D30-C30)/ABS(C30),"") -> -0.12643482 | F30: =IFERROR(SUMPRODUCT(('Raw Data'!$B$2:$B$9999="Control")*('Raw Data'!$C$2:$C$9999="B. 1-9")*'Raw Data'!$D$2:$D$9999*'Raw Data'!$U$2:$U$9999)/SUMIFS('Raw Data'!$D:$D, 'Raw Data'!$B:$B, "Control", 'Raw Data'!$C:$C, "B. 1-9"),"") -> 59.062832 | G30: =IFERROR(SUMPRODUCT(('Raw Data'!$B$2:$B$9999="Variant")*('Raw Data'!$C$2:$C$9999="B. 1-9")*'Raw Data'!$D$2:$D$9999*'Raw Data'!$U$2:$U$9999)/SUMIFS('Raw Data'!$D:$D, 'Raw Data'!$B:$B, "Variant", 'Raw Data'!$C:$C, "B. 1-9"),"") -> 52.019638 | H30: =IFERROR((G30-F30)/ABS(F30),"") -> -0.11924917 | I30: =IFERROR(SUMPRODUCT(('Raw Data'!$B$2:$B$9999="Control")*('Raw Data'!$C$2:$C$9999="C. 10-19")*'Raw Data'!$D$2:$D$9999*'Raw Data'!$U$2:$U$9999)/SUMIFS('Raw Data'!$D:$D, 'Raw Data'!$B:$B, "Control", 'Raw Data'!$C:$C, "C. 10-19"),"") -> 107.13619 | J30: =IFERROR(SUMPRODUCT(('Raw Data'!$B$2:$B$9999="Variant")*('Raw Data'!$C$2:$C$9999="C. 10-19")*'Raw Data'!$D$2:$D$9999*'Raw Data'!$U$2:$U$9999)/SUMIFS('Raw Data'!$D:$D, 'Raw Data'!$B:$B, "Variant", 'Raw Data'!$C:$C, "C. 10-19"),"") -> 99.711082 | K30: =IFERROR((J30-I30)/ABS(I30),"") -> -0.069305323 | L30: =IFERROR(SUMPRODUCT(('Raw Data'!$B$2:$B$9999="Control")*('Raw Data'!$C$2:$C$9999="D. 20-39")*'Raw Data'!$D$2:$D$9999*'Raw Data'!$U$2:$U$9999)/SUMIFS('Raw Data'!$D:$D, 'Raw Data'!$B:$B, "Control", 'Raw Data'!$C:$C, "D. 20-39"),"") -> 178.07799 | M30: =IFERROR(SUMPRODUCT(('Raw Data'!$B$2:$B$9999="Variant")*('Raw Data'!$C$2:$C$9999="D. 20-39")*'Raw Data'!$D$2:$D$9999*'Raw Data'!$U$2:$U$9999)/SUMIFS('Raw Data'!$D:$D, 'Raw Data'!$B:$B, "Variant", 'Raw Data'!$C:$C, "D. 20-39"),"") -> 173.52323 | N30: =IFERROR((M30-L30)/ABS(L30),"") -> -0.025577345 | O30: =IFERROR(SUMPRODUCT(('Raw Data'!$B$2:$B$9999="Control")*('Raw Data'!$C$2:$C$9999="E. 40-99")*'Raw Data'!$D$2:$D$9999*'Raw Data'!$U$2:$U$9999)/SUMIFS('Raw Data'!$D:$D, 'Raw Data'!$B:$B, "Control", 'Raw Data'!$C:$C, "E. 40-99"),"") -> 318.84725 | P30: =IFERROR(SUMPRODUCT(('Raw Data'!$B$2:$B$9999="Variant")*('Raw Data'!$C$2:$C$9999="E. 40-99")*'Raw Data'!$D$2:$D$9999*'Raw Data'!$U$2:$U$9999)/SUMIFS('Raw Data'!$D:$D, 'Raw Data'!$B:$B, "Variant", 'Raw Data'!$C:$C, "E. 40-99"),"") -> 318.69926 | Q30: =IFERROR((P30-O30)/ABS(O30),"") -> -0.00046413883 | R30: =IFERROR(SUMPRODUCT(('Raw Data'!$B$2:$B$9999="Control")*('Raw Data'!$C$2:$C$9999="F. 100+")*'Raw Data'!$D$2:$D$9999*'Raw Data'!$U$2:$U$9999)/SUMIFS('Raw Data'!$D:$D, 'Raw Data'!$B:$B, "Control", 'Raw Data'!$C:$C, "F. 100+"),"") -> 622.8646 | S30: =IFERROR(SUMPRODUCT(('Raw Data'!$B$2:$B$9999="Variant")*('Raw Data'!$C$2:$C$9999="F. 100+")*'Raw Data'!$D$2:$D$9999*'Raw Data'!$U$2:$U$9999)/SUMIFS('Raw Data'!$D:$D, 'Raw Data'!$B:$B, "Variant", 'Raw Data'!$C:$C, "F. 100+"),"") -> 586.86417 | T30: =IFERROR((S30-R30)/ABS(R30),"") -> -0.057798162
B31: HC spent / player | C31: =IFERROR(SUMPRODUCT(('Raw Data'!$B$2:$B$9999="Control")*('Raw Data'!$C$2:$C$9999="A. 0")*'Raw Data'!$D$2:$D$9999*'Raw Data'!$V$2:$V$9999)/SUMIFS('Raw Data'!$D:$D, 'Raw Data'!$B:$B, "Control", 'Raw Data'!$C:$C, "A. 0"),"") -> 2.1823182 | D31: =IFERROR(SUMPRODUCT(('Raw Data'!$B$2:$B$9999="Variant")*('Raw Data'!$C$2:$C$9999="A. 0")*'Raw Data'!$D$2:$D$9999*'Raw Data'!$V$2:$V$9999)/SUMIFS('Raw Data'!$D:$D, 'Raw Data'!$B:$B, "Variant", 'Raw Data'!$C:$C, "A. 0"),"") -> 1.9751366 | E31: =IFERROR((D31-C31)/ABS(C31),"") -> -0.094936457 | F31: =IFERROR(SUMPRODUCT(('Raw Data'!$B$2:$B$9999="Control")*('Raw Data'!$C$2:$C$9999="B. 1-9")*'Raw Data'!$D$2:$D$9999*'Raw Data'!$V$2:$V$9999)/SUMIFS('Raw Data'!$D:$D, 'Raw Data'!$B:$B, "Control", 'Raw Data'!$C:$C, "B. 1-9"),"") -> 64.470998 | G31: =IFERROR(SUMPRODUCT(('Raw Data'!$B$2:$B$9999="Variant")*('Raw Data'!$C$2:$C$9999="B. 1-9")*'Raw Data'!$D$2:$D$9999*'Raw Data'!$V$2:$V$9999)/SUMIFS('Raw Data'!$D:$D, 'Raw Data'!$B:$B, "Variant", 'Raw Data'!$C:$C, "B. 1-9"),"") -> 59.009177 | H31: =IFERROR((G31-F31)/ABS(F31),"") -> -0.084717477 | I31: =IFERROR(SUMPRODUCT(('Raw Data'!$B$2:$B$9999="Control")*('Raw Data'!$C$2:$C$9999="C. 10-19")*'Raw Data'!$D$2:$D$9999*'Raw Data'!$V$2:$V$9999)/SUMIFS('Raw Data'!$D:$D, 'Raw Data'!$B:$B, "Control", 'Raw Data'!$C:$C, "C. 10-19"),"") -> 130.7905 | J31: =IFERROR(SUMPRODUCT(('Raw Data'!$B$2:$B$9999="Variant")*('Raw Data'!$C$2:$C$9999="C. 10-19")*'Raw Data'!$D$2:$D$9999*'Raw Data'!$V$2:$V$9999)/SUMIFS('Raw Data'!$D:$D, 'Raw Data'!$B:$B, "Variant", 'Raw Data'!$C:$C, "C. 10-19"),"") -> 124.02045 | K31: =IFERROR((J31-I31)/ABS(I31),"") -> -0.051762535 | L31: =IFERROR(SUMPRODUCT(('Raw Data'!$B$2:$B$9999="Control")*('Raw Data'!$C$2:$C$9999="D. 20-39")*'Raw Data'!$D$2:$D$9999*'Raw Data'!$V$2:$V$9999)/SUMIFS('Raw Data'!$D:$D, 'Raw Data'!$B:$B, "Control", 'Raw Data'!$C:$C, "D. 20-39"),"") -> 234.98858 | M31: =IFERROR(SUMPRODUCT(('Raw Data'!$B$2:$B$9999="Variant")*('Raw Data'!$C$2:$C$9999="D. 20-39")*'Raw Data'!$D$2:$D$9999*'Raw Data'!$V$2:$V$9999)/SUMIFS('Raw Data'!$D:$D, 'Raw Data'!$B:$B, "Variant", 'Raw Data'!$C:$C, "D. 20-39"),"") -> 226.44661 | N31: =IFERROR((M31-L31)/ABS(L31),"") -> -0.036350586 | O31: =IFERROR(SUMPRODUCT(('Raw Data'!$B$2:$B$9999="Control")*('Raw Data'!$C$2:$C$9999="E. 40-99")*'Raw Data'!$D$2:$D$9999*'Raw Data'!$V$2:$V$9999)/SUMIFS('Raw Data'!$D:$D, 'Raw Data'!$B:$B, "Control", 'Raw Data'!$C:$C, "E. 40-99"),"") -> 441.57249 | P31: =IFERROR(SUMPRODUCT(('Raw Data'!$B$2:$B$9999="Variant")*('Raw Data'!$C$2:$C$9999="E. 40-99")*'Raw Data'!$D$2:$D$9999*'Raw Data'!$V$2:$V$9999)/SUMIFS('Raw Data'!$D:$D, 'Raw Data'!$B:$B, "Variant", 'Raw Data'!$C:$C, "E. 40-99"),"") -> 446.08236 | Q31: =IFERROR((P31-O31)/ABS(O31),"") -> 0.010213198 | R31: =IFERROR(SUMPRODUCT(('Raw Data'!$B$2:$B$9999="Control")*('Raw Data'!$C$2:$C$9999="F. 100+")*'Raw Data'!$D$2:$D$9999*'Raw Data'!$V$2:$V$9999)/SUMIFS('Raw Data'!$D:$D, 'Raw Data'!$B:$B, "Control", 'Raw Data'!$C:$C, "F. 100+"),"") -> 907.17155 | S31: =IFERROR(SUMPRODUCT(('Raw Data'!$B$2:$B$9999="Variant")*('Raw Data'!$C$2:$C$9999="F. 100+")*'Raw Data'!$D$2:$D$9999*'Raw Data'!$V$2:$V$9999)/SUMIFS('Raw Data'!$D:$D, 'Raw Data'!$B:$B, "Variant", 'Raw Data'!$C:$C, "F. 100+"),"") -> 886.51786 | T31: =IFERROR((S31-R31)/ABS(R31),"") -> -0.022767126
B32: HC NET (gain - spend) / player | C32: =IFERROR(SUMPRODUCT(('Raw Data'!$B$2:$B$9999="Control")*('Raw Data'!$C$2:$C$9999="A. 0")*'Raw Data'!$D$2:$D$9999*('Raw Data'!$Q$2:$Q$9999-'Raw Data'!$V$2:$V$9999))/SUMIFS('Raw Data'!$D:$D, 'Raw Data'!$B:$B, "Control", 'Raw Data'!$C:$C, "A. 0"),"") -> 24.807381 | D32: =IFERROR(SUMPRODUCT(('Raw Data'!$B$2:$B$9999="Variant")*('Raw Data'!$C$2:$C$9999="A. 0")*'Raw Data'!$D$2:$D$9999*('Raw Data'!$Q$2:$Q$9999-'Raw Data'!$V$2:$V$9999))/SUMIFS('Raw Data'!$D:$D, 'Raw Data'!$B:$B, "Variant", 'Raw Data'!$C:$C, "A. 0"),"") -> 21.601214 | E32: =IFERROR((D32-C32)/ABS(C32),"") -> -0.12924246 | F32: =IFERROR(SUMPRODUCT(('Raw Data'!$B$2:$B$9999="Control")*('Raw Data'!$C$2:$C$9999="B. 1-9")*'Raw Data'!$D$2:$D$9999*('Raw Data'!$Q$2:$Q$9999-'Raw Data'!$V$2:$V$9999))/SUMIFS('Raw Data'!$D:$D, 'Raw Data'!$B:$B, "Control", 'Raw Data'!$C:$C, "B. 1-9"),"") -> 1.2398326 | G32: =IFERROR(SUMPRODUCT(('Raw Data'!$B$2:$B$9999="Variant")*('Raw Data'!$C$2:$C$9999="B. 1-9")*'Raw Data'!$D$2:$D$9999*('Raw Data'!$Q$2:$Q$9999-'Raw Data'!$V$2:$V$9999))/SUMIFS('Raw Data'!$D:$D, 'Raw Data'!$B:$B, "Variant", 'Raw Data'!$C:$C, "B. 1-9"),"") -> -0.21305029 | H32: =IFERROR((G32-F32)/ABS(F32),"") -> -1.1718379 | I32: =IFERROR(SUMPRODUCT(('Raw Data'!$B$2:$B$9999="Control")*('Raw Data'!$C$2:$C$9999="C. 10-19")*'Raw Data'!$D$2:$D$9999*('Raw Data'!$Q$2:$Q$9999-'Raw Data'!$V$2:$V$9999))/SUMIFS('Raw Data'!$D:$D, 'Raw Data'!$B:$B, "Control", 'Raw Data'!$C:$C, "C. 10-19"),"") -> -0.31536329 | J32: =IFERROR(SUMPRODUCT(('Raw Data'!$B$2:$B$9999="Variant")*('Raw Data'!$C$2:$C$9999="C. 10-19")*'Raw Data'!$D$2:$D$9999*('Raw Data'!$Q$2:$Q$9999-'Raw Data'!$V$2:$V$9999))/SUMIFS('Raw Data'!$D:$D, 'Raw Data'!$B:$B, "Variant", 'Raw Data'!$C:$C, "C. 10-19"),"") -> -0.80608223 | K32: =IFERROR((J32-I32)/ABS(I32),"") -> -1.5560433 | L32: =IFERROR(SUMPRODUCT(('Raw Data'!$B$2:$B$9999="Control")*('Raw Data'!$C$2:$C$9999="D. 20-39")*'Raw Data'!$D$2:$D$9999*('Raw Data'!$Q$2:$Q$9999-'Raw Data'!$V$2:$V$9999))/SUMIFS('Raw Data'!$D:$D, 'Raw Data'!$B:$B, "Control", 'Raw Data'!$C:$C, "D. 20-39"),"") -> -3.1244066 | M32: =IFERROR(SUMPRODUCT(('Raw Data'!$B$2:$B$9999="Variant")*('Raw Data'!$C$2:$C$9999="D. 20-39")*'Raw Data'!$D$2:$D$9999*('Raw Data'!$Q$2:$Q$9999-'Raw Data'!$V$2:$V$9999))/SUMIFS('Raw Data'!$D:$D, 'Raw Data'!$B:$B, "Variant", 'Raw Data'!$C:$C, "D. 20-39"),"") -> -0.11820368 | N32: =IFERROR((M32-L32)/ABS(L32),"") -> 0.96216764 | O32: =IFERROR(SUMPRODUCT(('Raw Data'!$B$2:$B$9999="Control")*('Raw Data'!$C$2:$C$9999="E. 40-99")*'Raw Data'!$D$2:$D$9999*('Raw Data'!$Q$2:$Q$9999-'Raw Data'!$V$2:$V$9999))/SUMIFS('Raw Data'!$D:$D, 'Raw Data'!$B:$B, "Control", 'Raw Data'!$C:$C, "E. 40-99"),"") -> -8.480237 | P32: =IFERROR(SUMPRODUCT(('Raw Data'!$B$2:$B$9999="Variant")*('Raw Data'!$C$2:$C$9999="E. 40-99")*'Raw Data'!$D$2:$D$9999*('Raw Data'!$Q$2:$Q$9999-'Raw Data'!$V$2:$V$9999))/SUMIFS('Raw Data'!$D:$D, 'Raw Data'!$B:$B, "Variant", 'Raw Data'!$C:$C, "E. 40-99"),"") -> -7.6527265 | Q32: =IFERROR((P32-O32)/ABS(O32),"") -> 0.097581054 | R32: =IFERROR(SUMPRODUCT(('Raw Data'!$B$2:$B$9999="Control")*('Raw Data'!$C$2:$C$9999="F. 100+")*'Raw Data'!$D$2:$D$9999*('Raw Data'!$Q$2:$Q$9999-'Raw Data'!$V$2:$V$9999))/SUMIFS('Raw Data'!$D:$D, 'Raw Data'!$B:$B, "Control", 'Raw Data'!$C:$C, "F. 100+"),"") -> -72.481667 | S32: =IFERROR(SUMPRODUCT(('Raw Data'!$B$2:$B$9999="Variant")*('Raw Data'!$C$2:$C$9999="F. 100+")*'Raw Data'!$D$2:$D$9999*('Raw Data'!$Q$2:$Q$9999-'Raw Data'!$V$2:$V$9999))/SUMIFS('Raw Data'!$D:$D, 'Raw Data'!$B:$B, "Variant", 'Raw Data'!$C:$C, "F. 100+"),"") -> -63.856356 | T32: =IFERROR((S32-R32)/ABS(R32),"") -> 0.11899989
B33: HC spent / attempt | C33: =IFERROR(SUMPRODUCT(('Raw Data'!$B$2:$B$9999="Control")*('Raw Data'!$C$2:$C$9999="A. 0")*'Raw Data'!$D$2:$D$9999*'Raw Data'!$W$2:$W$9999)/SUMIFS('Raw Data'!$D:$D, 'Raw Data'!$B:$B, "Control", 'Raw Data'!$C:$C, "A. 0"),"") -> 0.8068846 | D33: =IFERROR(SUMPRODUCT(('Raw Data'!$B$2:$B$9999="Variant")*('Raw Data'!$C$2:$C$9999="A. 0")*'Raw Data'!$D$2:$D$9999*'Raw Data'!$W$2:$W$9999)/SUMIFS('Raw Data'!$D:$D, 'Raw Data'!$B:$B, "Variant", 'Raw Data'!$C:$C, "A. 0"),"") -> 0.70708141 | E33: =IFERROR((D33-C33)/ABS(C33),"") -> -0.12368954 | F33: =IFERROR(SUMPRODUCT(('Raw Data'!$B$2:$B$9999="Control")*('Raw Data'!$C$2:$C$9999="B. 1-9")*'Raw Data'!$D$2:$D$9999*'Raw Data'!$W$2:$W$9999)/SUMIFS('Raw Data'!$D:$D, 'Raw Data'!$B:$B, "Control", 'Raw Data'!$C:$C, "B. 1-9"),"") -> 4.1288548 | G33: =IFERROR(SUMPRODUCT(('Raw Data'!$B$2:$B$9999="Variant")*('Raw Data'!$C$2:$C$9999="B. 1-9")*'Raw Data'!$D$2:$D$9999*'Raw Data'!$W$2:$W$9999)/SUMIFS('Raw Data'!$D:$D, 'Raw Data'!$B:$B, "Variant", 'Raw Data'!$C:$C, "B. 1-9"),"") -> 3.6848588 | H33: =IFERROR((G33-F33)/ABS(F33),"") -> -0.10753491 | I33: =IFERROR(SUMPRODUCT(('Raw Data'!$B$2:$B$9999="Control")*('Raw Data'!$C$2:$C$9999="C. 10-19")*'Raw Data'!$D$2:$D$9999*'Raw Data'!$W$2:$W$9999)/SUMIFS('Raw Data'!$D:$D, 'Raw Data'!$B:$B, "Control", 'Raw Data'!$C:$C, "C. 10-19"),"") -> 4.4356064 | J33: =IFERROR(SUMPRODUCT(('Raw Data'!$B$2:$B$9999="Variant")*('Raw Data'!$C$2:$C$9999="C. 10-19")*'Raw Data'!$D$2:$D$9999*'Raw Data'!$W$2:$W$9999)/SUMIFS('Raw Data'!$D:$D, 'Raw Data'!$B:$B, "Variant", 'Raw Data'!$C:$C, "C. 10-19"),"") -> 4.0808247 | K33: =IFERROR((J33-I33)/ABS(I33),"") -> -0.079984927 | L33: =IFERROR(SUMPRODUCT(('Raw Data'!$B$2:$B$9999="Control")*('Raw Data'!$C$2:$C$9999="D. 20-39")*'Raw Data'!$D$2:$D$9999*'Raw Data'!$W$2:$W$9999)/SUMIFS('Raw Data'!$D:$D, 'Raw Data'!$B:$B, "Control", 'Raw Data'!$C:$C, "D. 20-39"),"") -> 5.2677382 | M33: =IFERROR(SUMPRODUCT(('Raw Data'!$B$2:$B$9999="Variant")*('Raw Data'!$C$2:$C$9999="D. 20-39")*'Raw Data'!$D$2:$D$9999*'Raw Data'!$W$2:$W$9999)/SUMIFS('Raw Data'!$D:$D, 'Raw Data'!$B:$B, "Variant", 'Raw Data'!$C:$C, "D. 20-39"),"") -> 4.9712588 | N33: =IFERROR((M33-L33)/ABS(L33),"") -> -0.056282113 | O33: =IFERROR(SUMPRODUCT(('Raw Data'!$B$2:$B$9999="Control")*('Raw Data'!$C$2:$C$9999="E. 40-99")*'Raw Data'!$D$2:$D$9999*'Raw Data'!$W$2:$W$9999)/SUMIFS('Raw Data'!$D:$D, 'Raw Data'!$B:$B, "Control", 'Raw Data'!$C:$C, "E. 40-99"),"") -> 5.9224375 | P33: =IFERROR(SUMPRODUCT(('Raw Data'!$B$2:$B$9999="Variant")*('Raw Data'!$C$2:$C$9999="E. 40-99")*'Raw Data'!$D$2:$D$9999*'Raw Data'!$W$2:$W$9999)/SUMIFS('Raw Data'!$D:$D, 'Raw Data'!$B:$B, "Variant", 'Raw Data'!$C:$C, "E. 40-99"),"") -> 5.8985119 | Q33: =IFERROR((P33-O33)/ABS(O33),"") -> -0.0040398233 | R33: =IFERROR(SUMPRODUCT(('Raw Data'!$B$2:$B$9999="Control")*('Raw Data'!$C$2:$C$9999="F. 100+")*'Raw Data'!$D$2:$D$9999*'Raw Data'!$W$2:$W$9999)/SUMIFS('Raw Data'!$D:$D, 'Raw Data'!$B:$B, "Control", 'Raw Data'!$C:$C, "F. 100+"),"") -> 6.0569701 | S33: =IFERROR(SUMPRODUCT(('Raw Data'!$B$2:$B$9999="Variant")*('Raw Data'!$C$2:$C$9999="F. 100+")*'Raw Data'!$D$2:$D$9999*'Raw Data'!$W$2:$W$9999)/SUMIFS('Raw Data'!$D:$D, 'Raw Data'!$B:$B, "Variant", 'Raw Data'!$C:$C, "F. 100+"),"") -> 5.918282 | T33: =IFERROR((S33-R33)/ABS(R33),"") -> -0.022897283
B34: Paid % of total HC gain | C34: =IFERROR(SUMPRODUCT(('Raw Data'!$B$2:$B$9999="Control")*('Raw Data'!$C$2:$C$9999="A. 0")*'Raw Data'!$D$2:$D$9999*'Raw Data'!$X$2:$X$9999)/SUMIFS('Raw Data'!$D:$D, 'Raw Data'!$B:$B, "Control", 'Raw Data'!$C:$C, "A. 0"),"") -> 1.1878564 | D34: =IFERROR(SUMPRODUCT(('Raw Data'!$B$2:$B$9999="Variant")*('Raw Data'!$C$2:$C$9999="A. 0")*'Raw Data'!$D$2:$D$9999*'Raw Data'!$X$2:$X$9999)/SUMIFS('Raw Data'!$D:$D, 'Raw Data'!$B:$B, "Variant", 'Raw Data'!$C:$C, "A. 0"),"") -> 1.1579514 | E34: =IFERROR((D34-C34)/ABS(C34),"") -> -0.025175568 | F34: =IFERROR(SUMPRODUCT(('Raw Data'!$B$2:$B$9999="Control")*('Raw Data'!$C$2:$C$9999="B. 1-9")*'Raw Data'!$D$2:$D$9999*'Raw Data'!$X$2:$X$9999)/SUMIFS('Raw Data'!$D:$D, 'Raw Data'!$B:$B, "Control", 'Raw Data'!$C:$C, "B. 1-9"),"") -> 10.426521 | G34: =IFERROR(SUMPRODUCT(('Raw Data'!$B$2:$B$9999="Variant")*('Raw Data'!$C$2:$C$9999="B. 1-9")*'Raw Data'!$D$2:$D$9999*'Raw Data'!$X$2:$X$9999)/SUMIFS('Raw Data'!$D:$D, 'Raw Data'!$B:$B, "Variant", 'Raw Data'!$C:$C, "B. 1-9"),"") -> 12.016167 | H34: =IFERROR((G34-F34)/ABS(F34),"") -> 0.15246178 | I34: =IFERROR(SUMPRODUCT(('Raw Data'!$B$2:$B$9999="Control")*('Raw Data'!$C$2:$C$9999="C. 10-19")*'Raw Data'!$D$2:$D$9999*'Raw Data'!$X$2:$X$9999)/SUMIFS('Raw Data'!$D:$D, 'Raw Data'!$B:$B, "Control", 'Raw Data'!$C:$C, "C. 10-19"),"") -> 18.296274 | J34: =IFERROR(SUMPRODUCT(('Raw Data'!$B$2:$B$9999="Variant")*('Raw Data'!$C$2:$C$9999="C. 10-19")*'Raw Data'!$D$2:$D$9999*'Raw Data'!$X$2:$X$9999)/SUMIFS('Raw Data'!$D:$D, 'Raw Data'!$B:$B, "Variant", 'Raw Data'!$C:$C, "C. 10-19"),"") -> 19.573423 | K34: =IFERROR((J34-I34)/ABS(I34),"") -> 0.069803762 | L34: =IFERROR(SUMPRODUCT(('Raw Data'!$B$2:$B$9999="Control")*('Raw Data'!$C$2:$C$9999="D. 20-39")*'Raw Data'!$D$2:$D$9999*'Raw Data'!$X$2:$X$9999)/SUMIFS('Raw Data'!$D:$D, 'Raw Data'!$B:$B, "Control", 'Raw Data'!$C:$C, "D. 20-39"),"") -> 23.644181 | M34: =IFERROR(SUMPRODUCT(('Raw Data'!$B$2:$B$9999="Variant")*('Raw Data'!$C$2:$C$9999="D. 20-39")*'Raw Data'!$D$2:$D$9999*'Raw Data'!$X$2:$X$9999)/SUMIFS('Raw Data'!$D:$D, 'Raw Data'!$B:$B, "Variant", 'Raw Data'!$C:$C, "D. 20-39"),"") -> 23.969626 | N34: =IFERROR((M34-L34)/ABS(L34),"") -> 0.013764244 | O34: =IFERROR(SUMPRODUCT(('Raw Data'!$B$2:$B$9999="Control")*('Raw Data'!$C$2:$C$9999="E. 40-99")*'Raw Data'!$D$2:$D$9999*'Raw Data'!$X$2:$X$9999)/SUMIFS('Raw Data'!$D:$D, 'Raw Data'!$B:$B, "Control", 'Raw Data'!$C:$C, "E. 40-99"),"") -> 26.964584 | P34: =IFERROR(SUMPRODUCT(('Raw Data'!$B$2:$B$9999="Variant")*('Raw Data'!$C$2:$C$9999="E. 40-99")*'Raw Data'!$D$2:$D$9999*'Raw Data'!$X$2:$X$9999)/SUMIFS('Raw Data'!$D:$D, 'Raw Data'!$B:$B, "Variant", 'Raw Data'!$C:$C, "E. 40-99"),"") -> 28.084968 | Q34: =IFERROR((P34-O34)/ABS(O34),"") -> 0.041550215 | R34: =IFERROR(SUMPRODUCT(('Raw Data'!$B$2:$B$9999="Control")*('Raw Data'!$C$2:$C$9999="F. 100+")*'Raw Data'!$D$2:$D$9999*'Raw Data'!$X$2:$X$9999)/SUMIFS('Raw Data'!$D:$D, 'Raw Data'!$B:$B, "Control", 'Raw Data'!$C:$C, "F. 100+"),"") -> 25.972712 | S34: =IFERROR(SUMPRODUCT(('Raw Data'!$B$2:$B$9999="Variant")*('Raw Data'!$C$2:$C$9999="F. 100+")*'Raw Data'!$D$2:$D$9999*'Raw Data'!$X$2:$X$9999)/SUMIFS('Raw Data'!$D:$D, 'Raw Data'!$B:$B, "Variant", 'Raw Data'!$C:$C, "F. 100+"),"") -> 29.394358 | T34: =IFERROR((S34-R34)/ABS(R34),"") -> 0.13174001
A35: HC Balance
B36: P50 HC balance | C36: =IFERROR(SUMPRODUCT(('Raw Data'!$B$2:$B$9999="Control")*('Raw Data'!$C$2:$C$9999="A. 0")*'Raw Data'!$D$2:$D$9999*'Raw Data'!$Y$2:$Y$9999)/SUMIFS('Raw Data'!$D:$D, 'Raw Data'!$B:$B, "Control", 'Raw Data'!$C:$C, "A. 0"),"") -> 228.42818 | D36: =IFERROR(SUMPRODUCT(('Raw Data'!$B$2:$B$9999="Variant")*('Raw Data'!$C$2:$C$9999="A. 0")*'Raw Data'!$D$2:$D$9999*'Raw Data'!$Y$2:$Y$9999)/SUMIFS('Raw Data'!$D:$D, 'Raw Data'!$B:$B, "Variant", 'Raw Data'!$C:$C, "A. 0"),"") -> 203.7971 | E36: =IFERROR((D36-C36)/ABS(C36),"") -> -0.10782857 | F36: =IFERROR(SUMPRODUCT(('Raw Data'!$B$2:$B$9999="Control")*('Raw Data'!$C$2:$C$9999="B. 1-9")*'Raw Data'!$D$2:$D$9999*'Raw Data'!$Y$2:$Y$9999)/SUMIFS('Raw Data'!$D:$D, 'Raw Data'!$B:$B, "Control", 'Raw Data'!$C:$C, "B. 1-9"),"") -> 111.38972 | G36: =IFERROR(SUMPRODUCT(('Raw Data'!$B$2:$B$9999="Variant")*('Raw Data'!$C$2:$C$9999="B. 1-9")*'Raw Data'!$D$2:$D$9999*'Raw Data'!$Y$2:$Y$9999)/SUMIFS('Raw Data'!$D:$D, 'Raw Data'!$B:$B, "Variant", 'Raw Data'!$C:$C, "B. 1-9"),"") -> 101.20571 | H36: =IFERROR((G36-F36)/ABS(F36),"") -> -0.091426884 | I36: =IFERROR(SUMPRODUCT(('Raw Data'!$B$2:$B$9999="Control")*('Raw Data'!$C$2:$C$9999="C. 10-19")*'Raw Data'!$D$2:$D$9999*'Raw Data'!$Y$2:$Y$9999)/SUMIFS('Raw Data'!$D:$D, 'Raw Data'!$B:$B, "Control", 'Raw Data'!$C:$C, "C. 10-19"),"") -> 105.68521 | J36: =IFERROR(SUMPRODUCT(('Raw Data'!$B$2:$B$9999="Variant")*('Raw Data'!$C$2:$C$9999="C. 10-19")*'Raw Data'!$D$2:$D$9999*'Raw Data'!$Y$2:$Y$9999)/SUMIFS('Raw Data'!$D:$D, 'Raw Data'!$B:$B, "Variant", 'Raw Data'!$C:$C, "C. 10-19"),"") -> 100.26948 | K36: =IFERROR((J36-I36)/ABS(I36),"") -> -0.051243965 | L36: =IFERROR(SUMPRODUCT(('Raw Data'!$B$2:$B$9999="Control")*('Raw Data'!$C$2:$C$9999="D. 20-39")*'Raw Data'!$D$2:$D$9999*'Raw Data'!$Y$2:$Y$9999)/SUMIFS('Raw Data'!$D:$D, 'Raw Data'!$B:$B, "Control", 'Raw Data'!$C:$C, "D. 20-39"),"") -> 121.55263 | M36: =IFERROR(SUMPRODUCT(('Raw Data'!$B$2:$B$9999="Variant")*('Raw Data'!$C$2:$C$9999="D. 20-39")*'Raw Data'!$D$2:$D$9999*'Raw Data'!$Y$2:$Y$9999)/SUMIFS('Raw Data'!$D:$D, 'Raw Data'!$B:$B, "Variant", 'Raw Data'!$C:$C, "D. 20-39"),"") -> 116.26941 | N36: =IFERROR((M36-L36)/ABS(L36),"") -> -0.043464467 | O36: =IFERROR(SUMPRODUCT(('Raw Data'!$B$2:$B$9999="Control")*('Raw Data'!$C$2:$C$9999="E. 40-99")*'Raw Data'!$D$2:$D$9999*'Raw Data'!$Y$2:$Y$9999)/SUMIFS('Raw Data'!$D:$D, 'Raw Data'!$B:$B, "Control", 'Raw Data'!$C:$C, "E. 40-99"),"") -> 179.542 | P36: =IFERROR(SUMPRODUCT(('Raw Data'!$B$2:$B$9999="Variant")*('Raw Data'!$C$2:$C$9999="E. 40-99")*'Raw Data'!$D$2:$D$9999*'Raw Data'!$Y$2:$Y$9999)/SUMIFS('Raw Data'!$D:$D, 'Raw Data'!$B:$B, "Variant", 'Raw Data'!$C:$C, "E. 40-99"),"") -> 184.38123 | Q36: =IFERROR((P36-O36)/ABS(O36),"") -> 0.026953237 | R36: =IFERROR(SUMPRODUCT(('Raw Data'!$B$2:$B$9999="Control")*('Raw Data'!$C$2:$C$9999="F. 100+")*'Raw Data'!$D$2:$D$9999*'Raw Data'!$Y$2:$Y$9999)/SUMIFS('Raw Data'!$D:$D, 'Raw Data'!$B:$B, "Control", 'Raw Data'!$C:$C, "F. 100+"),"") -> 390.60751 | S36: =IFERROR(SUMPRODUCT(('Raw Data'!$B$2:$B$9999="Variant")*('Raw Data'!$C$2:$C$9999="F. 100+")*'Raw Data'!$D$2:$D$9999*'Raw Data'!$Y$2:$Y$9999)/SUMIFS('Raw Data'!$D:$D, 'Raw Data'!$B:$B, "Variant", 'Raw Data'!$C:$C, "F. 100+"),"") -> 399.21698 | T36: =IFERROR((S36-R36)/ABS(R36),"") -> 0.022041233
B37: P75 HC balance | C37: =IFERROR(SUMPRODUCT(('Raw Data'!$B$2:$B$9999="Control")*('Raw Data'!$C$2:$C$9999="A. 0")*'Raw Data'!$D$2:$D$9999*'Raw Data'!$Z$2:$Z$9999)/SUMIFS('Raw Data'!$D:$D, 'Raw Data'!$B:$B, "Control", 'Raw Data'!$C:$C, "A. 0"),"") -> 2737.9771 | D37: =IFERROR(SUMPRODUCT(('Raw Data'!$B$2:$B$9999="Variant")*('Raw Data'!$C$2:$C$9999="A. 0")*'Raw Data'!$D$2:$D$9999*'Raw Data'!$Z$2:$Z$9999)/SUMIFS('Raw Data'!$D:$D, 'Raw Data'!$B:$B, "Variant", 'Raw Data'!$C:$C, "A. 0"),"") -> 2395.7761 | E37: =IFERROR((D37-C37)/ABS(C37),"") -> -0.12498314 | F37: =IFERROR(SUMPRODUCT(('Raw Data'!$B$2:$B$9999="Control")*('Raw Data'!$C$2:$C$9999="B. 1-9")*'Raw Data'!$D$2:$D$9999*'Raw Data'!$Z$2:$Z$9999)/SUMIFS('Raw Data'!$D:$D, 'Raw Data'!$B:$B, "Control", 'Raw Data'!$C:$C, "B. 1-9"),"") -> 449.94708 | G37: =IFERROR(SUMPRODUCT(('Raw Data'!$B$2:$B$9999="Variant")*('Raw Data'!$C$2:$C$9999="B. 1-9")*'Raw Data'!$D$2:$D$9999*'Raw Data'!$Z$2:$Z$9999)/SUMIFS('Raw Data'!$D:$D, 'Raw Data'!$B:$B, "Variant", 'Raw Data'!$C:$C, "B. 1-9"),"") -> 405.86203 | H37: =IFERROR((G37-F37)/ABS(F37),"") -> -0.097978305 | I37: =IFERROR(SUMPRODUCT(('Raw Data'!$B$2:$B$9999="Control")*('Raw Data'!$C$2:$C$9999="C. 10-19")*'Raw Data'!$D$2:$D$9999*'Raw Data'!$Z$2:$Z$9999)/SUMIFS('Raw Data'!$D:$D, 'Raw Data'!$B:$B, "Control", 'Raw Data'!$C:$C, "C. 10-19"),"") -> 412.76237 | J37: =IFERROR(SUMPRODUCT(('Raw Data'!$B$2:$B$9999="Variant")*('Raw Data'!$C$2:$C$9999="C. 10-19")*'Raw Data'!$D$2:$D$9999*'Raw Data'!$Z$2:$Z$9999)/SUMIFS('Raw Data'!$D:$D, 'Raw Data'!$B:$B, "Variant", 'Raw Data'!$C:$C, "C. 10-19"),"") -> 393.3012 | K37: =IFERROR((J37-I37)/ABS(I37),"") -> -0.04714861 | L37: =IFERROR(SUMPRODUCT(('Raw Data'!$B$2:$B$9999="Control")*('Raw Data'!$C$2:$C$9999="D. 20-39")*'Raw Data'!$D$2:$D$9999*'Raw Data'!$Z$2:$Z$9999)/SUMIFS('Raw Data'!$D:$D, 'Raw Data'!$B:$B, "Control", 'Raw Data'!$C:$C, "D. 20-39"),"") -> 548.85639 | M37: =IFERROR(SUMPRODUCT(('Raw Data'!$B$2:$B$9999="Variant")*('Raw Data'!$C$2:$C$9999="D. 20-39")*'Raw Data'!$D$2:$D$9999*'Raw Data'!$Z$2:$Z$9999)/SUMIFS('Raw Data'!$D:$D, 'Raw Data'!$B:$B, "Variant", 'Raw Data'!$C:$C, "D. 20-39"),"") -> 559.43336 | N37: =IFERROR((M37-L37)/ABS(L37),"") -> 0.01927093 | O37: =IFERROR(SUMPRODUCT(('Raw Data'!$B$2:$B$9999="Control")*('Raw Data'!$C$2:$C$9999="E. 40-99")*'Raw Data'!$D$2:$D$9999*'Raw Data'!$Z$2:$Z$9999)/SUMIFS('Raw Data'!$D:$D, 'Raw Data'!$B:$B, "Control", 'Raw Data'!$C:$C, "E. 40-99"),"") -> 1164.0096 | P37: =IFERROR(SUMPRODUCT(('Raw Data'!$B$2:$B$9999="Variant")*('Raw Data'!$C$2:$C$9999="E. 40-99")*'Raw Data'!$D$2:$D$9999*'Raw Data'!$Z$2:$Z$9999)/SUMIFS('Raw Data'!$D:$D, 'Raw Data'!$B:$B, "Variant", 'Raw Data'!$C:$C, "E. 40-99"),"") -> 1105.7302 | Q37: =IFERROR((P37-O37)/ABS(O37),"") -> -0.050067819 | R37: =IFERROR(SUMPRODUCT(('Raw Data'!$B$2:$B$9999="Control")*('Raw Data'!$C$2:$C$9999="F. 100+")*'Raw Data'!$D$2:$D$9999*'Raw Data'!$Z$2:$Z$9999)/SUMIFS('Raw Data'!$D:$D, 'Raw Data'!$B:$B, "Control", 'Raw Data'!$C:$C, "F. 100+"),"") -> 2343.8855 | S37: =IFERROR(SUMPRODUCT(('Raw Data'!$B$2:$B$9999="Variant")*('Raw Data'!$C$2:$C$9999="F. 100+")*'Raw Data'!$D$2:$D$9999*'Raw Data'!$Z$2:$Z$9999)/SUMIFS('Raw Data'!$D:$D, 'Raw Data'!$B:$B, "Variant", 'Raw Data'!$C:$C, "F. 100+"),"") -> 2513.4174 | T37: =IFERROR((S37-R37)/ABS(R37),"") -> 0.072329417
B38: P90 HC balance | C38: =IFERROR(SUMPRODUCT(('Raw Data'!$B$2:$B$9999="Control")*('Raw Data'!$C$2:$C$9999="A. 0")*'Raw Data'!$D$2:$D$9999*'Raw Data'!$AA$2:$AA$9999)/SUMIFS('Raw Data'!$D:$D, 'Raw Data'!$B:$B, "Control", 'Raw Data'!$C:$C, "A. 0"),"") -> 13160.843 | D38: =IFERROR(SUMPRODUCT(('Raw Data'!$B$2:$B$9999="Variant")*('Raw Data'!$C$2:$C$9999="A. 0")*'Raw Data'!$D$2:$D$9999*'Raw Data'!$AA$2:$AA$9999)/SUMIFS('Raw Data'!$D:$D, 'Raw Data'!$B:$B, "Variant", 'Raw Data'!$C:$C, "A. 0"),"") -> 12146.04 | E38: =IFERROR((D38-C38)/ABS(C38),"") -> -0.07710778 | F38: =IFERROR(SUMPRODUCT(('Raw Data'!$B$2:$B$9999="Control")*('Raw Data'!$C$2:$C$9999="B. 1-9")*'Raw Data'!$D$2:$D$9999*'Raw Data'!$AA$2:$AA$9999)/SUMIFS('Raw Data'!$D:$D, 'Raw Data'!$B:$B, "Control", 'Raw Data'!$C:$C, "B. 1-9"),"") -> 3360.896 | G38: =IFERROR(SUMPRODUCT(('Raw Data'!$B$2:$B$9999="Variant")*('Raw Data'!$C$2:$C$9999="B. 1-9")*'Raw Data'!$D$2:$D$9999*'Raw Data'!$AA$2:$AA$9999)/SUMIFS('Raw Data'!$D:$D, 'Raw Data'!$B:$B, "Variant", 'Raw Data'!$C:$C, "B. 1-9"),"") -> 3097.4594 | H38: =IFERROR((G38-F38)/ABS(F38),"") -> -0.078382852 | I38: =IFERROR(SUMPRODUCT(('Raw Data'!$B$2:$B$9999="Control")*('Raw Data'!$C$2:$C$9999="C. 10-19")*'Raw Data'!$D$2:$D$9999*'Raw Data'!$AA$2:$AA$9999)/SUMIFS('Raw Data'!$D:$D, 'Raw Data'!$B:$B, "Control", 'Raw Data'!$C:$C, "C. 10-19"),"") -> 3111.6959 | J38: =IFERROR(SUMPRODUCT(('Raw Data'!$B$2:$B$9999="Variant")*('Raw Data'!$C$2:$C$9999="C. 10-19")*'Raw Data'!$D$2:$D$9999*'Raw Data'!$AA$2:$AA$9999)/SUMIFS('Raw Data'!$D:$D, 'Raw Data'!$B:$B, "Variant", 'Raw Data'!$C:$C, "C. 10-19"),"") -> 2962.8256 | K38: =IFERROR((J38-I38)/ABS(I38),"") -> -0.047842185 | L38: =IFERROR(SUMPRODUCT(('Raw Data'!$B$2:$B$9999="Control")*('Raw Data'!$C$2:$C$9999="D. 20-39")*'Raw Data'!$D$2:$D$9999*'Raw Data'!$AA$2:$AA$9999)/SUMIFS('Raw Data'!$D:$D, 'Raw Data'!$B:$B, "Control", 'Raw Data'!$C:$C, "D. 20-39"),"") -> 3986.1047 | M38: =IFERROR(SUMPRODUCT(('Raw Data'!$B$2:$B$9999="Variant")*('Raw Data'!$C$2:$C$9999="D. 20-39")*'Raw Data'!$D$2:$D$9999*'Raw Data'!$AA$2:$AA$9999)/SUMIFS('Raw Data'!$D:$D, 'Raw Data'!$B:$B, "Variant", 'Raw Data'!$C:$C, "D. 20-39"),"") -> 4049.2492 | N38: =IFERROR((M38-L38)/ABS(L38),"") -> 0.015841134 | O38: =IFERROR(SUMPRODUCT(('Raw Data'!$B$2:$B$9999="Control")*('Raw Data'!$C$2:$C$9999="E. 40-99")*'Raw Data'!$D$2:$D$9999*'Raw Data'!$AA$2:$AA$9999)/SUMIFS('Raw Data'!$D:$D, 'Raw Data'!$B:$B, "Control", 'Raw Data'!$C:$C, "E. 40-99"),"") -> 6772.874 | P38: =IFERROR(SUMPRODUCT(('Raw Data'!$B$2:$B$9999="Variant")*('Raw Data'!$C$2:$C$9999="E. 40-99")*'Raw Data'!$D$2:$D$9999*'Raw Data'!$AA$2:$AA$9999)/SUMIFS('Raw Data'!$D:$D, 'Raw Data'!$B:$B, "Variant", 'Raw Data'!$C:$C, "E. 40-99"),"") -> 6453.0325 | Q38: =IFERROR((P38-O38)/ABS(O38),"") -> -0.047223896 | R38: =IFERROR(SUMPRODUCT(('Raw Data'!$B$2:$B$9999="Control")*('Raw Data'!$C$2:$C$9999="F. 100+")*'Raw Data'!$D$2:$D$9999*'Raw Data'!$AA$2:$AA$9999)/SUMIFS('Raw Data'!$D:$D, 'Raw Data'!$B:$B, "Control", 'Raw Data'!$C:$C, "F. 100+"),"") -> 8966.7238 | S38: =IFERROR(SUMPRODUCT(('Raw Data'!$B$2:$B$9999="Variant")*('Raw Data'!$C$2:$C$9999="F. 100+")*'Raw Data'!$D$2:$D$9999*'Raw Data'!$AA$2:$AA$9999)/SUMIFS('Raw Data'!$D:$D, 'Raw Data'!$B:$B, "Variant", 'Raw Data'!$C:$C, "F. 100+"),"") -> 10109.571 | T38: =IFERROR((S38-R38)/ABS(R38),"") -> 0.12745421
A39: Boosters
B40: Booster gain total / player | C40: =IFERROR(SUMPRODUCT(('Raw Data'!$B$2:$B$9999="Control")*('Raw Data'!$C$2:$C$9999="A. 0")*'Raw Data'!$D$2:$D$9999*'Raw Data'!$AQ$2:$AQ$9999)/SUMIFS('Raw Data'!$D:$D, 'Raw Data'!$B:$B, "Control", 'Raw Data'!$C:$C, "A. 0"),"") -> 1.147146 | D40: =IFERROR(SUMPRODUCT(('Raw Data'!$B$2:$B$9999="Variant")*('Raw Data'!$C$2:$C$9999="A. 0")*'Raw Data'!$D$2:$D$9999*'Raw Data'!$AQ$2:$AQ$9999)/SUMIFS('Raw Data'!$D:$D, 'Raw Data'!$B:$B, "Variant", 'Raw Data'!$C:$C, "A. 0"),"") -> 1.1398185 | E40: =IFERROR((D40-C40)/ABS(C40),"") -> -0.0063876021 | F40: =IFERROR(SUMPRODUCT(('Raw Data'!$B$2:$B$9999="Control")*('Raw Data'!$C$2:$C$9999="B. 1-9")*'Raw Data'!$D$2:$D$9999*'Raw Data'!$AQ$2:$AQ$9999)/SUMIFS('Raw Data'!$D:$D, 'Raw Data'!$B:$B, "Control", 'Raw Data'!$C:$C, "B. 1-9"),"") -> 3.5019868 | G40: =IFERROR(SUMPRODUCT(('Raw Data'!$B$2:$B$9999="Variant")*('Raw Data'!$C$2:$C$9999="B. 1-9")*'Raw Data'!$D$2:$D$9999*'Raw Data'!$AQ$2:$AQ$9999)/SUMIFS('Raw Data'!$D:$D, 'Raw Data'!$B:$B, "Variant", 'Raw Data'!$C:$C, "B. 1-9"),"") -> 3.8604805 | H40: =IFERROR((G40-F40)/ABS(F40),"") -> 0.10236865 | I40: =IFERROR(SUMPRODUCT(('Raw Data'!$B$2:$B$9999="Control")*('Raw Data'!$C$2:$C$9999="C. 10-19")*'Raw Data'!$D$2:$D$9999*'Raw Data'!$AQ$2:$AQ$9999)/SUMIFS('Raw Data'!$D:$D, 'Raw Data'!$B:$B, "Control", 'Raw Data'!$C:$C, "C. 10-19"),"") -> 6.6945602 | J40: =IFERROR(SUMPRODUCT(('Raw Data'!$B$2:$B$9999="Variant")*('Raw Data'!$C$2:$C$9999="C. 10-19")*'Raw Data'!$D$2:$D$9999*'Raw Data'!$AQ$2:$AQ$9999)/SUMIFS('Raw Data'!$D:$D, 'Raw Data'!$B:$B, "Variant", 'Raw Data'!$C:$C, "C. 10-19"),"") -> 7.4405053 | K40: =IFERROR((J40-I40)/ABS(I40),"") -> 0.11142556 | L40: =IFERROR(SUMPRODUCT(('Raw Data'!$B$2:$B$9999="Control")*('Raw Data'!$C$2:$C$9999="D. 20-39")*'Raw Data'!$D$2:$D$9999*'Raw Data'!$AQ$2:$AQ$9999)/SUMIFS('Raw Data'!$D:$D, 'Raw Data'!$B:$B, "Control", 'Raw Data'!$C:$C, "D. 20-39"),"") -> 10.733029 | M40: =IFERROR(SUMPRODUCT(('Raw Data'!$B$2:$B$9999="Variant")*('Raw Data'!$C$2:$C$9999="D. 20-39")*'Raw Data'!$D$2:$D$9999*'Raw Data'!$AQ$2:$AQ$9999)/SUMIFS('Raw Data'!$D:$D, 'Raw Data'!$B:$B, "Variant", 'Raw Data'!$C:$C, "D. 20-39"),"") -> 11.645615 | N40: =IFERROR((M40-L40)/ABS(L40),"") -> 0.085026022 | O40: =IFERROR(SUMPRODUCT(('Raw Data'!$B$2:$B$9999="Control")*('Raw Data'!$C$2:$C$9999="E. 40-99")*'Raw Data'!$D$2:$D$9999*'Raw Data'!$AQ$2:$AQ$9999)/SUMIFS('Raw Data'!$D:$D, 'Raw Data'!$B:$B, "Control", 'Raw Data'!$C:$C, "E. 40-99"),"") -> 18.010024 | P40: =IFERROR(SUMPRODUCT(('Raw Data'!$B$2:$B$9999="Variant")*('Raw Data'!$C$2:$C$9999="E. 40-99")*'Raw Data'!$D$2:$D$9999*'Raw Data'!$AQ$2:$AQ$9999)/SUMIFS('Raw Data'!$D:$D, 'Raw Data'!$B:$B, "Variant", 'Raw Data'!$C:$C, "E. 40-99"),"") -> 19.476884 | Q40: =IFERROR((P40-O40)/ABS(O40),"") -> 0.081446864 | R40: =IFERROR(SUMPRODUCT(('Raw Data'!$B$2:$B$9999="Control")*('Raw Data'!$C$2:$C$9999="F. 100+")*'Raw Data'!$D$2:$D$9999*'Raw Data'!$AQ$2:$AQ$9999)/SUMIFS('Raw Data'!$D:$D, 'Raw Data'!$B:$B, "Control", 'Raw Data'!$C:$C, "F. 100+"),"") -> 35.298207 | S40: =IFERROR(SUMPRODUCT(('Raw Data'!$B$2:$B$9999="Variant")*('Raw Data'!$C$2:$C$9999="F. 100+")*'Raw Data'!$D$2:$D$9999*'Raw Data'!$AQ$2:$AQ$9999)/SUMIFS('Raw Data'!$D:$D, 'Raw Data'!$B:$B, "Variant", 'Raw Data'!$C:$C, "F. 100+"),"") -> 36.502068 | T40: =IFERROR((S40-R40)/ABS(R40),"") -> 0.034105446
B41: Booster gain PAID / player | C41: =IFERROR(SUMPRODUCT(('Raw Data'!$B$2:$B$9999="Control")*('Raw Data'!$C$2:$C$9999="A. 0")*'Raw Data'!$D$2:$D$9999*'Raw Data'!$AR$2:$AR$9999)/SUMIFS('Raw Data'!$D:$D, 'Raw Data'!$B:$B, "Control", 'Raw Data'!$C:$C, "A. 0"),"") -> 0.0058343384 | D41: =IFERROR(SUMPRODUCT(('Raw Data'!$B$2:$B$9999="Variant")*('Raw Data'!$C$2:$C$9999="A. 0")*'Raw Data'!$D$2:$D$9999*'Raw Data'!$AR$2:$AR$9999)/SUMIFS('Raw Data'!$D:$D, 'Raw Data'!$B:$B, "Variant", 'Raw Data'!$C:$C, "A. 0"),"") -> 0.0044630406 | E41: =IFERROR((D41-C41)/ABS(C41),"") -> -0.23503913 | F41: =IFERROR(SUMPRODUCT(('Raw Data'!$B$2:$B$9999="Control")*('Raw Data'!$C$2:$C$9999="B. 1-9")*'Raw Data'!$D$2:$D$9999*'Raw Data'!$AR$2:$AR$9999)/SUMIFS('Raw Data'!$D:$D, 'Raw Data'!$B:$B, "Control", 'Raw Data'!$C:$C, "B. 1-9"),"") -> 0.078668877 | G41: =IFERROR(SUMPRODUCT(('Raw Data'!$B$2:$B$9999="Variant")*('Raw Data'!$C$2:$C$9999="B. 1-9")*'Raw Data'!$D$2:$D$9999*'Raw Data'!$AR$2:$AR$9999)/SUMIFS('Raw Data'!$D:$D, 'Raw Data'!$B:$B, "Variant", 'Raw Data'!$C:$C, "B. 1-9"),"") -> 0.079291047 | H41: =IFERROR((G41-F41)/ABS(F41),"") -> 0.0079087124 | I41: =IFERROR(SUMPRODUCT(('Raw Data'!$B$2:$B$9999="Control")*('Raw Data'!$C$2:$C$9999="C. 10-19")*'Raw Data'!$D$2:$D$9999*'Raw Data'!$AR$2:$AR$9999)/SUMIFS('Raw Data'!$D:$D, 'Raw Data'!$B:$B, "Control", 'Raw Data'!$C:$C, "C. 10-19"),"") -> 0.285755 | J41: =IFERROR(SUMPRODUCT(('Raw Data'!$B$2:$B$9999="Variant")*('Raw Data'!$C$2:$C$9999="C. 10-19")*'Raw Data'!$D$2:$D$9999*'Raw Data'!$AR$2:$AR$9999)/SUMIFS('Raw Data'!$D:$D, 'Raw Data'!$B:$B, "Variant", 'Raw Data'!$C:$C, "C. 10-19"),"") -> 0.28751861 | K41: =IFERROR((J41-I41)/ABS(I41),"") -> 0.0061717629 | L41: =IFERROR(SUMPRODUCT(('Raw Data'!$B$2:$B$9999="Control")*('Raw Data'!$C$2:$C$9999="D. 20-39")*'Raw Data'!$D$2:$D$9999*'Raw Data'!$AR$2:$AR$9999)/SUMIFS('Raw Data'!$D:$D, 'Raw Data'!$B:$B, "Control", 'Raw Data'!$C:$C, "D. 20-39"),"") -> 0.68718396 | M41: =IFERROR(SUMPRODUCT(('Raw Data'!$B$2:$B$9999="Variant")*('Raw Data'!$C$2:$C$9999="D. 20-39")*'Raw Data'!$D$2:$D$9999*'Raw Data'!$AR$2:$AR$9999)/SUMIFS('Raw Data'!$D:$D, 'Raw Data'!$B:$B, "Variant", 'Raw Data'!$C:$C, "D. 20-39"),"") -> 0.65785918 | N41: =IFERROR((M41-L41)/ABS(L41),"") -> -0.042673846 | O41: =IFERROR(SUMPRODUCT(('Raw Data'!$B$2:$B$9999="Control")*('Raw Data'!$C$2:$C$9999="E. 40-99")*'Raw Data'!$D$2:$D$9999*'Raw Data'!$AR$2:$AR$9999)/SUMIFS('Raw Data'!$D:$D, 'Raw Data'!$B:$B, "Control", 'Raw Data'!$C:$C, "E. 40-99"),"") -> 1.4896329 | P41: =IFERROR(SUMPRODUCT(('Raw Data'!$B$2:$B$9999="Variant")*('Raw Data'!$C$2:$C$9999="E. 40-99")*'Raw Data'!$D$2:$D$9999*'Raw Data'!$AR$2:$AR$9999)/SUMIFS('Raw Data'!$D:$D, 'Raw Data'!$B:$B, "Variant", 'Raw Data'!$C:$C, "E. 40-99"),"") -> 1.7129469 | Q41: =IFERROR((P41-O41)/ABS(O41),"") -> 0.1499121 | R41: =IFERROR(SUMPRODUCT(('Raw Data'!$B$2:$B$9999="Control")*('Raw Data'!$C$2:$C$9999="F. 100+")*'Raw Data'!$D$2:$D$9999*'Raw Data'!$AR$2:$AR$9999)/SUMIFS('Raw Data'!$D:$D, 'Raw Data'!$B:$B, "Control", 'Raw Data'!$C:$C, "F. 100+"),"") -> 4.0646916 | S41: =IFERROR(SUMPRODUCT(('Raw Data'!$B$2:$B$9999="Variant")*('Raw Data'!$C$2:$C$9999="F. 100+")*'Raw Data'!$D$2:$D$9999*'Raw Data'!$AR$2:$AR$9999)/SUMIFS('Raw Data'!$D:$D, 'Raw Data'!$B:$B, "Variant", 'Raw Data'!$C:$C, "F. 100+"),"") -> 3.9930375 | T41: =IFERROR((S41-R41)/ABS(R41),"") -> -0.017628435
B42: Booster gain FREE / player | C42: =IFERROR(SUMPRODUCT(('Raw Data'!$B$2:$B$9999="Control")*('Raw Data'!$C$2:$C$9999="A. 0")*'Raw Data'!$D$2:$D$9999*'Raw Data'!$AS$2:$AS$9999)/SUMIFS('Raw Data'!$D:$D, 'Raw Data'!$B:$B, "Control", 'Raw Data'!$C:$C, "A. 0"),"") -> 1.1413047 | D42: =IFERROR(SUMPRODUCT(('Raw Data'!$B$2:$B$9999="Variant")*('Raw Data'!$C$2:$C$9999="A. 0")*'Raw Data'!$D$2:$D$9999*'Raw Data'!$AS$2:$AS$9999)/SUMIFS('Raw Data'!$D:$D, 'Raw Data'!$B:$B, "Variant", 'Raw Data'!$C:$C, "A. 0"),"") -> 1.1353596 | E42: =IFERROR((D42-C42)/ABS(C42),"") -> -0.0052090789 | F42: =IFERROR(SUMPRODUCT(('Raw Data'!$B$2:$B$9999="Control")*('Raw Data'!$C$2:$C$9999="B. 1-9")*'Raw Data'!$D$2:$D$9999*'Raw Data'!$AS$2:$AS$9999)/SUMIFS('Raw Data'!$D:$D, 'Raw Data'!$B:$B, "Control", 'Raw Data'!$C:$C, "B. 1-9"),"") -> 3.423311 | G42: =IFERROR(SUMPRODUCT(('Raw Data'!$B$2:$B$9999="Variant")*('Raw Data'!$C$2:$C$9999="B. 1-9")*'Raw Data'!$D$2:$D$9999*'Raw Data'!$AS$2:$AS$9999)/SUMIFS('Raw Data'!$D:$D, 'Raw Data'!$B:$B, "Variant", 'Raw Data'!$C:$C, "B. 1-9"),"") -> 3.7811865 | H42: =IFERROR((G42-F42)/ABS(F42),"") -> 0.10454077 | I42: =IFERROR(SUMPRODUCT(('Raw Data'!$B$2:$B$9999="Control")*('Raw Data'!$C$2:$C$9999="C. 10-19")*'Raw Data'!$D$2:$D$9999*'Raw Data'!$AS$2:$AS$9999)/SUMIFS('Raw Data'!$D:$D, 'Raw Data'!$B:$B, "Control", 'Raw Data'!$C:$C, "C. 10-19"),"") -> 6.4087987 | J42: =IFERROR(SUMPRODUCT(('Raw Data'!$B$2:$B$9999="Variant")*('Raw Data'!$C$2:$C$9999="C. 10-19")*'Raw Data'!$D$2:$D$9999*'Raw Data'!$AS$2:$AS$9999)/SUMIFS('Raw Data'!$D:$D, 'Raw Data'!$B:$B, "Variant", 'Raw Data'!$C:$C, "C. 10-19"),"") -> 7.1529869 | K42: =IFERROR((J42-I42)/ABS(I42),"") -> 0.11611976 | L42: =IFERROR(SUMPRODUCT(('Raw Data'!$B$2:$B$9999="Control")*('Raw Data'!$C$2:$C$9999="D. 20-39")*'Raw Data'!$D$2:$D$9999*'Raw Data'!$AS$2:$AS$9999)/SUMIFS('Raw Data'!$D:$D, 'Raw Data'!$B:$B, "Control", 'Raw Data'!$C:$C, "D. 20-39"),"") -> 10.045865 | M42: =IFERROR(SUMPRODUCT(('Raw Data'!$B$2:$B$9999="Variant")*('Raw Data'!$C$2:$C$9999="D. 20-39")*'Raw Data'!$D$2:$D$9999*'Raw Data'!$AS$2:$AS$9999)/SUMIFS('Raw Data'!$D:$D, 'Raw Data'!$B:$B, "Variant", 'Raw Data'!$C:$C, "D. 20-39"),"") -> 10.987759 | N42: =IFERROR((M42-L42)/ABS(L42),"") -> 0.093759376 | O42: =IFERROR(SUMPRODUCT(('Raw Data'!$B$2:$B$9999="Control")*('Raw Data'!$C$2:$C$9999="E. 40-99")*'Raw Data'!$D$2:$D$9999*'Raw Data'!$AS$2:$AS$9999)/SUMIFS('Raw Data'!$D:$D, 'Raw Data'!$B:$B, "Control", 'Raw Data'!$C:$C, "E. 40-99"),"") -> 16.520373 | P42: =IFERROR(SUMPRODUCT(('Raw Data'!$B$2:$B$9999="Variant")*('Raw Data'!$C$2:$C$9999="E. 40-99")*'Raw Data'!$D$2:$D$9999*'Raw Data'!$AS$2:$AS$9999)/SUMIFS('Raw Data'!$D:$D, 'Raw Data'!$B:$B, "Variant", 'Raw Data'!$C:$C, "E. 40-99"),"") -> 17.763944 | Q42: =IFERROR((P42-O42)/ABS(O42),"") -> 0.075274986 | R42: =IFERROR(SUMPRODUCT(('Raw Data'!$B$2:$B$9999="Control")*('Raw Data'!$C$2:$C$9999="F. 100+")*'Raw Data'!$D$2:$D$9999*'Raw Data'!$AS$2:$AS$9999)/SUMIFS('Raw Data'!$D:$D, 'Raw Data'!$B:$B, "Control", 'Raw Data'!$C:$C, "F. 100+"),"") -> 31.233508 | S42: =IFERROR(SUMPRODUCT(('Raw Data'!$B$2:$B$9999="Variant")*('Raw Data'!$C$2:$C$9999="F. 100+")*'Raw Data'!$D$2:$D$9999*'Raw Data'!$AS$2:$AS$9999)/SUMIFS('Raw Data'!$D:$D, 'Raw Data'!$B:$B, "Variant", 'Raw Data'!$C:$C, "F. 100+"),"") -> 32.509027 | T42: =IFERROR((S42-R42)/ABS(R42),"") -> 0.040838178
B43: Booster spent / player | C43: =IFERROR(SUMPRODUCT(('Raw Data'!$B$2:$B$9999="Control")*('Raw Data'!$C$2:$C$9999="A. 0")*'Raw Data'!$D$2:$D$9999*'Raw Data'!$AT$2:$AT$9999)/SUMIFS('Raw Data'!$D:$D, 'Raw Data'!$B:$B, "Control", 'Raw Data'!$C:$C, "A. 0"),"") -> 0.39556559 | D43: =IFERROR(SUMPRODUCT(('Raw Data'!$B$2:$B$9999="Variant")*('Raw Data'!$C$2:$C$9999="A. 0")*'Raw Data'!$D$2:$D$9999*'Raw Data'!$AT$2:$AT$9999)/SUMIFS('Raw Data'!$D:$D, 'Raw Data'!$B:$B, "Variant", 'Raw Data'!$C:$C, "A. 0"),"") -> 0.41258873 | E43: =IFERROR((D43-C43)/ABS(C43),"") -> 0.043034936 | F43: =IFERROR(SUMPRODUCT(('Raw Data'!$B$2:$B$9999="Control")*('Raw Data'!$C$2:$C$9999="B. 1-9")*'Raw Data'!$D$2:$D$9999*'Raw Data'!$AT$2:$AT$9999)/SUMIFS('Raw Data'!$D:$D, 'Raw Data'!$B:$B, "Control", 'Raw Data'!$C:$C, "B. 1-9"),"") -> 3.3184051 | G43: =IFERROR(SUMPRODUCT(('Raw Data'!$B$2:$B$9999="Variant")*('Raw Data'!$C$2:$C$9999="B. 1-9")*'Raw Data'!$D$2:$D$9999*'Raw Data'!$AT$2:$AT$9999)/SUMIFS('Raw Data'!$D:$D, 'Raw Data'!$B:$B, "Variant", 'Raw Data'!$C:$C, "B. 1-9"),"") -> 3.5405862 | H43: =IFERROR((G43-F43)/ABS(F43),"") -> 0.066954201 | I43: =IFERROR(SUMPRODUCT(('Raw Data'!$B$2:$B$9999="Control")*('Raw Data'!$C$2:$C$9999="C. 10-19")*'Raw Data'!$D$2:$D$9999*'Raw Data'!$AT$2:$AT$9999)/SUMIFS('Raw Data'!$D:$D, 'Raw Data'!$B:$B, "Control", 'Raw Data'!$C:$C, "C. 10-19"),"") -> 6.3880092 | J43: =IFERROR(SUMPRODUCT(('Raw Data'!$B$2:$B$9999="Variant")*('Raw Data'!$C$2:$C$9999="C. 10-19")*'Raw Data'!$D$2:$D$9999*'Raw Data'!$AT$2:$AT$9999)/SUMIFS('Raw Data'!$D:$D, 'Raw Data'!$B:$B, "Variant", 'Raw Data'!$C:$C, "C. 10-19"),"") -> 6.8943349 | K43: =IFERROR((J43-I43)/ABS(I43),"") -> 0.079261885 | L43: =IFERROR(SUMPRODUCT(('Raw Data'!$B$2:$B$9999="Control")*('Raw Data'!$C$2:$C$9999="D. 20-39")*'Raw Data'!$D$2:$D$9999*'Raw Data'!$AT$2:$AT$9999)/SUMIFS('Raw Data'!$D:$D, 'Raw Data'!$B:$B, "Control", 'Raw Data'!$C:$C, "D. 20-39"),"") -> 10.299458 | M43: =IFERROR(SUMPRODUCT(('Raw Data'!$B$2:$B$9999="Variant")*('Raw Data'!$C$2:$C$9999="D. 20-39")*'Raw Data'!$D$2:$D$9999*'Raw Data'!$AT$2:$AT$9999)/SUMIFS('Raw Data'!$D:$D, 'Raw Data'!$B:$B, "Variant", 'Raw Data'!$C:$C, "D. 20-39"),"") -> 10.917435 | N43: =IFERROR((M43-L43)/ABS(L43),"") -> 0.0600009 | O43: =IFERROR(SUMPRODUCT(('Raw Data'!$B$2:$B$9999="Control")*('Raw Data'!$C$2:$C$9999="E. 40-99")*'Raw Data'!$D$2:$D$9999*'Raw Data'!$AT$2:$AT$9999)/SUMIFS('Raw Data'!$D:$D, 'Raw Data'!$B:$B, "Control", 'Raw Data'!$C:$C, "E. 40-99"),"") -> 17.687672 | P43: =IFERROR(SUMPRODUCT(('Raw Data'!$B$2:$B$9999="Variant")*('Raw Data'!$C$2:$C$9999="E. 40-99")*'Raw Data'!$D$2:$D$9999*'Raw Data'!$AT$2:$AT$9999)/SUMIFS('Raw Data'!$D:$D, 'Raw Data'!$B:$B, "Variant", 'Raw Data'!$C:$C, "E. 40-99"),"") -> 18.615062 | Q43: =IFERROR((P43-O43)/ABS(O43),"") -> 0.05243142 | R43: =IFERROR(SUMPRODUCT(('Raw Data'!$B$2:$B$9999="Control")*('Raw Data'!$C$2:$C$9999="F. 100+")*'Raw Data'!$D$2:$D$9999*'Raw Data'!$AT$2:$AT$9999)/SUMIFS('Raw Data'!$D:$D, 'Raw Data'!$B:$B, "Control", 'Raw Data'!$C:$C, "F. 100+"),"") -> 35.48325 | S43: =IFERROR(SUMPRODUCT(('Raw Data'!$B$2:$B$9999="Variant")*('Raw Data'!$C$2:$C$9999="F. 100+")*'Raw Data'!$D$2:$D$9999*'Raw Data'!$AT$2:$AT$9999)/SUMIFS('Raw Data'!$D:$D, 'Raw Data'!$B:$B, "Variant", 'Raw Data'!$C:$C, "F. 100+"),"") -> 35.438932 | T43: =IFERROR((S43-R43)/ABS(R43),"") -> -0.0012489788
B44: Booster NET (gain - spend) / player | C44: =IFERROR(SUMPRODUCT(('Raw Data'!$B$2:$B$9999="Control")*('Raw Data'!$C$2:$C$9999="A. 0")*'Raw Data'!$D$2:$D$9999*('Raw Data'!$AQ$2:$AQ$9999-'Raw Data'!$AT$2:$AT$9999))/SUMIFS('Raw Data'!$D:$D, 'Raw Data'!$B:$B, "Control", 'Raw Data'!$C:$C, "A. 0"),"") -> 0.75158045 | D44: =IFERROR(SUMPRODUCT(('Raw Data'!$B$2:$B$9999="Variant")*('Raw Data'!$C$2:$C$9999="A. 0")*'Raw Data'!$D$2:$D$9999*('Raw Data'!$AQ$2:$AQ$9999-'Raw Data'!$AT$2:$AT$9999))/SUMIFS('Raw Data'!$D:$D, 'Raw Data'!$B:$B, "Variant", 'Raw Data'!$C:$C, "A. 0"),"") -> 0.72722979 | E44: =IFERROR((D44-C44)/ABS(C44),"") -> -0.032399263 | F44: =IFERROR(SUMPRODUCT(('Raw Data'!$B$2:$B$9999="Control")*('Raw Data'!$C$2:$C$9999="B. 1-9")*'Raw Data'!$D$2:$D$9999*('Raw Data'!$AQ$2:$AQ$9999-'Raw Data'!$AT$2:$AT$9999))/SUMIFS('Raw Data'!$D:$D, 'Raw Data'!$B:$B, "Control", 'Raw Data'!$C:$C, "B. 1-9"),"") -> 0.18358175 | G44: =IFERROR(SUMPRODUCT(('Raw Data'!$B$2:$B$9999="Variant")*('Raw Data'!$C$2:$C$9999="B. 1-9")*'Raw Data'!$D$2:$D$9999*('Raw Data'!$AQ$2:$AQ$9999-'Raw Data'!$AT$2:$AT$9999))/SUMIFS('Raw Data'!$D:$D, 'Raw Data'!$B:$B, "Variant", 'Raw Data'!$C:$C, "B. 1-9"),"") -> 0.31989426 | H44: =IFERROR((G44-F44)/ABS(F44),"") -> 0.74251664 | I44: =IFERROR(SUMPRODUCT(('Raw Data'!$B$2:$B$9999="Control")*('Raw Data'!$C$2:$C$9999="C. 10-19")*'Raw Data'!$D$2:$D$9999*('Raw Data'!$AQ$2:$AQ$9999-'Raw Data'!$AT$2:$AT$9999))/SUMIFS('Raw Data'!$D:$D, 'Raw Data'!$B:$B, "Control", 'Raw Data'!$C:$C, "C. 10-19"),"") -> 0.30655097 | J44: =IFERROR(SUMPRODUCT(('Raw Data'!$B$2:$B$9999="Variant")*('Raw Data'!$C$2:$C$9999="C. 10-19")*'Raw Data'!$D$2:$D$9999*('Raw Data'!$AQ$2:$AQ$9999-'Raw Data'!$AT$2:$AT$9999))/SUMIFS('Raw Data'!$D:$D, 'Raw Data'!$B:$B, "Variant", 'Raw Data'!$C:$C, "C. 10-19"),"") -> 0.54617043 | K44: =IFERROR((J44-I44)/ABS(I44),"") -> 0.78166272 | L44: =IFERROR(SUMPRODUCT(('Raw Data'!$B$2:$B$9999="Control")*('Raw Data'!$C$2:$C$9999="D. 20-39")*'Raw Data'!$D$2:$D$9999*('Raw Data'!$AQ$2:$AQ$9999-'Raw Data'!$AT$2:$AT$9999))/SUMIFS('Raw Data'!$D:$D, 'Raw Data'!$B:$B, "Control", 'Raw Data'!$C:$C, "D. 20-39"),"") -> 0.43357057 | M44: =IFERROR(SUMPRODUCT(('Raw Data'!$B$2:$B$9999="Variant")*('Raw Data'!$C$2:$C$9999="D. 20-39")*'Raw Data'!$D$2:$D$9999*('Raw Data'!$AQ$2:$AQ$9999-'Raw Data'!$AT$2:$AT$9999))/SUMIFS('Raw Data'!$D:$D, 'Raw Data'!$B:$B, "Variant", 'Raw Data'!$C:$C, "D. 20-39"),"") -> 0.72818054 | N44: =IFERROR((M44-L44)/ABS(L44),"") -> 0.67949717 | O44: =IFERROR(SUMPRODUCT(('Raw Data'!$B$2:$B$9999="Control")*('Raw Data'!$C$2:$C$9999="E. 40-99")*'Raw Data'!$D$2:$D$9999*('Raw Data'!$AQ$2:$AQ$9999-'Raw Data'!$AT$2:$AT$9999))/SUMIFS('Raw Data'!$D:$D, 'Raw Data'!$B:$B, "Control", 'Raw Data'!$C:$C, "E. 40-99"),"") -> 0.32235123 | P44: =IFERROR(SUMPRODUCT(('Raw Data'!$B$2:$B$9999="Variant")*('Raw Data'!$C$2:$C$9999="E. 40-99")*'Raw Data'!$D$2:$D$9999*('Raw Data'!$AQ$2:$AQ$9999-'Raw Data'!$AT$2:$AT$9999))/SUMIFS('Raw Data'!$D:$D, 'Raw Data'!$B:$B, "Variant", 'Raw Data'!$C:$C, "E. 40-99"),"") -> 0.86182138 | Q44: =IFERROR((P44-O44)/ABS(O44),"") -> 1.6735477 | R44: =IFERROR(SUMPRODUCT(('Raw Data'!$B$2:$B$9999="Control")*('Raw Data'!$C$2:$C$9999="F. 100+")*'Raw Data'!$D$2:$D$9999*('Raw Data'!$AQ$2:$AQ$9999-'Raw Data'!$AT$2:$AT$9999))/SUMIFS('Raw Data'!$D:$D, 'Raw Data'!$B:$B, "Control", 'Raw Data'!$C:$C, "F. 100+"),"") -> -0.18504331 | S44: =IFERROR(SUMPRODUCT(('Raw Data'!$B$2:$B$9999="Variant")*('Raw Data'!$C$2:$C$9999="F. 100+")*'Raw Data'!$D$2:$D$9999*('Raw Data'!$AQ$2:$AQ$9999-'Raw Data'!$AT$2:$AT$9999))/SUMIFS('Raw Data'!$D:$D, 'Raw Data'!$B:$B, "Variant", 'Raw Data'!$C:$C, "F. 100+"),"") -> 1.0631356 | T44: =IFERROR((S44-R44)/ABS(R44),"") -> 6.7453339
B45: Booster spent / attempt | C45: =IFERROR(SUMPRODUCT(('Raw Data'!$B$2:$B$9999="Control")*('Raw Data'!$C$2:$C$9999="A. 0")*'Raw Data'!$D$2:$D$9999*'Raw Data'!$AU$2:$AU$9999)/SUMIFS('Raw Data'!$D:$D, 'Raw Data'!$B:$B, "Control", 'Raw Data'!$C:$C, "A. 0"),"") -> 0.14633019 | D45: =IFERROR(SUMPRODUCT(('Raw Data'!$B$2:$B$9999="Variant")*('Raw Data'!$C$2:$C$9999="A. 0")*'Raw Data'!$D$2:$D$9999*'Raw Data'!$AU$2:$AU$9999)/SUMIFS('Raw Data'!$D:$D, 'Raw Data'!$B:$B, "Variant", 'Raw Data'!$C:$C, "A. 0"),"") -> 0.14779842 | E45: =IFERROR((D45-C45)/ABS(C45),"") -> 0.010033646 | F45: =IFERROR(SUMPRODUCT(('Raw Data'!$B$2:$B$9999="Control")*('Raw Data'!$C$2:$C$9999="B. 1-9")*'Raw Data'!$D$2:$D$9999*'Raw Data'!$AU$2:$AU$9999)/SUMIFS('Raw Data'!$D:$D, 'Raw Data'!$B:$B, "Control", 'Raw Data'!$C:$C, "B. 1-9"),"") -> 0.21236618 | G45: =IFERROR(SUMPRODUCT(('Raw Data'!$B$2:$B$9999="Variant")*('Raw Data'!$C$2:$C$9999="B. 1-9")*'Raw Data'!$D$2:$D$9999*'Raw Data'!$AU$2:$AU$9999)/SUMIFS('Raw Data'!$D:$D, 'Raw Data'!$B:$B, "Variant", 'Raw Data'!$C:$C, "B. 1-9"),"") -> 0.22096092 | H45: =IFERROR((G45-F45)/ABS(F45),"") -> 0.040471348 | I45: =IFERROR(SUMPRODUCT(('Raw Data'!$B$2:$B$9999="Control")*('Raw Data'!$C$2:$C$9999="C. 10-19")*'Raw Data'!$D$2:$D$9999*'Raw Data'!$AU$2:$AU$9999)/SUMIFS('Raw Data'!$D:$D, 'Raw Data'!$B:$B, "Control", 'Raw Data'!$C:$C, "C. 10-19"),"") -> 0.21647262 | J45: =IFERROR(SUMPRODUCT(('Raw Data'!$B$2:$B$9999="Variant")*('Raw Data'!$C$2:$C$9999="C. 10-19")*'Raw Data'!$D$2:$D$9999*'Raw Data'!$AU$2:$AU$9999)/SUMIFS('Raw Data'!$D:$D, 'Raw Data'!$B:$B, "Variant", 'Raw Data'!$C:$C, "C. 10-19"),"") -> 0.22680986 | K45: =IFERROR((J45-I45)/ABS(I45),"") -> 0.047753114 | L45: =IFERROR(SUMPRODUCT(('Raw Data'!$B$2:$B$9999="Control")*('Raw Data'!$C$2:$C$9999="D. 20-39")*'Raw Data'!$D$2:$D$9999*'Raw Data'!$AU$2:$AU$9999)/SUMIFS('Raw Data'!$D:$D, 'Raw Data'!$B:$B, "Control", 'Raw Data'!$C:$C, "D. 20-39"),"") -> 0.23086267 | M45: =IFERROR(SUMPRODUCT(('Raw Data'!$B$2:$B$9999="Variant")*('Raw Data'!$C$2:$C$9999="D. 20-39")*'Raw Data'!$D$2:$D$9999*'Raw Data'!$AU$2:$AU$9999)/SUMIFS('Raw Data'!$D:$D, 'Raw Data'!$B:$B, "Variant", 'Raw Data'!$C:$C, "D. 20-39"),"") -> 0.24002698 | N45: =IFERROR((M45-L45)/ABS(L45),"") -> 0.039695935 | O45: =IFERROR(SUMPRODUCT(('Raw Data'!$B$2:$B$9999="Control")*('Raw Data'!$C$2:$C$9999="E. 40-99")*'Raw Data'!$D$2:$D$9999*'Raw Data'!$AU$2:$AU$9999)/SUMIFS('Raw Data'!$D:$D, 'Raw Data'!$B:$B, "Control", 'Raw Data'!$C:$C, "E. 40-99"),"") -> 0.23730441 | P45: =IFERROR(SUMPRODUCT(('Raw Data'!$B$2:$B$9999="Variant")*('Raw Data'!$C$2:$C$9999="E. 40-99")*'Raw Data'!$D$2:$D$9999*'Raw Data'!$AU$2:$AU$9999)/SUMIFS('Raw Data'!$D:$D, 'Raw Data'!$B:$B, "Variant", 'Raw Data'!$C:$C, "E. 40-99"),"") -> 0.24653755 | Q45: =IFERROR((P45-O45)/ABS(O45),"") -> 0.038908413 | R45: =IFERROR(SUMPRODUCT(('Raw Data'!$B$2:$B$9999="Control")*('Raw Data'!$C$2:$C$9999="F. 100+")*'Raw Data'!$D$2:$D$9999*'Raw Data'!$AU$2:$AU$9999)/SUMIFS('Raw Data'!$D:$D, 'Raw Data'!$B:$B, "Control", 'Raw Data'!$C:$C, "F. 100+"),"") -> 0.23688143 | S45: =IFERROR(SUMPRODUCT(('Raw Data'!$B$2:$B$9999="Variant")*('Raw Data'!$C$2:$C$9999="F. 100+")*'Raw Data'!$D$2:$D$9999*'Raw Data'!$AU$2:$AU$9999)/SUMIFS('Raw Data'!$D:$D, 'Raw Data'!$B:$B, "Variant", 'Raw Data'!$C:$C, "F. 100+"),"") -> 0.23639568 | T45: =IFERROR((S45-R45)/ABS(R45),"") -> -0.0020506261
A47: NS Actual Completions
F48: Previous | G48: New | H48: Δ % | I48: Previous | J48: New | K48: Δ % | L48: Previous | M48: New | N48: Δ % | O48: Previous | P48: New | Q48: Δ % | R48: Previous | S48: New | T48: Δ %
B49: NS active rate (%) | D49: =IFERROR(SUMPRODUCT(('Raw Data'!$B$2:$B$9999="Variant")*('Raw Data'!$C$2:$C$9999="A. 0")*'Raw Data'!$D$2:$D$9999*'Raw Data'!$AM$2:$AM$9999)/SUMIFS('Raw Data'!$D:$D, 'Raw Data'!$B:$B, "Variant", 'Raw Data'!$C:$C, "A. 0"),"") -> 0.20777455 | F49: 42.647143 | G49: =IFERROR(SUMPRODUCT(('Raw Data'!$B$2:$B$9999="Variant")*('Raw Data'!$C$2:$C$9999="B. 1-9")*'Raw Data'!$D$2:$D$9999*'Raw Data'!$AM$2:$AM$9999)/SUMIFS('Raw Data'!$D:$D, 'Raw Data'!$B:$B, "Variant", 'Raw Data'!$C:$C, "B. 1-9"),"") -> 53.064524 | H49: =IFERROR((G49-F49)/ABS(F49),"") -> 0.24426916 | I49: 64.218039 | J49: =IFERROR(SUMPRODUCT(('Raw Data'!$B$2:$B$9999="Variant")*('Raw Data'!$C$2:$C$9999="C. 10-19")*'Raw Data'!$D$2:$D$9999*'Raw Data'!$AM$2:$AM$9999)/SUMIFS('Raw Data'!$D:$D, 'Raw Data'!$B:$B, "Variant", 'Raw Data'!$C:$C, "C. 10-19"),"") -> 61.773958 | K49: =IFERROR((J49-I49)/ABS(I49),"") -> -0.038059102 | L49: 67.131053 | M49: =IFERROR(SUMPRODUCT(('Raw Data'!$B$2:$B$9999="Variant")*('Raw Data'!$C$2:$C$9999="D. 20-39")*'Raw Data'!$D$2:$D$9999*'Raw Data'!$AM$2:$AM$9999)/SUMIFS('Raw Data'!$D:$D, 'Raw Data'!$B:$B, "Variant", 'Raw Data'!$C:$C, "D. 20-39"),"") -> 64.001767 | N49: =IFERROR((M49-L49)/ABS(L49),"") -> -0.046614586 | O49: 69.476952 | P49: =IFERROR(SUMPRODUCT(('Raw Data'!$B$2:$B$9999="Variant")*('Raw Data'!$C$2:$C$9999="E. 40-99")*'Raw Data'!$D$2:$D$9999*'Raw Data'!$AM$2:$AM$9999)/SUMIFS('Raw Data'!$D:$D, 'Raw Data'!$B:$B, "Variant", 'Raw Data'!$C:$C, "E. 40-99"),"") -> 67.696365 | Q49: =IFERROR((P49-O49)/ABS(O49),"") -> -0.025628447 | R49: 69.556122 | S49: =IFERROR(SUMPRODUCT(('Raw Data'!$B$2:$B$9999="Variant")*('Raw Data'!$C$2:$C$9999="F. 100+")*'Raw Data'!$D$2:$D$9999*'Raw Data'!$AM$2:$AM$9999)/SUMIFS('Raw Data'!$D:$D, 'Raw Data'!$B:$B, "Variant", 'Raw Data'!$C:$C, "F. 100+"),"") -> 74.393839 | T49: =IFERROR((S49-R49)/ABS(R49),"") -> 0.069551274
B50: R1 finished (%) [actual] | D50: =IFERROR(SUMPRODUCT(('Raw Data'!$B$2:$B$9999="Variant")*('Raw Data'!$C$2:$C$9999="A. 0")*'Raw Data'!$D$2:$D$9999*'Raw Data'!$AN$2:$AN$9999)/SUMIFS('Raw Data'!$D:$D, 'Raw Data'!$B:$B, "Variant", 'Raw Data'!$C:$C, "A. 0"),"") -> 0.20777455 | F50: 42.647143 | G50: =IFERROR(SUMPRODUCT(('Raw Data'!$B$2:$B$9999="Variant")*('Raw Data'!$C$2:$C$9999="B. 1-9")*'Raw Data'!$D$2:$D$9999*'Raw Data'!$AN$2:$AN$9999)/SUMIFS('Raw Data'!$D:$D, 'Raw Data'!$B:$B, "Variant", 'Raw Data'!$C:$C, "B. 1-9"),"") -> 53.064524 | H50: =IFERROR((G50-F50)/ABS(F50),"") -> 0.24426916 | I50: 64.218039 | J50: =IFERROR(SUMPRODUCT(('Raw Data'!$B$2:$B$9999="Variant")*('Raw Data'!$C$2:$C$9999="C. 10-19")*'Raw Data'!$D$2:$D$9999*'Raw Data'!$AN$2:$AN$9999)/SUMIFS('Raw Data'!$D:$D, 'Raw Data'!$B:$B, "Variant", 'Raw Data'!$C:$C, "C. 10-19"),"") -> 61.773958 | K50: =IFERROR((J50-I50)/ABS(I50),"") -> -0.038059102 | L50: 67.131053 | M50: =IFERROR(SUMPRODUCT(('Raw Data'!$B$2:$B$9999="Variant")*('Raw Data'!$C$2:$C$9999="D. 20-39")*'Raw Data'!$D$2:$D$9999*'Raw Data'!$AN$2:$AN$9999)/SUMIFS('Raw Data'!$D:$D, 'Raw Data'!$B:$B, "Variant", 'Raw Data'!$C:$C, "D. 20-39"),"") -> 64.001767 | N50: =IFERROR((M50-L50)/ABS(L50),"") -> -0.046614586 | O50: 69.476952 | P50: =IFERROR(SUMPRODUCT(('Raw Data'!$B$2:$B$9999="Variant")*('Raw Data'!$C$2:$C$9999="E. 40-99")*'Raw Data'!$D$2:$D$9999*'Raw Data'!$AN$2:$AN$9999)/SUMIFS('Raw Data'!$D:$D, 'Raw Data'!$B:$B, "Variant", 'Raw Data'!$C:$C, "E. 40-99"),"") -> 67.696365 | Q50: =IFERROR((P50-O50)/ABS(O50),"") -> -0.025628447 | R50: 69.556122 | S50: =IFERROR(SUMPRODUCT(('Raw Data'!$B$2:$B$9999="Variant")*('Raw Data'!$C$2:$C$9999="F. 100+")*'Raw Data'!$D$2:$D$9999*'Raw Data'!$AN$2:$AN$9999)/SUMIFS('Raw Data'!$D:$D, 'Raw Data'!$B:$B, "Variant", 'Raw Data'!$C:$C, "F. 100+"),"") -> 74.393839 | T50: =IFERROR((S50-R50)/ABS(R50),"") -> 0.069551274
B51: R2 finished (%) [actual] | D51: =IFERROR(SUMPRODUCT(('Raw Data'!$B$2:$B$9999="Variant")*('Raw Data'!$C$2:$C$9999="A. 0")*'Raw Data'!$D$2:$D$9999*'Raw Data'!$AO$2:$AO$9999)/SUMIFS('Raw Data'!$D:$D, 'Raw Data'!$B:$B, "Variant", 'Raw Data'!$C:$C, "A. 0"),"") -> 0.11779882 | F51: 20.758438 | G51: =IFERROR(SUMPRODUCT(('Raw Data'!$B$2:$B$9999="Variant")*('Raw Data'!$C$2:$C$9999="B. 1-9")*'Raw Data'!$D$2:$D$9999*'Raw Data'!$AO$2:$AO$9999)/SUMIFS('Raw Data'!$D:$D, 'Raw Data'!$B:$B, "Variant", 'Raw Data'!$C:$C, "B. 1-9"),"") -> 22.120754 | H51: =IFERROR((G51-F51)/ABS(F51),"") -> 0.0656271 | I51: 44.857285 | J51: =IFERROR(SUMPRODUCT(('Raw Data'!$B$2:$B$9999="Variant")*('Raw Data'!$C$2:$C$9999="C. 10-19")*'Raw Data'!$D$2:$D$9999*'Raw Data'!$AO$2:$AO$9999)/SUMIFS('Raw Data'!$D:$D, 'Raw Data'!$B:$B, "Variant", 'Raw Data'!$C:$C, "C. 10-19"),"") -> 38.010284 | K51: =IFERROR((J51-I51)/ABS(I51),"") -> -0.15263966 | L51: 44.821434 | M51: =IFERROR(SUMPRODUCT(('Raw Data'!$B$2:$B$9999="Variant")*('Raw Data'!$C$2:$C$9999="D. 20-39")*'Raw Data'!$D$2:$D$9999*'Raw Data'!$AO$2:$AO$9999)/SUMIFS('Raw Data'!$D:$D, 'Raw Data'!$B:$B, "Variant", 'Raw Data'!$C:$C, "D. 20-39"),"") -> 42.652957 | N51: =IFERROR((M51-L51)/ABS(L51),"") -> -0.048380352 | O51: 49.474289 | P51: =IFERROR(SUMPRODUCT(('Raw Data'!$B$2:$B$9999="Variant")*('Raw Data'!$C$2:$C$9999="E. 40-99")*'Raw Data'!$D$2:$D$9999*'Raw Data'!$AO$2:$AO$9999)/SUMIFS('Raw Data'!$D:$D, 'Raw Data'!$B:$B, "Variant", 'Raw Data'!$C:$C, "E. 40-99"),"") -> 48.121998 | Q51: =IFERROR((P51-O51)/ABS(O51),"") -> -0.027333207 | R51: 49.613295 | S51: =IFERROR(SUMPRODUCT(('Raw Data'!$B$2:$B$9999="Variant")*('Raw Data'!$C$2:$C$9999="F. 100+")*'Raw Data'!$D$2:$D$9999*'Raw Data'!$AO$2:$AO$9999)/SUMIFS('Raw Data'!$D:$D, 'Raw Data'!$B:$B, "Variant", 'Raw Data'!$C:$C, "F. 100+"),"") -> 56.561947 | T51: =IFERROR((S51-R51)/ABS(R51),"") -> 0.14005624
B52: R3 finished (%) [actual] | D52: =IFERROR(SUMPRODUCT(('Raw Data'!$B$2:$B$9999="Variant")*('Raw Data'!$C$2:$C$9999="A. 0")*'Raw Data'!$D$2:$D$9999*'Raw Data'!$AP$2:$AP$9999)/SUMIFS('Raw Data'!$D:$D, 'Raw Data'!$B:$B, "Variant", 'Raw Data'!$C:$C, "A. 0"),"") -> 0.05964509 | F52: 8.3585179 | G52: =IFERROR(SUMPRODUCT(('Raw Data'!$B$2:$B$9999="Variant")*('Raw Data'!$C$2:$C$9999="B. 1-9")*'Raw Data'!$D$2:$D$9999*'Raw Data'!$AP$2:$AP$9999)/SUMIFS('Raw Data'!$D:$D, 'Raw Data'!$B:$B, "Variant", 'Raw Data'!$C:$C, "B. 1-9"),"") -> 6.4910773 | H52: =IFERROR((G52-F52)/ABS(F52),"") -> -0.22341767 | I52: 25.564668 | J52: =IFERROR(SUMPRODUCT(('Raw Data'!$B$2:$B$9999="Variant")*('Raw Data'!$C$2:$C$9999="C. 10-19")*'Raw Data'!$D$2:$D$9999*'Raw Data'!$AP$2:$AP$9999)/SUMIFS('Raw Data'!$D:$D, 'Raw Data'!$B:$B, "Variant", 'Raw Data'!$C:$C, "C. 10-19"),"") -> 18.606044 | K52: =IFERROR((J52-I52)/ABS(I52),"") -> -0.2721969 | L52: 29.762965 | M52: =IFERROR(SUMPRODUCT(('Raw Data'!$B$2:$B$9999="Variant")*('Raw Data'!$C$2:$C$9999="D. 20-39")*'Raw Data'!$D$2:$D$9999*'Raw Data'!$AP$2:$AP$9999)/SUMIFS('Raw Data'!$D:$D, 'Raw Data'!$B:$B, "Variant", 'Raw Data'!$C:$C, "D. 20-39"),"") -> 24.222203 | N52: =IFERROR((M52-L52)/ABS(L52),"") -> -0.18616294 | O52: 34.037131 | P52: =IFERROR(SUMPRODUCT(('Raw Data'!$B$2:$B$9999="Variant")*('Raw Data'!$C$2:$C$9999="E. 40-99")*'Raw Data'!$D$2:$D$9999*'Raw Data'!$AP$2:$AP$9999)/SUMIFS('Raw Data'!$D:$D, 'Raw Data'!$B:$B, "Variant", 'Raw Data'!$C:$C, "E. 40-99"),"") -> 32.919822 | Q52: =IFERROR((P52-O52)/ABS(O52),"") -> -0.032826183 | R52: 36.705925 | S52: =IFERROR(SUMPRODUCT(('Raw Data'!$B$2:$B$9999="Variant")*('Raw Data'!$C$2:$C$9999="F. 100+")*'Raw Data'!$D$2:$D$9999*'Raw Data'!$AP$2:$AP$9999)/SUMIFS('Raw Data'!$D:$D, 'Raw Data'!$B:$B, "Variant", 'Raw Data'!$C:$C, "F. 100+"),"") -> 44.279227 | T52: =IFERROR((S52-R52)/ABS(R52),"") -> 0.20632369

Sheet Overall
A1: A/B Test Summary - Overall (across all buckets)
A3: Category | B3: Metric | C3: Control | D3: Variant | E3: Δ Abs | F3: Δ %
A4: Players
B5: Players (sum) | C5: =SUMIFS('Raw Data'!$D:$D, 'Raw Data'!$B:$B, "Control") -> 2369835 | D5: =SUMIFS('Raw Data'!$D:$D, 'Raw Data'!$B:$B, "Variant") -> 2360728 | E5: =IFERROR(D5-C5,"") -> -9107 | F5: =IFERROR((D5-C5)/ABS(C5),"") -> -0.0038428836
A6: Revenue
B7: Total revenue | C7: =SUMIFS('Raw Data'!$F:$F, 'Raw Data'!$B:$B, "Control") -> 836569.58 | D7: =SUMIFS('Raw Data'!$F:$F, 'Raw Data'!$B:$B, "Variant") -> 873805.96 | E7: =IFERROR(D7-C7,"") -> 37236.38 | F7: =IFERROR((D7-C7)/ABS(C7),"") -> 0.044510798
B8: ARPDAU | C8: =IFERROR(SUMIFS('Raw Data'!$F:$F, 'Raw Data'!$B:$B, "Control")/SUMIFS('Raw Data'!$D:$D, 'Raw Data'!$B:$B, "Control"),"") -> 0.35300752 | D8: =IFERROR(SUMIFS('Raw Data'!$F:$F, 'Raw Data'!$B:$B, "Variant")/SUMIFS('Raw Data'!$D:$D, 'Raw Data'!$B:$B, "Variant"),"") -> 0.37014258 | E8: =IFERROR(D8-C8,"") -> 0.017135062 | F8: =IFERROR((D8-C8)/ABS(C8),"") -> 0.048540216
B9: ARPPU | C9: =IFERROR(SUMIFS('Raw Data'!$F:$F, 'Raw Data'!$B:$B, "Control")/SUMPRODUCT(('Raw Data'!$B$2:$B$9999="Control")*'Raw Data'!$D$2:$D$9999*'Raw Data'!$H$2:$H$9999/100),"") -> 6.4465617 | D9: =IFERROR(SUMIFS('Raw Data'!$F:$F, 'Raw Data'!$B:$B, "Variant")/SUMPRODUCT(('Raw Data'!$B$2:$B$9999="Variant")*'Raw Data'!$D$2:$D$9999*'Raw Data'!$H$2:$H$9999/100),"") -> 6.6116128 | E9: =IFERROR(D9-C9,"") -> 0.16505117 | F9: =IFERROR((D9-C9)/ABS(C9),"") -> 0.025602978
A10: Engagement
B11: Time spent (mins) | C11: =IFERROR(SUMPRODUCT(('Raw Data'!$B$2:$B$9999="Control")*'Raw Data'!$D$2:$D$9999*'Raw Data'!$J$2:$J$9999)/SUMIFS('Raw Data'!$D:$D, 'Raw Data'!$B:$B, "Control"),"") -> 45.492662 | D11: =IFERROR(SUMPRODUCT(('Raw Data'!$B$2:$B$9999="Variant")*'Raw Data'!$D$2:$D$9999*'Raw Data'!$J$2:$J$9999)/SUMIFS('Raw Data'!$D:$D, 'Raw Data'!$B:$B, "Variant"),"") -> 47.230059 | E11: =IFERROR(D11-C11,"") -> 1.7373971 | F11: =IFERROR((D11-C11)/ABS(C11),"") -> 0.038190711
B12: Level attempts / player | C12: =IFERROR(SUMPRODUCT(('Raw Data'!$B$2:$B$9999="Control")*'Raw Data'!$D$2:$D$9999*'Raw Data'!$K$2:$K$9999)/SUMIFS('Raw Data'!$D:$D, 'Raw Data'!$B:$B, "Control"),"") -> 23.729472 | D12: =IFERROR(SUMPRODUCT(('Raw Data'!$B$2:$B$9999="Variant")*'Raw Data'!$D$2:$D$9999*'Raw Data'!$K$2:$K$9999)/SUMIFS('Raw Data'!$D:$D, 'Raw Data'!$B:$B, "Variant"),"") -> 24.638242 | E12: =IFERROR(D12-C12,"") -> 0.90876946 | F12: =IFERROR((D12-C12)/ABS(C12),"") -> 0.038297078
B13: Level completes / player | C13: =IFERROR(SUMPRODUCT(('Raw Data'!$B$2:$B$9999="Control")*'Raw Data'!$D$2:$D$9999*'Raw Data'!$L$2:$L$9999)/SUMIFS('Raw Data'!$D:$D, 'Raw Data'!$B:$B, "Control"),"") -> 12.584312 | D13: =IFERROR(SUMPRODUCT(('Raw Data'!$B$2:$B$9999="Variant")*'Raw Data'!$D$2:$D$9999*'Raw Data'!$L$2:$L$9999)/SUMIFS('Raw Data'!$D:$D, 'Raw Data'!$B:$B, "Variant"),"") -> 13.028914 | E13: =IFERROR(D13-C13,"") -> 0.44460213 | F13: =IFERROR((D13-C13)/ABS(C13),"") -> 0.035329873
A14: Daily Streak
B15: Avg daily streak | C15: =IFERROR(SUMPRODUCT(('Raw Data'!$B$2:$B$9999="Control")*'Raw Data'!$D$2:$D$9999*'Raw Data'!$AD$2:$AD$9999)/SUMIFS('Raw Data'!$D:$D, 'Raw Data'!$B:$B, "Control"),"") -> 8.3611943 | D15: =IFERROR(SUMPRODUCT(('Raw Data'!$B$2:$B$9999="Variant")*'Raw Data'!$D$2:$D$9999*'Raw Data'!$AD$2:$AD$9999)/SUMIFS('Raw Data'!$D:$D, 'Raw Data'!$B:$B, "Variant"),"") -> 8.6866862 | E15: =IFERROR(D15-C15,"") -> 0.32549184 | F15: =IFERROR((D15-C15)/ABS(C15),"") -> 0.038928869
B16: P25 daily streak | C16: =IFERROR(SUMPRODUCT(('Raw Data'!$B$2:$B$9999="Control")*'Raw Data'!$D$2:$D$9999*'Raw Data'!$AE$2:$AE$9999)/SUMIFS('Raw Data'!$D:$D, 'Raw Data'!$B:$B, "Control"),"") -> 2.9270987 | D16: =IFERROR(SUMPRODUCT(('Raw Data'!$B$2:$B$9999="Variant")*'Raw Data'!$D$2:$D$9999*'Raw Data'!$AE$2:$AE$9999)/SUMIFS('Raw Data'!$D:$D, 'Raw Data'!$B:$B, "Variant"),"") -> 3.0048273 | E16: =IFERROR(D16-C16,"") -> 0.077728602 | F16: =IFERROR((D16-C16)/ABS(C16),"") -> 0.026554828
B17: P50 daily streak | C17: =IFERROR(SUMPRODUCT(('Raw Data'!$B$2:$B$9999="Control")*'Raw Data'!$D$2:$D$9999*'Raw Data'!$AF$2:$AF$9999)/SUMIFS('Raw Data'!$D:$D, 'Raw Data'!$B:$B, "Control"),"") -> 6.2008655 | D17: =IFERROR(SUMPRODUCT(('Raw Data'!$B$2:$B$9999="Variant")*'Raw Data'!$D$2:$D$9999*'Raw Data'!$AF$2:$AF$9999)/SUMIFS('Raw Data'!$D:$D, 'Raw Data'!$B:$B, "Variant"),"") -> 6.4271149 | E17: =IFERROR(D17-C17,"") -> 0.22624939 | F17: =IFERROR((D17-C17)/ABS(C17),"") -> 0.036486745
B18: P75 daily streak | C18: =IFERROR(SUMPRODUCT(('Raw Data'!$B$2:$B$9999="Control")*'Raw Data'!$D$2:$D$9999*'Raw Data'!$AG$2:$AG$9999)/SUMIFS('Raw Data'!$D:$D, 'Raw Data'!$B:$B, "Control"),"") -> 11.475444 | D18: =IFERROR(SUMPRODUCT(('Raw Data'!$B$2:$B$9999="Variant")*'Raw Data'!$D$2:$D$9999*'Raw Data'!$AG$2:$AG$9999)/SUMIFS('Raw Data'!$D:$D, 'Raw Data'!$B:$B, "Variant"),"") -> 11.920956 | E18: =IFERROR(D18-C18,"") -> 0.44551167 | F18: =IFERROR((D18-C18)/ABS(C18),"") -> 0.038823044
B19: P90 daily streak | C19: =IFERROR(SUMPRODUCT(('Raw Data'!$B$2:$B$9999="Control")*'Raw Data'!$D$2:$D$9999*'Raw Data'!$AH$2:$AH$9999)/SUMIFS('Raw Data'!$D:$D, 'Raw Data'!$B:$B, "Control"),"") -> 17.894393 | D19: =IFERROR(SUMPRODUCT(('Raw Data'!$B$2:$B$9999="Variant")*'Raw Data'!$D$2:$D$9999*'Raw Data'!$AH$2:$AH$9999)/SUMIFS('Raw Data'!$D:$D, 'Raw Data'!$B:$B, "Variant"),"") -> 18.599679 | E19: =IFERROR(D19-C19,"") -> 0.70528593 | F19: =IFERROR((D19-C19)/ABS(C19),"") -> 0.039413795
A20: Difficulty
B21: Pass rate | C21: =IFERROR(SUMPRODUCT(('Raw Data'!$B$2:$B$9999="Control")*'Raw Data'!$D$2:$D$9999*'Raw Data'!$M$2:$M$9999)/SUMIFS('Raw Data'!$D:$D, 'Raw Data'!$B:$B, "Control"),"") -> 0.37816492 | D21: =IFERROR(SUMPRODUCT(('Raw Data'!$B$2:$B$9999="Variant")*'Raw Data'!$D$2:$D$9999*'Raw Data'!$M$2:$M$9999)/SUMIFS('Raw Data'!$D:$D, 'Raw Data'!$B:$B, "Variant"),"") -> 0.37358991 | E21: =IFERROR(D21-C21,"") -> -0.0045750114 | F21: =IFERROR((D21-C21)/ABS(C21),"") -> -0.012097926
B22: OOM rate | C22: =IFERROR(SUMPRODUCT(('Raw Data'!$B$2:$B$9999="Control")*'Raw Data'!$D$2:$D$9999*'Raw Data'!$N$2:$N$9999)/SUMIFS('Raw Data'!$D:$D, 'Raw Data'!$B:$B, "Control"),"") -> 0.72634528 | D22: =IFERROR(SUMPRODUCT(('Raw Data'!$B$2:$B$9999="Variant")*'Raw Data'!$D$2:$D$9999*'Raw Data'!$N$2:$N$9999)/SUMIFS('Raw Data'!$D:$D, 'Raw Data'!$B:$B, "Variant"),"") -> 0.72665499 | E22: =IFERROR(D22-C22,"") -> 0.00030970843 | F22: =IFERROR((D22-C22)/ABS(C22),"") -> 0.00042639285
B23: First-try OOM rate | C23: =IFERROR(SUMPRODUCT(('Raw Data'!$B$2:$B$9999="Control")*'Raw Data'!$D$2:$D$9999*'Raw Data'!$O$2:$O$9999)/SUMIFS('Raw Data'!$D:$D, 'Raw Data'!$B:$B, "Control"),"") -> 0.51252744 | D23: =IFERROR(SUMPRODUCT(('Raw Data'!$B$2:$B$9999="Variant")*'Raw Data'!$D$2:$D$9999*'Raw Data'!$O$2:$O$9999)/SUMIFS('Raw Data'!$D:$D, 'Raw Data'!$B:$B, "Variant"),"") -> 0.50351411 | E23: =IFERROR(D23-C23,"") -> -0.0090133292 | F23: =IFERROR((D23-C23)/ABS(C23),"") -> -0.017586042
B24: Attempts per completion | C24: =IFERROR(SUMPRODUCT(('Raw Data'!$B$2:$B$9999="Control")*'Raw Data'!$D$2:$D$9999*'Raw Data'!$P$2:$P$9999)/SUMIFS('Raw Data'!$D:$D, 'Raw Data'!$B:$B, "Control"),"") -> 15.501091 | D24: =IFERROR(SUMPRODUCT(('Raw Data'!$B$2:$B$9999="Variant")*'Raw Data'!$D$2:$D$9999*'Raw Data'!$P$2:$P$9999)/SUMIFS('Raw Data'!$D:$D, 'Raw Data'!$B:$B, "Variant"),"") -> 11.655816 | E24: =IFERROR(D24-C24,"") -> -3.8452749 | F24: =IFERROR((D24-C24)/ABS(C24),"") -> -0.2480648
A25: HC Economy
B26: HC gain total / player | C26: =IFERROR(SUMPRODUCT(('Raw Data'!$B$2:$B$9999="Control")*'Raw Data'!$D$2:$D$9999*'Raw Data'!$Q$2:$Q$9999)/SUMIFS('Raw Data'!$D:$D, 'Raw Data'!$B:$B, "Control"),"") -> 117.01398 | D26: =IFERROR(SUMPRODUCT(('Raw Data'!$B$2:$B$9999="Variant")*'Raw Data'!$D$2:$D$9999*'Raw Data'!$Q$2:$Q$9999)/SUMIFS('Raw Data'!$D:$D, 'Raw Data'!$B:$B, "Variant"),"") -> 113.90326 | E26: =IFERROR(D26-C26,"") -> -3.1107202 | F26: =IFERROR((D26-C26)/ABS(C26),"") -> -0.026584175
B27: HC gain (ex-saga) / player | C27: =IFERROR(SUMPRODUCT(('Raw Data'!$B$2:$B$9999="Control")*'Raw Data'!$D$2:$D$9999*'Raw Data'!$R$2:$R$9999)/SUMIFS('Raw Data'!$D:$D, 'Raw Data'!$B:$B, "Control"),"") -> 91.196246 | D27: =IFERROR(SUMPRODUCT(('Raw Data'!$B$2:$B$9999="Variant")*'Raw Data'!$D$2:$D$9999*'Raw Data'!$R$2:$R$9999)/SUMIFS('Raw Data'!$D:$D, 'Raw Data'!$B:$B, "Variant"),"") -> 104.04563 | E27: =IFERROR(D27-C27,"") -> 12.849382 | F27: =IFERROR((D27-C27)/ABS(C27),"") -> 0.14089814
B28: HC gain from saga / player | C28: =IFERROR(SUMPRODUCT(('Raw Data'!$B$2:$B$9999="Control")*'Raw Data'!$D$2:$D$9999*'Raw Data'!$S$2:$S$9999)/SUMIFS('Raw Data'!$D:$D, 'Raw Data'!$B:$B, "Control"),"") -> 25.818216 | D28: =IFERROR(SUMPRODUCT(('Raw Data'!$B$2:$B$9999="Variant")*'Raw Data'!$D$2:$D$9999*'Raw Data'!$S$2:$S$9999)/SUMIFS('Raw Data'!$D:$D, 'Raw Data'!$B:$B, "Variant"),"") -> 9.8577628 | E28: =IFERROR(D28-C28,"") -> -15.960453 | F28: =IFERROR((D28-C28)/ABS(C28),"") -> -0.61818574
B29: HC gain PAID / player | C29: =IFERROR(SUMPRODUCT(('Raw Data'!$B$2:$B$9999="Control")*'Raw Data'!$D$2:$D$9999*'Raw Data'!$T$2:$T$9999)/SUMIFS('Raw Data'!$D:$D, 'Raw Data'!$B:$B, "Control"),"") -> 21.829157 | D29: =IFERROR(SUMPRODUCT(('Raw Data'!$B$2:$B$9999="Variant")*'Raw Data'!$D$2:$D$9999*'Raw Data'!$T$2:$T$9999)/SUMIFS('Raw Data'!$D:$D, 'Raw Data'!$B:$B, "Variant"),"") -> 22.917157 | E29: =IFERROR(D29-C29,"") -> 1.088 | F29: =IFERROR((D29-C29)/ABS(C29),"") -> 0.049841596
B30: HC gain FREE / player | C30: =IFERROR(SUMPRODUCT(('Raw Data'!$B$2:$B$9999="Control")*'Raw Data'!$D$2:$D$9999*'Raw Data'!$U$2:$U$9999)/SUMIFS('Raw Data'!$D:$D, 'Raw Data'!$B:$B, "Control"),"") -> 95.18478 | D30: =IFERROR(SUMPRODUCT(('Raw Data'!$B$2:$B$9999="Variant")*'Raw Data'!$D$2:$D$9999*'Raw Data'!$U$2:$U$9999)/SUMIFS('Raw Data'!$D:$D, 'Raw Data'!$B:$B, "Variant"),"") -> 90.986202 | E30: =IFERROR(D30-C30,"") -> -4.1985778 | F30: =IFERROR((D30-C30)/ABS(C30),"") -> -0.04410976
B31: HC spent / player | C31: =IFERROR(SUMPRODUCT(('Raw Data'!$B$2:$B$9999="Control")*'Raw Data'!$D$2:$D$9999*'Raw Data'!$V$2:$V$9999)/SUMIFS('Raw Data'!$D:$D, 'Raw Data'!$B:$B, "Control"),"") -> 112.93362 | D31: =IFERROR(SUMPRODUCT(('Raw Data'!$B$2:$B$9999="Variant")*'Raw Data'!$D$2:$D$9999*'Raw Data'!$V$2:$V$9999)/SUMIFS('Raw Data'!$D:$D, 'Raw Data'!$B:$B, "Variant"),"") -> 110.64017 | E31: =IFERROR(D31-C31,"") -> -2.2934503 | F31: =IFERROR((D31-C31)/ABS(C31),"") -> -0.02030795
B32: HC net (gain - spend) / player | C32: =IFERROR(SUMPRODUCT(('Raw Data'!$B$2:$B$9999="Control")*'Raw Data'!$D$2:$D$9999*('Raw Data'!$Q$2:$Q$9999-'Raw Data'!$V$2:$V$9999))/SUMIFS('Raw Data'!$D:$D, 'Raw Data'!$B:$B, "Control"),"") -> 4.0803638 | D32: =IFERROR(SUMPRODUCT(('Raw Data'!$B$2:$B$9999="Variant")*'Raw Data'!$D$2:$D$9999*('Raw Data'!$Q$2:$Q$9999-'Raw Data'!$V$2:$V$9999))/SUMIFS('Raw Data'!$D:$D, 'Raw Data'!$B:$B, "Variant"),"") -> 3.2630938 | E32: =IFERROR(D32-C32,"") -> -0.81726994 | F32: =IFERROR((D32-C32)/ABS(C32),"") -> -0.2002934
B33: HC spent / attempt | C33: =IFERROR(SUMPRODUCT(('Raw Data'!$B$2:$B$9999="Control")*'Raw Data'!$D$2:$D$9999*'Raw Data'!$W$2:$W$9999)/SUMIFS('Raw Data'!$D:$D, 'Raw Data'!$B:$B, "Control"),"") -> 3.7900342 | D33: =IFERROR(SUMPRODUCT(('Raw Data'!$B$2:$B$9999="Variant")*'Raw Data'!$D$2:$D$9999*'Raw Data'!$W$2:$W$9999)/SUMIFS('Raw Data'!$D:$D, 'Raw Data'!$B:$B, "Variant"),"") -> 3.4787443 | E33: =IFERROR(D33-C33,"") -> -0.31128993 | F33: =IFERROR((D33-C33)/ABS(C33),"") -> -0.082133805
B34: Paid % of total HC gain | C34: =IFERROR(SUMPRODUCT(('Raw Data'!$B$2:$B$9999="Control")*'Raw Data'!$D$2:$D$9999*'Raw Data'!$X$2:$X$9999)/SUMIFS('Raw Data'!$D:$D, 'Raw Data'!$B:$B, "Control"),"") -> 13.031908 | D34: =IFERROR(SUMPRODUCT(('Raw Data'!$B$2:$B$9999="Variant")*'Raw Data'!$D$2:$D$9999*'Raw Data'!$X$2:$X$9999)/SUMIFS('Raw Data'!$D:$D, 'Raw Data'!$B:$B, "Variant"),"") -> 14.133211 | E34: =IFERROR(D34-C34,"") -> 1.1013033 | F34: =IFERROR((D34-C34)/ABS(C34),"") -> 0.084508217
A35: HC Balance
B36: P50 HC balance | C36: =IFERROR(SUMPRODUCT(('Raw Data'!$B$2:$B$9999="Control")*'Raw Data'!$D$2:$D$9999*'Raw Data'!$Y$2:$Y$9999)/SUMIFS('Raw Data'!$D:$D, 'Raw Data'!$B:$B, "Control"),"") -> 139.44037 | D36: =IFERROR(SUMPRODUCT(('Raw Data'!$B$2:$B$9999="Variant")*'Raw Data'!$D$2:$D$9999*'Raw Data'!$Y$2:$Y$9999)/SUMIFS('Raw Data'!$D:$D, 'Raw Data'!$B:$B, "Variant"),"") -> 129.97492 | E36: =IFERROR(D36-C36,"") -> -9.4654461 | F36: =IFERROR((D36-C36)/ABS(C36),"") -> -0.067881678
B37: P75 HC balance | C37: =IFERROR(SUMPRODUCT(('Raw Data'!$B$2:$B$9999="Control")*'Raw Data'!$D$2:$D$9999*'Raw Data'!$Z$2:$Z$9999)/SUMIFS('Raw Data'!$D:$D, 'Raw Data'!$B:$B, "Control"),"") -> 952.09913 | D37: =IFERROR(SUMPRODUCT(('Raw Data'!$B$2:$B$9999="Variant")*'Raw Data'!$D$2:$D$9999*'Raw Data'!$Z$2:$Z$9999)/SUMIFS('Raw Data'!$D:$D, 'Raw Data'!$B:$B, "Variant"),"") -> 874.99951 | E37: =IFERROR(D37-C37,"") -> -77.099616 | F37: =IFERROR((D37-C37)/ABS(C37),"") -> -0.080978559
B38: P90 HC balance | C38: =IFERROR(SUMPRODUCT(('Raw Data'!$B$2:$B$9999="Control")*'Raw Data'!$D$2:$D$9999*'Raw Data'!$AA$2:$AA$9999)/SUMIFS('Raw Data'!$D:$D, 'Raw Data'!$B:$B, "Control"),"") -> 5520.359 | D38: =IFERROR(SUMPRODUCT(('Raw Data'!$B$2:$B$9999="Variant")*'Raw Data'!$D$2:$D$9999*'Raw Data'!$AA$2:$AA$9999)/SUMIFS('Raw Data'!$D:$D, 'Raw Data'!$B:$B, "Variant"),"") -> 5239.1893 | E38: =IFERROR(D38-C38,"") -> -281.16971 | F38: =IFERROR((D38-C38)/ABS(C38),"") -> -0.05093323
A39: Performance
B40: Avg player performance | C40: =IFERROR(SUMPRODUCT(('Raw Data'!$B$2:$B$9999="Control")*'Raw Data'!$D$2:$D$9999*'Raw Data'!$AB$2:$AB$9999)/SUMIFS('Raw Data'!$D:$D, 'Raw Data'!$B:$B, "Control"),"") -> 51.476584 | D40: =IFERROR(SUMPRODUCT(('Raw Data'!$B$2:$B$9999="Variant")*'Raw Data'!$D$2:$D$9999*'Raw Data'!$AB$2:$AB$9999)/SUMIFS('Raw Data'!$D:$D, 'Raw Data'!$B:$B, "Variant"),"") -> 51.533276 | E40: =IFERROR(D40-C40,"") -> 0.056691234 | F40: =IFERROR((D40-C40)/ABS(C40),"") -> 0.0011013014
B41: Avg PR (last 50 lvls) | C41: =IFERROR(SUMPRODUCT(('Raw Data'!$B$2:$B$9999="Control")*'Raw Data'!$D$2:$D$9999*'Raw Data'!$AC$2:$AC$9999)/SUMIFS('Raw Data'!$D:$D, 'Raw Data'!$B:$B, "Control"),"") -> 0.56402254 | D41: =IFERROR(SUMPRODUCT(('Raw Data'!$B$2:$B$9999="Variant")*'Raw Data'!$D$2:$D$9999*'Raw Data'!$AC$2:$AC$9999)/SUMIFS('Raw Data'!$D:$D, 'Raw Data'!$B:$B, "Variant"),"") -> 0.56491012 | E41: =IFERROR(D41-C41,"") -> 0.00088757996 | F41: =IFERROR((D41-C41)/ABS(C41),"") -> 0.0015736604
A42: NS Round Pass %
B43: R1 pass rate (%) | C43: =IFERROR(SUMPRODUCT(('Raw Data'!$B$2:$B$9999="Control")*'Raw Data'!$D$2:$D$9999*'Raw Data'!$AI$2:$AI$9999)/SUMIFS('Raw Data'!$D:$D, 'Raw Data'!$B:$B, "Control"),"") -> 51.616675 | D43: =IFERROR(SUMPRODUCT(('Raw Data'!$B$2:$B$9999="Variant")*'Raw Data'!$D$2:$D$9999*'Raw Data'!$AI$2:$AI$9999)/SUMIFS('Raw Data'!$D:$D, 'Raw Data'!$B:$B, "Variant"),"") -> 50.953071 | E43: =IFERROR(D43-C43,"") -> -0.66360386 | F43: =IFERROR((D43-C43)/ABS(C43),"") -> -0.012856385
B44: R2 pass rate (%) | C44: =IFERROR(SUMPRODUCT(('Raw Data'!$B$2:$B$9999="Control")*'Raw Data'!$D$2:$D$9999*'Raw Data'!$AJ$2:$AJ$9999)/SUMIFS('Raw Data'!$D:$D, 'Raw Data'!$B:$B, "Control"),"") -> 21.30858 | D44: =IFERROR(SUMPRODUCT(('Raw Data'!$B$2:$B$9999="Variant")*'Raw Data'!$D$2:$D$9999*'Raw Data'!$AJ$2:$AJ$9999)/SUMIFS('Raw Data'!$D:$D, 'Raw Data'!$B:$B, "Variant"),"") -> 21.20678 | E44: =IFERROR(D44-C44,"") -> -0.10179998 | F44: =IFERROR((D44-C44)/ABS(C44),"") -> -0.0047774174
B45: R3 pass rate (%) | C45: =IFERROR(SUMPRODUCT(('Raw Data'!$B$2:$B$9999="Control")*'Raw Data'!$D$2:$D$9999*'Raw Data'!$AK$2:$AK$9999)/SUMIFS('Raw Data'!$D:$D, 'Raw Data'!$B:$B, "Control"),"") -> 5.5044408 | D45: =IFERROR(SUMPRODUCT(('Raw Data'!$B$2:$B$9999="Variant")*'Raw Data'!$D$2:$D$9999*'Raw Data'!$AK$2:$AK$9999)/SUMIFS('Raw Data'!$D:$D, 'Raw Data'!$B:$B, "Variant"),"") -> 5.6501487 | E45: =IFERROR(D45-C45,"") -> 0.14570782 | F45: =IFERROR((D45-C45)/ABS(C45),"") -> 0.026470957
A46: Retention
B47: D1 churn rate | C47: =IFERROR(SUMPRODUCT(('Raw Data'!$B$2:$B$9999="Control")*'Raw Data'!$D$2:$D$9999*'Raw Data'!$AL$2:$AL$9999)/SUMIFS('Raw Data'!$D:$D, 'Raw Data'!$B:$B, "Control"),"") -> 0.24969889 | D47: =IFERROR(SUMPRODUCT(('Raw Data'!$B$2:$B$9999="Variant")*'Raw Data'!$D$2:$D$9999*'Raw Data'!$AL$2:$AL$9999)/SUMIFS('Raw Data'!$D:$D, 'Raw Data'!$B:$B, "Variant"),"") -> 0.24969205 | E47: =IFERROR(D47-C47,"") -> -6.8397905e-06 | F47: =IFERROR((D47-C47)/ABS(C47),"") -> -2.7392154e-05
A48: NS Actual Completions
B49: NS active rate (%) | D49: =IFERROR(SUMPRODUCT(('Raw Data'!$B$2:$B$9999="Variant")*'Raw Data'!$D$2:$D$9999*'Raw Data'!$AM$2:$AM$9999)/SUMIFS('Raw Data'!$D:$D, 'Raw Data'!$B:$B, "Variant"),"") -> 46.798917
B50: R1 finished (%) [actual] | D50: =IFERROR(SUMPRODUCT(('Raw Data'!$B$2:$B$9999="Variant")*'Raw Data'!$D$2:$D$9999*'Raw Data'!$AN$2:$AN$9999)/SUMIFS('Raw Data'!$D:$D, 'Raw Data'!$B:$B, "Variant"),"") -> 46.798917
B51: R2 finished (%) [actual] | D51: =IFERROR(SUMPRODUCT(('Raw Data'!$B$2:$B$9999="Variant")*'Raw Data'!$D$2:$D$9999*'Raw Data'!$AO$2:$AO$9999)/SUMIFS('Raw Data'!$D:$D, 'Raw Data'!$B:$B, "Variant"),"") -> 25.704028
B52: R3 finished (%) [actual] | D52: =IFERROR(SUMPRODUCT(('Raw Data'!$B$2:$B$9999="Variant")*'Raw Data'!$D$2:$D$9999*'Raw Data'!$AP$2:$AP$9999)/SUMIFS('Raw Data'!$D:$D, 'Raw Data'!$B:$B, "Variant"),"") -> 12.008226
A53: Boosters
B54: Booster gain total / player | C54: =IFERROR(SUMPRODUCT(('Raw Data'!$B$2:$B$9999="Control")*'Raw Data'!$D$2:$D$9999*'Raw Data'!$AQ$2:$AQ$9999)/SUMIFS('Raw Data'!$D:$D, 'Raw Data'!$B:$B, "Control"),"") -> 5.605525 | D54: =IFERROR(SUMPRODUCT(('Raw Data'!$B$2:$B$9999="Variant")*'Raw Data'!$D$2:$D$9999*'Raw Data'!$AQ$2:$AQ$9999)/SUMIFS('Raw Data'!$D:$D, 'Raw Data'!$B:$B, "Variant"),"") -> 6.2126988 | E54: =IFERROR(D54-C54,"") -> 0.60717374 | F54: =IFERROR((D54-C54)/ABS(C54),"") -> 0.10831701
B55: Booster gain PAID / player | C55: =IFERROR(SUMPRODUCT(('Raw Data'!$B$2:$B$9999="Control")*'Raw Data'!$D$2:$D$9999*'Raw Data'!$AR$2:$AR$9999)/SUMIFS('Raw Data'!$D:$D, 'Raw Data'!$B:$B, "Control"),"") -> 0.28291781 | D55: =IFERROR(SUMPRODUCT(('Raw Data'!$B$2:$B$9999="Variant")*'Raw Data'!$D$2:$D$9999*'Raw Data'!$AR$2:$AR$9999)/SUMIFS('Raw Data'!$D:$D, 'Raw Data'!$B:$B, "Variant"),"") -> 0.30104764 | E55: =IFERROR(D55-C55,"") -> 0.018129825 | F55: =IFERROR((D55-C55)/ABS(C55),"") -> 0.064081598
B56: Booster gain FREE / player | C56: =IFERROR(SUMPRODUCT(('Raw Data'!$B$2:$B$9999="Control")*'Raw Data'!$D$2:$D$9999*'Raw Data'!$AS$2:$AS$9999)/SUMIFS('Raw Data'!$D:$D, 'Raw Data'!$B:$B, "Control"),"") -> 5.3226034 | D56: =IFERROR(SUMPRODUCT(('Raw Data'!$B$2:$B$9999="Variant")*'Raw Data'!$D$2:$D$9999*'Raw Data'!$AS$2:$AS$9999)/SUMIFS('Raw Data'!$D:$D, 'Raw Data'!$B:$B, "Variant"),"") -> 5.9116517 | E56: =IFERROR(D56-C56,"") -> 0.58904838 | F56: =IFERROR((D56-C56)/ABS(C56),"") -> 0.11066922
B57: Booster spent / player | C57: =IFERROR(SUMPRODUCT(('Raw Data'!$B$2:$B$9999="Control")*'Raw Data'!$D$2:$D$9999*'Raw Data'!$AT$2:$AT$9999)/SUMIFS('Raw Data'!$D:$D, 'Raw Data'!$B:$B, "Control"),"") -> 5.244501 | D57: =IFERROR(SUMPRODUCT(('Raw Data'!$B$2:$B$9999="Variant")*'Raw Data'!$D$2:$D$9999*'Raw Data'!$AT$2:$AT$9999)/SUMIFS('Raw Data'!$D:$D, 'Raw Data'!$B:$B, "Variant"),"") -> 5.6705313 | E57: =IFERROR(D57-C57,"") -> 0.4260303 | F57: =IFERROR((D57-C57)/ABS(C57),"") -> 0.081233715
B58: Booster NET (gain - spend) / player | C58: =IFERROR(SUMPRODUCT(('Raw Data'!$B$2:$B$9999="Control")*'Raw Data'!$D$2:$D$9999*('Raw Data'!$AQ$2:$AQ$9999-'Raw Data'!$AT$2:$AT$9999))/SUMIFS('Raw Data'!$D:$D, 'Raw Data'!$B:$B, "Control"),"") -> 0.36102401 | D58: =IFERROR(SUMPRODUCT(('Raw Data'!$B$2:$B$9999="Variant")*'Raw Data'!$D$2:$D$9999*('Raw Data'!$AQ$2:$AQ$9999-'Raw Data'!$AT$2:$AT$9999))/SUMIFS('Raw Data'!$D:$D, 'Raw Data'!$B:$B, "Variant"),"") -> 0.54216745 | E58: =IFERROR(D58-C58,"") -> 0.18114343 | F58: =IFERROR((D58-C58)/ABS(C58),"") -> 0.50174899
B59: Booster spent / attempt | C59: =IFERROR(SUMPRODUCT(('Raw Data'!$B$2:$B$9999="Control")*'Raw Data'!$D$2:$D$9999*'Raw Data'!$AU$2:$AU$9999)/SUMIFS('Raw Data'!$D:$D, 'Raw Data'!$B:$B, "Control"),"") -> 0.20402425 | D59: =IFERROR(SUMPRODUCT(('Raw Data'!$B$2:$B$9999="Variant")*'Raw Data'!$D$2:$D$9999*'Raw Data'!$AU$2:$AU$9999)/SUMIFS('Raw Data'!$D:$D, 'Raw Data'!$B:$B, "Variant"),"") -> 0.21154866 | E59: =IFERROR(D59-C59,"") -> 0.0075244091 | F59: =IFERROR((D59-C59)/ABS(C59),"") -> 0.036879975

Sheet Daily
A1: A/B Test Summary - Daily Trend (selected segment)
A3: Segment: | B3: 100+ | C3: =IF($B$3="1-9","B. 1-9",IF($B$3="10-19","C. 10-19",IF($B$3="20-39","D. 20-39",IF($B$3="40-99","E. 40-99",IF($B$3="100+","F. 100+",""))))) -> F. 100+
A5: Date | B5: Players (sum) | E5: % of DAU | H5: Total revenue | K5: ARPDAU | N5: Payer rate (%) | Q5: ARPPU | T5: Time spent (mins) | W5: Level attempts / player | Z5: Level completes / player | AC5: Pass rate | AF5: OOM rate | AI5: First-try OOM rate | AL5: Attempts per completion | AO5: HC gain total / player | AR5: HC gain (ex-saga) / player | AU5: HC gain from saga / player | AX5: HC gain PAID / player | BA5: HC gain FREE / player | BD5: HC spent / player | BG5: HC net (gain − spend) / player | BJ5: HC spent / attempt | BM5: Paid % of total HC gain | BP5: P50 HC balance | BS5: P75 HC balance | BV5: P90 HC balance | BY5: Avg player performance | CB5: Avg PR (last 50 lvls) | CE5: Avg daily streak | CH5: P25 daily streak | CK5: P50 daily streak | CN5: P75 daily streak | CQ5: P90 daily streak | CT5: R1 pass rate (%) | CW5: R2 pass rate (%) | CZ5: R3 pass rate (%) | DC5: D1 churn rate | DF5: NS active rate (%) | DI5: R1 finished (%) [actual] | DL5: R2 finished (%) [actual] | DO5: R3 finished (%) [actual] | DR5: Booster gain total / player | DU5: Booster gain PAID / player | DX5: Booster gain FREE / player | EA5: Booster spent / player | ED5: Booster NET (gain - spend) / player | EG5: Booster spent / attempt
B6: Control | C6: Variant | D6: Δ% | E6: Control | F6: Variant | G6: Δ% | H6: Control | I6: Variant | J6: Δ% | K6: Control | L6: Variant | M6: Δ% | N6: Control | O6: Variant | P6: Δ% | Q6: Control | R6: Variant | S6: Δ% | T6: Control | U6: Variant | V6: Δ% | W6: Control | X6: Variant | Y6: Δ% | Z6: Control | AA6: Variant | AB6: Δ% | AC6: Control | AD6: Variant | AE6: Δ% | AF6: Control | AG6: Variant | AH6: Δ% | AI6: Control | AJ6: Variant | AK6: Δ% | AL6: Control | AM6: Variant | AN6: Δ% | AO6: Control | AP6: Variant | AQ6: Δ% | AR6: Control | AS6: Variant | AT6: Δ% | AU6: Control | AV6: Variant | AW6: Δ% | AX6: Control | AY6: Variant | AZ6: Δ% | BA6: Control | BB6: Variant | BC6: Δ% | BD6: Control | BE6: Variant | BF6: Δ% | BG6: Control | BH6: Variant | BI6: Δ% | BJ6: Control | BK6: Variant | BL6: Δ% | BM6: Control | BN6: Variant | BO6: Δ% | BP6: Control | BQ6: Variant | BR6: Δ% | BS6: Control | BT6: Variant | BU6: Δ% | BV6: Control | BW6: Variant | BX6: Δ% | BY6: Control | BZ6: Variant | CA6: Δ% | CB6: Control | CC6: Variant | CD6: Δ% | CE6: Control | CF6: Variant | CG6: Δ% | CH6: Control | CI6: Variant | CJ6: Δ% | CK6: Control | CL6: Variant | CM6: Δ% | CN6: Control | CO6: Variant | CP6: Δ% | CQ6: Control | CR6: Variant | CS6: Δ% | CT6: Control | CU6: Variant | CV6: Δ% | CW6: Control | CX6: Variant | CY6: Δ% | CZ6: Control | DA6: Variant | DB6: Δ% | DC6: Control | DD6: Variant | DE6: Δ% | DF6: Control | DG6: Variant | DH6: Δ% | DI6: Control | DJ6: Variant | DK6: Δ% | DL6: Control | DM6: Variant | DN6: Δ% | DO6: Control | DP6: Variant | DQ6: Δ% | DR6: Control | DS6: Variant | DT6: Δ% | DU6: Control | DV6: Variant | DW6: Δ% | DX6: Control | DY6: Variant | DZ6: Δ% | EA6: Control | EB6: Variant | EC6: Δ% | ED6: Control | EE6: Variant | EF6: Δ% | EG6: Control | EH6: Variant | EI6: Δ%
A7: 46175 | B7: =IF($A7="","",SUMIFS('Raw Data'!$D:$D, 'Raw Data'!$B:$B, "Control", 'Raw Data'!$A:$A, $A7, 'Raw Data'!$C:$C, $C$3)) -> 393 | C7: =IF($A7="","",SUMIFS('Raw Data'!$D:$D, 'Raw Data'!$B:$B, "Variant", 'Raw Data'!$A:$A, $A7, 'Raw Data'!$C:$C, $C$3)) -> 396 | D7: =IF($A7="","",IFERROR((C7-B7)/ABS(B7),"")) -> 0.0076335878 | E7: =IF($A7="","",IFERROR(SUMPRODUCT(('Raw Data'!$B$2:$B$9999="Control")*('Raw Data'!$A$2:$A$9999=$A7)*('Raw Data'!$C$2:$C$9999=$C$3)*'Raw Data'!$D$2:$D$9999*'Raw Data'!$E$2:$E$9999)/SUMIFS('Raw Data'!$D:$D, 'Raw Data'!$B:$B, "Control", 'Raw Data'!$A:$A, $A7, 'Raw Data'!$C:$C, $C$3),"")) -> 0.62 | F7: =IF($A7="","",IFERROR(SUMPRODUCT(('Raw Data'!$B$2:$B$9999="Variant")*('Raw Data'!$A$2:$A$9999=$A7)*('Raw Data'!$C$2:$C$9999=$C$3)*'Raw Data'!$D$2:$D$9999*'Raw Data'!$E$2:$E$9999)/SUMIFS('Raw Data'!$D:$D, 'Raw Data'!$B:$B, "Variant", 'Raw Data'!$A:$A, $A7, 'Raw Data'!$C:$C, $C$3),"")) -> 0.62 | G7: =IF($A7="","",IFERROR((F7-E7)/ABS(E7),"")) -> 0 | H7: =IF($A7="","",SUMIFS('Raw Data'!$F:$F, 'Raw Data'!$B:$B, "Control", 'Raw Data'!$A:$A, $A7, 'Raw Data'!$C:$C, $C$3)) -> 1683.27 | I7: =IF($A7="","",SUMIFS('Raw Data'!$F:$F, 'Raw Data'!$B:$B, "Variant", 'Raw Data'!$A:$A, $A7, 'Raw Data'!$C:$C, $C$3)) -> 1679.43 | J7: =IF($A7="","",IFERROR((I7-H7)/ABS(H7),"")) -> -0.0022812739 | K7: =IF($A7="","",IFERROR(SUMIFS('Raw Data'!$F:$F, 'Raw Data'!$B:$B, "Control", 'Raw Data'!$A:$A, $A7, 'Raw Data'!$C:$C, $C$3)/SUMIFS('Raw Data'!$D:$D, 'Raw Data'!$B:$B, "Control", 'Raw Data'!$A:$A, $A7, 'Raw Data'!$C:$C, $C$3),"")) -> 4.2831298 | L7: =IF($A7="","",IFERROR(SUMIFS('Raw Data'!$F:$F, 'Raw Data'!$B:$B, "Variant", 'Raw Data'!$A:$A, $A7, 'Raw Data'!$C:$C, $C$3)/SUMIFS('Raw Data'!$D:$D, 'Raw Data'!$B:$B, "Variant", 'Raw Data'!$A:$A, $A7, 'Raw Data'!$C:$C, $C$3),"")) -> 4.2409848 | M7: =IF($A7="","",IFERROR((L7-K7)/ABS(K7),"")) -> -0.0098397491 | N7: =IF($A7="","",IFERROR(SUMPRODUCT(('Raw Data'!$B$2:$B$9999="Control")*('Raw Data'!$A$2:$A$9999=$A7)*('Raw Data'!$C$2:$C$9999=$C$3)*'Raw Data'!$D$2:$D$9999*'Raw Data'!$H$2:$H$9999/100)/SUMIFS('Raw Data'!$D:$D, 'Raw Data'!$B:$B, "Control", 'Raw Data'!$A:$A, $A7, 'Raw Data'!$C:$C, $C$3)*100,"")) -> 17.3 | O7: =IF($A7="","",IFERROR(SUMPRODUCT(('Raw Data'!$B$2:$B$9999="Variant")*('Raw Data'!$A$2:$A$9999=$A7)*('Raw Data'!$C$2:$C$9999=$C$3)*'Raw Data'!$D$2:$D$9999*'Raw Data'!$H$2:$H$9999/100)/SUMIFS('Raw Data'!$D:$D, 'Raw Data'!$B:$B, "Variant", 'Raw Data'!$A:$A, $A7, 'Raw Data'!$C:$C, $C$3)*100,"")) -> 15.66 | P7: =IF($A7="","",IFERROR((O7-N7)/ABS(N7),"")) -> -0.094797688 | Q7: =IF($A7="","",IFERROR(SUMIFS('Raw Data'!$F:$F, 'Raw Data'!$B:$B, "Control", 'Raw Data'!$A:$A, $A7, 'Raw Data'!$C:$C, $C$3)/SUMPRODUCT(('Raw Data'!$B$2:$B$9999="Control")*('Raw Data'!$A$2:$A$9999=$A7)*('Raw Data'!$C$2:$C$9999=$C$3)*'Raw Data'!$D$2:$D$9999*'Raw Data'!$H$2:$H$9999/100),"")) -> 24.757976 | R7: =IF($A7="","",IFERROR(SUMIFS('Raw Data'!$F:$F, 'Raw Data'!$B:$B, "Variant", 'Raw Data'!$A:$A, $A7, 'Raw Data'!$C:$C, $C$3)/SUMPRODUCT(('Raw Data'!$B$2:$B$9999="Variant")*('Raw Data'!$A$2:$A$9999=$A7)*('Raw Data'!$C$2:$C$9999=$C$3)*'Raw Data'!$D$2:$D$9999*'Raw Data'!$H$2:$H$9999/100),"")) -> 27.08164 | S7: =IF($A7="","",IFERROR((R7-Q7)/ABS(Q7),"")) -> 0.093855194 | T7: =IF($A7="","",IFERROR(SUMPRODUCT(('Raw Data'!$B$2:$B$9999="Control")*('Raw Data'!$A$2:$A$9999=$A7)*('Raw Data'!$C$2:$C$9999=$C$3)*'Raw Data'!$D$2:$D$9999*'Raw Data'!$J$2:$J$9999)/SUMIFS('Raw Data'!$D:$D, 'Raw Data'!$B:$B, "Control", 'Raw Data'!$A:$A, $A7, 'Raw Data'!$C:$C, $C$3),"")) -> 252.19 | U7: =IF($A7="","",IFERROR(SUMPRODUCT(('Raw Data'!$B$2:$B$9999="Variant")*('Raw Data'!$A$2:$A$9999=$A7)*('Raw Data'!$C$2:$C$9999=$C$3)*'Raw Data'!$D$2:$D$9999*'Raw Data'!$J$2:$J$9999)/SUMIFS('Raw Data'!$D:$D, 'Raw Data'!$B:$B, "Variant", 'Raw Data'!$A:$A, $A7, 'Raw Data'!$C:$C, $C$3),"")) -> 263.84 | V7: =IF($A7="","",IFERROR((U7-T7)/ABS(T7),"")) -> 0.046195329 | W7: =IF($A7="","",IFERROR(SUMPRODUCT(('Raw Data'!$B$2:$B$9999="Control")*('Raw Data'!$A$2:$A$9999=$A7)*('Raw Data'!$C$2:$C$9999=$C$3)*'Raw Data'!$D$2:$D$9999*'Raw Data'!$K$2:$K$9999)/SUMIFS('Raw Data'!$D:$D, 'Raw Data'!$B:$B, "Control", 'Raw Data'!$A:$A, $A7, 'Raw Data'!$C:$C, $C$3),"")) -> 150.67 | X7: =IF($A7="","",IFERROR(SUMPRODUCT(('Raw Data'!$B$2:$B$9999="Variant")*('Raw Data'!$A$2:$A$9999=$A7)*('Raw Data'!$C$2:$C$9999=$C$3)*'Raw Data'!$D$2:$D$9999*'Raw Data'!$K$2:$K$9999)/SUMIFS('Raw Data'!$D:$D, 'Raw Data'!$B:$B, "Variant", 'Raw Data'!$A:$A, $A7, 'Raw Data'!$C:$C, $C$3),"")) -> 154.4 | Y7: =IF($A7="","",IFERROR((X7-W7)/ABS(W7),"")) -> 0.024756089 | Z7: =IF($A7="","",IFERROR(SUMPRODUCT(('Raw Data'!$B$2:$B$9999="Control")*('Raw Data'!$A$2:$A$9999=$A7)*('Raw Data'!$C$2:$C$9999=$C$3)*'Raw Data'!$D$2:$D$9999*'Raw Data'!$L$2:$L$9999)/SUMIFS('Raw Data'!$D:$D, 'Raw Data'!$B:$B, "Control", 'Raw Data'!$A:$A, $A7, 'Raw Data'!$C:$C, $C$3),"")) -> 130.84 | AA7: =IF($A7="","",IFERROR(SUMPRODUCT(('Raw Data'!$B$2:$B$9999="Variant")*('Raw Data'!$A$2:$A$9999=$A7)*('Raw Data'!$C$2:$C$9999=$C$3)*'Raw Data'!$D$2:$D$9999*'Raw Data'!$L$2:$L$9999)/SUMIFS('Raw Data'!$D:$D, 'Raw Data'!$B:$B, "Variant", 'Raw Data'!$A:$A, $A7, 'Raw Data'!$C:$C, $C$3),"")) -> 130.67 | AB7: =IF($A7="","",IFERROR((AA7-Z7)/ABS(Z7),"")) -> -0.0012992969 | AC7: =IF($A7="","",IFERROR(SUMPRODUCT(('Raw Data'!$B$2:$B$9999="Control")*('Raw Data'!$A$2:$A$9999=$A7)*('Raw Data'!$C$2:$C$9999=$C$3)*'Raw Data'!$D$2:$D$9999*'Raw Data'!$M$2:$M$9999)/SUMIFS('Raw Data'!$D:$D, 'Raw Data'!$B:$B, "Control", 'Raw Data'!$A:$A, $A7, 'Raw Data'!$C:$C, $C$3),"")) -> 0.8684 | AD7: =IF($A7="","",IFERROR(SUMPRODUCT(('Raw Data'!$B$2:$B$9999="Variant")*('Raw Data'!$A$2:$A$9999=$A7)*('Raw Data'!$C$2:$C$9999=$C$3)*'Raw Data'!$D$2:$D$9999*'Raw Data'!$M$2:$M$9999)/SUMIFS('Raw Data'!$D:$D, 'Raw Data'!$B:$B, "Variant", 'Raw Data'!$A:$A, $A7, 'Raw Data'!$C:$C, $C$3),"")) -> 0.8463 | AE7: =IF($A7="","",IFERROR((AD7-AC7)/ABS(AC7),"")) -> -0.025449102 | AF7: =IF($A7="","",IFERROR(SUMPRODUCT(('Raw Data'!$B$2:$B$9999="Control")*('Raw Data'!$A$2:$A$9999=$A7)*('Raw Data'!$C$2:$C$9999=$C$3)*'Raw Data'!$D$2:$D$9999*'Raw Data'!$N$2:$N$9999)/SUMIFS('Raw Data'!$D:$D, 'Raw Data'!$B:$B, "Control", 'Raw Data'!$A:$A, $A7, 'Raw Data'!$C:$C, $C$3),"")) -> 0.2715 | AG7: =IF($A7="","",IFERROR(SUMPRODUCT(('Raw Data'!$B$2:$B$9999="Variant")*('Raw Data'!$A$2:$A$9999=$A7)*('Raw Data'!$C$2:$C$9999=$C$3)*'Raw Data'!$D$2:$D$9999*'Raw Data'!$N$2:$N$9999)/SUMIFS('Raw Data'!$D:$D, 'Raw Data'!$B:$B, "Variant", 'Raw Data'!$A:$A, $A7, 'Raw Data'!$C:$C, $C$3),"")) -> 0.2957 | AH7: =IF($A7="","",IFERROR((AG7-AF7)/ABS(AF7),"")) -> 0.089134438 | AI7: =IF($A7="","",IFERROR(SUMPRODUCT(('Raw Data'!$B$2:$B$9999="Control")*('Raw Data'!$A$2:$A$9999=$A7)*('Raw Data'!$C$2:$C$9999=$C$3)*'Raw Data'!$D$2:$D$9999*'Raw Data'!$O$2:$O$9999)/SUMIFS('Raw Data'!$D:$D, 'Raw Data'!$B:$B, "Control", 'Raw Data'!$A:$A, $A7, 'Raw Data'!$C:$C, $C$3),"")) -> 0.1973 | AJ7: =IF($A7="","",IFERROR(SUMPRODUCT(('Raw Data'!$B$2:$B$9999="Variant")*('Raw Data'!$A$2:$A$9999=$A7)*('Raw Data'!$C$2:$C$9999=$C$3)*'Raw Data'!$D$2:$D$9999*'Raw Data'!$O$2:$O$9999)/SUMIFS('Raw Data'!$D:$D, 'Raw Data'!$B:$B, "Variant", 'Raw Data'!$A:$A, $A7, 'Raw Data'!$C:$C, $C$3),"")) -> 0.2123 | AK7: =IF($A7="","",IFERROR((AJ7-AI7)/ABS(AI7),"")) -> 0.076026356 | AL7: =IF($A7="","",IFERROR(SUMPRODUCT(('Raw Data'!$B$2:$B$9999="Control")*('Raw Data'!$A$2:$A$9999=$A7)*('Raw Data'!$C$2:$C$9999=$C$3)*'Raw Data'!$D$2:$D$9999*'Raw Data'!$P$2:$P$9999)/SUMIFS('Raw Data'!$D:$D, 'Raw Data'!$B:$B, "Control", 'Raw Data'!$A:$A, $A7, 'Raw Data'!$C:$C, $C$3),"")) -> 1.1515 | AM7: =IF($A7="","",IFERROR(SUMPRODUCT(('Raw Data'!$B$2:$B$9999="Variant")*('Raw Data'!$A$2:$A$9999=$A7)*('Raw Data'!$C$2:$C$9999=$C$3)*'Raw Data'!$D$2:$D$9999*'Raw Data'!$P$2:$P$9999)/SUMIFS('Raw Data'!$D:$D, 'Raw Data'!$B:$B, "Variant", 'Raw Data'!$A:$A, $A7, 'Raw Data'!$C:$C, $C$3),"")) -> 1.1816 | AN7: =IF($A7="","",IFERROR((AM7-AL7)/ABS(AL7),"")) -> 0.026139818 | AO7: =IF($A7="","",IFERROR(SUMPRODUCT(('Raw Data'!$B$2:$B$9999="Control")*('Raw Data'!$A$2:$A$9999=$A7)*('Raw Data'!$C$2:$C$9999=$C$3)*'Raw Data'!$D$2:$D$9999*'Raw Data'!$Q$2:$Q$9999)/SUMIFS('Raw Data'!$D:$D, 'Raw Data'!$B:$B, "Control", 'Raw Data'!$A:$A, $A7, 'Raw Data'!$C:$C, $C$3),"")) -> 902.74 | AP7: =IF($A7="","",IFERROR(SUMPRODUCT(('Raw Data'!$B$2:$B$9999="Variant")*('Raw Data'!$A$2:$A$9999=$A7)*('Raw Data'!$C$2:$C$9999=$C$3)*'Raw Data'!$D$2:$D$9999*'Raw Data'!$Q$2:$Q$9999)/SUMIFS('Raw Data'!$D:$D, 'Raw Data'!$B:$B, "Variant", 'Raw Data'!$A:$A, $A7, 'Raw Data'!$C:$C, $C$3),"")) -> 843.59 | AQ7: =IF($A7="","",IFERROR((AP7-AO7)/ABS(AO7),"")) -> -0.065522742 | AR7: =IF($A7="","",IFERROR(SUMPRODUCT(('Raw Data'!$B$2:$B$9999="Control")*('Raw Data'!$A$2:$A$9999=$A7)*('Raw Data'!$C$2:$C$9999=$C$3)*'Raw Data'!$D$2:$D$9999*'Raw Data'!$R$2:$R$9999)/SUMIFS('Raw Data'!$D:$D, 'Raw Data'!$B:$B, "Control", 'Raw Data'!$A:$A, $A7, 'Raw Data'!$C:$C, $C$3),"")) -> 626.33 | AS7: =IF($A7="","",IFERROR(SUMPRODUCT(('Raw Data'!$B$2:$B$9999="Variant")*('Raw Data'!$A$2:$A$9999=$A7)*('Raw Data'!$C$2:$C$9999=$C$3)*'Raw Data'!$D$2:$D$9999*'Raw Data'!$R$2:$R$9999)/SUMIFS('Raw Data'!$D:$D, 'Raw Data'!$B:$B, "Variant", 'Raw Data'!$A:$A, $A7, 'Raw Data'!$C:$C, $C$3),"")) -> 654.17 | AT7: =IF($A7="","",IFERROR((AS7-AR7)/ABS(AR7),"")) -> 0.044449412 | AU7: =IF($A7="","",IFERROR(SUMPRODUCT(('Raw Data'!$B$2:$B$9999="Control")*('Raw Data'!$A$2:$A$9999=$A7)*('Raw Data'!$C$2:$C$9999=$C$3)*'Raw Data'!$D$2:$D$9999*'Raw Data'!$S$2:$S$9999)/SUMIFS('Raw Data'!$D:$D, 'Raw Data'!$B:$B, "Control", 'Raw Data'!$A:$A, $A7, 'Raw Data'!$C:$C, $C$3),"")) -> 276.41 | AV7: =IF($A7="","",IFERROR(SUMPRODUCT(('Raw Data'!$B$2:$B$9999="Variant")*('Raw Data'!$A$2:$A$9999=$A7)*('Raw Data'!$C$2:$C$9999=$C$3)*'Raw Data'!$D$2:$D$9999*'Raw Data'!$S$2:$S$9999)/SUMIFS('Raw Data'!$D:$D, 'Raw Data'!$B:$B, "Variant", 'Raw Data'!$A:$A, $A7, 'Raw Data'!$C:$C, $C$3),"")) -> 189.42 | AW7: =IF($A7="","",IFERROR((AV7-AU7)/ABS(AU7),"")) -> -0.31471365 | AX7: =IF($A7="","",IFERROR(SUMPRODUCT(('Raw Data'!$B$2:$B$9999="Control")*('Raw Data'!$A$2:$A$9999=$A7)*('Raw Data'!$C$2:$C$9999=$C$3)*'Raw Data'!$D$2:$D$9999*'Raw Data'!$T$2:$T$9999)/SUMIFS('Raw Data'!$D:$D, 'Raw Data'!$B:$B, "Control", 'Raw Data'!$A:$A, $A7, 'Raw Data'!$C:$C, $C$3),"")) -> 256.49 | AY7: =IF($A7="","",IFERROR(SUMPRODUCT(('Raw Data'!$B$2:$B$9999="Variant")*('Raw Data'!$A$2:$A$9999=$A7)*('Raw Data'!$C$2:$C$9999=$C$3)*'Raw Data'!$D$2:$D$9999*'Raw Data'!$T$2:$T$9999)/SUMIFS('Raw Data'!$D:$D, 'Raw Data'!$B:$B, "Variant", 'Raw Data'!$A:$A, $A7, 'Raw Data'!$C:$C, $C$3),"")) -> 291.54 | AZ7: =IF($A7="","",IFERROR((AY7-AX7)/ABS(AX7),"")) -> 0.1366525 | BA7: =IF($A7="","",IFERROR(SUMPRODUCT(('Raw Data'!$B$2:$B$9999="Control")*('Raw Data'!$A$2:$A$9999=$A7)*('Raw Data'!$C$2:$C$9999=$C$3)*'Raw Data'!$D$2:$D$9999*'Raw Data'!$U$2:$U$9999)/SUMIFS('Raw Data'!$D:$D, 'Raw Data'!$B:$B, "Control", 'Raw Data'!$A:$A, $A7, 'Raw Data'!$C:$C, $C$3),"")) -> 646.25 | BB7: =IF($A7="","",IFERROR(SUMPRODUCT(('Raw Data'!$B$2:$B$9999="Variant")*('Raw Data'!$A$2:$A$9999=$A7)*('Raw Data'!$C$2:$C$9999=$C$3)*'Raw Data'!$D$2:$D$9999*'Raw Data'!$U$2:$U$9999)/SUMIFS('Raw Data'!$D:$D, 'Raw Data'!$B:$B, "Variant", 'Raw Data'!$A:$A, $A7, 'Raw Data'!$C:$C, $C$3),"")) -> 552.05 | BC7: =IF($A7="","",IFERROR((BB7-BA7)/ABS(BA7),"")) -> -0.14576402 | BD7: =IF($A7="","",IFERROR(SUMPRODUCT(('Raw Data'!$B$2:$B$9999="Control")*('Raw Data'!$A$2:$A$9999=$A7)*('Raw Data'!$C$2:$C$9999=$C$3)*'Raw Data'!$D$2:$D$9999*'Raw Data'!$V$2:$V$9999)/SUMIFS('Raw Data'!$D:$D, 'Raw Data'!$B:$B, "Control", 'Raw Data'!$A:$A, $A7, 'Raw Data'!$C:$C, $C$3),"")) -> 959.16 | BE7: =IF($A7="","",IFERROR(SUMPRODUCT(('Raw Data'!$B$2:$B$9999="Variant")*('Raw Data'!$A$2:$A$9999=$A7)*('Raw Data'!$C$2:$C$9999=$C$3)*'Raw Data'!$D$2:$D$9999*'Raw Data'!$V$2:$V$9999)/SUMIFS('Raw Data'!$D:$D, 'Raw Data'!$B:$B, "Variant", 'Raw Data'!$A:$A, $A7, 'Raw Data'!$C:$C, $C$3),"")) -> 919.95 | BF7: =IF($A7="","",IFERROR((BE7-BD7)/ABS(BD7),"")) -> -0.04087952 | BG7: =IF($A7="","",IFERROR(SUMPRODUCT(('Raw Data'!$B$2:$B$9999="Control")*('Raw Data'!$A$2:$A$9999=$A7)*('Raw Data'!$C$2:$C$9999=$C$3)*'Raw Data'!$D$2:$D$9999*('Raw Data'!$Q$2:$Q$9999-'Raw Data'!$V$2:$V$9999))/SUMIFS('Raw Data'!$D:$D, 'Raw Data'!$B:$B, "Control", 'Raw Data'!$A:$A, $A7, 'Raw Data'!$C:$C, $C$3),"")) -> -56.42 | BH7: =IF($A7="","",IFERROR(SUMPRODUCT(('Raw Data'!$B$2:$B$9999="Variant")*('Raw Data'!$A$2:$A$9999=$A7)*('Raw Data'!$C$2:$C$9999=$C$3)*'Raw Data'!$D$2:$D$9999*('Raw Data'!$Q$2:$Q$9999-'Raw Data'!$V$2:$V$9999))/SUMIFS('Raw Data'!$D:$D, 'Raw Data'!$B:$B, "Variant", 'Raw Data'!$A:$A, $A7, 'Raw Data'!$C:$C, $C$3),"")) -> -76.36 | BI7: =IF($A7="","",IFERROR((BH7-BG7)/ABS(BG7),"")) -> -0.35342077 | BJ7: =IF($A7="","",IFERROR(SUMPRODUCT(('Raw Data'!$B$2:$B$9999="Control")*('Raw Data'!$A$2:$A$9999=$A7)*('Raw Data'!$C$2:$C$9999=$C$3)*'Raw Data'!$D$2:$D$9999*'Raw Data'!$W$2:$W$9999)/SUMIFS('Raw Data'!$D:$D, 'Raw Data'!$B:$B, "Control", 'Raw Data'!$A:$A, $A7, 'Raw Data'!$C:$C, $C$3),"")) -> 6.3659 | BK7: =IF($A7="","",IFERROR(SUMPRODUCT(('Raw Data'!$B$2:$B$9999="Variant")*('Raw Data'!$A$2:$A$9999=$A7)*('Raw Data'!$C$2:$C$9999=$C$3)*'Raw Data'!$D$2:$D$9999*'Raw Data'!$W$2:$W$9999)/SUMIFS('Raw Data'!$D:$D, 'Raw Data'!$B:$B, "Variant", 'Raw Data'!$A:$A, $A7, 'Raw Data'!$C:$C, $C$3),"")) -> 5.9582 | BL7: =IF($A7="","",IFERROR((BK7-BJ7)/ABS(BJ7),"")) -> -0.064044361 | BM7: =IF($A7="","",IFERROR(SUMPRODUCT(('Raw Data'!$B$2:$B$9999="Control")*('Raw Data'!$A$2:$A$9999=$A7)*('Raw Data'!$C$2:$C$9999=$C$3)*'Raw Data'!$D$2:$D$9999*'Raw Data'!$X$2:$X$9999)/SUMIFS('Raw Data'!$D:$D, 'Raw Data'!$B:$B, "Control", 'Raw Data'!$A:$A, $A7, 'Raw Data'!$C:$C, $C$3),"")) -> 28.41 | BN7: =IF($A7="","",IFERROR(SUMPRODUCT(('Raw Data'!$B$2:$B$9999="Variant")*('Raw Data'!$A$2:$A$9999=$A7)*('Raw Data'!$C$2:$C$9999=$C$3)*'Raw Data'!$D$2:$D$9999*'Raw Data'!$X$2:$X$9999)/SUMIFS('Raw Data'!$D:$D, 'Raw Data'!$B:$B, "Variant", 'Raw Data'!$A:$A, $A7, 'Raw Data'!$C:$C, $C$3),"")) -> 34.56 | BO7: =IF($A7="","",IFERROR((BN7-BM7)/ABS(BM7),"")) -> 0.21647307 | BP7: =IF($A7="","",IFERROR(SUMPRODUCT(('Raw Data'!$B$2:$B$9999="Control")*('Raw Data'!$A$2:$A$9999=$A7)*('Raw Data'!$C$2:$C$9999=$C$3)*'Raw Data'!$D$2:$D$9999*'Raw Data'!$Y$2:$Y$9999)/SUMIFS('Raw Data'!$D:$D, 'Raw Data'!$B:$B, "Control", 'Raw Data'!$A:$A, $A7, 'Raw Data'!$C:$C, $C$3),"")) -> 373 | BQ7: =IF($A7="","",IFERROR(SUMPRODUCT(('Raw Data'!$B$2:$B$9999="Variant")*('Raw Data'!$A$2:$A$9999=$A7)*('Raw Data'!$C$2:$C$9999=$C$3)*'Raw Data'!$D$2:$D$9999*'Raw Data'!$Y$2:$Y$9999)/SUMIFS('Raw Data'!$D:$D, 'Raw Data'!$B:$B, "Variant", 'Raw Data'!$A:$A, $A7, 'Raw Data'!$C:$C, $C$3),"")) -> 460 | BR7: =IF($A7="","",IFERROR((BQ7-BP7)/ABS(BP7),"")) -> 0.23324397 | BS7: =IF($A7="","",IFERROR(SUMPRODUCT(('Raw Data'!$B$2:$B$9999="Control")*('Raw Data'!$A$2:$A$9999=$A7)*('Raw Data'!$C$2:$C$9999=$C$3)*'Raw Data'!$D$2:$D$9999*'Raw Data'!$Z$2:$Z$9999)/SUMIFS('Raw Data'!$D:$D, 'Raw Data'!$B:$B, "Control", 'Raw Data'!$A:$A, $A7, 'Raw Data'!$C:$C, $C$3),"")) -> 2669 | BT7: =IF($A7="","",IFERROR(SUMPRODUCT(('Raw Data'!$B$2:$B$9999="Variant")*('Raw Data'!$A$2:$A$9999=$A7)*('Raw Data'!$C$2:$C$9999=$C$3)*'Raw Data'!$D$2:$D$9999*'Raw Data'!$Z$2:$Z$9999)/SUMIFS('Raw Data'!$D:$D, 'Raw Data'!$B:$B, "Variant", 'Raw Data'!$A:$A, $A7, 'Raw Data'!$C:$C, $C$3),"")) -> 3382 | BU7: =IF($A7="","",IFERROR((BT7-BS7)/ABS(BS7),"")) -> 0.26714125 | BV7: =IF($A7="","",IFERROR(SUMPRODUCT(('Raw Data'!$B$2:$B$9999="Control")*('Raw Data'!$A$2:$A$9999=$A7)*('Raw Data'!$C$2:$C$9999=$C$3)*'Raw Data'!$D$2:$D$9999*'Raw Data'!$AA$2:$AA$9999)/SUMIFS('Raw Data'!$D:$D, 'Raw Data'!$B:$B, "Control", 'Raw Data'!$A:$A, $A7, 'Raw Data'!$C:$C, $C$3),"")) -> 9109 | BW7: =IF($A7="","",IFERROR(SUMPRODUCT(('Raw Data'!$B$2:$B$9999="Variant")*('Raw Data'!$A$2:$A$9999=$A7)*('Raw Data'!$C$2:$C$9999=$C$3)*'Raw Data'!$D$2:$D$9999*'Raw Data'!$AA$2:$AA$9999)/SUMIFS('Raw Data'!$D:$D, 'Raw Data'!$B:$B, "Variant", 'Raw Data'!$A:$A, $A7, 'Raw Data'!$C:$C, $C$3),"")) -> 10464 | BX7: =IF($A7="","",IFERROR((BW7-BV7)/ABS(BV7),"")) -> 0.14875398 | BY7: =IF($A7="","",IFERROR(SUMPRODUCT(('Raw Data'!$B$2:$B$9999="Control")*('Raw Data'!$A$2:$A$9999=$A7)*('Raw Data'!$C$2:$C$9999=$C$3)*'Raw Data'!$D$2:$D$9999*'Raw Data'!$AB$2:$AB$9999)/SUMIFS('Raw Data'!$D:$D, 'Raw Data'!$B:$B, "Control", 'Raw Data'!$A:$A, $A7, 'Raw Data'!$C:$C, $C$3),"")) -> 63.1483 | BZ7: =IF($A7="","",IFERROR(SUMPRODUCT(('Raw Data'!$B$2:$B$9999="Variant")*('Raw Data'!$A$2:$A$9999=$A7)*('Raw Data'!$C$2:$C$9999=$C$3)*'Raw Data'!$D$2:$D$9999*'Raw Data'!$AB$2:$AB$9999)/SUMIFS('Raw Data'!$D:$D, 'Raw Data'!$B:$B, "Variant", 'Raw Data'!$A:$A, $A7, 'Raw Data'!$C:$C, $C$3),"")) -> 63.0123 | CA7: =IF($A7="","",IFERROR((BZ7-BY7)/ABS(BY7),"")) -> -0.0021536605 | CB7: =IF($A7="","",IFERROR(SUMPRODUCT(('Raw Data'!$B$2:$B$9999="Control")*('Raw Data'!$A$2:$A$9999=$A7)*('Raw Data'!$C$2:$C$9999=$C$3)*'Raw Data'!$D$2:$D$9999*'Raw Data'!$AC$2:$AC$9999)/SUMIFS('Raw Data'!$D:$D, 'Raw Data'!$B:$B, "Control", 'Raw Data'!$A:$A, $A7, 'Raw Data'!$C:$C, $C$3),"")) -> 0.8921 | CC7: =IF($A7="","",IFERROR(SUMPRODUCT(('Raw Data'!$B$2:$B$9999="Variant")*('Raw Data'!$A$2:$A$9999=$A7)*('Raw Data'!$C$2:$C$9999=$C$3)*'Raw Data'!$D$2:$D$9999*'Raw Data'!$AC$2:$AC$9999)/SUMIFS('Raw Data'!$D:$D, 'Raw Data'!$B:$B, "Variant", 'Raw Data'!$A:$A, $A7, 'Raw Data'!$C:$C, $C$3),"")) -> 0.8653 | CD7: =IF($A7="","",IFERROR((CC7-CB7)/ABS(CB7),"")) -> -0.030041475 | CE7: =IF($A7="","",IFERROR(SUMPRODUCT(('Raw Data'!$B$2:$B$9999="Control")*('Raw Data'!$A$2:$A$9999=$A7)*('Raw Data'!$C$2:$C$9999=$C$3)*'Raw Data'!$D$2:$D$9999*'Raw Data'!$AD$2:$AD$9999)/SUMIFS('Raw Data'!$D:$D, 'Raw Data'!$B:$B, "Control", 'Raw Data'!$A:$A, $A7, 'Raw Data'!$C:$C, $C$3),"")) -> 90.28 | CF7: =IF($A7="","",IFERROR(SUMPRODUCT(('Raw Data'!$B$2:$B$9999="Variant")*('Raw Data'!$A$2:$A$9999=$A7)*('Raw Data'!$C$2:$C$9999=$C$3)*'Raw Data'!$D$2:$D$9999*'Raw Data'!$AD$2:$AD$9999)/SUMIFS('Raw Data'!$D:$D, 'Raw Data'!$B:$B, "Variant", 'Raw Data'!$A:$A, $A7, 'Raw Data'!$C:$C, $C$3),"")) -> 90.71 | CG7: =IF($A7="","",IFERROR((CF7-CE7)/ABS(CE7),"")) -> 0.0047629597 | CH7: =IF($A7="","",IFERROR(SUMPRODUCT(('Raw Data'!$B$2:$B$9999="Control")*('Raw Data'!$A$2:$A$9999=$A7)*('Raw Data'!$C$2:$C$9999=$C$3)*'Raw Data'!$D$2:$D$9999*'Raw Data'!$AE$2:$AE$9999)/SUMIFS('Raw Data'!$D:$D, 'Raw Data'!$B:$B, "Control", 'Raw Data'!$A:$A, $A7, 'Raw Data'!$C:$C, $C$3),"")) -> 44 | CI7: =IF($A7="","",IFERROR(SUMPRODUCT(('Raw Data'!$B$2:$B$9999="Variant")*('Raw Data'!$A$2:$A$9999=$A7)*('Raw Data'!$C$2:$C$9999=$C$3)*'Raw Data'!$D$2:$D$9999*'Raw Data'!$AE$2:$AE$9999)/SUMIFS('Raw Data'!$D:$D, 'Raw Data'!$B:$B, "Variant", 'Raw Data'!$A:$A, $A7, 'Raw Data'!$C:$C, $C$3),"")) -> 34 | CJ7: =IF($A7="","",IFERROR((CI7-CH7)/ABS(CH7),"")) -> -0.22727273 | CK7: =IF($A7="","",IFERROR(SUMPRODUCT(('Raw Data'!$B$2:$B$9999="Control")*('Raw Data'!$A$2:$A$9999=$A7)*('Raw Data'!$C$2:$C$9999=$C$3)*'Raw Data'!$D$2:$D$9999*'Raw Data'!$AF$2:$AF$9999)/SUMIFS('Raw Data'!$D:$D, 'Raw Data'!$B:$B, "Control", 'Raw Data'!$A:$A, $A7, 'Raw Data'!$C:$C, $C$3),"")) -> 79 | CL7: =IF($A7="","",IFERROR(SUMPRODUCT(('Raw Data'!$B$2:$B$9999="Variant")*('Raw Data'!$A$2:$A$9999=$A7)*('Raw Data'!$C$2:$C$9999=$C$3)*'Raw Data'!$D$2:$D$9999*'Raw Data'!$AF$2:$AF$9999)/SUMIFS('Raw Data'!$D:$D, 'Raw Data'!$B:$B, "Variant", 'Raw Data'!$A:$A, $A7, 'Raw Data'!$C:$C, $C$3),"")) -> 80 | CM7: =IF($A7="","",IFERROR((CL7-CK7)/ABS(CK7),"")) -> 0.012658228 | CN7: =IF($A7="","",IFERROR(SUMPRODUCT(('Raw Data'!$B$2:$B$9999="Control")*('Raw Data'!$A$2:$A$9999=$A7)*('Raw Data'!$C$2:$C$9999=$C$3)*'Raw Data'!$D$2:$D$9999*'Raw Data'!$AG$2:$AG$9999)/SUMIFS('Raw Data'!$D:$D, 'Raw Data'!$B:$B, "Control", 'Raw Data'!$A:$A, $A7, 'Raw Data'!$C:$C, $C$3),"")) -> 126 | CO7: =IF($A7="","",IFERROR(SUMPRODUCT(('Raw Data'!$B$2:$B$9999="Variant")*('Raw Data'!$A$2:$A$9999=$A7)*('Raw Data'!$C$2:$C$9999=$C$3)*'Raw Data'!$D$2:$D$9999*'Raw Data'!$AG$2:$AG$9999)/SUMIFS('Raw Data'!$D:$D, 'Raw Data'!$B:$B, "Variant", 'Raw Data'!$A:$A, $A7, 'Raw Data'!$C:$C, $C$3),"")) -> 127 | CP7: =IF($A7="","",IFERROR((CO7-CN7)/ABS(CN7),"")) -> 0.0079365079 | CQ7: =IF($A7="","",IFERROR(SUMPRODUCT(('Raw Data'!$B$2:$B$9999="Control")*('Raw Data'!$A$2:$A$9999=$A7)*('Raw Data'!$C$2:$C$9999=$C$3)*'Raw Data'!$D$2:$D$9999*'Raw Data'!$AH$2:$AH$9999)/SUMIFS('Raw Data'!$D:$D, 'Raw Data'!$B:$B, "Control", 'Raw Data'!$A:$A, $A7, 'Raw Data'!$C:$C, $C$3),"")) -> 179 | CR7: =IF($A7="","",IFERROR(SUMPRODUCT(('Raw Data'!$B$2:$B$9999="Variant")*('Raw Data'!$A$2:$A$9999=$A7)*('Raw Data'!$C$2:$C$9999=$C$3)*'Raw Data'!$D$2:$D$9999*'Raw Data'!$AH$2:$AH$9999)/SUMIFS('Raw Data'!$D:$D, 'Raw Data'!$B:$B, "Variant", 'Raw Data'!$A:$A, $A7, 'Raw Data'!$C:$C, $C$3),"")) -> 175 | CS7: =IF($A7="","",IFERROR((CR7-CQ7)/ABS(CQ7),"")) -> -0.022346369 | CT7: =IF($A7="","",IFERROR(SUMPRODUCT(('Raw Data'!$B$2:$B$9999="Control")*('Raw Data'!$A$2:$A$9999=$A7)*('Raw Data'!$C$2:$C$9999=$C$3)*'Raw Data'!$D$2:$D$9999*'Raw Data'!$AI$2:$AI$9999)/SUMIFS('Raw Data'!$D:$D, 'Raw Data'!$B:$B, "Control", 'Raw Data'!$A:$A, $A7, 'Raw Data'!$C:$C, $C$3),"")) -> 49.36 | CU7: =IF($A7="","",IFERROR(SUMPRODUCT(('Raw Data'!$B$2:$B$9999="Variant")*('Raw Data'!$A$2:$A$9999=$A7)*('Raw Data'!$C$2:$C$9999=$C$3)*'Raw Data'!$D$2:$D$9999*'Raw Data'!$AI$2:$AI$9999)/SUMIFS('Raw Data'!$D:$D, 'Raw Data'!$B:$B, "Variant", 'Raw Data'!$A:$A, $A7, 'Raw Data'!$C:$C, $C$3),"")) -> 50 | CV7: =IF($A7="","",IFERROR((CU7-CT7)/ABS(CT7),"")) -> 0.012965964 | CW7: =IF($A7="","",IFERROR(SUMPRODUCT(('Raw Data'!$B$2:$B$9999="Control")*('Raw Data'!$A$2:$A$9999=$A7)*('Raw Data'!$C$2:$C$9999=$C$3)*'Raw Data'!$D$2:$D$9999*'Raw Data'!$AJ$2:$AJ$9999)/SUMIFS('Raw Data'!$D:$D, 'Raw Data'!$B:$B, "Control", 'Raw Data'!$A:$A, $A7, 'Raw Data'!$C:$C, $C$3),"")) -> 10.69 | CX7: =IF($A7="","",IFERROR(SUMPRODUCT(('Raw Data'!$B$2:$B$9999="Variant")*('Raw Data'!$A$2:$A$9999=$A7)*('Raw Data'!$C$2:$C$9999=$C$3)*'Raw Data'!$D$2:$D$9999*'Raw Data'!$AJ$2:$AJ$9999)/SUMIFS('Raw Data'!$D:$D, 'Raw Data'!$B:$B, "Variant", 'Raw Data'!$A:$A, $A7, 'Raw Data'!$C:$C, $C$3),"")) -> 10.1 | CY7: =IF($A7="","",IFERROR((CX7-CW7)/ABS(CW7),"")) -> -0.055191768 | CZ7: =IF($A7="","",IFERROR(SUMPRODUCT(('Raw Data'!$B$2:$B$9999="Control")*('Raw Data'!$A$2:$A$9999=$A7)*('Raw Data'!$C$2:$C$9999=$C$3)*'Raw Data'!$D$2:$D$9999*'Raw Data'!$AK$2:$AK$9999)/SUMIFS('Raw Data'!$D:$D, 'Raw Data'!$B:$B, "Control", 'Raw Data'!$A:$A, $A7, 'Raw Data'!$C:$C, $C$3),"")) -> 0.51 | DA7: =IF($A7="","",IFERROR(SUMPRODUCT(('Raw Data'!$B$2:$B$9999="Variant")*('Raw Data'!$A$2:$A$9999=$A7)*('Raw Data'!$C$2:$C$9999=$C$3)*'Raw Data'!$D$2:$D$9999*'Raw Data'!$AK$2:$AK$9999)/SUMIFS('Raw Data'!$D:$D, 'Raw Data'!$B:$B, "Variant", 'Raw Data'!$A:$A, $A7, 'Raw Data'!$C:$C, $C$3),"")) -> 1.77 | DB7: =IF($A7="","",IFERROR((DA7-CZ7)/ABS(CZ7),"")) -> 2.4705882 | DC7: =IF($A7="","",IFERROR(SUMPRODUCT(('Raw Data'!$B$2:$B$9999="Control")*('Raw Data'!$A$2:$A$9999=$A7)*('Raw Data'!$C$2:$C$9999=$C$3)*'Raw Data'!$D$2:$D$9999*'Raw Data'!$AL$2:$AL$9999)/SUMIFS('Raw Data'!$D:$D, 'Raw Data'!$B:$B, "Control", 'Raw Data'!$A:$A, $A7, 'Raw Data'!$C:$C, $C$3),"")) -> 0.0763 | DD7: =IF($A7="","",IFERROR(SUMPRODUCT(('Raw Data'!$B$2:$B$9999="Variant")*('Raw Data'!$A$2:$A$9999=$A7)*('Raw Data'!$C$2:$C$9999=$C$3)*'Raw Data'!$D$2:$D$9999*'Raw Data'!$AL$2:$AL$9999)/SUMIFS('Raw Data'!$D:$D, 'Raw Data'!$B:$B, "Variant", 'Raw Data'!$A:$A, $A7, 'Raw Data'!$C:$C, $C$3),"")) -> 0.0682 | DE7: =IF($A7="","",IFERROR((DD7-DC7)/ABS(DC7),"")) -> -0.1061599 | DG7: =IF($A7="","",IFERROR(SUMPRODUCT(('Raw Data'!$B$2:$B$9999="Variant")*('Raw Data'!$A$2:$A$9999=$A7)*('Raw Data'!$C$2:$C$9999=$C$3)*'Raw Data'!$D$2:$D$9999*'Raw Data'!$AM$2:$AM$9999)/SUMIFS('Raw Data'!$D:$D, 'Raw Data'!$B:$B, "Variant", 'Raw Data'!$A:$A, $A7, 'Raw Data'!$C:$C, $C$3),"")) -> 0 | DJ7: =IF($A7="","",IFERROR(SUMPRODUCT(('Raw Data'!$B$2:$B$9999="Variant")*('Raw Data'!$A$2:$A$9999=$A7)*('Raw Data'!$C$2:$C$9999=$C$3)*'Raw Data'!$D$2:$D$9999*'Raw Data'!$AN$2:$AN$9999)/SUMIFS('Raw Data'!$D:$D, 'Raw Data'!$B:$B, "Variant", 'Raw Data'!$A:$A, $A7, 'Raw Data'!$C:$C, $C$3),"")) -> 0 | DM7: =IF($A7="","",IFERROR(SUMPRODUCT(('Raw Data'!$B$2:$B$9999="Variant")*('Raw Data'!$A$2:$A$9999=$A7)*('Raw Data'!$C$2:$C$9999=$C$3)*'Raw Data'!$D$2:$D$9999*'Raw Data'!$AO$2:$AO$9999)/SUMIFS('Raw Data'!$D:$D, 'Raw Data'!$B:$B, "Variant", 'Raw Data'!$A:$A, $A7, 'Raw Data'!$C:$C, $C$3),"")) -> 0 | DP7: =IF($A7="","",IFERROR(SUMPRODUCT(('Raw Data'!$B$2:$B$9999="Variant")*('Raw Data'!$A$2:$A$9999=$A7)*('Raw Data'!$C$2:$C$9999=$C$3)*'Raw Data'!$D$2:$D$9999*'Raw Data'!$AP$2:$AP$9999)/SUMIFS('Raw Data'!$D:$D, 'Raw Data'!$B:$B, "Variant", 'Raw Data'!$A:$A, $A7, 'Raw Data'!$C:$C, $C$3),"")) -> 0 | DR7: =IF($A7="","",IFERROR(SUMPRODUCT(('Raw Data'!$B$2:$B$9999="Control")*('Raw Data'!$A$2:$A$9999=$A7)*('Raw Data'!$C$2:$C$9999=$C$3)*'Raw Data'!$D$2:$D$9999*'Raw Data'!$AQ$2:$AQ$9999)/SUMIFS('Raw Data'!$D:$D, 'Raw Data'!$B:$B, "Control", 'Raw Data'!$A:$A, $A7, 'Raw Data'!$C:$C, $C$3),"")) -> 32.3104 | DS7: =IF($A7="","",IFERROR(SUMPRODUCT(('Raw Data'!$B$2:$B$9999="Variant")*('Raw Data'!$A$2:$A$9999=$A7)*('Raw Data'!$C$2:$C$9999=$C$3)*'Raw Data'!$D$2:$D$9999*'Raw Data'!$AQ$2:$AQ$9999)/SUMIFS('Raw Data'!$D:$D, 'Raw Data'!$B:$B, "Variant", 'Raw Data'!$A:$A, $A7, 'Raw Data'!$C:$C, $C$3),"")) -> 32.3485 | DT7: =IF($A7="","",IFERROR((DS7-DR7)/ABS(DR7),"")) -> 0.0011791869 | DU7: =IF($A7="","",IFERROR(SUMPRODUCT(('Raw Data'!$B$2:$B$9999="Control")*('Raw Data'!$A$2:$A$9999=$A7)*('Raw Data'!$C$2:$C$9999=$C$3)*'Raw Data'!$D$2:$D$9999*'Raw Data'!$AR$2:$AR$9999)/SUMIFS('Raw Data'!$D:$D, 'Raw Data'!$B:$B, "Control", 'Raw Data'!$A:$A, $A7, 'Raw Data'!$C:$C, $C$3),"")) -> 4.4326 | DV7: =IF($A7="","",IFERROR(SUMPRODUCT(('Raw Data'!$B$2:$B$9999="Variant")*('Raw Data'!$A$2:$A$9999=$A7)*('Raw Data'!$C$2:$C$9999=$C$3)*'Raw Data'!$D$2:$D$9999*'Raw Data'!$AR$2:$AR$9999)/SUMIFS('Raw Data'!$D:$D, 'Raw Data'!$B:$B, "Variant", 'Raw Data'!$A:$A, $A7, 'Raw Data'!$C:$C, $C$3),"")) -> 4.2652 | DW7: =IF($A7="","",IFERROR((DV7-DU7)/ABS(DU7),"")) -> -0.037765645 | DX7: =IF($A7="","",IFERROR(SUMPRODUCT(('Raw Data'!$B$2:$B$9999="Control")*('Raw Data'!$A$2:$A$9999=$A7)*('Raw Data'!$C$2:$C$9999=$C$3)*'Raw Data'!$D$2:$D$9999*'Raw Data'!$AS$2:$AS$9999)/SUMIFS('Raw Data'!$D:$D, 'Raw Data'!$B:$B, "Control", 'Raw Data'!$A:$A, $A7, 'Raw Data'!$C:$C, $C$3),"")) -> 27.8779 | DY7: =IF($A7="","",IFERROR(SUMPRODUCT(('Raw Data'!$B$2:$B$9999="Variant")*('Raw Data'!$A$2:$A$9999=$A7)*('Raw Data'!$C$2:$C$9999=$C$3)*'Raw Data'!$D$2:$D$9999*'Raw Data'!$AS$2:$AS$9999)/SUMIFS('Raw Data'!$D:$D, 'Raw Data'!$B:$B, "Variant", 'Raw Data'!$A:$A, $A7, 'Raw Data'!$C:$C, $C$3),"")) -> 28.0833 | DZ7: =IF($A7="","",IFERROR((DY7-DX7)/ABS(DX7),"")) -> 0.0073678433 | EA7: =IF($A7="","",IFERROR(SUMPRODUCT(('Raw Data'!$B$2:$B$9999="Control")*('Raw Data'!$A$2:$A$9999=$A7)*('Raw Data'!$C$2:$C$9999=$C$3)*'Raw Data'!$D$2:$D$9999*'Raw Data'!$AT$2:$AT$9999)/SUMIFS('Raw Data'!$D:$D, 'Raw Data'!$B:$B, "Control", 'Raw Data'!$A:$A, $A7, 'Raw Data'!$C:$C, $C$3),"")) -> 32.5267 | EB7: =IF($A7="","",IFERROR(SUMPRODUCT(('Raw Data'!$B$2:$B$9999="Variant")*('Raw Data'!$A$2:$A$9999=$A7)*('Raw Data'!$C$2:$C$9999=$C$3)*'Raw Data'!$D$2:$D$9999*'Raw Data'!$AT$2:$AT$9999)/SUMIFS('Raw Data'!$D:$D, 'Raw Data'!$B:$B, "Variant", 'Raw Data'!$A:$A, $A7, 'Raw Data'!$C:$C, $C$3),"")) -> 33.4874 | EC7: =IF($A7="","",IFERROR((EB7-EA7)/ABS(EA7),"")) -> 0.029535735 | ED7: =IF($A7="","",IFERROR(SUMPRODUCT(('Raw Data'!$B$2:$B$9999="Control")*('Raw Data'!$A$2:$A$9999=$A7)*('Raw Data'!$C$2:$C$9999=$C$3)*'Raw Data'!$D$2:$D$9999*('Raw Data'!$AQ$2:$AQ$9999-'Raw Data'!$AT$2:$AT$9999))/SUMIFS('Raw Data'!$D:$D, 'Raw Data'!$B:$B, "Control", 'Raw Data'!$A:$A, $A7, 'Raw Data'!$C:$C, $C$3),"")) -> -0.2163 | EE7: =IF($A7="","",IFERROR(SUMPRODUCT(('Raw Data'!$B$2:$B$9999="Variant")*('Raw Data'!$A$2:$A$9999=$A7)*('Raw Data'!$C$2:$C$9999=$C$3)*'Raw Data'!$D$2:$D$9999*('Raw Data'!$AQ$2:$AQ$9999-'Raw Data'!$AT$2:$AT$9999))/SUMIFS('Raw Data'!$D:$D, 'Raw Data'!$B:$B, "Variant", 'Raw Data'!$A:$A, $A7, 'Raw Data'!$C:$C, $C$3),"")) -> -1.1389 | EF7: =IF($A7="","",IFERROR((EE7-ED7)/ABS(ED7),"")) -> -4.2653722 | EG7: =IF($A7="","",IFERROR(SUMPRODUCT(('Raw Data'!$B$2:$B$9999="Control")*('Raw Data'!$A$2:$A$9999=$A7)*('Raw Data'!$C$2:$C$9999=$C$3)*'Raw Data'!$D$2:$D$9999*'Raw Data'!$AU$2:$AU$9999)/SUMIFS('Raw Data'!$D:$D, 'Raw Data'!$B:$B, "Control", 'Raw Data'!$A:$A, $A7, 'Raw Data'!$C:$C, $C$3),"")) -> 0.2159 | EH7: =IF($A7="","",IFERROR(SUMPRODUCT(('Raw Data'!$B$2:$B$9999="Variant")*('Raw Data'!$A$2:$A$9999=$A7)*('Raw Data'!$C$2:$C$9999=$C$3)*'Raw Data'!$D$2:$D$9999*'Raw Data'!$AU$2:$AU$9999)/SUMIFS('Raw Data'!$D:$D, 'Raw Data'!$B:$B, "Variant", 'Raw Data'!$A:$A, $A7, 'Raw Data'!$C:$C, $C$3),"")) -> 0.2169 | EI7: =IF($A7="","",IFERROR((EH7-EG7)/ABS(EG7),"")) -> 0.004631774
A8: 46176 | B8: =IF($A8="","",SUMIFS('Raw Data'!$D:$D, 'Raw Data'!$B:$B, "Control", 'Raw Data'!$A:$A, $A8, 'Raw Data'!$C:$C, $C$3)) -> 430 | C8: =IF($A8="","",SUMIFS('Raw Data'!$D:$D, 'Raw Data'!$B:$B, "Variant", 'Raw Data'!$A:$A, $A8, 'Raw Data'!$C:$C, $C$3)) -> 431 | D8: =IF($A8="","",IFERROR((C8-B8)/ABS(B8),"")) -> 0.0023255814 | E8: =IF($A8="","",IFERROR(SUMPRODUCT(('Raw Data'!$B$2:$B$9999="Control")*('Raw Data'!$A$2:$A$9999=$A8)*('Raw Data'!$C$2:$C$9999=$C$3)*'Raw Data'!$D$2:$D$9999*'Raw Data'!$E$2:$E$9999)/SUMIFS('Raw Data'!$D:$D, 'Raw Data'!$B:$B, "Control", 'Raw Data'!$A:$A, $A8, 'Raw Data'!$C:$C, $C$3),"")) -> 0.51 | F8: =IF($A8="","",IFERROR(SUMPRODUCT(('Raw Data'!$B$2:$B$9999="Variant")*('Raw Data'!$A$2:$A$9999=$A8)*('Raw Data'!$C$2:$C$9999=$C$3)*'Raw Data'!$D$2:$D$9999*'Raw Data'!$E$2:$E$9999)/SUMIFS('Raw Data'!$D:$D, 'Raw Data'!$B:$B, "Variant", 'Raw Data'!$A:$A, $A8, 'Raw Data'!$C:$C, $C$3),"")) -> 0.51 | G8: =IF($A8="","",IFERROR((F8-E8)/ABS(E8),"")) -> 0 | H8: =IF($A8="","",SUMIFS('Raw Data'!$F:$F, 'Raw Data'!$B:$B, "Control", 'Raw Data'!$A:$A, $A8, 'Raw Data'!$C:$C, $C$3)) -> 1928.28 | I8: =IF($A8="","",SUMIFS('Raw Data'!$F:$F, 'Raw Data'!$B:$B, "Variant", 'Raw Data'!$A:$A, $A8, 'Raw Data'!$C:$C, $C$3)) -> 1887.44 | J8: =IF($A8="","",IFERROR((I8-H8)/ABS(H8),"")) -> -0.021179497 | K8: =IF($A8="","",IFERROR(SUMIFS('Raw Data'!$F:$F, 'Raw Data'!$B:$B, "Control", 'Raw Data'!$A:$A, $A8, 'Raw Data'!$C:$C, $C$3)/SUMIFS('Raw Data'!$D:$D, 'Raw Data'!$B:$B, "Control", 'Raw Data'!$A:$A, $A8, 'Raw Data'!$C:$C, $C$3),"")) -> 4.4843721 | L8: =IF($A8="","",IFERROR(SUMIFS('Raw Data'!$F:$F, 'Raw Data'!$B:$B, "Variant", 'Raw Data'!$A:$A, $A8, 'Raw Data'!$C:$C, $C$3)/SUMIFS('Raw Data'!$D:$D, 'Raw Data'!$B:$B, "Variant", 'Raw Data'!$A:$A, $A8, 'Raw Data'!$C:$C, $C$3),"")) -> 4.3792111 | M8: =IF($A8="","",IFERROR((L8-K8)/ABS(K8),"")) -> -0.023450542 | N8: =IF($A8="","",IFERROR(SUMPRODUCT(('Raw Data'!$B$2:$B$9999="Control")*('Raw Data'!$A$2:$A$9999=$A8)*('Raw Data'!$C$2:$C$9999=$C$3)*'Raw Data'!$D$2:$D$9999*'Raw Data'!$H$2:$H$9999/100)/SUMIFS('Raw Data'!$D:$D, 'Raw Data'!$B:$B, "Control", 'Raw Data'!$A:$A, $A8, 'Raw Data'!$C:$C, $C$3)*100,"")) -> 15.35 | O8: =IF($A8="","",IFERROR(SUMPRODUCT(('Raw Data'!$B$2:$B$9999="Variant")*('Raw Data'!$A$2:$A$9999=$A8)*('Raw Data'!$C$2:$C$9999=$C$3)*'Raw Data'!$D$2:$D$9999*'Raw Data'!$H$2:$H$9999/100)/SUMIFS('Raw Data'!$D:$D, 'Raw Data'!$B:$B, "Variant", 'Raw Data'!$A:$A, $A8, 'Raw Data'!$C:$C, $C$3)*100,"")) -> 17.87 | P8: =IF($A8="","",IFERROR((O8-N8)/ABS(N8),"")) -> 0.16416938 | Q8: =IF($A8="","",IFERROR(SUMIFS('Raw Data'!$F:$F, 'Raw Data'!$B:$B, "Control", 'Raw Data'!$A:$A, $A8, 'Raw Data'!$C:$C, $C$3)/SUMPRODUCT(('Raw Data'!$B$2:$B$9999="Control")*('Raw Data'!$A$2:$A$9999=$A8)*('Raw Data'!$C$2:$C$9999=$C$3)*'Raw Data'!$D$2:$D$9999*'Raw Data'!$H$2:$H$9999/100),"")) -> 29.21415 | R8: =IF($A8="","",IFERROR(SUMIFS('Raw Data'!$F:$F, 'Raw Data'!$B:$B, "Variant", 'Raw Data'!$A:$A, $A8, 'Raw Data'!$C:$C, $C$3)/SUMPRODUCT(('Raw Data'!$B$2:$B$9999="Variant")*('Raw Data'!$A$2:$A$9999=$A8)*('Raw Data'!$C$2:$C$9999=$C$3)*'Raw Data'!$D$2:$D$9999*'Raw Data'!$H$2:$H$9999/100),"")) -> 24.505938 | S8: =IF($A8="","",IFERROR((R8-Q8)/ABS(Q8),"")) -> -0.16116205 | T8: =IF($A8="","",IFERROR(SUMPRODUCT(('Raw Data'!$B$2:$B$9999="Control")*('Raw Data'!$A$2:$A$9999=$A8)*('Raw Data'!$C$2:$C$9999=$C$3)*'Raw Data'!$D$2:$D$9999*'Raw Data'!$J$2:$J$9999)/SUMIFS('Raw Data'!$D:$D, 'Raw Data'!$B:$B, "Control", 'Raw Data'!$A:$A, $A8, 'Raw Data'!$C:$C, $C$3),"")) -> 256.14 | U8: =IF($A8="","",IFERROR(SUMPRODUCT(('Raw Data'!$B$2:$B$9999="Variant")*('Raw Data'!$A$2:$A$9999=$A8)*('Raw Data'!$C$2:$C$9999=$C$3)*'Raw Data'!$D$2:$D$9999*'Raw Data'!$J$2:$J$9999)/SUMIFS('Raw Data'!$D:$D, 'Raw Data'!$B:$B, "Variant", 'Raw Data'!$A:$A, $A8, 'Raw Data'!$C:$C, $C$3),"")) -> 269.58 | V8: =IF($A8="","",IFERROR((U8-T8)/ABS(T8),"")) -> 0.052471305 | W8: =IF($A8="","",IFERROR(SUMPRODUCT(('Raw Data'!$B$2:$B$9999="Control")*('Raw Data'!$A$2:$A$9999=$A8)*('Raw Data'!$C$2:$C$9999=$C$3)*'Raw Data'!$D$2:$D$9999*'Raw Data'!$K$2:$K$9999)/SUMIFS('Raw Data'!$D:$D, 'Raw Data'!$B:$B, "Control", 'Raw Data'!$A:$A, $A8, 'Raw Data'!$C:$C, $C$3),"")) -> 154.7 | X8: =IF($A8="","",IFERROR(SUMPRODUCT(('Raw Data'!$B$2:$B$9999="Variant")*('Raw Data'!$A$2:$A$9999=$A8)*('Raw Data'!$C$2:$C$9999=$C$3)*'Raw Data'!$D$2:$D$9999*'Raw Data'!$K$2:$K$9999)/SUMIFS('Raw Data'!$D:$D, 'Raw Data'!$B:$B, "Variant", 'Raw Data'!$A:$A, $A8, 'Raw Data'!$C:$C, $C$3),"")) -> 160.29 | Y8: =IF($A8="","",IFERROR((X8-W8)/ABS(W8),"")) -> 0.036134454 | Z8: =IF($A8="","",IFERROR(SUMPRODUCT(('Raw Data'!$B$2:$B$9999="Control")*('Raw Data'!$A$2:$A$9999=$A8)*('Raw Data'!$C$2:$C$9999=$C$3)*'Raw Data'!$D$2:$D$9999*'Raw Data'!$L$2:$L$9999)/SUMIFS('Raw Data'!$D:$D, 'Raw Data'!$B:$B, "Control", 'Raw Data'!$A:$A, $A8, 'Raw Data'!$C:$C, $C$3),"")) -> 131.78 | AA8: =IF($A8="","",IFERROR(SUMPRODUCT(('Raw Data'!$B$2:$B$9999="Variant")*('Raw Data'!$A$2:$A$9999=$A8)*('Raw Data'!$C$2:$C$9999=$C$3)*'Raw Data'!$D$2:$D$9999*'Raw Data'!$L$2:$L$9999)/SUMIFS('Raw Data'!$D:$D, 'Raw Data'!$B:$B, "Variant", 'Raw Data'!$A:$A, $A8, 'Raw Data'!$C:$C, $C$3),"")) -> 136.32 | AB8: =IF($A8="","",IFERROR((AA8-Z8)/ABS(Z8),"")) -> 0.034451358 | AC8: =IF($A8="","",IFERROR(SUMPRODUCT(('Raw Data'!$B$2:$B$9999="Control")*('Raw Data'!$A$2:$A$9999=$A8)*('Raw Data'!$C$2:$C$9999=$C$3)*'Raw Data'!$D$2:$D$9999*'Raw Data'!$M$2:$M$9999)/SUMIFS('Raw Data'!$D:$D, 'Raw Data'!$B:$B, "Control", 'Raw Data'!$A:$A, $A8, 'Raw Data'!$C:$C, $C$3),"")) -> 0.8518 | AD8: =IF($A8="","",IFERROR(SUMPRODUCT(('Raw Data'!$B$2:$B$9999="Variant")*('Raw Data'!$A$2:$A$9999=$A8)*('Raw Data'!$C$2:$C$9999=$C$3)*'Raw Data'!$D$2:$D$9999*'Raw Data'!$M$2:$M$9999)/SUMIFS('Raw Data'!$D:$D, 'Raw Data'!$B:$B, "Variant", 'Raw Data'!$A:$A, $A8, 'Raw Data'!$C:$C, $C$3),"")) -> 0.8504 | AE8: =IF($A8="","",IFERROR((AD8-AC8)/ABS(AC8),"")) -> -0.0016435783 | AF8: =IF($A8="","",IFERROR(SUMPRODUCT(('Raw Data'!$B$2:$B$9999="Control")*('Raw Data'!$A$2:$A$9999=$A8)*('Raw Data'!$C$2:$C$9999=$C$3)*'Raw Data'!$D$2:$D$9999*'Raw Data'!$N$2:$N$9999)/SUMIFS('Raw Data'!$D:$D, 'Raw Data'!$B:$B, "Control", 'Raw Data'!$A:$A, $A8, 'Raw Data'!$C:$C, $C$3),"")) -> 0.2827 | AG8: =IF($A8="","",IFERROR(SUMPRODUCT(('Raw Data'!$B$2:$B$9999="Variant")*('Raw Data'!$A$2:$A$9999=$A8)*('Raw Data'!$C$2:$C$9999=$C$3)*'Raw Data'!$D$2:$D$9999*'Raw Data'!$N$2:$N$9999)/SUMIFS('Raw Data'!$D:$D, 'Raw Data'!$B:$B, "Variant", 'Raw Data'!$A:$A, $A8, 'Raw Data'!$C:$C, $C$3),"")) -> 0.2767 | AH8: =IF($A8="","",IFERROR((AG8-AF8)/ABS(AF8),"")) -> -0.021223912 | AI8: =IF($A8="","",IFERROR(SUMPRODUCT(('Raw Data'!$B$2:$B$9999="Control")*('Raw Data'!$A$2:$A$9999=$A8)*('Raw Data'!$C$2:$C$9999=$C$3)*'Raw Data'!$D$2:$D$9999*'Raw Data'!$O$2:$O$9999)/SUMIFS('Raw Data'!$D:$D, 'Raw Data'!$B:$B, "Control", 'Raw Data'!$A:$A, $A8, 'Raw Data'!$C:$C, $C$3),"")) -> 0.2001 | AJ8: =IF($A8="","",IFERROR(SUMPRODUCT(('Raw Data'!$B$2:$B$9999="Variant")*('Raw Data'!$A$2:$A$9999=$A8)*('Raw Data'!$C$2:$C$9999=$C$3)*'Raw Data'!$D$2:$D$9999*'Raw Data'!$O$2:$O$9999)/SUMIFS('Raw Data'!$D:$D, 'Raw Data'!$B:$B, "Variant", 'Raw Data'!$A:$A, $A8, 'Raw Data'!$C:$C, $C$3),"")) -> 0.1938 | AK8: =IF($A8="","",IFERROR((AJ8-AI8)/ABS(AI8),"")) -> -0.031484258 | AL8: =IF($A8="","",IFERROR(SUMPRODUCT(('Raw Data'!$B$2:$B$9999="Control")*('Raw Data'!$A$2:$A$9999=$A8)*('Raw Data'!$C$2:$C$9999=$C$3)*'Raw Data'!$D$2:$D$9999*'Raw Data'!$P$2:$P$9999)/SUMIFS('Raw Data'!$D:$D, 'Raw Data'!$B:$B, "Control", 'Raw Data'!$A:$A, $A8, 'Raw Data'!$C:$C, $C$3),"")) -> 1.1739 | AM8: =IF($A8="","",IFERROR(SUMPRODUCT(('Raw Data'!$B$2:$B$9999="Variant")*('Raw Data'!$A$2:$A$9999=$A8)*('Raw Data'!$C$2:$C$9999=$C$3)*'Raw Data'!$D$2:$D$9999*'Raw Data'!$P$2:$P$9999)/SUMIFS('Raw Data'!$D:$D, 'Raw Data'!$B:$B, "Variant", 'Raw Data'!$A:$A, $A8, 'Raw Data'!$C:$C, $C$3),"")) -> 1.1759 | AN8: =IF($A8="","",IFERROR((AM8-AL8)/ABS(AL8),"")) -> 0.0017037226 | AO8: =IF($A8="","",IFERROR(SUMPRODUCT(('Raw Data'!$B$2:$B$9999="Control")*('Raw Data'!$A$2:$A$9999=$A8)*('Raw Data'!$C$2:$C$9999=$C$3)*'Raw Data'!$D$2:$D$9999*'Raw Data'!$Q$2:$Q$9999)/SUMIFS('Raw Data'!$D:$D, 'Raw Data'!$B:$B, "Control", 'Raw Data'!$A:$A, $A8, 'Raw Data'!$C:$C, $C$3),"")) -> 743.48 | AP8: =IF($A8="","",IFERROR(SUMPRODUCT(('Raw Data'!$B$2:$B$9999="Variant")*('Raw Data'!$A$2:$A$9999=$A8)*('Raw Data'!$C$2:$C$9999=$C$3)*'Raw Data'!$D$2:$D$9999*'Raw Data'!$Q$2:$Q$9999)/SUMIFS('Raw Data'!$D:$D, 'Raw Data'!$B:$B, "Variant", 'Raw Data'!$A:$A, $A8, 'Raw Data'!$C:$C, $C$3),"")) -> 689.55 | AQ8: =IF($A8="","",IFERROR((AP8-AO8)/ABS(AO8),"")) -> -0.072537257 | AR8: =IF($A8="","",IFERROR(SUMPRODUCT(('Raw Data'!$B$2:$B$9999="Control")*('Raw Data'!$A$2:$A$9999=$A8)*('Raw Data'!$C$2:$C$9999=$C$3)*'Raw Data'!$D$2:$D$9999*'Raw Data'!$R$2:$R$9999)/SUMIFS('Raw Data'!$D:$D, 'Raw Data'!$B:$B, "Control", 'Raw Data'!$A:$A, $A8, 'Raw Data'!$C:$C, $C$3),"")) -> 463.23 | AS8: =IF($A8="","",IFERROR(SUMPRODUCT(('Raw Data'!$B$2:$B$9999="Variant")*('Raw Data'!$A$2:$A$9999=$A8)*('Raw Data'!$C$2:$C$9999=$C$3)*'Raw Data'!$D$2:$D$9999*'Raw Data'!$R$2:$R$9999)/SUMIFS('Raw Data'!$D:$D, 'Raw Data'!$B:$B, "Variant", 'Raw Data'!$A:$A, $A8, 'Raw Data'!$C:$C, $C$3),"")) -> 581.08 | AT8: =IF($A8="","",IFERROR((AS8-AR8)/ABS(AR8),"")) -> 0.25440926 | AU8: =IF($A8="","",IFERROR(SUMPRODUCT(('Raw Data'!$B$2:$B$9999="Control")*('Raw Data'!$A$2:$A$9999=$A8)*('Raw Data'!$C$2:$C$9999=$C$3)*'Raw Data'!$D$2:$D$9999*'Raw Data'!$S$2:$S$9999)/SUMIFS('Raw Data'!$D:$D, 'Raw Data'!$B:$B, "Control", 'Raw Data'!$A:$A, $A8, 'Raw Data'!$C:$C, $C$3),"")) -> 280.26 | AV8: =IF($A8="","",IFERROR(SUMPRODUCT(('Raw Data'!$B$2:$B$9999="Variant")*('Raw Data'!$A$2:$A$9999=$A8)*('Raw Data'!$C$2:$C$9999=$C$3)*'Raw Data'!$D$2:$D$9999*'Raw Data'!$S$2:$S$9999)/SUMIFS('Raw Data'!$D:$D, 'Raw Data'!$B:$B, "Variant", 'Raw Data'!$A:$A, $A8, 'Raw Data'!$C:$C, $C$3),"")) -> 108.47 | AW8: =IF($A8="","",IFERROR((AV8-AU8)/ABS(AU8),"")) -> -0.61296653 | AX8: =IF($A8="","",IFERROR(SUMPRODUCT(('Raw Data'!$B$2:$B$9999="Control")*('Raw Data'!$A$2:$A$9999=$A8)*('Raw Data'!$C$2:$C$9999=$C$3)*'Raw Data'!$D$2:$D$9999*'Raw Data'!$T$2:$T$9999)/SUMIFS('Raw Data'!$D:$D, 'Raw Data'!$B:$B, "Control", 'Raw Data'!$A:$A, $A8, 'Raw Data'!$C:$C, $C$3),"")) -> 285.4 | AY8: =IF($A8="","",IFERROR(SUMPRODUCT(('Raw Data'!$B$2:$B$9999="Variant")*('Raw Data'!$A$2:$A$9999=$A8)*('Raw Data'!$C$2:$C$9999=$C$3)*'Raw Data'!$D$2:$D$9999*'Raw Data'!$T$2:$T$9999)/SUMIFS('Raw Data'!$D:$D, 'Raw Data'!$B:$B, "Variant", 'Raw Data'!$A:$A, $A8, 'Raw Data'!$C:$C, $C$3),"")) -> 264.32 | AZ8: =IF($A8="","",IFERROR((AY8-AX8)/ABS(AX8),"")) -> -0.073861247 | BA8: =IF($A8="","",IFERROR(SUMPRODUCT(('Raw Data'!$B$2:$B$9999="Control")*('Raw Data'!$A$2:$A$9999=$A8)*('Raw Data'!$C$2:$C$9999=$C$3)*'Raw Data'!$D$2:$D$9999*'Raw Data'!$U$2:$U$9999)/SUMIFS('Raw Data'!$D:$D, 'Raw Data'!$B:$B, "Control", 'Raw Data'!$A:$A, $A8, 'Raw Data'!$C:$C, $C$3),"")) -> 458.09 | BB8: =IF($A8="","",IFERROR(SUMPRODUCT(('Raw Data'!$B$2:$B$9999="Variant")*('Raw Data'!$A$2:$A$9999=$A8)*('Raw Data'!$C$2:$C$9999=$C$3)*'Raw Data'!$D$2:$D$9999*'Raw Data'!$U$2:$U$9999)/SUMIFS('Raw Data'!$D:$D, 'Raw Data'!$B:$B, "Variant", 'Raw Data'!$A:$A, $A8, 'Raw Data'!$C:$C, $C$3),"")) -> 425.23 | BC8: =IF($A8="","",IFERROR((BB8-BA8)/ABS(BA8),"")) -> -0.071732629 | BD8: =IF($A8="","",IFERROR(SUMPRODUCT(('Raw Data'!$B$2:$B$9999="Control")*('Raw Data'!$A$2:$A$9999=$A8)*('Raw Data'!$C$2:$C$9999=$C$3)*'Raw Data'!$D$2:$D$9999*'Raw Data'!$V$2:$V$9999)/SUMIFS('Raw Data'!$D:$D, 'Raw Data'!$B:$B, "Control", 'Raw Data'!$A:$A, $A8, 'Raw Data'!$C:$C, $C$3),"")) -> 856.28 | BE8: =IF($A8="","",IFERROR(SUMPRODUCT(('Raw Data'!$B$2:$B$9999="Variant")*('Raw Data'!$A$2:$A$9999=$A8)*('Raw Data'!$C$2:$C$9999=$C$3)*'Raw Data'!$D$2:$D$9999*'Raw Data'!$V$2:$V$9999)/SUMIFS('Raw Data'!$D:$D, 'Raw Data'!$B:$B, "Variant", 'Raw Data'!$A:$A, $A8, 'Raw Data'!$C:$C, $C$3),"")) -> 834.57 | BF8: =IF($A8="","",IFERROR((BE8-BD8)/ABS(BD8),"")) -> -0.025353856 | BG8: =IF($A8="","",IFERROR(SUMPRODUCT(('Raw Data'!$B$2:$B$9999="Control")*('Raw Data'!$A$2:$A$9999=$A8)*('Raw Data'!$C$2:$C$9999=$C$3)*'Raw Data'!$D$2:$D$9999*('Raw Data'!$Q$2:$Q$9999-'Raw Data'!$V$2:$V$9999))/SUMIFS('Raw Data'!$D:$D, 'Raw Data'!$B:$B, "Control", 'Raw Data'!$A:$A, $A8, 'Raw Data'!$C:$C, $C$3),"")) -> -112.8 | BH8: =IF($A8="","",IFERROR(SUMPRODUCT(('Raw Data'!$B$2:$B$9999="Variant")*('Raw Data'!$A$2:$A$9999=$A8)*('Raw Data'!$C$2:$C$9999=$C$3)*'Raw Data'!$D$2:$D$9999*('Raw Data'!$Q$2:$Q$9999-'Raw Data'!$V$2:$V$9999))/SUMIFS('Raw Data'!$D:$D, 'Raw Data'!$B:$B, "Variant", 'Raw Data'!$A:$A, $A8, 'Raw Data'!$C:$C, $C$3),"")) -> -145.02 | BI8: =IF($A8="","",IFERROR((BH8-BG8)/ABS(BG8),"")) -> -0.2856383 | BJ8: =IF($A8="","",IFERROR(SUMPRODUCT(('Raw Data'!$B$2:$B$9999="Control")*('Raw Data'!$A$2:$A$9999=$A8)*('Raw Data'!$C$2:$C$9999=$C$3)*'Raw Data'!$D$2:$D$9999*'Raw Data'!$W$2:$W$9999)/SUMIFS('Raw Data'!$D:$D, 'Raw Data'!$B:$B, "Control", 'Raw Data'!$A:$A, $A8, 'Raw Data'!$C:$C, $C$3),"")) -> 5.5349 | BK8: =IF($A8="","",IFERROR(SUMPRODUCT(('Raw Data'!$B$2:$B$9999="Variant")*('Raw Data'!$A$2:$A$9999=$A8)*('Raw Data'!$C$2:$C$9999=$C$3)*'Raw Data'!$D$2:$D$9999*'Raw Data'!$W$2:$W$9999)/SUMIFS('Raw Data'!$D:$D, 'Raw Data'!$B:$B, "Variant", 'Raw Data'!$A:$A, $A8, 'Raw Data'!$C:$C, $C$3),"")) -> 5.2065 | BL8: =IF($A8="","",IFERROR((BK8-BJ8)/ABS(BJ8),"")) -> -0.059332599 | BM8: =IF($A8="","",IFERROR(SUMPRODUCT(('Raw Data'!$B$2:$B$9999="Control")*('Raw Data'!$A$2:$A$9999=$A8)*('Raw Data'!$C$2:$C$9999=$C$3)*'Raw Data'!$D$2:$D$9999*'Raw Data'!$X$2:$X$9999)/SUMIFS('Raw Data'!$D:$D, 'Raw Data'!$B:$B, "Control", 'Raw Data'!$A:$A, $A8, 'Raw Data'!$C:$C, $C$3),"")) -> 38.39 | BN8: =IF($A8="","",IFERROR(SUMPRODUCT(('Raw Data'!$B$2:$B$9999="Variant")*('Raw Data'!$A$2:$A$9999=$A8)*('Raw Data'!$C$2:$C$9999=$C$3)*'Raw Data'!$D$2:$D$9999*'Raw Data'!$X$2:$X$9999)/SUMIFS('Raw Data'!$D:$D, 'Raw Data'!$B:$B, "Variant", 'Raw Data'!$A:$A, $A8, 'Raw Data'!$C:$C, $C$3),"")) -> 38.33 | BO8: =IF($A8="","",IFERROR((BN8-BM8)/ABS(BM8),"")) -> -0.001562907 | BP8: =IF($A8="","",IFERROR(SUMPRODUCT(('Raw Data'!$B$2:$B$9999="Control")*('Raw Data'!$A$2:$A$9999=$A8)*('Raw Data'!$C$2:$C$9999=$C$3)*'Raw Data'!$D$2:$D$9999*'Raw Data'!$Y$2:$Y$9999)/SUMIFS('Raw Data'!$D:$D, 'Raw Data'!$B:$B, "Control", 'Raw Data'!$A:$A, $A8, 'Raw Data'!$C:$C, $C$3),"")) -> 465 | BQ8: =IF($A8="","",IFERROR(SUMPRODUCT(('Raw Data'!$B$2:$B$9999="Variant")*('Raw Data'!$A$2:$A$9999=$A8)*('Raw Data'!$C$2:$C$9999=$C$3)*'Raw Data'!$D$2:$D$9999*'Raw Data'!$Y$2:$Y$9999)/SUMIFS('Raw Data'!$D:$D, 'Raw Data'!$B:$B, "Variant", 'Raw Data'!$A:$A, $A8, 'Raw Data'!$C:$C, $C$3),"")) -> 309 | BR8: =IF($A8="","",IFERROR((BQ8-BP8)/ABS(BP8),"")) -> -0.33548387 | BS8: =IF($A8="","",IFERROR(SUMPRODUCT(('Raw Data'!$B$2:$B$9999="Control")*('Raw Data'!$A$2:$A$9999=$A8)*('Raw Data'!$C$2:$C$9999=$C$3)*'Raw Data'!$D$2:$D$9999*'Raw Data'!$Z$2:$Z$9999)/SUMIFS('Raw Data'!$D:$D, 'Raw Data'!$B:$B, "Control", 'Raw Data'!$A:$A, $A8, 'Raw Data'!$C:$C, $C$3),"")) -> 3487 | BT8: =IF($A8="","",IFERROR(SUMPRODUCT(('Raw Data'!$B$2:$B$9999="Variant")*('Raw Data'!$A$2:$A$9999=$A8)*('Raw Data'!$C$2:$C$9999=$C$3)*'Raw Data'!$D$2:$D$9999*'Raw Data'!$Z$2:$Z$9999)/SUMIFS('Raw Data'!$D:$D, 'Raw Data'!$B:$B, "Variant", 'Raw Data'!$A:$A, $A8, 'Raw Data'!$C:$C, $C$3),"")) -> 2827 | BU8: =IF($A8="","",IFERROR((BT8-BS8)/ABS(BS8),"")) -> -0.18927445 | BV8: =IF($A8="","",IFERROR(SUMPRODUCT(('Raw Data'!$B$2:$B$9999="Control")*('Raw Data'!$A$2:$A$9999=$A8)*('Raw Data'!$C$2:$C$9999=$C$3)*'Raw Data'!$D$2:$D$9999*'Raw Data'!$AA$2:$AA$9999)/SUMIFS('Raw Data'!$D:$D, 'Raw Data'!$B:$B, "Control", 'Raw Data'!$A:$A, $A8, 'Raw Data'!$C:$C, $C$3),"")) -> 11206 | BW8: =IF($A8="","",IFERROR(SUMPRODUCT(('Raw Data'!$B$2:$B$9999="Variant")*('Raw Data'!$A$2:$A$9999=$A8)*('Raw Data'!$C$2:$C$9999=$C$3)*'Raw Data'!$D$2:$D$9999*'Raw Data'!$AA$2:$AA$9999)/SUMIFS('Raw Data'!$D:$D, 'Raw Data'!$B:$B, "Variant", 'Raw Data'!$A:$A, $A8, 'Raw Data'!$C:$C, $C$3),"")) -> 9544 | BX8: =IF($A8="","",IFERROR((BW8-BV8)/ABS(BV8),"")) -> -0.1483134 | BY8: =IF($A8="","",IFERROR(SUMPRODUCT(('Raw Data'!$B$2:$B$9999="Control")*('Raw Data'!$A$2:$A$9999=$A8)*('Raw Data'!$C$2:$C$9999=$C$3)*'Raw Data'!$D$2:$D$9999*'Raw Data'!$AB$2:$AB$9999)/SUMIFS('Raw Data'!$D:$D, 'Raw Data'!$B:$B, "Control", 'Raw Data'!$A:$A, $A8, 'Raw Data'!$C:$C, $C$3),"")) -> 63.4554 | BZ8: =IF($A8="","",IFERROR(SUMPRODUCT(('Raw Data'!$B$2:$B$9999="Variant")*('Raw Data'!$A$2:$A$9999=$A8)*('Raw Data'!$C$2:$C$9999=$C$3)*'Raw Data'!$D$2:$D$9999*'Raw Data'!$AB$2:$AB$9999)/SUMIFS('Raw Data'!$D:$D, 'Raw Data'!$B:$B, "Variant", 'Raw Data'!$A:$A, $A8, 'Raw Data'!$C:$C, $C$3),"")) -> 63.304 | CA8: =IF($A8="","",IFERROR((BZ8-BY8)/ABS(BY8),"")) -> -0.0023859278 | CB8: =IF($A8="","",IFERROR(SUMPRODUCT(('Raw Data'!$B$2:$B$9999="Control")*('Raw Data'!$A$2:$A$9999=$A8)*('Raw Data'!$C$2:$C$9999=$C$3)*'Raw Data'!$D$2:$D$9999*'Raw Data'!$AC$2:$AC$9999)/SUMIFS('Raw Data'!$D:$D, 'Raw Data'!$B:$B, "Control", 'Raw Data'!$A:$A, $A8, 'Raw Data'!$C:$C, $C$3),"")) -> 0.8976 | CC8: =IF($A8="","",IFERROR(SUMPRODUCT(('Raw Data'!$B$2:$B$9999="Variant")*('Raw Data'!$A$2:$A$9999=$A8)*('Raw Data'!$C$2:$C$9999=$C$3)*'Raw Data'!$D$2:$D$9999*'Raw Data'!$AC$2:$AC$9999)/SUMIFS('Raw Data'!$D:$D, 'Raw Data'!$B:$B, "Variant", 'Raw Data'!$A:$A, $A8, 'Raw Data'!$C:$C, $C$3),"")) -> 0.878 | CD8: =IF($A8="","",IFERROR((CC8-CB8)/ABS(CB8),"")) -> -0.021836007 | CE8: =IF($A8="","",IFERROR(SUMPRODUCT(('Raw Data'!$B$2:$B$9999="Control")*('Raw Data'!$A$2:$A$9999=$A8)*('Raw Data'!$C$2:$C$9999=$C$3)*'Raw Data'!$D$2:$D$9999*'Raw Data'!$AD$2:$AD$9999)/SUMIFS('Raw Data'!$D:$D, 'Raw Data'!$B:$B, "Control", 'Raw Data'!$A:$A, $A8, 'Raw Data'!$C:$C, $C$3),"")) -> 91.63 | CF8: =IF($A8="","",IFERROR(SUMPRODUCT(('Raw Data'!$B$2:$B$9999="Variant")*('Raw Data'!$A$2:$A$9999=$A8)*('Raw Data'!$C$2:$C$9999=$C$3)*'Raw Data'!$D$2:$D$9999*'Raw Data'!$AD$2:$AD$9999)/SUMIFS('Raw Data'!$D:$D, 'Raw Data'!$B:$B, "Variant", 'Raw Data'!$A:$A, $A8, 'Raw Data'!$C:$C, $C$3),"")) -> 95 | CG8: =IF($A8="","",IFERROR((CF8-CE8)/ABS(CE8),"")) -> 0.036778348 | CH8: =IF($A8="","",IFERROR(SUMPRODUCT(('Raw Data'!$B$2:$B$9999="Control")*('Raw Data'!$A$2:$A$9999=$A8)*('Raw Data'!$C$2:$C$9999=$C$3)*'Raw Data'!$D$2:$D$9999*'Raw Data'!$AE$2:$AE$9999)/SUMIFS('Raw Data'!$D:$D, 'Raw Data'!$B:$B, "Control", 'Raw Data'!$A:$A, $A8, 'Raw Data'!$C:$C, $C$3),"")) -> 36 | CI8: =IF($A8="","",IFERROR(SUMPRODUCT(('Raw Data'!$B$2:$B$9999="Variant")*('Raw Data'!$A$2:$A$9999=$A8)*('Raw Data'!$C$2:$C$9999=$C$3)*'Raw Data'!$D$2:$D$9999*'Raw Data'!$AE$2:$AE$9999)/SUMIFS('Raw Data'!$D:$D, 'Raw Data'!$B:$B, "Variant", 'Raw Data'!$A:$A, $A8, 'Raw Data'!$C:$C, $C$3),"")) -> 39 | CJ8: =IF($A8="","",IFERROR((CI8-CH8)/ABS(CH8),"")) -> 0.083333333 | CK8: =IF($A8="","",IFERROR(SUMPRODUCT(('Raw Data'!$B$2:$B$9999="Control")*('Raw Data'!$A$2:$A$9999=$A8)*('Raw Data'!$C$2:$C$9999=$C$3)*'Raw Data'!$D$2:$D$9999*'Raw Data'!$AF$2:$AF$9999)/SUMIFS('Raw Data'!$D:$D, 'Raw Data'!$B:$B, "Control", 'Raw Data'!$A:$A, $A8, 'Raw Data'!$C:$C, $C$3),"")) -> 78 | CL8: =IF($A8="","",IFERROR(SUMPRODUCT(('Raw Data'!$B$2:$B$9999="Variant")*('Raw Data'!$A$2:$A$9999=$A8)*('Raw Data'!$C$2:$C$9999=$C$3)*'Raw Data'!$D$2:$D$9999*'Raw Data'!$AF$2:$AF$9999)/SUMIFS('Raw Data'!$D:$D, 'Raw Data'!$B:$B, "Variant", 'Raw Data'!$A:$A, $A8, 'Raw Data'!$C:$C, $C$3),"")) -> 82 | CM8: =IF($A8="","",IFERROR((CL8-CK8)/ABS(CK8),"")) -> 0.051282051 | CN8: =IF($A8="","",IFERROR(SUMPRODUCT(('Raw Data'!$B$2:$B$9999="Control")*('Raw Data'!$A$2:$A$9999=$A8)*('Raw Data'!$C$2:$C$9999=$C$3)*'Raw Data'!$D$2:$D$9999*'Raw Data'!$AG$2:$AG$9999)/SUMIFS('Raw Data'!$D:$D, 'Raw Data'!$B:$B, "Control", 'Raw Data'!$A:$A, $A8, 'Raw Data'!$C:$C, $C$3),"")) -> 130 | CO8: =IF($A8="","",IFERROR(SUMPRODUCT(('Raw Data'!$B$2:$B$9999="Variant")*('Raw Data'!$A$2:$A$9999=$A8)*('Raw Data'!$C$2:$C$9999=$C$3)*'Raw Data'!$D$2:$D$9999*'Raw Data'!$AG$2:$AG$9999)/SUMIFS('Raw Data'!$D:$D, 'Raw Data'!$B:$B, "Variant", 'Raw Data'!$A:$A, $A8, 'Raw Data'!$C:$C, $C$3),"")) -> 137 | CP8: =IF($A8="","",IFERROR((CO8-CN8)/ABS(CN8),"")) -> 0.053846154 | CQ8: =IF($A8="","",IFERROR(SUMPRODUCT(('Raw Data'!$B$2:$B$9999="Control")*('Raw Data'!$A$2:$A$9999=$A8)*('Raw Data'!$C$2:$C$9999=$C$3)*'Raw Data'!$D$2:$D$9999*'Raw Data'!$AH$2:$AH$9999)/SUMIFS('Raw Data'!$D:$D, 'Raw Data'!$B:$B, "Control", 'Raw Data'!$A:$A, $A8, 'Raw Data'!$C:$C, $C$3),"")) -> 190 | CR8: =IF($A8="","",IFERROR(SUMPRODUCT(('Raw Data'!$B$2:$B$9999="Variant")*('Raw Data'!$A$2:$A$9999=$A8)*('Raw Data'!$C$2:$C$9999=$C$3)*'Raw Data'!$D$2:$D$9999*'Raw Data'!$AH$2:$AH$9999)/SUMIFS('Raw Data'!$D:$D, 'Raw Data'!$B:$B, "Variant", 'Raw Data'!$A:$A, $A8, 'Raw Data'!$C:$C, $C$3),"")) -> 190 | CS8: =IF($A8="","",IFERROR((CR8-CQ8)/ABS(CQ8),"")) -> 0 | CT8: =IF($A8="","",IFERROR(SUMPRODUCT(('Raw Data'!$B$2:$B$9999="Control")*('Raw Data'!$A$2:$A$9999=$A8)*('Raw Data'!$C$2:$C$9999=$C$3)*'Raw Data'!$D$2:$D$9999*'Raw Data'!$AI$2:$AI$9999)/SUMIFS('Raw Data'!$D:$D, 'Raw Data'!$B:$B, "Control", 'Raw Data'!$A:$A, $A8, 'Raw Data'!$C:$C, $C$3),"")) -> 49.07 | CU8: =IF($A8="","",IFERROR(SUMPRODUCT(('Raw Data'!$B$2:$B$9999="Variant")*('Raw Data'!$A$2:$A$9999=$A8)*('Raw Data'!$C$2:$C$9999=$C$3)*'Raw Data'!$D$2:$D$9999*'Raw Data'!$AI$2:$AI$9999)/SUMIFS('Raw Data'!$D:$D, 'Raw Data'!$B:$B, "Variant", 'Raw Data'!$A:$A, $A8, 'Raw Data'!$C:$C, $C$3),"")) -> 51.51 | CV8: =IF($A8="","",IFERROR((CU8-CT8)/ABS(CT8),"")) -> 0.049724883 | CW8: =IF($A8="","",IFERROR(SUMPRODUCT(('Raw Data'!$B$2:$B$9999="Control")*('Raw Data'!$A$2:$A$9999=$A8)*('Raw Data'!$C$2:$C$9999=$C$3)*'Raw Data'!$D$2:$D$9999*'Raw Data'!$AJ$2:$AJ$9999)/SUMIFS('Raw Data'!$D:$D, 'Raw Data'!$B:$B, "Control", 'Raw Data'!$A:$A, $A8, 'Raw Data'!$C:$C, $C$3),"")) -> 11.86 | CX8: =IF($A8="","",IFERROR(SUMPRODUCT(('Raw Data'!$B$2:$B$9999="Variant")*('Raw Data'!$A$2:$A$9999=$A8)*('Raw Data'!$C$2:$C$9999=$C$3)*'Raw Data'!$D$2:$D$9999*'Raw Data'!$AJ$2:$AJ$9999)/SUMIFS('Raw Data'!$D:$D, 'Raw Data'!$B:$B, "Variant", 'Raw Data'!$A:$A, $A8, 'Raw Data'!$C:$C, $C$3),"")) -> 13.46 | CY8: =IF($A8="","",IFERROR((CX8-CW8)/ABS(CW8),"")) -> 0.13490725 | CZ8: =IF($A8="","",IFERROR(SUMPRODUCT(('Raw Data'!$B$2:$B$9999="Control")*('Raw Data'!$A$2:$A$9999=$A8)*('Raw Data'!$C$2:$C$9999=$C$3)*'Raw Data'!$D$2:$D$9999*'Raw Data'!$AK$2:$AK$9999)/SUMIFS('Raw Data'!$D:$D, 'Raw Data'!$B:$B, "Control", 'Raw Data'!$A:$A, $A8, 'Raw Data'!$C:$C, $C$3),"")) -> 1.4 | DA8: =IF($A8="","",IFERROR(SUMPRODUCT(('Raw Data'!$B$2:$B$9999="Variant")*('Raw Data'!$A$2:$A$9999=$A8)*('Raw Data'!$C$2:$C$9999=$C$3)*'Raw Data'!$D$2:$D$9999*'Raw Data'!$AK$2:$AK$9999)/SUMIFS('Raw Data'!$D:$D, 'Raw Data'!$B:$B, "Variant", 'Raw Data'!$A:$A, $A8, 'Raw Data'!$C:$C, $C$3),"")) -> 2.09 | DB8: =IF($A8="","",IFERROR((DA8-CZ8)/ABS(CZ8),"")) -> 0.49285714 | DC8: =IF($A8="","",IFERROR(SUMPRODUCT(('Raw Data'!$B$2:$B$9999="Control")*('Raw Data'!$A$2:$A$9999=$A8)*('Raw Data'!$C$2:$C$9999=$C$3)*'Raw Data'!$D$2:$D$9999*'Raw Data'!$AL$2:$AL$9999)/SUMIFS('Raw Data'!$D:$D, 'Raw Data'!$B:$B, "Control", 'Raw Data'!$A:$A, $A8, 'Raw Data'!$C:$C, $C$3),"")) -> 0.0907 | DD8: =IF($A8="","",IFERROR(SUMPRODUCT(('Raw Data'!$B$2:$B$9999="Variant")*('Raw Data'!$A$2:$A$9999=$A8)*('Raw Data'!$C$2:$C$9999=$C$3)*'Raw Data'!$D$2:$D$9999*'Raw Data'!$AL$2:$AL$9999)/SUMIFS('Raw Data'!$D:$D, 'Raw Data'!$B:$B, "Variant", 'Raw Data'!$A:$A, $A8, 'Raw Data'!$C:$C, $C$3),"")) -> 0.0928 | DE8: =IF($A8="","",IFERROR((DD8-DC8)/ABS(DC8),"")) -> 0.023153252 | DG8: =IF($A8="","",IFERROR(SUMPRODUCT(('Raw Data'!$B$2:$B$9999="Variant")*('Raw Data'!$A$2:$A$9999=$A8)*('Raw Data'!$C$2:$C$9999=$C$3)*'Raw Data'!$D$2:$D$9999*'Raw Data'!$AM$2:$AM$9999)/SUMIFS('Raw Data'!$D:$D, 'Raw Data'!$B:$B, "Variant", 'Raw Data'!$A:$A, $A8, 'Raw Data'!$C:$C, $C$3),"")) -> 68.68 | DJ8: =IF($A8="","",IFERROR(SUMPRODUCT(('Raw Data'!$B$2:$B$9999="Variant")*('Raw Data'!$A$2:$A$9999=$A8)*('Raw Data'!$C$2:$C$9999=$C$3)*'Raw Data'!$D$2:$D$9999*'Raw Data'!$AN$2:$AN$9999)/SUMIFS('Raw Data'!$D:$D, 'Raw Data'!$B:$B, "Variant", 'Raw Data'!$A:$A, $A8, 'Raw Data'!$C:$C, $C$3),"")) -> 68.68 | DM8: =IF($A8="","",IFERROR(SUMPRODUCT(('Raw Data'!$B$2:$B$9999="Variant")*('Raw Data'!$A$2:$A$9999=$A8)*('Raw Data'!$C$2:$C$9999=$C$3)*'Raw Data'!$D$2:$D$9999*'Raw Data'!$AO$2:$AO$9999)/SUMIFS('Raw Data'!$D:$D, 'Raw Data'!$B:$B, "Variant", 'Raw Data'!$A:$A, $A8, 'Raw Data'!$C:$C, $C$3),"")) -> 44.32 | DP8: =IF($A8="","",IFERROR(SUMPRODUCT(('Raw Data'!$B$2:$B$9999="Variant")*('Raw Data'!$A$2:$A$9999=$A8)*('Raw Data'!$C$2:$C$9999=$C$3)*'Raw Data'!$D$2:$D$9999*'Raw Data'!$AP$2:$AP$9999)/SUMIFS('Raw Data'!$D:$D, 'Raw Data'!$B:$B, "Variant", 'Raw Data'!$A:$A, $A8, 'Raw Data'!$C:$C, $C$3),"")) -> 29.93 | DR8: =IF($A8="","",IFERROR(SUMPRODUCT(('Raw Data'!$B$2:$B$9999="Control")*('Raw Data'!$A$2:$A$9999=$A8)*('Raw Data'!$C$2:$C$9999=$C$3)*'Raw Data'!$D$2:$D$9999*'Raw Data'!$AQ$2:$AQ$9999)/SUMIFS('Raw Data'!$D:$D, 'Raw Data'!$B:$B, "Control", 'Raw Data'!$A:$A, $A8, 'Raw Data'!$C:$C, $C$3),"")) -> 32.7279 | DS8: =IF($A8="","",IFERROR(SUMPRODUCT(('Raw Data'!$B$2:$B$9999="Variant")*('Raw Data'!$A$2:$A$9999=$A8)*('Raw Data'!$C$2:$C$9999=$C$3)*'Raw Data'!$D$2:$D$9999*'Raw Data'!$AQ$2:$AQ$9999)/SUMIFS('Raw Data'!$D:$D, 'Raw Data'!$B:$B, "Variant", 'Raw Data'!$A:$A, $A8, 'Raw Data'!$C:$C, $C$3),"")) -> 33.6729 | DT8: =IF($A8="","",IFERROR((DS8-DR8)/ABS(DR8),"")) -> 0.028874447 | DU8: =IF($A8="","",IFERROR(SUMPRODUCT(('Raw Data'!$B$2:$B$9999="Control")*('Raw Data'!$A$2:$A$9999=$A8)*('Raw Data'!$C$2:$C$9999=$C$3)*'Raw Data'!$D$2:$D$9999*'Raw Data'!$AR$2:$AR$9999)/SUMIFS('Raw Data'!$D:$D, 'Raw Data'!$B:$B, "Control", 'Raw Data'!$A:$A, $A8, 'Raw Data'!$C:$C, $C$3),"")) -> 4.7349 | DV8: =IF($A8="","",IFERROR(SUMPRODUCT(('Raw Data'!$B$2:$B$9999="Variant")*('Raw Data'!$A$2:$A$9999=$A8)*('Raw Data'!$C$2:$C$9999=$C$3)*'Raw Data'!$D$2:$D$9999*'Raw Data'!$AR$2:$AR$9999)/SUMIFS('Raw Data'!$D:$D, 'Raw Data'!$B:$B, "Variant", 'Raw Data'!$A:$A, $A8, 'Raw Data'!$C:$C, $C$3),"")) -> 3.7935 | DW8: =IF($A8="","",IFERROR((DV8-DU8)/ABS(DU8),"")) -> -0.19882152 | DX8: =IF($A8="","",IFERROR(SUMPRODUCT(('Raw Data'!$B$2:$B$9999="Control")*('Raw Data'!$A$2:$A$9999=$A8)*('Raw Data'!$C$2:$C$9999=$C$3)*'Raw Data'!$D$2:$D$9999*'Raw Data'!$AS$2:$AS$9999)/SUMIFS('Raw Data'!$D:$D, 'Raw Data'!$B:$B, "Control", 'Raw Data'!$A:$A, $A8, 'Raw Data'!$C:$C, $C$3),"")) -> 27.993 | DY8: =IF($A8="","",IFERROR(SUMPRODUCT(('Raw Data'!$B$2:$B$9999="Variant")*('Raw Data'!$A$2:$A$9999=$A8)*('Raw Data'!$C$2:$C$9999=$C$3)*'Raw Data'!$D$2:$D$9999*'Raw Data'!$AS$2:$AS$9999)/SUMIFS('Raw Data'!$D:$D, 'Raw Data'!$B:$B, "Variant", 'Raw Data'!$A:$A, $A8, 'Raw Data'!$C:$C, $C$3),"")) -> 29.8794 | DZ8: =IF($A8="","",IFERROR((DY8-DX8)/ABS(DX8),"")) -> 0.067388276 | EA8: =IF($A8="","",IFERROR(SUMPRODUCT(('Raw Data'!$B$2:$B$9999="Control")*('Raw Data'!$A$2:$A$9999=$A8)*('Raw Data'!$C$2:$C$9999=$C$3)*'Raw Data'!$D$2:$D$9999*'Raw Data'!$AT$2:$AT$9999)/SUMIFS('Raw Data'!$D:$D, 'Raw Data'!$B:$B, "Control", 'Raw Data'!$A:$A, $A8, 'Raw Data'!$C:$C, $C$3),"")) -> 36.3884 | EB8: =IF($A8="","",IFERROR(SUMPRODUCT(('Raw Data'!$B$2:$B$9999="Variant")*('Raw Data'!$A$2:$A$9999=$A8)*('Raw Data'!$C$2:$C$9999=$C$3)*'Raw Data'!$D$2:$D$9999*'Raw Data'!$AT$2:$AT$9999)/SUMIFS('Raw Data'!$D:$D, 'Raw Data'!$B:$B, "Variant", 'Raw Data'!$A:$A, $A8, 'Raw Data'!$C:$C, $C$3),"")) -> 39.4919 | EC8: =IF($A8="","",IFERROR((EB8-EA8)/ABS(EA8),"")) -> 0.085288169 | ED8: =IF($A8="","",IFERROR(SUMPRODUCT(('Raw Data'!$B$2:$B$9999="Control")*('Raw Data'!$A$2:$A$9999=$A8)*('Raw Data'!$C$2:$C$9999=$C$3)*'Raw Data'!$D$2:$D$9999*('Raw Data'!$AQ$2:$AQ$9999-'Raw Data'!$AT$2:$AT$9999))/SUMIFS('Raw Data'!$D:$D, 'Raw Data'!$B:$B, "Control", 'Raw Data'!$A:$A, $A8, 'Raw Data'!$C:$C, $C$3),"")) -> -3.6605 | EE8: =IF($A8="","",IFERROR(SUMPRODUCT(('Raw Data'!$B$2:$B$9999="Variant")*('Raw Data'!$A$2:$A$9999=$A8)*('Raw Data'!$C$2:$C$9999=$C$3)*'Raw Data'!$D$2:$D$9999*('Raw Data'!$AQ$2:$AQ$9999-'Raw Data'!$AT$2:$AT$9999))/SUMIFS('Raw Data'!$D:$D, 'Raw Data'!$B:$B, "Variant", 'Raw Data'!$A:$A, $A8, 'Raw Data'!$C:$C, $C$3),"")) -> -5.819 | EF8: =IF($A8="","",IFERROR((EE8-ED8)/ABS(ED8),"")) -> -0.58967354 | EG8: =IF($A8="","",IFERROR(SUMPRODUCT(('Raw Data'!$B$2:$B$9999="Control")*('Raw Data'!$A$2:$A$9999=$A8)*('Raw Data'!$C$2:$C$9999=$C$3)*'Raw Data'!$D$2:$D$9999*'Raw Data'!$AU$2:$AU$9999)/SUMIFS('Raw Data'!$D:$D, 'Raw Data'!$B:$B, "Control", 'Raw Data'!$A:$A, $A8, 'Raw Data'!$C:$C, $C$3),"")) -> 0.2352 | EH8: =IF($A8="","",IFERROR(SUMPRODUCT(('Raw Data'!$B$2:$B$9999="Variant")*('Raw Data'!$A$2:$A$9999=$A8)*('Raw Data'!$C$2:$C$9999=$C$3)*'Raw Data'!$D$2:$D$9999*'Raw Data'!$AU$2:$AU$9999)/SUMIFS('Raw Data'!$D:$D, 'Raw Data'!$B:$B, "Variant", 'Raw Data'!$A:$A, $A8, 'Raw Data'!$C:$C, $C$3),"")) -> 0.2464 | EI8: =IF($A8="","",IFERROR((EH8-EG8)/ABS(EG8),"")) -> 0.047619048
