Workbook

Sheet By Bucket
A1: A/B Test Summary By 7d Completion Bucket
A3: Category | B3: Metric | C3: 0 | F3: 1-9 | I3: 10-19 | L3: 20-39 | O3: 40-99 | R3: 100+
C4: Control | D4: Variant | E4: Δ % | F4: Control | G4: Variant | H4: Δ % | I4: Control | J4: Variant | K4: Δ % | L4: Control | M4: Variant | N4: Δ % | O4: Control | P4: Variant | Q4: Δ % | R4: Control | S4: Variant | T4: Δ %
A5: Players
B6: Players (sum) | C6: =SUMIFS(Raw_Data_Daily!$D:$D, Raw_Data_Daily!$B:$B, "Control", Raw_Data_Daily!$C:$C, "A. 0") -> 0 | D6: =SUMIFS(Raw_Data_Daily!$D:$D, Raw_Data_Daily!$B:$B, "Variant", Raw_Data_Daily!$C:$C, "A. 0") -> 0 | E6: =IFERROR((D6-C6)/ABS(C6),"") | F6: =SUMIFS(Raw_Data_Daily!$D:$D, Raw_Data_Daily!$B:$B, "Control", Raw_Data_Daily!$C:$C, "B. 1-9") -> 61400 | G6: =SUMIFS(Raw_Data_Daily!$D:$D, Raw_Data_Daily!$B:$B, "Variant", Raw_Data_Daily!$C:$C, "B. 1-9") -> 61508 | H6: =IFERROR((G6-F6)/ABS(F6),"") -> 0.0017589577 | I6: =SUMIFS(Raw_Data_Daily!$D:$D, Raw_Data_Daily!$B:$B, "Control", Raw_Data_Daily!$C:$C, "C. 10-19") -> 43234 | J6: =SUMIFS(Raw_Data_Daily!$D:$D, Raw_Data_Daily!$B:$B, "Variant", Raw_Data_Daily!$C:$C, "C. 10-19") -> 44265 | K6: =IFERROR((J6-I6)/ABS(I6),"") -> 0.023846972 | L6: =SUMIFS(Raw_Data_Daily!$D:$D, Raw_Data_Daily!$B:$B, "Control", Raw_Data_Daily!$C:$C, "D. 20-39") -> 37201 | M6: =SUMIFS(Raw_Data_Daily!$D:$D, Raw_Data_Daily!$B:$B, "Variant", Raw_Data_Daily!$C:$C, "D. 20-39") -> 37039 | N6: =IFERROR((M6-L6)/ABS(L6),"") -> -0.0043547216 | O6: =SUMIFS(Raw_Data_Daily!$D:$D, Raw_Data_Daily!$B:$B, "Control", Raw_Data_Daily!$C:$C, "E. 40-99") -> 23787 | P6: =SUMIFS(Raw_Data_Daily!$D:$D, Raw_Data_Daily!$B:$B, "Variant", Raw_Data_Daily!$C:$C, "E. 40-99") -> 22845 | Q6: =IFERROR((P6-O6)/ABS(O6),"") -> -0.039601463 | R6: =SUMIFS(Raw_Data_Daily!$D:$D, Raw_Data_Daily!$B:$B, "Control", Raw_Data_Daily!$C:$C, "F. 100+") -> 3548 | S6: =SUMIFS(Raw_Data_Daily!$D:$D, Raw_Data_Daily!$B:$B, "Variant", Raw_Data_Daily!$C:$C, "F. 100+") -> 3283 | T6: =IFERROR((S6-R6)/ABS(R6),"") -> -0.074689966
A7: Revenue
B8: Total revenue | C8: =SUMIFS(Raw_Data_Daily!$F:$F, Raw_Data_Daily!$B:$B, "Control", Raw_Data_Daily!$C:$C, "A. 0") -> 0 | D8: =SUMIFS(Raw_Data_Daily!$F:$F, Raw_Data_Daily!$B:$B, "Variant", Raw_Data_Daily!$C:$C, "A. 0") -> 0 | E8: =IFERROR((D8-C8)/ABS(C8),"") | F8: =SUMIFS(Raw_Data_Daily!$F:$F, Raw_Data_Daily!$B:$B, "Control", Raw_Data_Daily!$C:$C, "B. 1-9") -> 2317.41 | G8: =SUMIFS(Raw_Data_Daily!$F:$F, Raw_Data_Daily!$B:$B, "Variant", Raw_Data_Daily!$C:$C, "B. 1-9") -> 2128.97 | H8: =IFERROR((G8-F8)/ABS(F8),"") -> -0.081314916 | I8: =SUMIFS(Raw_Data_Daily!$F:$F, Raw_Data_Daily!$B:$B, "Control", Raw_Data_Daily!$C:$C, "C. 10-19") -> 3818.71 | J8: =SUMIFS(Raw_Data_Daily!$F:$F, Raw_Data_Daily!$B:$B, "Variant", Raw_Data_Daily!$C:$C, "C. 10-19") -> 4047.88 | K8: =IFERROR((J8-I8)/ABS(I8),"") -> 0.060012413 | L8: =SUMIFS(Raw_Data_Daily!$F:$F, Raw_Data_Daily!$B:$B, "Control", Raw_Data_Daily!$C:$C, "D. 20-39") -> 6700.02 | M8: =SUMIFS(Raw_Data_Daily!$F:$F, Raw_Data_Daily!$B:$B, "Variant", Raw_Data_Daily!$C:$C, "D. 20-39") -> 5209.65 | N8: =IFERROR((M8-L8)/ABS(L8),"") -> -0.22244262 | O8: =SUMIFS(Raw_Data_Daily!$F:$F, Raw_Data_Daily!$B:$B, "Control", Raw_Data_Daily!$C:$C, "E. 40-99") -> 9072.24 | P8: =SUMIFS(Raw_Data_Daily!$F:$F, Raw_Data_Daily!$B:$B, "Variant", Raw_Data_Daily!$C:$C, "E. 40-99") -> 8063.71 | Q8: =IFERROR((P8-O8)/ABS(O8),"") -> -0.11116659 | R8: =SUMIFS(Raw_Data_Daily!$F:$F, Raw_Data_Daily!$B:$B, "Control", Raw_Data_Daily!$C:$C, "F. 100+") -> 3100.98 | S8: =SUMIFS(Raw_Data_Daily!$F:$F, Raw_Data_Daily!$B:$B, "Variant", Raw_Data_Daily!$C:$C, "F. 100+") -> 2891.01 | T8: =IFERROR((S8-R8)/ABS(R8),"") -> -0.067710853
B9: ARPDAU | C9: =IFERROR(SUMIFS(Raw_Data_Daily!$F:$F, Raw_Data_Daily!$B:$B, "Control", Raw_Data_Daily!$C:$C, "A. 0")/SUMIFS(Raw_Data_Daily!$D:$D, Raw_Data_Daily!$B:$B, "Control", Raw_Data_Daily!$C:$C, "A. 0"),"") | D9: =IFERROR(SUMIFS(Raw_Data_Daily!$F:$F, Raw_Data_Daily!$B:$B, "Variant", Raw_Data_Daily!$C:$C, "A. 0")/SUMIFS(Raw_Data_Daily!$D:$D, Raw_Data_Daily!$B:$B, "Variant", Raw_Data_Daily!$C:$C, "A. 0"),"") | E9: =IFERROR((D9-C9)/ABS(C9),"") | F9: =IFERROR(SUMIFS(Raw_Data_Daily!$F:$F, Raw_Data_Daily!$B:$B, "Control", Raw_Data_Daily!$C:$C, "B. 1-9")/SUMIFS(Raw_Data_Daily!$D:$D, Raw_Data_Daily!$B:$B, "Control", Raw_Data_Daily!$C:$C, "B. 1-9"),"") -> 0.037742834 | G9: =IFERROR(SUMIFS(Raw_Data_Daily!$F:$F, Raw_Data_Daily!$B:$B, "Variant", Raw_Data_Daily!$C:$C, "B. 1-9")/SUMIFS(Raw_Data_Daily!$D:$D, Raw_Data_Daily!$B:$B, "Variant", Raw_Data_Daily!$C:$C, "B. 1-9"),"") -> 0.034612896 | H9: =IFERROR((G9-F9)/ABS(F9),"") -> -0.082928007 | I9: =IFERROR(SUMIFS(Raw_Data_Daily!$F:$F, Raw_Data_Daily!$B:$B, "Control", Raw_Data_Daily!$C:$C, "C. 10-19")/SUMIFS(Raw_Data_Daily!$D:$D, Raw_Data_Daily!$B:$B, "Control", Raw_Data_Daily!$C:$C, "C. 10-19"),"") -> 0.088326549 | J9: =IFERROR(SUMIFS(Raw_Data_Daily!$F:$F, Raw_Data_Daily!$B:$B, "Variant", Raw_Data_Daily!$C:$C, "C. 10-19")/SUMIFS(Raw_Data_Daily!$D:$D, Raw_Data_Daily!$B:$B, "Variant", Raw_Data_Daily!$C:$C, "C. 10-19"),"") -> 0.091446515 | K9: =IFERROR((J9-I9)/ABS(I9),"") -> 0.035323091 | L9: =IFERROR(SUMIFS(Raw_Data_Daily!$F:$F, Raw_Data_Daily!$B:$B, "Control", Raw_Data_Daily!$C:$C, "D. 20-39")/SUMIFS(Raw_Data_Daily!$D:$D, Raw_Data_Daily!$B:$B, "Control", Raw_Data_Daily!$C:$C, "D. 20-39"),"") -> 0.18010322 | M9: =IFERROR(SUMIFS(Raw_Data_Daily!$F:$F, Raw_Data_Daily!$B:$B, "Variant", Raw_Data_Daily!$C:$C, "D. 20-39")/SUMIFS(Raw_Data_Daily!$D:$D, Raw_Data_Daily!$B:$B, "Variant", Raw_Data_Daily!$C:$C, "D. 20-39"),"") -> 0.1406531 | N9: =IFERROR((M9-L9)/ABS(L9),"") -> -0.21904176 | O9: =IFERROR(SUMIFS(Raw_Data_Daily!$F:$F, Raw_Data_Daily!$B:$B, "Control", Raw_Data_Daily!$C:$C, "E. 40-99")/SUMIFS(Raw_Data_Daily!$D:$D, Raw_Data_Daily!$B:$B, "Control", Raw_Data_Daily!$C:$C, "E. 40-99"),"") -> 0.38139488 | P9: =IFERROR(SUMIFS(Raw_Data_Daily!$F:$F, Raw_Data_Daily!$B:$B, "Variant", Raw_Data_Daily!$C:$C, "E. 40-99")/SUMIFS(Raw_Data_Daily!$D:$D, Raw_Data_Daily!$B:$B, "Variant", Raw_Data_Daily!$C:$C, "E. 40-99"),"") -> 0.35297483 | Q9: =IFERROR((P9-O9)/ABS(O9),"") -> -0.074516074 | R9: =IFERROR(SUMIFS(Raw_Data_Daily!$F:$F, Raw_Data_Daily!$B:$B, "Control", Raw_Data_Daily!$C:$C, "F. 100+")/SUMIFS(Raw_Data_Daily!$D:$D, Raw_Data_Daily!$B:$B, "Control", Raw_Data_Daily!$C:$C, "F. 100+"),"") -> 0.87400789 | S9: =IFERROR(SUMIFS(Raw_Data_Daily!$F:$F, Raw_Data_Daily!$B:$B, "Variant", Raw_Data_Daily!$C:$C, "F. 100+")/SUMIFS(Raw_Data_Daily!$D:$D, Raw_Data_Daily!$B:$B, "Variant", Raw_Data_Daily!$C:$C, "F. 100+"),"") -> 0.88060006 | T9: =IFERROR((S9-R9)/ABS(R9),"") -> 0.0075424595
B10: AVG Payer day (%) | C10: =IFERROR(SUMPRODUCT((Raw_Data_Daily!$B$2:$B$9999="Control")*(Raw_Data_Daily!$C$2:$C$9999="A. 0")*Raw_Data_Daily!$D$2:$D$9999*Raw_Data_Daily!$H$2:$H$9999/100)/SUMIFS(Raw_Data_Daily!$D:$D, Raw_Data_Daily!$B:$B, "Control", Raw_Data_Daily!$C:$C, "A. 0")*100,"") | D10: =IFERROR(SUMPRODUCT((Raw_Data_Daily!$B$2:$B$9999="Variant")*(Raw_Data_Daily!$C$2:$C$9999="A. 0")*Raw_Data_Daily!$D$2:$D$9999*Raw_Data_Daily!$H$2:$H$9999/100)/SUMIFS(Raw_Data_Daily!$D:$D, Raw_Data_Daily!$B:$B, "Variant", Raw_Data_Daily!$C:$C, "A. 0")*100,"") | E10: =IFERROR((D10-C10)/ABS(C10),"") | F10: =IFERROR(SUMPRODUCT((Raw_Data_Daily!$B$2:$B$9999="Control")*(Raw_Data_Daily!$C$2:$C$9999="B. 1-9")*Raw_Data_Daily!$D$2:$D$9999*Raw_Data_Daily!$H$2:$H$9999/100)/SUMIFS(Raw_Data_Daily!$D:$D, Raw_Data_Daily!$B:$B, "Control", Raw_Data_Daily!$C:$C, "B. 1-9")*100,"") -> 1.4614308 | G10: =IFERROR(SUMPRODUCT((Raw_Data_Daily!$B$2:$B$9999="Variant")*(Raw_Data_Daily!$C$2:$C$9999="B. 1-9")*Raw_Data_Daily!$D$2:$D$9999*Raw_Data_Daily!$H$2:$H$9999/100)/SUMIFS(Raw_Data_Daily!$D:$D, Raw_Data_Daily!$B:$B, "Variant", Raw_Data_Daily!$C:$C, "B. 1-9")*100,"") -> 1.2815624 | H10: =IFERROR((G10-F10)/ABS(F10),"") -> -0.12307691 | I10: =IFERROR(SUMPRODUCT((Raw_Data_Daily!$B$2:$B$9999="Control")*(Raw_Data_Daily!$C$2:$C$9999="C. 10-19")*Raw_Data_Daily!$D$2:$D$9999*Raw_Data_Daily!$H$2:$H$9999/100)/SUMIFS(Raw_Data_Daily!$D:$D, Raw_Data_Daily!$B:$B, "Control", Raw_Data_Daily!$C:$C, "C. 10-19")*100,"") -> 2.4646459 | J10: =IFERROR(SUMPRODUCT((Raw_Data_Daily!$B$2:$B$9999="Variant")*(Raw_Data_Daily!$C$2:$C$9999="C. 10-19")*Raw_Data_Daily!$D$2:$D$9999*Raw_Data_Daily!$H$2:$H$9999/100)/SUMIFS(Raw_Data_Daily!$D:$D, Raw_Data_Daily!$B:$B, "Variant", Raw_Data_Daily!$C:$C, "C. 10-19")*100,"") -> 2.5198118 | K10: =IFERROR((J10-I10)/ABS(I10),"") -> 0.022382905 | L10: =IFERROR(SUMPRODUCT((Raw_Data_Daily!$B$2:$B$9999="Control")*(Raw_Data_Daily!$C$2:$C$9999="D. 20-39")*Raw_Data_Daily!$D$2:$D$9999*Raw_Data_Daily!$H$2:$H$9999/100)/SUMIFS(Raw_Data_Daily!$D:$D, Raw_Data_Daily!$B:$B, "Control", Raw_Data_Daily!$C:$C, "D. 20-39")*100,"") -> 3.585867 | M10: =IFERROR(SUMPRODUCT((Raw_Data_Daily!$B$2:$B$9999="Variant")*(Raw_Data_Daily!$C$2:$C$9999="D. 20-39")*Raw_Data_Daily!$D$2:$D$9999*Raw_Data_Daily!$H$2:$H$9999/100)/SUMIFS(Raw_Data_Daily!$D:$D, Raw_Data_Daily!$B:$B, "Variant", Raw_Data_Daily!$C:$C, "D. 20-39")*100,"") -> 3.3228106 | N10: =IFERROR((M10-L10)/ABS(L10),"") -> -0.073359244 | O10: =IFERROR(SUMPRODUCT((Raw_Data_Daily!$B$2:$B$9999="Control")*(Raw_Data_Daily!$C$2:$C$9999="E. 40-99")*Raw_Data_Daily!$D$2:$D$9999*Raw_Data_Daily!$H$2:$H$9999/100)/SUMIFS(Raw_Data_Daily!$D:$D, Raw_Data_Daily!$B:$B, "Control", Raw_Data_Daily!$C:$C, "E. 40-99")*100,"") -> 5.796026 | P10: =IFERROR(SUMPRODUCT((Raw_Data_Daily!$B$2:$B$9999="Variant")*(Raw_Data_Daily!$C$2:$C$9999="E. 40-99")*Raw_Data_Daily!$D$2:$D$9999*Raw_Data_Daily!$H$2:$H$9999/100)/SUMIFS(Raw_Data_Daily!$D:$D, Raw_Data_Daily!$B:$B, "Variant", Raw_Data_Daily!$C:$C, "E. 40-99")*100,"") -> 5.3695798 | Q10: =IFERROR((P10-O10)/ABS(O10),"") -> -0.07357562 | R10: =IFERROR(SUMPRODUCT((Raw_Data_Daily!$B$2:$B$9999="Control")*(Raw_Data_Daily!$C$2:$C$9999="F. 100+")*Raw_Data_Daily!$D$2:$D$9999*Raw_Data_Daily!$H$2:$H$9999/100)/SUMIFS(Raw_Data_Daily!$D:$D, Raw_Data_Daily!$B:$B, "Control", Raw_Data_Daily!$C:$C, "F. 100+")*100,"") -> 8.2295237 | S10: =IFERROR(SUMPRODUCT((Raw_Data_Daily!$B$2:$B$9999="Variant")*(Raw_Data_Daily!$C$2:$C$9999="F. 100+")*Raw_Data_Daily!$D$2:$D$9999*Raw_Data_Daily!$H$2:$H$9999/100)/SUMIFS(Raw_Data_Daily!$D:$D, Raw_Data_Daily!$B:$B, "Variant", Raw_Data_Daily!$C:$C, "F. 100+")*100,"") -> 7.674633 | T10: =IFERROR((S10-R10)/ABS(R10),"") -> -0.067426833
B11: ARPPU | C11: =IFERROR(SUMIFS(Raw_Data_Daily!$F:$F, Raw_Data_Daily!$B:$B, "Control", Raw_Data_Daily!$C:$C, "A. 0")/SUMPRODUCT((Raw_Data_Daily!$B$2:$B$9999="Control")*(Raw_Data_Daily!$C$2:$C$9999="A. 0")*Raw_Data_Daily!$D$2:$D$9999*Raw_Data_Daily!$H$2:$H$9999/100),"") | D11: =IFERROR(SUMIFS(Raw_Data_Daily!$F:$F, Raw_Data_Daily!$B:$B, "Variant", Raw_Data_Daily!$C:$C, "A. 0")/SUMPRODUCT((Raw_Data_Daily!$B$2:$B$9999="Variant")*(Raw_Data_Daily!$C$2:$C$9999="A. 0")*Raw_Data_Daily!$D$2:$D$9999*Raw_Data_Daily!$H$2:$H$9999/100),"") | E11: =IFERROR((D11-C11)/ABS(C11),"") | F11: =IFERROR(SUMIFS(Raw_Data_Daily!$F:$F, Raw_Data_Daily!$B:$B, "Control", Raw_Data_Daily!$C:$C, "B. 1-9")/SUMPRODUCT((Raw_Data_Daily!$B$2:$B$9999="Control")*(Raw_Data_Daily!$C$2:$C$9999="B. 1-9")*Raw_Data_Daily!$D$2:$D$9999*Raw_Data_Daily!$H$2:$H$9999/100),"") -> 2.5825947 | G11: =IFERROR(SUMIFS(Raw_Data_Daily!$F:$F, Raw_Data_Daily!$B:$B, "Variant", Raw_Data_Daily!$C:$C, "B. 1-9")/SUMPRODUCT((Raw_Data_Daily!$B$2:$B$9999="Variant")*(Raw_Data_Daily!$C$2:$C$9999="B. 1-9")*Raw_Data_Daily!$D$2:$D$9999*Raw_Data_Daily!$H$2:$H$9999/100),"") -> 2.7008358 | H11: =IFERROR((G11-F11)/ABS(F11),"") -> 0.045783835 | I11: =IFERROR(SUMIFS(Raw_Data_Daily!$F:$F, Raw_Data_Daily!$B:$B, "Control", Raw_Data_Daily!$C:$C, "C. 10-19")/SUMPRODUCT((Raw_Data_Daily!$B$2:$B$9999="Control")*(Raw_Data_Daily!$C$2:$C$9999="C. 10-19")*Raw_Data_Daily!$D$2:$D$9999*Raw_Data_Daily!$H$2:$H$9999/100),"") -> 3.583742 | J11: =IFERROR(SUMIFS(Raw_Data_Daily!$F:$F, Raw_Data_Daily!$B:$B, "Variant", Raw_Data_Daily!$C:$C, "C. 10-19")/SUMPRODUCT((Raw_Data_Daily!$B$2:$B$9999="Variant")*(Raw_Data_Daily!$C$2:$C$9999="C. 10-19")*Raw_Data_Daily!$D$2:$D$9999*Raw_Data_Daily!$H$2:$H$9999/100),"") -> 3.629101 | K11: =IFERROR((J11-I11)/ABS(I11),"") -> 0.012656889 | L11: =IFERROR(SUMIFS(Raw_Data_Daily!$F:$F, Raw_Data_Daily!$B:$B, "Control", Raw_Data_Daily!$C:$C, "D. 20-39")/SUMPRODUCT((Raw_Data_Daily!$B$2:$B$9999="Control")*(Raw_Data_Daily!$C$2:$C$9999="D. 20-39")*Raw_Data_Daily!$D$2:$D$9999*Raw_Data_Daily!$H$2:$H$9999/100),"") -> 5.0225851 | M11: =IFERROR(SUMIFS(Raw_Data_Daily!$F:$F, Raw_Data_Daily!$B:$B, "Variant", Raw_Data_Daily!$C:$C, "D. 20-39")/SUMPRODUCT((Raw_Data_Daily!$B$2:$B$9999="Variant")*(Raw_Data_Daily!$C$2:$C$9999="D. 20-39")*Raw_Data_Daily!$D$2:$D$9999*Raw_Data_Daily!$H$2:$H$9999/100),"") -> 4.2329556 | N11: =IFERROR((M11-L11)/ABS(L11),"") -> -0.15721575 | O11: =IFERROR(SUMIFS(Raw_Data_Daily!$F:$F, Raw_Data_Daily!$B:$B, "Control", Raw_Data_Daily!$C:$C, "E. 40-99")/SUMPRODUCT((Raw_Data_Daily!$B$2:$B$9999="Control")*(Raw_Data_Daily!$C$2:$C$9999="E. 40-99")*Raw_Data_Daily!$D$2:$D$9999*Raw_Data_Daily!$H$2:$H$9999/100),"") -> 6.5802824 | P11: =IFERROR(SUMIFS(Raw_Data_Daily!$F:$F, Raw_Data_Daily!$B:$B, "Variant", Raw_Data_Daily!$C:$C, "E. 40-99")/SUMPRODUCT((Raw_Data_Daily!$B$2:$B$9999="Variant")*(Raw_Data_Daily!$C$2:$C$9999="E. 40-99")*Raw_Data_Daily!$D$2:$D$9999*Raw_Data_Daily!$H$2:$H$9999/100),"") -> 6.5736025 | Q11: =IFERROR((P11-O11)/ABS(O11),"") -> -0.0010151444 | R11: =IFERROR(SUMIFS(Raw_Data_Daily!$F:$F, Raw_Data_Daily!$B:$B, "Control", Raw_Data_Daily!$C:$C, "F. 100+")/SUMPRODUCT((Raw_Data_Daily!$B$2:$B$9999="Control")*(Raw_Data_Daily!$C$2:$C$9999="F. 100+")*Raw_Data_Daily!$D$2:$D$9999*Raw_Data_Daily!$H$2:$H$9999/100),"") -> 10.620395 | S11: =IFERROR(SUMIFS(Raw_Data_Daily!$F:$F, Raw_Data_Daily!$B:$B, "Variant", Raw_Data_Daily!$C:$C, "F. 100+")/SUMPRODUCT((Raw_Data_Daily!$B$2:$B$9999="Variant")*(Raw_Data_Daily!$C$2:$C$9999="F. 100+")*Raw_Data_Daily!$D$2:$D$9999*Raw_Data_Daily!$H$2:$H$9999/100),"") -> 11.474165 | T11: =IFERROR((S11-R11)/ABS(R11),"") -> 0.080389716
A12: Engagement
B13: Time spent (mins) | C13: =IFERROR(SUMPRODUCT((Raw_Data_Daily!$B$2:$B$9999="Control")*(Raw_Data_Daily!$C$2:$C$9999="A. 0")*Raw_Data_Daily!$D$2:$D$9999*Raw_Data_Daily!$J$2:$J$9999)/SUMIFS(Raw_Data_Daily!$D:$D, Raw_Data_Daily!$B:$B, "Control", Raw_Data_Daily!$C:$C, "A. 0"),"") | D13: =IFERROR(SUMPRODUCT((Raw_Data_Daily!$B$2:$B$9999="Variant")*(Raw_Data_Daily!$C$2:$C$9999="A. 0")*Raw_Data_Daily!$D$2:$D$9999*Raw_Data_Daily!$J$2:$J$9999)/SUMIFS(Raw_Data_Daily!$D:$D, Raw_Data_Daily!$B:$B, "Variant", Raw_Data_Daily!$C:$C, "A. 0"),"") | E13: =IFERROR((D13-C13)/ABS(C13),"") | F13: =IFERROR(SUMPRODUCT((Raw_Data_Daily!$B$2:$B$9999="Control")*(Raw_Data_Daily!$C$2:$C$9999="B. 1-9")*Raw_Data_Daily!$D$2:$D$9999*Raw_Data_Daily!$J$2:$J$9999)/SUMIFS(Raw_Data_Daily!$D:$D, Raw_Data_Daily!$B:$B, "Control", Raw_Data_Daily!$C:$C, "B. 1-9"),"") -> 30.071323 | G13: =IFERROR(SUMPRODUCT((Raw_Data_Daily!$B$2:$B$9999="Variant")*(Raw_Data_Daily!$C$2:$C$9999="B. 1-9")*Raw_Data_Daily!$D$2:$D$9999*Raw_Data_Daily!$J$2:$J$9999)/SUMIFS(Raw_Data_Daily!$D:$D, Raw_Data_Daily!$B:$B, "Variant", Raw_Data_Daily!$C:$C, "B. 1-9"),"") -> 29.186232 | H13: =IFERROR((G13-F13)/ABS(F13),"") -> -0.029433072 | I13: =IFERROR(SUMPRODUCT((Raw_Data_Daily!$B$2:$B$9999="Control")*(Raw_Data_Daily!$C$2:$C$9999="C. 10-19")*Raw_Data_Daily!$D$2:$D$9999*Raw_Data_Daily!$J$2:$J$9999)/SUMIFS(Raw_Data_Daily!$D:$D, Raw_Data_Daily!$B:$B, "Control", Raw_Data_Daily!$C:$C, "C. 10-19"),"") -> 47.621869 | J13: =IFERROR(SUMPRODUCT((Raw_Data_Daily!$B$2:$B$9999="Variant")*(Raw_Data_Daily!$C$2:$C$9999="C. 10-19")*Raw_Data_Daily!$D$2:$D$9999*Raw_Data_Daily!$J$2:$J$9999)/SUMIFS(Raw_Data_Daily!$D:$D, Raw_Data_Daily!$B:$B, "Variant", Raw_Data_Daily!$C:$C, "C. 10-19"),"") -> 49.201179 | K13: =IFERROR((J13-I13)/ABS(I13),"") -> 0.033163543 | L13: =IFERROR(SUMPRODUCT((Raw_Data_Daily!$B$2:$B$9999="Control")*(Raw_Data_Daily!$C$2:$C$9999="D. 20-39")*Raw_Data_Daily!$D$2:$D$9999*Raw_Data_Daily!$J$2:$J$9999)/SUMIFS(Raw_Data_Daily!$D:$D, Raw_Data_Daily!$B:$B, "Control", Raw_Data_Daily!$C:$C, "D. 20-39"),"") -> 69.43421 | M13: =IFERROR(SUMPRODUCT((Raw_Data_Daily!$B$2:$B$9999="Variant")*(Raw_Data_Daily!$C$2:$C$9999="D. 20-39")*Raw_Data_Daily!$D$2:$D$9999*Raw_Data_Daily!$J$2:$J$9999)/SUMIFS(Raw_Data_Daily!$D:$D, Raw_Data_Daily!$B:$B, "Variant", Raw_Data_Daily!$C:$C, "D. 20-39"),"") -> 72.482553 | N13: =IFERROR((M13-L13)/ABS(L13),"") -> 0.043902616 | O13: =IFERROR(SUMPRODUCT((Raw_Data_Daily!$B$2:$B$9999="Control")*(Raw_Data_Daily!$C$2:$C$9999="E. 40-99")*Raw_Data_Daily!$D$2:$D$9999*Raw_Data_Daily!$J$2:$J$9999)/SUMIFS(Raw_Data_Daily!$D:$D, Raw_Data_Daily!$B:$B, "Control", Raw_Data_Daily!$C:$C, "E. 40-99"),"") -> 112.438 | P13: =IFERROR(SUMPRODUCT((Raw_Data_Daily!$B$2:$B$9999="Variant")*(Raw_Data_Daily!$C$2:$C$9999="E. 40-99")*Raw_Data_Daily!$D$2:$D$9999*Raw_Data_Daily!$J$2:$J$9999)/SUMIFS(Raw_Data_Daily!$D:$D, Raw_Data_Daily!$B:$B, "Variant", Raw_Data_Daily!$C:$C, "E. 40-99"),"") -> 116.07129 | Q13: =IFERROR((P13-O13)/ABS(O13),"") -> 0.032313796 | R13: =IFERROR(SUMPRODUCT((Raw_Data_Daily!$B$2:$B$9999="Control")*(Raw_Data_Daily!$C$2:$C$9999="F. 100+")*Raw_Data_Daily!$D$2:$D$9999*Raw_Data_Daily!$J$2:$J$9999)/SUMIFS(Raw_Data_Daily!$D:$D, Raw_Data_Daily!$B:$B, "Control", Raw_Data_Daily!$C:$C, "F. 100+"),"") -> 203.28532 | S13: =IFERROR(SUMPRODUCT((Raw_Data_Daily!$B$2:$B$9999="Variant")*(Raw_Data_Daily!$C$2:$C$9999="F. 100+")*Raw_Data_Daily!$D$2:$D$9999*Raw_Data_Daily!$J$2:$J$9999)/SUMIFS(Raw_Data_Daily!$D:$D, Raw_Data_Daily!$B:$B, "Variant", Raw_Data_Daily!$C:$C, "F. 100+"),"") -> 207.22478 | T13: =IFERROR((S13-R13)/ABS(R13),"") -> 0.019378945
B14: Level attempts / player | C14: =IFERROR(SUMPRODUCT((Raw_Data_Daily!$B$2:$B$9999="Control")*(Raw_Data_Daily!$C$2:$C$9999="A. 0")*Raw_Data_Daily!$D$2:$D$9999*Raw_Data_Daily!$K$2:$K$9999)/SUMIFS(Raw_Data_Daily!$D:$D, Raw_Data_Daily!$B:$B, "Control", Raw_Data_Daily!$C:$C, "A. 0"),"") | D14: =IFERROR(SUMPRODUCT((Raw_Data_Daily!$B$2:$B$9999="Variant")*(Raw_Data_Daily!$C$2:$C$9999="A. 0")*Raw_Data_Daily!$D$2:$D$9999*Raw_Data_Daily!$K$2:$K$9999)/SUMIFS(Raw_Data_Daily!$D:$D, Raw_Data_Daily!$B:$B, "Variant", Raw_Data_Daily!$C:$C, "A. 0"),"") | E14: =IFERROR((D14-C14)/ABS(C14),"") | F14: =IFERROR(SUMPRODUCT((Raw_Data_Daily!$B$2:$B$9999="Control")*(Raw_Data_Daily!$C$2:$C$9999="B. 1-9")*Raw_Data_Daily!$D$2:$D$9999*Raw_Data_Daily!$K$2:$K$9999)/SUMIFS(Raw_Data_Daily!$D:$D, Raw_Data_Daily!$B:$B, "Control", Raw_Data_Daily!$C:$C, "B. 1-9"),"") -> 15.095945 | G14: =IFERROR(SUMPRODUCT((Raw_Data_Daily!$B$2:$B$9999="Variant")*(Raw_Data_Daily!$C$2:$C$9999="B. 1-9")*Raw_Data_Daily!$D$2:$D$9999*Raw_Data_Daily!$K$2:$K$9999)/SUMIFS(Raw_Data_Daily!$D:$D, Raw_Data_Daily!$B:$B, "Variant", Raw_Data_Daily!$C:$C, "B. 1-9"),"") -> 14.415164 | H14: =IFERROR((G14-F14)/ABS(F14),"") -> -0.045096939 | I14: =IFERROR(SUMPRODUCT((Raw_Data_Daily!$B$2:$B$9999="Control")*(Raw_Data_Daily!$C$2:$C$9999="C. 10-19")*Raw_Data_Daily!$D$2:$D$9999*Raw_Data_Daily!$K$2:$K$9999)/SUMIFS(Raw_Data_Daily!$D:$D, Raw_Data_Daily!$B:$B, "Control", Raw_Data_Daily!$C:$C, "C. 10-19"),"") -> 24.721275 | J14: =IFERROR(SUMPRODUCT((Raw_Data_Daily!$B$2:$B$9999="Variant")*(Raw_Data_Daily!$C$2:$C$9999="C. 10-19")*Raw_Data_Daily!$D$2:$D$9999*Raw_Data_Daily!$K$2:$K$9999)/SUMIFS(Raw_Data_Daily!$D:$D, Raw_Data_Daily!$B:$B, "Variant", Raw_Data_Daily!$C:$C, "C. 10-19"),"") -> 25.366312 | K14: =IFERROR((J14-I14)/ABS(I14),"") -> 0.026092387 | L14: =IFERROR(SUMPRODUCT((Raw_Data_Daily!$B$2:$B$9999="Control")*(Raw_Data_Daily!$C$2:$C$9999="D. 20-39")*Raw_Data_Daily!$D$2:$D$9999*Raw_Data_Daily!$K$2:$K$9999)/SUMIFS(Raw_Data_Daily!$D:$D, Raw_Data_Daily!$B:$B, "Control", Raw_Data_Daily!$C:$C, "D. 20-39"),"") -> 37.863267 | M14: =IFERROR(SUMPRODUCT((Raw_Data_Daily!$B$2:$B$9999="Variant")*(Raw_Data_Daily!$C$2:$C$9999="D. 20-39")*Raw_Data_Daily!$D$2:$D$9999*Raw_Data_Daily!$K$2:$K$9999)/SUMIFS(Raw_Data_Daily!$D:$D, Raw_Data_Daily!$B:$B, "Variant", Raw_Data_Daily!$C:$C, "D. 20-39"),"") -> 39.406311 | N14: =IFERROR((M14-L14)/ABS(L14),"") -> 0.04075307 | O14: =IFERROR(SUMPRODUCT((Raw_Data_Daily!$B$2:$B$9999="Control")*(Raw_Data_Daily!$C$2:$C$9999="E. 40-99")*Raw_Data_Daily!$D$2:$D$9999*Raw_Data_Daily!$K$2:$K$9999)/SUMIFS(Raw_Data_Daily!$D:$D, Raw_Data_Daily!$B:$B, "Control", Raw_Data_Daily!$C:$C, "E. 40-99"),"") -> 65.470065 | P14: =IFERROR(SUMPRODUCT((Raw_Data_Daily!$B$2:$B$9999="Variant")*(Raw_Data_Daily!$C$2:$C$9999="E. 40-99")*Raw_Data_Daily!$D$2:$D$9999*Raw_Data_Daily!$K$2:$K$9999)/SUMIFS(Raw_Data_Daily!$D:$D, Raw_Data_Daily!$B:$B, "Variant", Raw_Data_Daily!$C:$C, "E. 40-99"),"") -> 67.576095 | Q14: =IFERROR((P14-O14)/ABS(O14),"") -> 0.032167828 | R14: =IFERROR(SUMPRODUCT((Raw_Data_Daily!$B$2:$B$9999="Control")*(Raw_Data_Daily!$C$2:$C$9999="F. 100+")*Raw_Data_Daily!$D$2:$D$9999*Raw_Data_Daily!$K$2:$K$9999)/SUMIFS(Raw_Data_Daily!$D:$D, Raw_Data_Daily!$B:$B, "Control", Raw_Data_Daily!$C:$C, "F. 100+"),"") -> 127.15287 | S14: =IFERROR(SUMPRODUCT((Raw_Data_Daily!$B$2:$B$9999="Variant")*(Raw_Data_Daily!$C$2:$C$9999="F. 100+")*Raw_Data_Daily!$D$2:$D$9999*Raw_Data_Daily!$K$2:$K$9999)/SUMIFS(Raw_Data_Daily!$D:$D, Raw_Data_Daily!$B:$B, "Variant", Raw_Data_Daily!$C:$C, "F. 100+"),"") -> 127.10057 | T14: =IFERROR((S14-R14)/ABS(R14),"") -> -0.00041128899
B15: Level completes / player | C15: =IFERROR(SUMPRODUCT((Raw_Data_Daily!$B$2:$B$9999="Control")*(Raw_Data_Daily!$C$2:$C$9999="A. 0")*Raw_Data_Daily!$D$2:$D$9999*Raw_Data_Daily!$L$2:$L$9999)/SUMIFS(Raw_Data_Daily!$D:$D, Raw_Data_Daily!$B:$B, "Control", Raw_Data_Daily!$C:$C, "A. 0"),"") | D15: =IFERROR(SUMPRODUCT((Raw_Data_Daily!$B$2:$B$9999="Variant")*(Raw_Data_Daily!$C$2:$C$9999="A. 0")*Raw_Data_Daily!$D$2:$D$9999*Raw_Data_Daily!$L$2:$L$9999)/SUMIFS(Raw_Data_Daily!$D:$D, Raw_Data_Daily!$B:$B, "Variant", Raw_Data_Daily!$C:$C, "A. 0"),"") | E15: =IFERROR((D15-C15)/ABS(C15),"") | F15: =IFERROR(SUMPRODUCT((Raw_Data_Daily!$B$2:$B$9999="Control")*(Raw_Data_Daily!$C$2:$C$9999="B. 1-9")*Raw_Data_Daily!$D$2:$D$9999*Raw_Data_Daily!$L$2:$L$9999)/SUMIFS(Raw_Data_Daily!$D:$D, Raw_Data_Daily!$B:$B, "Control", Raw_Data_Daily!$C:$C, "B. 1-9"),"") -> 6.722395 | G15: =IFERROR(SUMPRODUCT((Raw_Data_Daily!$B$2:$B$9999="Variant")*(Raw_Data_Daily!$C$2:$C$9999="B. 1-9")*Raw_Data_Daily!$D$2:$D$9999*Raw_Data_Daily!$L$2:$L$9999)/SUMIFS(Raw_Data_Daily!$D:$D, Raw_Data_Daily!$B:$B, "Variant", Raw_Data_Daily!$C:$C, "B. 1-9"),"") -> 6.6148438 | H15: =IFERROR((G15-F15)/ABS(F15),"") -> -0.01599894 | I15: =IFERROR(SUMPRODUCT((Raw_Data_Daily!$B$2:$B$9999="Control")*(Raw_Data_Daily!$C$2:$C$9999="C. 10-19")*Raw_Data_Daily!$D$2:$D$9999*Raw_Data_Daily!$L$2:$L$9999)/SUMIFS(Raw_Data_Daily!$D:$D, Raw_Data_Daily!$B:$B, "Control", Raw_Data_Daily!$C:$C, "C. 10-19"),"") -> 13.855513 | J15: =IFERROR(SUMPRODUCT((Raw_Data_Daily!$B$2:$B$9999="Variant")*(Raw_Data_Daily!$C$2:$C$9999="C. 10-19")*Raw_Data_Daily!$D$2:$D$9999*Raw_Data_Daily!$L$2:$L$9999)/SUMIFS(Raw_Data_Daily!$D:$D, Raw_Data_Daily!$B:$B, "Variant", Raw_Data_Daily!$C:$C, "C. 10-19"),"") -> 13.907123 | K15: =IFERROR((J15-I15)/ABS(I15),"") -> 0.0037248865 | L15: =IFERROR(SUMPRODUCT((Raw_Data_Daily!$B$2:$B$9999="Control")*(Raw_Data_Daily!$C$2:$C$9999="D. 20-39")*Raw_Data_Daily!$D$2:$D$9999*Raw_Data_Daily!$L$2:$L$9999)/SUMIFS(Raw_Data_Daily!$D:$D, Raw_Data_Daily!$B:$B, "Control", Raw_Data_Daily!$C:$C, "D. 20-39"),"") -> 24.538213 | M15: =IFERROR(SUMPRODUCT((Raw_Data_Daily!$B$2:$B$9999="Variant")*(Raw_Data_Daily!$C$2:$C$9999="D. 20-39")*Raw_Data_Daily!$D$2:$D$9999*Raw_Data_Daily!$L$2:$L$9999)/SUMIFS(Raw_Data_Daily!$D:$D, Raw_Data_Daily!$B:$B, "Variant", Raw_Data_Daily!$C:$C, "D. 20-39"),"") -> 25.306149 | N15: =IFERROR((M15-L15)/ABS(L15),"") -> 0.031295491 | O15: =IFERROR(SUMPRODUCT((Raw_Data_Daily!$B$2:$B$9999="Control")*(Raw_Data_Daily!$C$2:$C$9999="E. 40-99")*Raw_Data_Daily!$D$2:$D$9999*Raw_Data_Daily!$L$2:$L$9999)/SUMIFS(Raw_Data_Daily!$D:$D, Raw_Data_Daily!$B:$B, "Control", Raw_Data_Daily!$C:$C, "E. 40-99"),"") -> 47.338767 | P15: =IFERROR(SUMPRODUCT((Raw_Data_Daily!$B$2:$B$9999="Variant")*(Raw_Data_Daily!$C$2:$C$9999="E. 40-99")*Raw_Data_Daily!$D$2:$D$9999*Raw_Data_Daily!$L$2:$L$9999)/SUMIFS(Raw_Data_Daily!$D:$D, Raw_Data_Daily!$B:$B, "Variant", Raw_Data_Daily!$C:$C, "E. 40-99"),"") -> 48.998214 | Q15: =IFERROR((P15-O15)/ABS(O15),"") -> 0.035054726 | R15: =IFERROR(SUMPRODUCT((Raw_Data_Daily!$B$2:$B$9999="Control")*(Raw_Data_Daily!$C$2:$C$9999="F. 100+")*Raw_Data_Daily!$D$2:$D$9999*Raw_Data_Daily!$L$2:$L$9999)/SUMIFS(Raw_Data_Daily!$D:$D, Raw_Data_Daily!$B:$B, "Control", Raw_Data_Daily!$C:$C, "F. 100+"),"") -> 99.081435 | S15: =IFERROR(SUMPRODUCT((Raw_Data_Daily!$B$2:$B$9999="Variant")*(Raw_Data_Daily!$C$2:$C$9999="F. 100+")*Raw_Data_Daily!$D$2:$D$9999*Raw_Data_Daily!$L$2:$L$9999)/SUMIFS(Raw_Data_Daily!$D:$D, Raw_Data_Daily!$B:$B, "Variant", Raw_Data_Daily!$C:$C, "F. 100+"),"") -> 99.243143 | T15: =IFERROR((S15-R15)/ABS(R15),"") -> 0.0016320803
A16: Daily Streak
B17: Avg daily streak | C17: =IFERROR(SUMPRODUCT((Raw_Data_Daily!$B$2:$B$9999="Control")*(Raw_Data_Daily!$C$2:$C$9999="A. 0")*Raw_Data_Daily!$D$2:$D$9999*Raw_Data_Daily!$AD$2:$AD$9999)/SUMIFS(Raw_Data_Daily!$D:$D, Raw_Data_Daily!$B:$B, "Control", Raw_Data_Daily!$C:$C, "A. 0"),"") | D17: =IFERROR(SUMPRODUCT((Raw_Data_Daily!$B$2:$B$9999="Variant")*(Raw_Data_Daily!$C$2:$C$9999="A. 0")*Raw_Data_Daily!$D$2:$D$9999*Raw_Data_Daily!$AD$2:$AD$9999)/SUMIFS(Raw_Data_Daily!$D:$D, Raw_Data_Daily!$B:$B, "Variant", Raw_Data_Daily!$C:$C, "A. 0"),"") | E17: =IFERROR((D17-C17)/ABS(C17),"") | F17: =IFERROR(SUMPRODUCT((Raw_Data_Daily!$B$2:$B$9999="Control")*(Raw_Data_Daily!$C$2:$C$9999="B. 1-9")*Raw_Data_Daily!$D$2:$D$9999*Raw_Data_Daily!$AD$2:$AD$9999)/SUMIFS(Raw_Data_Daily!$D:$D, Raw_Data_Daily!$B:$B, "Control", Raw_Data_Daily!$C:$C, "B. 1-9"),"") -> 6.0474638 | G17: =IFERROR(SUMPRODUCT((Raw_Data_Daily!$B$2:$B$9999="Variant")*(Raw_Data_Daily!$C$2:$C$9999="B. 1-9")*Raw_Data_Daily!$D$2:$D$9999*Raw_Data_Daily!$AD$2:$AD$9999)/SUMIFS(Raw_Data_Daily!$D:$D, Raw_Data_Daily!$B:$B, "Variant", Raw_Data_Daily!$C:$C, "B. 1-9"),"") -> 6.1260475 | H17: =IFERROR((G17-F17)/ABS(F17),"") -> 0.012994482 | I17: =IFERROR(SUMPRODUCT((Raw_Data_Daily!$B$2:$B$9999="Control")*(Raw_Data_Daily!$C$2:$C$9999="C. 10-19")*Raw_Data_Daily!$D$2:$D$9999*Raw_Data_Daily!$AD$2:$AD$9999)/SUMIFS(Raw_Data_Daily!$D:$D, Raw_Data_Daily!$B:$B, "Control", Raw_Data_Daily!$C:$C, "C. 10-19"),"") -> 10.037978 | J17: =IFERROR(SUMPRODUCT((Raw_Data_Daily!$B$2:$B$9999="Variant")*(Raw_Data_Daily!$C$2:$C$9999="C. 10-19")*Raw_Data_Daily!$D$2:$D$9999*Raw_Data_Daily!$AD$2:$AD$9999)/SUMIFS(Raw_Data_Daily!$D:$D, Raw_Data_Daily!$B:$B, "Variant", Raw_Data_Daily!$C:$C, "C. 10-19"),"") -> 10.043603 | K17: =IFERROR((J17-I17)/ABS(I17),"") -> 0.00056040405 | L17: =IFERROR(SUMPRODUCT((Raw_Data_Daily!$B$2:$B$9999="Control")*(Raw_Data_Daily!$C$2:$C$9999="D. 20-39")*Raw_Data_Daily!$D$2:$D$9999*Raw_Data_Daily!$AD$2:$AD$9999)/SUMIFS(Raw_Data_Daily!$D:$D, Raw_Data_Daily!$B:$B, "Control", Raw_Data_Daily!$C:$C, "D. 20-39"),"") -> 15.52879 | M17: =IFERROR(SUMPRODUCT((Raw_Data_Daily!$B$2:$B$9999="Variant")*(Raw_Data_Daily!$C$2:$C$9999="D. 20-39")*Raw_Data_Daily!$D$2:$D$9999*Raw_Data_Daily!$AD$2:$AD$9999)/SUMIFS(Raw_Data_Daily!$D:$D, Raw_Data_Daily!$B:$B, "Variant", Raw_Data_Daily!$C:$C, "D. 20-39"),"") -> 15.80986 | N17: =IFERROR((M17-L17)/ABS(L17),"") -> 0.018099968 | O17: =IFERROR(SUMPRODUCT((Raw_Data_Daily!$B$2:$B$9999="Control")*(Raw_Data_Daily!$C$2:$C$9999="E. 40-99")*Raw_Data_Daily!$D$2:$D$9999*Raw_Data_Daily!$AD$2:$AD$9999)/SUMIFS(Raw_Data_Daily!$D:$D, Raw_Data_Daily!$B:$B, "Control", Raw_Data_Daily!$C:$C, "E. 40-99"),"") -> 26.049572 | P17: =IFERROR(SUMPRODUCT((Raw_Data_Daily!$B$2:$B$9999="Variant")*(Raw_Data_Daily!$C$2:$C$9999="E. 40-99")*Raw_Data_Daily!$D$2:$D$9999*Raw_Data_Daily!$AD$2:$AD$9999)/SUMIFS(Raw_Data_Daily!$D:$D, Raw_Data_Daily!$B:$B, "Variant", Raw_Data_Daily!$C:$C, "E. 40-99"),"") -> 26.183379 | Q17: =IFERROR((P17-O17)/ABS(O17),"") -> 0.0051366233 | R17: =IFERROR(SUMPRODUCT((Raw_Data_Daily!$B$2:$B$9999="Control")*(Raw_Data_Daily!$C$2:$C$9999="F. 100+")*Raw_Data_Daily!$D$2:$D$9999*Raw_Data_Daily!$AD$2:$AD$9999)/SUMIFS(Raw_Data_Daily!$D:$D, Raw_Data_Daily!$B:$B, "Control", Raw_Data_Daily!$C:$C, "F. 100+"),"") -> 43.599098 | S17: =IFERROR(SUMPRODUCT((Raw_Data_Daily!$B$2:$B$9999="Variant")*(Raw_Data_Daily!$C$2:$C$9999="F. 100+")*Raw_Data_Daily!$D$2:$D$9999*Raw_Data_Daily!$AD$2:$AD$9999)/SUMIFS(Raw_Data_Daily!$D:$D, Raw_Data_Daily!$B:$B, "Variant", Raw_Data_Daily!$C:$C, "F. 100+"),"") -> 44.377173 | T17: =IFERROR((S17-R17)/ABS(R17),"") -> 0.017846131
B18: P25 daily streak | C18: =IFERROR(SUMPRODUCT((Raw_Data_Daily!$B$2:$B$9999="Control")*(Raw_Data_Daily!$C$2:$C$9999="A. 0")*Raw_Data_Daily!$D$2:$D$9999*Raw_Data_Daily!$AE$2:$AE$9999)/SUMIFS(Raw_Data_Daily!$D:$D, Raw_Data_Daily!$B:$B, "Control", Raw_Data_Daily!$C:$C, "A. 0"),"") | D18: =IFERROR(SUMPRODUCT((Raw_Data_Daily!$B$2:$B$9999="Variant")*(Raw_Data_Daily!$C$2:$C$9999="A. 0")*Raw_Data_Daily!$D$2:$D$9999*Raw_Data_Daily!$AE$2:$AE$9999)/SUMIFS(Raw_Data_Daily!$D:$D, Raw_Data_Daily!$B:$B, "Variant", Raw_Data_Daily!$C:$C, "A. 0"),"") | E18: =IFERROR((D18-C18)/ABS(C18),"") | F18: =IFERROR(SUMPRODUCT((Raw_Data_Daily!$B$2:$B$9999="Control")*(Raw_Data_Daily!$C$2:$C$9999="B. 1-9")*Raw_Data_Daily!$D$2:$D$9999*Raw_Data_Daily!$AE$2:$AE$9999)/SUMIFS(Raw_Data_Daily!$D:$D, Raw_Data_Daily!$B:$B, "Control", Raw_Data_Daily!$C:$C, "B. 1-9"),"") -> 2 | G18: =IFERROR(SUMPRODUCT((Raw_Data_Daily!$B$2:$B$9999="Variant")*(Raw_Data_Daily!$C$2:$C$9999="B. 1-9")*Raw_Data_Daily!$D$2:$D$9999*Raw_Data_Daily!$AE$2:$AE$9999)/SUMIFS(Raw_Data_Daily!$D:$D, Raw_Data_Daily!$B:$B, "Variant", Raw_Data_Daily!$C:$C, "B. 1-9"),"") -> 2 | H18: =IFERROR((G18-F18)/ABS(F18),"") -> 0 | I18: =IFERROR(SUMPRODUCT((Raw_Data_Daily!$B$2:$B$9999="Control")*(Raw_Data_Daily!$C$2:$C$9999="C. 10-19")*Raw_Data_Daily!$D$2:$D$9999*Raw_Data_Daily!$AE$2:$AE$9999)/SUMIFS(Raw_Data_Daily!$D:$D, Raw_Data_Daily!$B:$B, "Control", Raw_Data_Daily!$C:$C, "C. 10-19"),"") -> 3.332678 | J18: =IFERROR(SUMPRODUCT((Raw_Data_Daily!$B$2:$B$9999="Variant")*(Raw_Data_Daily!$C$2:$C$9999="C. 10-19")*Raw_Data_Daily!$D$2:$D$9999*Raw_Data_Daily!$AE$2:$AE$9999)/SUMIFS(Raw_Data_Daily!$D:$D, Raw_Data_Daily!$B:$B, "Variant", Raw_Data_Daily!$C:$C, "C. 10-19"),"") -> 3.3329267 | K18: =IFERROR((J18-I18)/ABS(I18),"") -> 7.4626651e-05 | L18: =IFERROR(SUMPRODUCT((Raw_Data_Daily!$B$2:$B$9999="Control")*(Raw_Data_Daily!$C$2:$C$9999="D. 20-39")*Raw_Data_Daily!$D$2:$D$9999*Raw_Data_Daily!$AE$2:$AE$9999)/SUMIFS(Raw_Data_Daily!$D:$D, Raw_Data_Daily!$B:$B, "Control", Raw_Data_Daily!$C:$C, "D. 20-39"),"") -> 5.6675358 | M18: =IFERROR(SUMPRODUCT((Raw_Data_Daily!$B$2:$B$9999="Variant")*(Raw_Data_Daily!$C$2:$C$9999="D. 20-39")*Raw_Data_Daily!$D$2:$D$9999*Raw_Data_Daily!$AE$2:$AE$9999)/SUMIFS(Raw_Data_Daily!$D:$D, Raw_Data_Daily!$B:$B, "Variant", Raw_Data_Daily!$C:$C, "D. 20-39"),"") -> 5.3359972 | N18: =IFERROR((M18-L18)/ABS(L18),"") -> -0.058497844 | O18: =IFERROR(SUMPRODUCT((Raw_Data_Daily!$B$2:$B$9999="Control")*(Raw_Data_Daily!$C$2:$C$9999="E. 40-99")*Raw_Data_Daily!$D$2:$D$9999*Raw_Data_Daily!$AE$2:$AE$9999)/SUMIFS(Raw_Data_Daily!$D:$D, Raw_Data_Daily!$B:$B, "Control", Raw_Data_Daily!$C:$C, "E. 40-99"),"") -> 9.8386514 | P18: =IFERROR(SUMPRODUCT((Raw_Data_Daily!$B$2:$B$9999="Variant")*(Raw_Data_Daily!$C$2:$C$9999="E. 40-99")*Raw_Data_Daily!$D$2:$D$9999*Raw_Data_Daily!$AE$2:$AE$9999)/SUMIFS(Raw_Data_Daily!$D:$D, Raw_Data_Daily!$B:$B, "Variant", Raw_Data_Daily!$C:$C, "E. 40-99"),"") -> 9.4959947 | Q18: =IFERROR((P18-O18)/ABS(O18),"") -> -0.0348276 | R18: =IFERROR(SUMPRODUCT((Raw_Data_Daily!$B$2:$B$9999="Control")*(Raw_Data_Daily!$C$2:$C$9999="F. 100+")*Raw_Data_Daily!$D$2:$D$9999*Raw_Data_Daily!$AE$2:$AE$9999)/SUMIFS(Raw_Data_Daily!$D:$D, Raw_Data_Daily!$B:$B, "Control", Raw_Data_Daily!$C:$C, "F. 100+"),"") -> 16.343856 | S18: =IFERROR(SUMPRODUCT((Raw_Data_Daily!$B$2:$B$9999="Variant")*(Raw_Data_Daily!$C$2:$C$9999="F. 100+")*Raw_Data_Daily!$D$2:$D$9999*Raw_Data_Daily!$AE$2:$AE$9999)/SUMIFS(Raw_Data_Daily!$D:$D, Raw_Data_Daily!$B:$B, "Variant", Raw_Data_Daily!$C:$C, "F. 100+"),"") -> 16.307341 | T18: =IFERROR((S18-R18)/ABS(R18),"") -> -0.0022341635
B19: P50 daily streak | C19: =IFERROR(SUMPRODUCT((Raw_Data_Daily!$B$2:$B$9999="Control")*(Raw_Data_Daily!$C$2:$C$9999="A. 0")*Raw_Data_Daily!$D$2:$D$9999*Raw_Data_Daily!$AF$2:$AF$9999)/SUMIFS(Raw_Data_Daily!$D:$D, Raw_Data_Daily!$B:$B, "Control", Raw_Data_Daily!$C:$C, "A. 0"),"") | D19: =IFERROR(SUMPRODUCT((Raw_Data_Daily!$B$2:$B$9999="Variant")*(Raw_Data_Daily!$C$2:$C$9999="A. 0")*Raw_Data_Daily!$D$2:$D$9999*Raw_Data_Daily!$AF$2:$AF$9999)/SUMIFS(Raw_Data_Daily!$D:$D, Raw_Data_Daily!$B:$B, "Variant", Raw_Data_Daily!$C:$C, "A. 0"),"") | E19: =IFERROR((D19-C19)/ABS(C19),"") | F19: =IFERROR(SUMPRODUCT((Raw_Data_Daily!$B$2:$B$9999="Control")*(Raw_Data_Daily!$C$2:$C$9999="B. 1-9")*Raw_Data_Daily!$D$2:$D$9999*Raw_Data_Daily!$AF$2:$AF$9999)/SUMIFS(Raw_Data_Daily!$D:$D, Raw_Data_Daily!$B:$B, "Control", Raw_Data_Daily!$C:$C, "B. 1-9"),"") -> 3.8317915 | G19: =IFERROR(SUMPRODUCT((Raw_Data_Daily!$B$2:$B$9999="Variant")*(Raw_Data_Daily!$C$2:$C$9999="B. 1-9")*Raw_Data_Daily!$D$2:$D$9999*Raw_Data_Daily!$AF$2:$AF$9999)/SUMIFS(Raw_Data_Daily!$D:$D, Raw_Data_Daily!$B:$B, "Variant", Raw_Data_Daily!$C:$C, "B. 1-9"),"") -> 4 | H19: =IFERROR((G19-F19)/ABS(F19),"") -> 0.043898126 | I19: =IFERROR(SUMPRODUCT((Raw_Data_Daily!$B$2:$B$9999="Control")*(Raw_Data_Daily!$C$2:$C$9999="C. 10-19")*Raw_Data_Daily!$D$2:$D$9999*Raw_Data_Daily!$AF$2:$AF$9999)/SUMIFS(Raw_Data_Daily!$D:$D, Raw_Data_Daily!$B:$B, "Control", Raw_Data_Daily!$C:$C, "C. 10-19"),"") -> 7.0012721 | J19: =IFERROR(SUMPRODUCT((Raw_Data_Daily!$B$2:$B$9999="Variant")*(Raw_Data_Daily!$C$2:$C$9999="C. 10-19")*Raw_Data_Daily!$D$2:$D$9999*Raw_Data_Daily!$AF$2:$AF$9999)/SUMIFS(Raw_Data_Daily!$D:$D, Raw_Data_Daily!$B:$B, "Variant", Raw_Data_Daily!$C:$C, "C. 10-19"),"") -> 7 | K19: =IFERROR((J19-I19)/ABS(I19),"") -> -0.00018170225 | L19: =IFERROR(SUMPRODUCT((Raw_Data_Daily!$B$2:$B$9999="Control")*(Raw_Data_Daily!$C$2:$C$9999="D. 20-39")*Raw_Data_Daily!$D$2:$D$9999*Raw_Data_Daily!$AF$2:$AF$9999)/SUMIFS(Raw_Data_Daily!$D:$D, Raw_Data_Daily!$B:$B, "Control", Raw_Data_Daily!$C:$C, "D. 20-39"),"") -> 10.835569 | M19: =IFERROR(SUMPRODUCT((Raw_Data_Daily!$B$2:$B$9999="Variant")*(Raw_Data_Daily!$C$2:$C$9999="D. 20-39")*Raw_Data_Daily!$D$2:$D$9999*Raw_Data_Daily!$AF$2:$AF$9999)/SUMIFS(Raw_Data_Daily!$D:$D, Raw_Data_Daily!$B:$B, "Variant", Raw_Data_Daily!$C:$C, "D. 20-39"),"") -> 11.00567 | N19: =IFERROR((M19-L19)/ABS(L19),"") -> 0.015698369 | O19: =IFERROR(SUMPRODUCT((Raw_Data_Daily!$B$2:$B$9999="Control")*(Raw_Data_Daily!$C$2:$C$9999="E. 40-99")*Raw_Data_Daily!$D$2:$D$9999*Raw_Data_Daily!$AF$2:$AF$9999)/SUMIFS(Raw_Data_Daily!$D:$D, Raw_Data_Daily!$B:$B, "Control", Raw_Data_Daily!$C:$C, "E. 40-99"),"") -> 18.342876 | P19: =IFERROR(SUMPRODUCT((Raw_Data_Daily!$B$2:$B$9999="Variant")*(Raw_Data_Daily!$C$2:$C$9999="E. 40-99")*Raw_Data_Daily!$D$2:$D$9999*Raw_Data_Daily!$AF$2:$AF$9999)/SUMIFS(Raw_Data_Daily!$D:$D, Raw_Data_Daily!$B:$B, "Variant", Raw_Data_Daily!$C:$C, "E. 40-99"),"") -> 18.324841 | Q19: =IFERROR((P19-O19)/ABS(O19),"") -> -0.00098321761 | R19: =IFERROR(SUMPRODUCT((Raw_Data_Daily!$B$2:$B$9999="Control")*(Raw_Data_Daily!$C$2:$C$9999="F. 100+")*Raw_Data_Daily!$D$2:$D$9999*Raw_Data_Daily!$AF$2:$AF$9999)/SUMIFS(Raw_Data_Daily!$D:$D, Raw_Data_Daily!$B:$B, "Control", Raw_Data_Daily!$C:$C, "F. 100+"),"") -> 30.222942 | S19: =IFERROR(SUMPRODUCT((Raw_Data_Daily!$B$2:$B$9999="Variant")*(Raw_Data_Daily!$C$2:$C$9999="F. 100+")*Raw_Data_Daily!$D$2:$D$9999*Raw_Data_Daily!$AF$2:$AF$9999)/SUMIFS(Raw_Data_Daily!$D:$D, Raw_Data_Daily!$B:$B, "Variant", Raw_Data_Daily!$C:$C, "F. 100+"),"") -> 31.268048 | T19: =IFERROR((S19-R19)/ABS(R19),"") -> 0.034579856
B20: P75 daily streak | C20: =IFERROR(SUMPRODUCT((Raw_Data_Daily!$B$2:$B$9999="Control")*(Raw_Data_Daily!$C$2:$C$9999="A. 0")*Raw_Data_Daily!$D$2:$D$9999*Raw_Data_Daily!$AG$2:$AG$9999)/SUMIFS(Raw_Data_Daily!$D:$D, Raw_Data_Daily!$B:$B, "Control", Raw_Data_Daily!$C:$C, "A. 0"),"") | D20: =IFERROR(SUMPRODUCT((Raw_Data_Daily!$B$2:$B$9999="Variant")*(Raw_Data_Daily!$C$2:$C$9999="A. 0")*Raw_Data_Daily!$D$2:$D$9999*Raw_Data_Daily!$AG$2:$AG$9999)/SUMIFS(Raw_Data_Daily!$D:$D, Raw_Data_Daily!$B:$B, "Variant", Raw_Data_Daily!$C:$C, "A. 0"),"") | E20: =IFERROR((D20-C20)/ABS(C20),"") | F20: =IFERROR(SUMPRODUCT((Raw_Data_Daily!$B$2:$B$9999="Control")*(Raw_Data_Daily!$C$2:$C$9999="B. 1-9")*Raw_Data_Daily!$D$2:$D$9999*Raw_Data_Daily!$AG$2:$AG$9999)/SUMIFS(Raw_Data_Daily!$D:$D, Raw_Data_Daily!$B:$B, "Control", Raw_Data_Daily!$C:$C, "B. 1-9"),"") -> 7.6758469 | G20: =IFERROR(SUMPRODUCT((Raw_Data_Daily!$B$2:$B$9999="Variant")*(Raw_Data_Daily!$C$2:$C$9999="B. 1-9")*Raw_Data_Daily!$D$2:$D$9999*Raw_Data_Daily!$AG$2:$AG$9999)/SUMIFS(Raw_Data_Daily!$D:$D, Raw_Data_Daily!$B:$B, "Variant", Raw_Data_Daily!$C:$C, "B. 1-9"),"") -> 7.834428 | H20: =IFERROR((G20-F20)/ABS(F20),"") -> 0.020659758 | I20: =IFERROR(SUMPRODUCT((Raw_Data_Daily!$B$2:$B$9999="Control")*(Raw_Data_Daily!$C$2:$C$9999="C. 10-19")*Raw_Data_Daily!$D$2:$D$9999*Raw_Data_Daily!$AG$2:$AG$9999)/SUMIFS(Raw_Data_Daily!$D:$D, Raw_Data_Daily!$B:$B, "Control", Raw_Data_Daily!$C:$C, "C. 10-19"),"") -> 12.832308 | J20: =IFERROR(SUMPRODUCT((Raw_Data_Daily!$B$2:$B$9999="Variant")*(Raw_Data_Daily!$C$2:$C$9999="C. 10-19")*Raw_Data_Daily!$D$2:$D$9999*Raw_Data_Daily!$AG$2:$AG$9999)/SUMIFS(Raw_Data_Daily!$D:$D, Raw_Data_Daily!$B:$B, "Variant", Raw_Data_Daily!$C:$C, "C. 10-19"),"") -> 13 | K20: =IFERROR((J20-I20)/ABS(I20),"") -> 0.013067961 | L20: =IFERROR(SUMPRODUCT((Raw_Data_Daily!$B$2:$B$9999="Control")*(Raw_Data_Daily!$C$2:$C$9999="D. 20-39")*Raw_Data_Daily!$D$2:$D$9999*Raw_Data_Daily!$AG$2:$AG$9999)/SUMIFS(Raw_Data_Daily!$D:$D, Raw_Data_Daily!$B:$B, "Control", Raw_Data_Daily!$C:$C, "D. 20-39"),"") -> 20.004435 | M20: =IFERROR(SUMPRODUCT((Raw_Data_Daily!$B$2:$B$9999="Variant")*(Raw_Data_Daily!$C$2:$C$9999="D. 20-39")*Raw_Data_Daily!$D$2:$D$9999*Raw_Data_Daily!$AG$2:$AG$9999)/SUMIFS(Raw_Data_Daily!$D:$D, Raw_Data_Daily!$B:$B, "Variant", Raw_Data_Daily!$C:$C, "D. 20-39"),"") -> 20.671994 | N20: =IFERROR((M20-L20)/ABS(L20),"") -> 0.03337055 | O20: =IFERROR(SUMPRODUCT((Raw_Data_Daily!$B$2:$B$9999="Control")*(Raw_Data_Daily!$C$2:$C$9999="E. 40-99")*Raw_Data_Daily!$D$2:$D$9999*Raw_Data_Daily!$AG$2:$AG$9999)/SUMIFS(Raw_Data_Daily!$D:$D, Raw_Data_Daily!$B:$B, "Control", Raw_Data_Daily!$C:$C, "E. 40-99"),"") -> 34.343087 | P20: =IFERROR(SUMPRODUCT((Raw_Data_Daily!$B$2:$B$9999="Variant")*(Raw_Data_Daily!$C$2:$C$9999="E. 40-99")*Raw_Data_Daily!$D$2:$D$9999*Raw_Data_Daily!$AG$2:$AG$9999)/SUMIFS(Raw_Data_Daily!$D:$D, Raw_Data_Daily!$B:$B, "Variant", Raw_Data_Daily!$C:$C, "E. 40-99"),"") -> 34.636638 | Q20: =IFERROR((P20-O20)/ABS(O20),"") -> 0.00854762 | R20: =IFERROR(SUMPRODUCT((Raw_Data_Daily!$B$2:$B$9999="Control")*(Raw_Data_Daily!$C$2:$C$9999="F. 100+")*Raw_Data_Daily!$D$2:$D$9999*Raw_Data_Daily!$AG$2:$AG$9999)/SUMIFS(Raw_Data_Daily!$D:$D, Raw_Data_Daily!$B:$B, "Control", Raw_Data_Daily!$C:$C, "F. 100+"),"") -> 55.248591 | S20: =IFERROR(SUMPRODUCT((Raw_Data_Daily!$B$2:$B$9999="Variant")*(Raw_Data_Daily!$C$2:$C$9999="F. 100+")*Raw_Data_Daily!$D$2:$D$9999*Raw_Data_Daily!$AG$2:$AG$9999)/SUMIFS(Raw_Data_Daily!$D:$D, Raw_Data_Daily!$B:$B, "Variant", Raw_Data_Daily!$C:$C, "F. 100+"),"") -> 55.469997 | T20: =IFERROR((S20-R20)/ABS(R20),"") -> 0.0040074542
B21: P90 daily streak | C21: =IFERROR(SUMPRODUCT((Raw_Data_Daily!$B$2:$B$9999="Control")*(Raw_Data_Daily!$C$2:$C$9999="A. 0")*Raw_Data_Daily!$D$2:$D$9999*Raw_Data_Daily!$AH$2:$AH$9999)/SUMIFS(Raw_Data_Daily!$D:$D, Raw_Data_Daily!$B:$B, "Control", Raw_Data_Daily!$C:$C, "A. 0"),"") | D21: =IFERROR(SUMPRODUCT((Raw_Data_Daily!$B$2:$B$9999="Variant")*(Raw_Data_Daily!$C$2:$C$9999="A. 0")*Raw_Data_Daily!$D$2:$D$9999*Raw_Data_Daily!$AH$2:$AH$9999)/SUMIFS(Raw_Data_Daily!$D:$D, Raw_Data_Daily!$B:$B, "Variant", Raw_Data_Daily!$C:$C, "A. 0"),"") | E21: =IFERROR((D21-C21)/ABS(C21),"") | F21: =IFERROR(SUMPRODUCT((Raw_Data_Daily!$B$2:$B$9999="Control")*(Raw_Data_Daily!$C$2:$C$9999="B. 1-9")*Raw_Data_Daily!$D$2:$D$9999*Raw_Data_Daily!$AH$2:$AH$9999)/SUMIFS(Raw_Data_Daily!$D:$D, Raw_Data_Daily!$B:$B, "Control", Raw_Data_Daily!$C:$C, "B. 1-9"),"") -> 13.671596 | G21: =IFERROR(SUMPRODUCT((Raw_Data_Daily!$B$2:$B$9999="Variant")*(Raw_Data_Daily!$C$2:$C$9999="B. 1-9")*Raw_Data_Daily!$D$2:$D$9999*Raw_Data_Daily!$AH$2:$AH$9999)/SUMIFS(Raw_Data_Daily!$D:$D, Raw_Data_Daily!$B:$B, "Variant", Raw_Data_Daily!$C:$C, "B. 1-9"),"") -> 14.170254 | H21: =IFERROR((G21-F21)/ABS(F21),"") -> 0.036474028 | I21: =IFERROR(SUMPRODUCT((Raw_Data_Daily!$B$2:$B$9999="Control")*(Raw_Data_Daily!$C$2:$C$9999="C. 10-19")*Raw_Data_Daily!$D$2:$D$9999*Raw_Data_Daily!$AH$2:$AH$9999)/SUMIFS(Raw_Data_Daily!$D:$D, Raw_Data_Daily!$B:$B, "Control", Raw_Data_Daily!$C:$C, "C. 10-19"),"") -> 21.99845 | J21: =IFERROR(SUMPRODUCT((Raw_Data_Daily!$B$2:$B$9999="Variant")*(Raw_Data_Daily!$C$2:$C$9999="C. 10-19")*Raw_Data_Daily!$D$2:$D$9999*Raw_Data_Daily!$AH$2:$AH$9999)/SUMIFS(Raw_Data_Daily!$D:$D, Raw_Data_Daily!$B:$B, "Variant", Raw_Data_Daily!$C:$C, "C. 10-19"),"") -> 22.158387 | K21: =IFERROR((J21-I21)/ABS(I21),"") -> 0.0072703618 | L21: =IFERROR(SUMPRODUCT((Raw_Data_Daily!$B$2:$B$9999="Control")*(Raw_Data_Daily!$C$2:$C$9999="D. 20-39")*Raw_Data_Daily!$D$2:$D$9999*Raw_Data_Daily!$AH$2:$AH$9999)/SUMIFS(Raw_Data_Daily!$D:$D, Raw_Data_Daily!$B:$B, "Control", Raw_Data_Daily!$C:$C, "D. 20-39"),"") -> 34.003521 | M21: =IFERROR(SUMPRODUCT((Raw_Data_Daily!$B$2:$B$9999="Variant")*(Raw_Data_Daily!$C$2:$C$9999="D. 20-39")*Raw_Data_Daily!$D$2:$D$9999*Raw_Data_Daily!$AH$2:$AH$9999)/SUMIFS(Raw_Data_Daily!$D:$D, Raw_Data_Daily!$B:$B, "Variant", Raw_Data_Daily!$C:$C, "D. 20-39"),"") -> 35.501174 | N21: =IFERROR((M21-L21)/ABS(L21),"") -> 0.044044057 | O21: =IFERROR(SUMPRODUCT((Raw_Data_Daily!$B$2:$B$9999="Control")*(Raw_Data_Daily!$C$2:$C$9999="E. 40-99")*Raw_Data_Daily!$D$2:$D$9999*Raw_Data_Daily!$AH$2:$AH$9999)/SUMIFS(Raw_Data_Daily!$D:$D, Raw_Data_Daily!$B:$B, "Control", Raw_Data_Daily!$C:$C, "E. 40-99"),"") -> 55.998907 | P21: =IFERROR(SUMPRODUCT((Raw_Data_Daily!$B$2:$B$9999="Variant")*(Raw_Data_Daily!$C$2:$C$9999="E. 40-99")*Raw_Data_Daily!$D$2:$D$9999*Raw_Data_Daily!$AH$2:$AH$9999)/SUMIFS(Raw_Data_Daily!$D:$D, Raw_Data_Daily!$B:$B, "Variant", Raw_Data_Daily!$C:$C, "E. 40-99"),"") -> 58.103874 | Q21: =IFERROR((P21-O21)/ABS(O21),"") -> 0.03758943 | R21: =IFERROR(SUMPRODUCT((Raw_Data_Daily!$B$2:$B$9999="Control")*(Raw_Data_Daily!$C$2:$C$9999="F. 100+")*Raw_Data_Daily!$D$2:$D$9999*Raw_Data_Daily!$AH$2:$AH$9999)/SUMIFS(Raw_Data_Daily!$D:$D, Raw_Data_Daily!$B:$B, "Control", Raw_Data_Daily!$C:$C, "F. 100+"),"") -> 96.537486 | S21: =IFERROR(SUMPRODUCT((Raw_Data_Daily!$B$2:$B$9999="Variant")*(Raw_Data_Daily!$C$2:$C$9999="F. 100+")*Raw_Data_Daily!$D$2:$D$9999*Raw_Data_Daily!$AH$2:$AH$9999)/SUMIFS(Raw_Data_Daily!$D:$D, Raw_Data_Daily!$B:$B, "Variant", Raw_Data_Daily!$C:$C, "F. 100+"),"") -> 99.834603 | T21: =IFERROR((S21-R21)/ABS(R21),"") -> 0.034153744
B22: P99 daily streak | C22: =IFERROR(SUMPRODUCT((Raw_Data_Daily!$B$2:$B$9999="Control")*(Raw_Data_Daily!$C$2:$C$9999="A. 0")*Raw_Data_Daily!$D$2:$D$9999*Raw_Data_Daily!$BC$2:$BC$9999)/SUMIFS(Raw_Data_Daily!$D:$D, Raw_Data_Daily!$B:$B, "Control", Raw_Data_Daily!$C:$C, "A. 0"),"") | D22: =IFERROR(SUMPRODUCT((Raw_Data_Daily!$B$2:$B$9999="Variant")*(Raw_Data_Daily!$C$2:$C$9999="A. 0")*Raw_Data_Daily!$D$2:$D$9999*Raw_Data_Daily!$BC$2:$BC$9999)/SUMIFS(Raw_Data_Daily!$D:$D, Raw_Data_Daily!$B:$B, "Variant", Raw_Data_Daily!$C:$C, "A. 0"),"") | E22: =IFERROR((D22-C22)/ABS(C22),"") | F22: =IFERROR(SUMPRODUCT((Raw_Data_Daily!$B$2:$B$9999="Control")*(Raw_Data_Daily!$C$2:$C$9999="B. 1-9")*Raw_Data_Daily!$D$2:$D$9999*Raw_Data_Daily!$BC$2:$BC$9999)/SUMIFS(Raw_Data_Daily!$D:$D, Raw_Data_Daily!$B:$B, "Control", Raw_Data_Daily!$C:$C, "B. 1-9"),"") -> 33.173485 | G22: =IFERROR(SUMPRODUCT((Raw_Data_Daily!$B$2:$B$9999="Variant")*(Raw_Data_Daily!$C$2:$C$9999="B. 1-9")*Raw_Data_Daily!$D$2:$D$9999*Raw_Data_Daily!$BC$2:$BC$9999)/SUMIFS(Raw_Data_Daily!$D:$D, Raw_Data_Daily!$B:$B, "Variant", Raw_Data_Daily!$C:$C, "B. 1-9"),"") -> 33.006341 | H22: =IFERROR((G22-F22)/ABS(F22),"") -> -0.0050385029 | I22: =IFERROR(SUMPRODUCT((Raw_Data_Daily!$B$2:$B$9999="Control")*(Raw_Data_Daily!$C$2:$C$9999="C. 10-19")*Raw_Data_Daily!$D$2:$D$9999*Raw_Data_Daily!$BC$2:$BC$9999)/SUMIFS(Raw_Data_Daily!$D:$D, Raw_Data_Daily!$B:$B, "Control", Raw_Data_Daily!$C:$C, "C. 10-19"),"") -> 49.492853 | J22: =IFERROR(SUMPRODUCT((Raw_Data_Daily!$B$2:$B$9999="Variant")*(Raw_Data_Daily!$C$2:$C$9999="C. 10-19")*Raw_Data_Daily!$D$2:$D$9999*Raw_Data_Daily!$BC$2:$BC$9999)/SUMIFS(Raw_Data_Daily!$D:$D, Raw_Data_Daily!$B:$B, "Variant", Raw_Data_Daily!$C:$C, "C. 10-19"),"") -> 49.144267 | K22: =IFERROR((J22-I22)/ABS(I22),"") -> -0.0070431456 | L22: =IFERROR(SUMPRODUCT((Raw_Data_Daily!$B$2:$B$9999="Control")*(Raw_Data_Daily!$C$2:$C$9999="D. 20-39")*Raw_Data_Daily!$D$2:$D$9999*Raw_Data_Daily!$BC$2:$BC$9999)/SUMIFS(Raw_Data_Daily!$D:$D, Raw_Data_Daily!$B:$B, "Control", Raw_Data_Daily!$C:$C, "D. 20-39"),"") -> 74.803419 | M22: =IFERROR(SUMPRODUCT((Raw_Data_Daily!$B$2:$B$9999="Variant")*(Raw_Data_Daily!$C$2:$C$9999="D. 20-39")*Raw_Data_Daily!$D$2:$D$9999*Raw_Data_Daily!$BC$2:$BC$9999)/SUMIFS(Raw_Data_Daily!$D:$D, Raw_Data_Daily!$B:$B, "Variant", Raw_Data_Daily!$C:$C, "D. 20-39"),"") -> 74.16758 | N22: =IFERROR((M22-L22)/ABS(L22),"") -> -0.0085001348 | O22: =IFERROR(SUMPRODUCT((Raw_Data_Daily!$B$2:$B$9999="Control")*(Raw_Data_Daily!$C$2:$C$9999="E. 40-99")*Raw_Data_Daily!$D$2:$D$9999*Raw_Data_Daily!$BC$2:$BC$9999)/SUMIFS(Raw_Data_Daily!$D:$D, Raw_Data_Daily!$B:$B, "Control", Raw_Data_Daily!$C:$C, "E. 40-99"),"") -> 124.08912 | P22: =IFERROR(SUMPRODUCT((Raw_Data_Daily!$B$2:$B$9999="Variant")*(Raw_Data_Daily!$C$2:$C$9999="E. 40-99")*Raw_Data_Daily!$D$2:$D$9999*Raw_Data_Daily!$BC$2:$BC$9999)/SUMIFS(Raw_Data_Daily!$D:$D, Raw_Data_Daily!$B:$B, "Variant", Raw_Data_Daily!$C:$C, "E. 40-99"),"") -> 121.24741 | Q22: =IFERROR((P22-O22)/ABS(O22),"") -> -0.02290062 | R22: =IFERROR(SUMPRODUCT((Raw_Data_Daily!$B$2:$B$9999="Control")*(Raw_Data_Daily!$C$2:$C$9999="F. 100+")*Raw_Data_Daily!$D$2:$D$9999*Raw_Data_Daily!$BC$2:$BC$9999)/SUMIFS(Raw_Data_Daily!$D:$D, Raw_Data_Daily!$B:$B, "Control", Raw_Data_Daily!$C:$C, "F. 100+"),"") -> 211.24464 | S22: =IFERROR(SUMPRODUCT((Raw_Data_Daily!$B$2:$B$9999="Variant")*(Raw_Data_Daily!$C$2:$C$9999="F. 100+")*Raw_Data_Daily!$D$2:$D$9999*Raw_Data_Daily!$BC$2:$BC$9999)/SUMIFS(Raw_Data_Daily!$D:$D, Raw_Data_Daily!$B:$B, "Variant", Raw_Data_Daily!$C:$C, "F. 100+"),"") -> 212.58209 | T22: =IFERROR((S22-R22)/ABS(R22),"") -> 0.0063312596
A23: Difficulty
B24: Pass rate | C24: =IFERROR(SUMPRODUCT((Raw_Data_Daily!$B$2:$B$9999="Control")*(Raw_Data_Daily!$C$2:$C$9999="A. 0")*Raw_Data_Daily!$D$2:$D$9999*Raw_Data_Daily!$M$2:$M$9999)/SUMIFS(Raw_Data_Daily!$D:$D, Raw_Data_Daily!$B:$B, "Control", Raw_Data_Daily!$C:$C, "A. 0"),"") | D24: =IFERROR(SUMPRODUCT((Raw_Data_Daily!$B$2:$B$9999="Variant")*(Raw_Data_Daily!$C$2:$C$9999="A. 0")*Raw_Data_Daily!$D$2:$D$9999*Raw_Data_Daily!$M$2:$M$9999)/SUMIFS(Raw_Data_Daily!$D:$D, Raw_Data_Daily!$B:$B, "Variant", Raw_Data_Daily!$C:$C, "A. 0"),"") | E24: =IFERROR((D24-C24)/ABS(C24),"") | F24: =IFERROR(SUMPRODUCT((Raw_Data_Daily!$B$2:$B$9999="Control")*(Raw_Data_Daily!$C$2:$C$9999="B. 1-9")*Raw_Data_Daily!$D$2:$D$9999*Raw_Data_Daily!$M$2:$M$9999)/SUMIFS(Raw_Data_Daily!$D:$D, Raw_Data_Daily!$B:$B, "Control", Raw_Data_Daily!$C:$C, "B. 1-9"),"") -> 0.44532772 | G24: =IFERROR(SUMPRODUCT((Raw_Data_Daily!$B$2:$B$9999="Variant")*(Raw_Data_Daily!$C$2:$C$9999="B. 1-9")*Raw_Data_Daily!$D$2:$D$9999*Raw_Data_Daily!$M$2:$M$9999)/SUMIFS(Raw_Data_Daily!$D:$D, Raw_Data_Daily!$B:$B, "Variant", Raw_Data_Daily!$C:$C, "B. 1-9"),"") -> 0.45878449 | H24: =IFERROR((G24-F24)/ABS(F24),"") -> 0.03021769 | I24: =IFERROR(SUMPRODUCT((Raw_Data_Daily!$B$2:$B$9999="Control")*(Raw_Data_Daily!$C$2:$C$9999="C. 10-19")*Raw_Data_Daily!$D$2:$D$9999*Raw_Data_Daily!$M$2:$M$9999)/SUMIFS(Raw_Data_Daily!$D:$D, Raw_Data_Daily!$B:$B, "Control", Raw_Data_Daily!$C:$C, "C. 10-19"),"") -> 0.56022343 | J24: =IFERROR(SUMPRODUCT((Raw_Data_Daily!$B$2:$B$9999="Variant")*(Raw_Data_Daily!$C$2:$C$9999="C. 10-19")*Raw_Data_Daily!$D$2:$D$9999*Raw_Data_Daily!$M$2:$M$9999)/SUMIFS(Raw_Data_Daily!$D:$D, Raw_Data_Daily!$B:$B, "Variant", Raw_Data_Daily!$C:$C, "C. 10-19"),"") -> 0.54840763 | K24: =IFERROR((J24-I24)/ABS(I24),"") -> -0.021091235 | L24: =IFERROR(SUMPRODUCT((Raw_Data_Daily!$B$2:$B$9999="Control")*(Raw_Data_Daily!$C$2:$C$9999="D. 20-39")*Raw_Data_Daily!$D$2:$D$9999*Raw_Data_Daily!$M$2:$M$9999)/SUMIFS(Raw_Data_Daily!$D:$D, Raw_Data_Daily!$B:$B, "Control", Raw_Data_Daily!$C:$C, "D. 20-39"),"") -> 0.64800585 | M24: =IFERROR(SUMPRODUCT((Raw_Data_Daily!$B$2:$B$9999="Variant")*(Raw_Data_Daily!$C$2:$C$9999="D. 20-39")*Raw_Data_Daily!$D$2:$D$9999*Raw_Data_Daily!$M$2:$M$9999)/SUMIFS(Raw_Data_Daily!$D:$D, Raw_Data_Daily!$B:$B, "Variant", Raw_Data_Daily!$C:$C, "D. 20-39"),"") -> 0.64221963 | N24: =IFERROR((M24-L24)/ABS(L24),"") -> -0.0089292733 | O24: =IFERROR(SUMPRODUCT((Raw_Data_Daily!$B$2:$B$9999="Control")*(Raw_Data_Daily!$C$2:$C$9999="E. 40-99")*Raw_Data_Daily!$D$2:$D$9999*Raw_Data_Daily!$M$2:$M$9999)/SUMIFS(Raw_Data_Daily!$D:$D, Raw_Data_Daily!$B:$B, "Control", Raw_Data_Daily!$C:$C, "E. 40-99"),"") -> 0.72309962 | P24: =IFERROR(SUMPRODUCT((Raw_Data_Daily!$B$2:$B$9999="Variant")*(Raw_Data_Daily!$C$2:$C$9999="E. 40-99")*Raw_Data_Daily!$D$2:$D$9999*Raw_Data_Daily!$M$2:$M$9999)/SUMIFS(Raw_Data_Daily!$D:$D, Raw_Data_Daily!$B:$B, "Variant", Raw_Data_Daily!$C:$C, "E. 40-99"),"") -> 0.7250168 | Q24: =IFERROR((P24-O24)/ABS(O24),"") -> 0.0026513339 | R24: =IFERROR(SUMPRODUCT((Raw_Data_Daily!$B$2:$B$9999="Control")*(Raw_Data_Daily!$C$2:$C$9999="F. 100+")*Raw_Data_Daily!$D$2:$D$9999*Raw_Data_Daily!$M$2:$M$9999)/SUMIFS(Raw_Data_Daily!$D:$D, Raw_Data_Daily!$B:$B, "Control", Raw_Data_Daily!$C:$C, "F. 100+"),"") -> 0.77929352 | S24: =IFERROR(SUMPRODUCT((Raw_Data_Daily!$B$2:$B$9999="Variant")*(Raw_Data_Daily!$C$2:$C$9999="F. 100+")*Raw_Data_Daily!$D$2:$D$9999*Raw_Data_Daily!$M$2:$M$9999)/SUMIFS(Raw_Data_Daily!$D:$D, Raw_Data_Daily!$B:$B, "Variant", Raw_Data_Daily!$C:$C, "F. 100+"),"") -> 0.78058599 | T24: =IFERROR((S24-R24)/ABS(R24),"") -> 0.0016585162
B25: OOM rate | C25: =IFERROR(SUMPRODUCT((Raw_Data_Daily!$B$2:$B$9999="Control")*(Raw_Data_Daily!$C$2:$C$9999="A. 0")*Raw_Data_Daily!$D$2:$D$9999*Raw_Data_Daily!$N$2:$N$9999)/SUMIFS(Raw_Data_Daily!$D:$D, Raw_Data_Daily!$B:$B, "Control", Raw_Data_Daily!$C:$C, "A. 0"),"") | D25: =IFERROR(SUMPRODUCT((Raw_Data_Daily!$B$2:$B$9999="Variant")*(Raw_Data_Daily!$C$2:$C$9999="A. 0")*Raw_Data_Daily!$D$2:$D$9999*Raw_Data_Daily!$N$2:$N$9999)/SUMIFS(Raw_Data_Daily!$D:$D, Raw_Data_Daily!$B:$B, "Variant", Raw_Data_Daily!$C:$C, "A. 0"),"") | E25: =IFERROR((D25-C25)/ABS(C25),"") | F25: =IFERROR(SUMPRODUCT((Raw_Data_Daily!$B$2:$B$9999="Control")*(Raw_Data_Daily!$C$2:$C$9999="B. 1-9")*Raw_Data_Daily!$D$2:$D$9999*Raw_Data_Daily!$N$2:$N$9999)/SUMIFS(Raw_Data_Daily!$D:$D, Raw_Data_Daily!$B:$B, "Control", Raw_Data_Daily!$C:$C, "B. 1-9"),"") -> 0.6743408 | G25: =IFERROR(SUMPRODUCT((Raw_Data_Daily!$B$2:$B$9999="Variant")*(Raw_Data_Daily!$C$2:$C$9999="B. 1-9")*Raw_Data_Daily!$D$2:$D$9999*Raw_Data_Daily!$N$2:$N$9999)/SUMIFS(Raw_Data_Daily!$D:$D, Raw_Data_Daily!$B:$B, "Variant", Raw_Data_Daily!$C:$C, "B. 1-9"),"") -> 0.66415141 | H25: =IFERROR((G25-F25)/ABS(F25),"") -> -0.015110161 | I25: =IFERROR(SUMPRODUCT((Raw_Data_Daily!$B$2:$B$9999="Control")*(Raw_Data_Daily!$C$2:$C$9999="C. 10-19")*Raw_Data_Daily!$D$2:$D$9999*Raw_Data_Daily!$N$2:$N$9999)/SUMIFS(Raw_Data_Daily!$D:$D, Raw_Data_Daily!$B:$B, "Control", Raw_Data_Daily!$C:$C, "C. 10-19"),"") -> 0.58059682 | J25: =IFERROR(SUMPRODUCT((Raw_Data_Daily!$B$2:$B$9999="Variant")*(Raw_Data_Daily!$C$2:$C$9999="C. 10-19")*Raw_Data_Daily!$D$2:$D$9999*Raw_Data_Daily!$N$2:$N$9999)/SUMIFS(Raw_Data_Daily!$D:$D, Raw_Data_Daily!$B:$B, "Variant", Raw_Data_Daily!$C:$C, "C. 10-19"),"") -> 0.58859418 | K25: =IFERROR((J25-I25)/ABS(I25),"") -> 0.01377438 | L25: =IFERROR(SUMPRODUCT((Raw_Data_Daily!$B$2:$B$9999="Control")*(Raw_Data_Daily!$C$2:$C$9999="D. 20-39")*Raw_Data_Daily!$D$2:$D$9999*Raw_Data_Daily!$N$2:$N$9999)/SUMIFS(Raw_Data_Daily!$D:$D, Raw_Data_Daily!$B:$B, "Control", Raw_Data_Daily!$C:$C, "D. 20-39"),"") -> 0.50111409 | M25: =IFERROR(SUMPRODUCT((Raw_Data_Daily!$B$2:$B$9999="Variant")*(Raw_Data_Daily!$C$2:$C$9999="D. 20-39")*Raw_Data_Daily!$D$2:$D$9999*Raw_Data_Daily!$N$2:$N$9999)/SUMIFS(Raw_Data_Daily!$D:$D, Raw_Data_Daily!$B:$B, "Variant", Raw_Data_Daily!$C:$C, "D. 20-39"),"") -> 0.50524016 | N25: =IFERROR((M25-L25)/ABS(L25),"") -> 0.0082337977 | O25: =IFERROR(SUMPRODUCT((Raw_Data_Daily!$B$2:$B$9999="Control")*(Raw_Data_Daily!$C$2:$C$9999="E. 40-99")*Raw_Data_Daily!$D$2:$D$9999*Raw_Data_Daily!$N$2:$N$9999)/SUMIFS(Raw_Data_Daily!$D:$D, Raw_Data_Daily!$B:$B, "Control", Raw_Data_Daily!$C:$C, "E. 40-99"),"") -> 0.42715033 | P25: =IFERROR(SUMPRODUCT((Raw_Data_Daily!$B$2:$B$9999="Variant")*(Raw_Data_Daily!$C$2:$C$9999="E. 40-99")*Raw_Data_Daily!$D$2:$D$9999*Raw_Data_Daily!$N$2:$N$9999)/SUMIFS(Raw_Data_Daily!$D:$D, Raw_Data_Daily!$B:$B, "Variant", Raw_Data_Daily!$C:$C, "E. 40-99"),"") -> 0.42581691 | Q25: =IFERROR((P25-O25)/ABS(O25),"") -> -0.0031216556 | R25: =IFERROR(SUMPRODUCT((Raw_Data_Daily!$B$2:$B$9999="Control")*(Raw_Data_Daily!$C$2:$C$9999="F. 100+")*Raw_Data_Daily!$D$2:$D$9999*Raw_Data_Daily!$N$2:$N$9999)/SUMIFS(Raw_Data_Daily!$D:$D, Raw_Data_Daily!$B:$B, "Control", Raw_Data_Daily!$C:$C, "F. 100+"),"") -> 0.35663596 | S25: =IFERROR(SUMPRODUCT((Raw_Data_Daily!$B$2:$B$9999="Variant")*(Raw_Data_Daily!$C$2:$C$9999="F. 100+")*Raw_Data_Daily!$D$2:$D$9999*Raw_Data_Daily!$N$2:$N$9999)/SUMIFS(Raw_Data_Daily!$D:$D, Raw_Data_Daily!$B:$B, "Variant", Raw_Data_Daily!$C:$C, "F. 100+"),"") -> 0.3604435 | T25: =IFERROR((S25-R25)/ABS(R25),"") -> 0.010676245
B26: First-try OOM rate | C26: =IFERROR(SUMPRODUCT((Raw_Data_Daily!$B$2:$B$9999="Control")*(Raw_Data_Daily!$C$2:$C$9999="A. 0")*Raw_Data_Daily!$D$2:$D$9999*Raw_Data_Daily!$O$2:$O$9999)/SUMIFS(Raw_Data_Daily!$D:$D, Raw_Data_Daily!$B:$B, "Control", Raw_Data_Daily!$C:$C, "A. 0"),"") | D26: =IFERROR(SUMPRODUCT((Raw_Data_Daily!$B$2:$B$9999="Variant")*(Raw_Data_Daily!$C$2:$C$9999="A. 0")*Raw_Data_Daily!$D$2:$D$9999*Raw_Data_Daily!$O$2:$O$9999)/SUMIFS(Raw_Data_Daily!$D:$D, Raw_Data_Daily!$B:$B, "Variant", Raw_Data_Daily!$C:$C, "A. 0"),"") | E26: =IFERROR((D26-C26)/ABS(C26),"") | F26: =IFERROR(SUMPRODUCT((Raw_Data_Daily!$B$2:$B$9999="Control")*(Raw_Data_Daily!$C$2:$C$9999="B. 1-9")*Raw_Data_Daily!$D$2:$D$9999*Raw_Data_Daily!$O$2:$O$9999)/SUMIFS(Raw_Data_Daily!$D:$D, Raw_Data_Daily!$B:$B, "Control", Raw_Data_Daily!$C:$C, "B. 1-9"),"") -> 0.41309363 | G26: =IFERROR(SUMPRODUCT((Raw_Data_Daily!$B$2:$B$9999="Variant")*(Raw_Data_Daily!$C$2:$C$9999="B. 1-9")*Raw_Data_Daily!$D$2:$D$9999*Raw_Data_Daily!$O$2:$O$9999)/SUMIFS(Raw_Data_Daily!$D:$D, Raw_Data_Daily!$B:$B, "Variant", Raw_Data_Daily!$C:$C, "B. 1-9"),"") -> 0.40293327 | H26: =IFERROR((G26-F26)/ABS(F26),"") -> -0.024595779 | I26: =IFERROR(SUMPRODUCT((Raw_Data_Daily!$B$2:$B$9999="Control")*(Raw_Data_Daily!$C$2:$C$9999="C. 10-19")*Raw_Data_Daily!$D$2:$D$9999*Raw_Data_Daily!$O$2:$O$9999)/SUMIFS(Raw_Data_Daily!$D:$D, Raw_Data_Daily!$B:$B, "Control", Raw_Data_Daily!$C:$C, "C. 10-19"),"") -> 0.35889053 | J26: =IFERROR(SUMPRODUCT((Raw_Data_Daily!$B$2:$B$9999="Variant")*(Raw_Data_Daily!$C$2:$C$9999="C. 10-19")*Raw_Data_Daily!$D$2:$D$9999*Raw_Data_Daily!$O$2:$O$9999)/SUMIFS(Raw_Data_Daily!$D:$D, Raw_Data_Daily!$B:$B, "Variant", Raw_Data_Daily!$C:$C, "C. 10-19"),"") -> 0.35813715 | K26: =IFERROR((J26-I26)/ABS(I26),"") -> -0.0020991771 | L26: =IFERROR(SUMPRODUCT((Raw_Data_Daily!$B$2:$B$9999="Control")*(Raw_Data_Daily!$C$2:$C$9999="D. 20-39")*Raw_Data_Daily!$D$2:$D$9999*Raw_Data_Daily!$O$2:$O$9999)/SUMIFS(Raw_Data_Daily!$D:$D, Raw_Data_Daily!$B:$B, "Control", Raw_Data_Daily!$C:$C, "D. 20-39"),"") -> 0.31294681 | M26: =IFERROR(SUMPRODUCT((Raw_Data_Daily!$B$2:$B$9999="Variant")*(Raw_Data_Daily!$C$2:$C$9999="D. 20-39")*Raw_Data_Daily!$D$2:$D$9999*Raw_Data_Daily!$O$2:$O$9999)/SUMIFS(Raw_Data_Daily!$D:$D, Raw_Data_Daily!$B:$B, "Variant", Raw_Data_Daily!$C:$C, "D. 20-39"),"") -> 0.31134425 | N26: =IFERROR((M26-L26)/ABS(L26),"") -> -0.0051208613 | O26: =IFERROR(SUMPRODUCT((Raw_Data_Daily!$B$2:$B$9999="Control")*(Raw_Data_Daily!$C$2:$C$9999="E. 40-99")*Raw_Data_Daily!$D$2:$D$9999*Raw_Data_Daily!$O$2:$O$9999)/SUMIFS(Raw_Data_Daily!$D:$D, Raw_Data_Daily!$B:$B, "Control", Raw_Data_Daily!$C:$C, "E. 40-99"),"") -> 0.27061768 | P26: =IFERROR(SUMPRODUCT((Raw_Data_Daily!$B$2:$B$9999="Variant")*(Raw_Data_Daily!$C$2:$C$9999="E. 40-99")*Raw_Data_Daily!$D$2:$D$9999*Raw_Data_Daily!$O$2:$O$9999)/SUMIFS(Raw_Data_Daily!$D:$D, Raw_Data_Daily!$B:$B, "Variant", Raw_Data_Daily!$C:$C, "E. 40-99"),"") -> 0.26870594 | Q26: =IFERROR((P26-O26)/ABS(O26),"") -> -0.0070643651 | R26: =IFERROR(SUMPRODUCT((Raw_Data_Daily!$B$2:$B$9999="Control")*(Raw_Data_Daily!$C$2:$C$9999="F. 100+")*Raw_Data_Daily!$D$2:$D$9999*Raw_Data_Daily!$O$2:$O$9999)/SUMIFS(Raw_Data_Daily!$D:$D, Raw_Data_Daily!$B:$B, "Control", Raw_Data_Daily!$C:$C, "F. 100+"),"") -> 0.22994673 | S26: =IFERROR(SUMPRODUCT((Raw_Data_Daily!$B$2:$B$9999="Variant")*(Raw_Data_Daily!$C$2:$C$9999="F. 100+")*Raw_Data_Daily!$D$2:$D$9999*Raw_Data_Daily!$O$2:$O$9999)/SUMIFS(Raw_Data_Daily!$D:$D, Raw_Data_Daily!$B:$B, "Variant", Raw_Data_Daily!$C:$C, "F. 100+"),"") -> 0.23099235 | T26: =IFERROR((S26-R26)/ABS(R26),"") -> 0.0045472445 | V26: todo
B27: Attempts per completion | C27: =IFERROR(SUMPRODUCT((Raw_Data_Daily!$B$2:$B$9999="Control")*(Raw_Data_Daily!$C$2:$C$9999="A. 0")*Raw_Data_Daily!$D$2:$D$9999*Raw_Data_Daily!$P$2:$P$9999)/SUMIFS(Raw_Data_Daily!$D:$D, Raw_Data_Daily!$B:$B, "Control", Raw_Data_Daily!$C:$C, "A. 0"),"") | D27: =IFERROR(SUMPRODUCT((Raw_Data_Daily!$B$2:$B$9999="Variant")*(Raw_Data_Daily!$C$2:$C$9999="A. 0")*Raw_Data_Daily!$D$2:$D$9999*Raw_Data_Daily!$P$2:$P$9999)/SUMIFS(Raw_Data_Daily!$D:$D, Raw_Data_Daily!$B:$B, "Variant", Raw_Data_Daily!$C:$C, "A. 0"),"") | E27: =IFERROR((D27-C27)/ABS(C27),"") | F27: =IFERROR(SUMPRODUCT((Raw_Data_Daily!$B$2:$B$9999="Control")*(Raw_Data_Daily!$C$2:$C$9999="B. 1-9")*Raw_Data_Daily!$D$2:$D$9999*Raw_Data_Daily!$P$2:$P$9999)/SUMIFS(Raw_Data_Daily!$D:$D, Raw_Data_Daily!$B:$B, "Control", Raw_Data_Daily!$C:$C, "B. 1-9"),"") -> 2.250321 | G27: =IFERROR(SUMPRODUCT((Raw_Data_Daily!$B$2:$B$9999="Variant")*(Raw_Data_Daily!$C$2:$C$9999="B. 1-9")*Raw_Data_Daily!$D$2:$D$9999*Raw_Data_Daily!$P$2:$P$9999)/SUMIFS(Raw_Data_Daily!$D:$D, Raw_Data_Daily!$B:$B, "Variant", Raw_Data_Daily!$C:$C, "B. 1-9"),"") -> 2.1831393 | H27: =IFERROR((G27-F27)/ABS(F27),"") -> -0.029854274 | I27: =IFERROR(SUMPRODUCT((Raw_Data_Daily!$B$2:$B$9999="Control")*(Raw_Data_Daily!$C$2:$C$9999="C. 10-19")*Raw_Data_Daily!$D$2:$D$9999*Raw_Data_Daily!$P$2:$P$9999)/SUMIFS(Raw_Data_Daily!$D:$D, Raw_Data_Daily!$B:$B, "Control", Raw_Data_Daily!$C:$C, "C. 10-19"),"") -> 1.7873116 | J27: =IFERROR(SUMPRODUCT((Raw_Data_Daily!$B$2:$B$9999="Variant")*(Raw_Data_Daily!$C$2:$C$9999="C. 10-19")*Raw_Data_Daily!$D$2:$D$9999*Raw_Data_Daily!$P$2:$P$9999)/SUMIFS(Raw_Data_Daily!$D:$D, Raw_Data_Daily!$B:$B, "Variant", Raw_Data_Daily!$C:$C, "C. 10-19"),"") -> 1.8254617 | K27: =IFERROR((J27-I27)/ABS(I27),"") -> 0.021344934 | L27: =IFERROR(SUMPRODUCT((Raw_Data_Daily!$B$2:$B$9999="Control")*(Raw_Data_Daily!$C$2:$C$9999="D. 20-39")*Raw_Data_Daily!$D$2:$D$9999*Raw_Data_Daily!$P$2:$P$9999)/SUMIFS(Raw_Data_Daily!$D:$D, Raw_Data_Daily!$B:$B, "Control", Raw_Data_Daily!$C:$C, "D. 20-39"),"") -> 1.5439112 | M27: =IFERROR(SUMPRODUCT((Raw_Data_Daily!$B$2:$B$9999="Variant")*(Raw_Data_Daily!$C$2:$C$9999="D. 20-39")*Raw_Data_Daily!$D$2:$D$9999*Raw_Data_Daily!$P$2:$P$9999)/SUMIFS(Raw_Data_Daily!$D:$D, Raw_Data_Daily!$B:$B, "Variant", Raw_Data_Daily!$C:$C, "D. 20-39"),"") -> 1.5580997 | N27: =IFERROR((M27-L27)/ABS(L27),"") -> 0.0091899902 | O27: =IFERROR(SUMPRODUCT((Raw_Data_Daily!$B$2:$B$9999="Control")*(Raw_Data_Daily!$C$2:$C$9999="E. 40-99")*Raw_Data_Daily!$D$2:$D$9999*Raw_Data_Daily!$P$2:$P$9999)/SUMIFS(Raw_Data_Daily!$D:$D, Raw_Data_Daily!$B:$B, "Control", Raw_Data_Daily!$C:$C, "E. 40-99"),"") -> 1.3835543 | P27: =IFERROR(SUMPRODUCT((Raw_Data_Daily!$B$2:$B$9999="Variant")*(Raw_Data_Daily!$C$2:$C$9999="E. 40-99")*Raw_Data_Daily!$D$2:$D$9999*Raw_Data_Daily!$P$2:$P$9999)/SUMIFS(Raw_Data_Daily!$D:$D, Raw_Data_Daily!$B:$B, "Variant", Raw_Data_Daily!$C:$C, "E. 40-99"),"") -> 1.3799743 | Q27: =IFERROR((P27-O27)/ABS(O27),"") -> -0.0025875575 | R27: =IFERROR(SUMPRODUCT((Raw_Data_Daily!$B$2:$B$9999="Control")*(Raw_Data_Daily!$C$2:$C$9999="F. 100+")*Raw_Data_Daily!$D$2:$D$9999*Raw_Data_Daily!$P$2:$P$9999)/SUMIFS(Raw_Data_Daily!$D:$D, Raw_Data_Daily!$B:$B, "Control", Raw_Data_Daily!$C:$C, "F. 100+"),"") -> 1.2834203 | S27: =IFERROR(SUMPRODUCT((Raw_Data_Daily!$B$2:$B$9999="Variant")*(Raw_Data_Daily!$C$2:$C$9999="F. 100+")*Raw_Data_Daily!$D$2:$D$9999*Raw_Data_Daily!$P$2:$P$9999)/SUMIFS(Raw_Data_Daily!$D:$D, Raw_Data_Daily!$B:$B, "Variant", Raw_Data_Daily!$C:$C, "F. 100+"),"") -> 1.2815241 | T27: =IFERROR((S27-R27)/ABS(R27),"") -> -0.0014775034 | U27: x | V27: NS reward increase (careful wiht 100+)
A28: HC Economy | U28: x | V28: look into 100+ net
B29: HC gain total / player | C29: =IFERROR(SUMPRODUCT((Raw_Data_Daily!$B$2:$B$9999="Control")*(Raw_Data_Daily!$C$2:$C$9999="A. 0")*Raw_Data_Daily!$D$2:$D$9999*Raw_Data_Daily!$Q$2:$Q$9999)/SUMIFS(Raw_Data_Daily!$D:$D, Raw_Data_Daily!$B:$B, "Control", Raw_Data_Daily!$C:$C, "A. 0"),"") | D29: =IFERROR(SUMPRODUCT((Raw_Data_Daily!$B$2:$B$9999="Variant")*(Raw_Data_Daily!$C$2:$C$9999="A. 0")*Raw_Data_Daily!$D$2:$D$9999*Raw_Data_Daily!$Q$2:$Q$9999)/SUMIFS(Raw_Data_Daily!$D:$D, Raw_Data_Daily!$B:$B, "Variant", Raw_Data_Daily!$C:$C, "A. 0"),"") | E29: =IFERROR((D29-C29)/ABS(C29),"") | F29: =IFERROR(SUMPRODUCT((Raw_Data_Daily!$B$2:$B$9999="Control")*(Raw_Data_Daily!$C$2:$C$9999="B. 1-9")*Raw_Data_Daily!$D$2:$D$9999*Raw_Data_Daily!$Q$2:$Q$9999)/SUMIFS(Raw_Data_Daily!$D:$D, Raw_Data_Daily!$B:$B, "Control", Raw_Data_Daily!$C:$C, "B. 1-9"),"") -> 57.366953 | G29: =IFERROR(SUMPRODUCT((Raw_Data_Daily!$B$2:$B$9999="Variant")*(Raw_Data_Daily!$C$2:$C$9999="B. 1-9")*Raw_Data_Daily!$D$2:$D$9999*Raw_Data_Daily!$Q$2:$Q$9999)/SUMIFS(Raw_Data_Daily!$D:$D, Raw_Data_Daily!$B:$B, "Variant", Raw_Data_Daily!$C:$C, "B. 1-9"),"") -> 55.786516 | H29: =IFERROR((G29-F29)/ABS(F29),"") -> -0.027549616 | I29: =IFERROR(SUMPRODUCT((Raw_Data_Daily!$B$2:$B$9999="Control")*(Raw_Data_Daily!$C$2:$C$9999="C. 10-19")*Raw_Data_Daily!$D$2:$D$9999*Raw_Data_Daily!$Q$2:$Q$9999)/SUMIFS(Raw_Data_Daily!$D:$D, Raw_Data_Daily!$B:$B, "Control", Raw_Data_Daily!$C:$C, "C. 10-19"),"") -> 101.32504 | J29: =IFERROR(SUMPRODUCT((Raw_Data_Daily!$B$2:$B$9999="Variant")*(Raw_Data_Daily!$C$2:$C$9999="C. 10-19")*Raw_Data_Daily!$D$2:$D$9999*Raw_Data_Daily!$Q$2:$Q$9999)/SUMIFS(Raw_Data_Daily!$D:$D, Raw_Data_Daily!$B:$B, "Variant", Raw_Data_Daily!$C:$C, "C. 10-19"),"") -> 102.42657 | K29: =IFERROR((J29-I29)/ABS(I29),"") -> 0.010871229 | L29: =IFERROR(SUMPRODUCT((Raw_Data_Daily!$B$2:$B$9999="Control")*(Raw_Data_Daily!$C$2:$C$9999="D. 20-39")*Raw_Data_Daily!$D$2:$D$9999*Raw_Data_Daily!$Q$2:$Q$9999)/SUMIFS(Raw_Data_Daily!$D:$D, Raw_Data_Daily!$B:$B, "Control", Raw_Data_Daily!$C:$C, "D. 20-39"),"") -> 160.02916 | M29: =IFERROR(SUMPRODUCT((Raw_Data_Daily!$B$2:$B$9999="Variant")*(Raw_Data_Daily!$C$2:$C$9999="D. 20-39")*Raw_Data_Daily!$D$2:$D$9999*Raw_Data_Daily!$Q$2:$Q$9999)/SUMIFS(Raw_Data_Daily!$D:$D, Raw_Data_Daily!$B:$B, "Variant", Raw_Data_Daily!$C:$C, "D. 20-39"),"") -> 180.92755 | N29: =IFERROR((M29-L29)/ABS(L29),"") -> 0.13059113 | O29: =IFERROR(SUMPRODUCT((Raw_Data_Daily!$B$2:$B$9999="Control")*(Raw_Data_Daily!$C$2:$C$9999="E. 40-99")*Raw_Data_Daily!$D$2:$D$9999*Raw_Data_Daily!$Q$2:$Q$9999)/SUMIFS(Raw_Data_Daily!$D:$D, Raw_Data_Daily!$B:$B, "Control", Raw_Data_Daily!$C:$C, "E. 40-99"),"") -> 276.0835 | P29: =IFERROR(SUMPRODUCT((Raw_Data_Daily!$B$2:$B$9999="Variant")*(Raw_Data_Daily!$C$2:$C$9999="E. 40-99")*Raw_Data_Daily!$D$2:$D$9999*Raw_Data_Daily!$Q$2:$Q$9999)/SUMIFS(Raw_Data_Daily!$D:$D, Raw_Data_Daily!$B:$B, "Variant", Raw_Data_Daily!$C:$C, "E. 40-99"),"") -> 336.26776 | Q29: =IFERROR((P29-O29)/ABS(O29),"") -> 0.21799297 | R29: =IFERROR(SUMPRODUCT((Raw_Data_Daily!$B$2:$B$9999="Control")*(Raw_Data_Daily!$C$2:$C$9999="F. 100+")*Raw_Data_Daily!$D$2:$D$9999*Raw_Data_Daily!$Q$2:$Q$9999)/SUMIFS(Raw_Data_Daily!$D:$D, Raw_Data_Daily!$B:$B, "Control", Raw_Data_Daily!$C:$C, "F. 100+"),"") -> 458.51803 | S29: =IFERROR(SUMPRODUCT((Raw_Data_Daily!$B$2:$B$9999="Variant")*(Raw_Data_Daily!$C$2:$C$9999="F. 100+")*Raw_Data_Daily!$D$2:$D$9999*Raw_Data_Daily!$Q$2:$Q$9999)/SUMIFS(Raw_Data_Daily!$D:$D, Raw_Data_Daily!$B:$B, "Variant", Raw_Data_Daily!$C:$C, "F. 100+"),"") -> 594.86671 | T29: =IFERROR((S29-R29)/ABS(R29),"") -> 0.29736819 | U29: x | V29: Booster analysis
B30: HC gain PAID / player | C30: =IFERROR(SUMPRODUCT((Raw_Data_Daily!$B$2:$B$9999="Control")*(Raw_Data_Daily!$C$2:$C$9999="A. 0")*Raw_Data_Daily!$D$2:$D$9999*Raw_Data_Daily!$T$2:$T$9999)/SUMIFS(Raw_Data_Daily!$D:$D, Raw_Data_Daily!$B:$B, "Control", Raw_Data_Daily!$C:$C, "A. 0"),"") | D30: =IFERROR(SUMPRODUCT((Raw_Data_Daily!$B$2:$B$9999="Variant")*(Raw_Data_Daily!$C$2:$C$9999="A. 0")*Raw_Data_Daily!$D$2:$D$9999*Raw_Data_Daily!$T$2:$T$9999)/SUMIFS(Raw_Data_Daily!$D:$D, Raw_Data_Daily!$B:$B, "Variant", Raw_Data_Daily!$C:$C, "A. 0"),"") | E30: =IFERROR((D30-C30)/ABS(C30),"") | F30: =IFERROR(SUMPRODUCT((Raw_Data_Daily!$B$2:$B$9999="Control")*(Raw_Data_Daily!$C$2:$C$9999="B. 1-9")*Raw_Data_Daily!$D$2:$D$9999*Raw_Data_Daily!$T$2:$T$9999)/SUMIFS(Raw_Data_Daily!$D:$D, Raw_Data_Daily!$B:$B, "Control", Raw_Data_Daily!$C:$C, "B. 1-9"),"") -> 3.1953 | G30: =IFERROR(SUMPRODUCT((Raw_Data_Daily!$B$2:$B$9999="Variant")*(Raw_Data_Daily!$C$2:$C$9999="B. 1-9")*Raw_Data_Daily!$D$2:$D$9999*Raw_Data_Daily!$T$2:$T$9999)/SUMIFS(Raw_Data_Daily!$D:$D, Raw_Data_Daily!$B:$B, "Variant", Raw_Data_Daily!$C:$C, "B. 1-9"),"") -> 2.8738826 | H30: =IFERROR((G30-F30)/ABS(F30),"") -> -0.10059068 | I30: =IFERROR(SUMPRODUCT((Raw_Data_Daily!$B$2:$B$9999="Control")*(Raw_Data_Daily!$C$2:$C$9999="C. 10-19")*Raw_Data_Daily!$D$2:$D$9999*Raw_Data_Daily!$T$2:$T$9999)/SUMIFS(Raw_Data_Daily!$D:$D, Raw_Data_Daily!$B:$B, "Control", Raw_Data_Daily!$C:$C, "C. 10-19"),"") -> 7.515507 | J30: =IFERROR(SUMPRODUCT((Raw_Data_Daily!$B$2:$B$9999="Variant")*(Raw_Data_Daily!$C$2:$C$9999="C. 10-19")*Raw_Data_Daily!$D$2:$D$9999*Raw_Data_Daily!$T$2:$T$9999)/SUMIFS(Raw_Data_Daily!$D:$D, Raw_Data_Daily!$B:$B, "Variant", Raw_Data_Daily!$C:$C, "C. 10-19"),"") -> 7.4249617 | K30: =IFERROR((J30-I30)/ABS(I30),"") -> -0.012047797 | L30: =IFERROR(SUMPRODUCT((Raw_Data_Daily!$B$2:$B$9999="Control")*(Raw_Data_Daily!$C$2:$C$9999="D. 20-39")*Raw_Data_Daily!$D$2:$D$9999*Raw_Data_Daily!$T$2:$T$9999)/SUMIFS(Raw_Data_Daily!$D:$D, Raw_Data_Daily!$B:$B, "Control", Raw_Data_Daily!$C:$C, "D. 20-39"),"") -> 14.713623 | M30: =IFERROR(SUMPRODUCT((Raw_Data_Daily!$B$2:$B$9999="Variant")*(Raw_Data_Daily!$C$2:$C$9999="D. 20-39")*Raw_Data_Daily!$D$2:$D$9999*Raw_Data_Daily!$T$2:$T$9999)/SUMIFS(Raw_Data_Daily!$D:$D, Raw_Data_Daily!$B:$B, "Variant", Raw_Data_Daily!$C:$C, "D. 20-39"),"") -> 11.756527 | N30: =IFERROR((M30-L30)/ABS(L30),"") -> -0.2009767 | O30: =IFERROR(SUMPRODUCT((Raw_Data_Daily!$B$2:$B$9999="Control")*(Raw_Data_Daily!$C$2:$C$9999="E. 40-99")*Raw_Data_Daily!$D$2:$D$9999*Raw_Data_Daily!$T$2:$T$9999)/SUMIFS(Raw_Data_Daily!$D:$D, Raw_Data_Daily!$B:$B, "Control", Raw_Data_Daily!$C:$C, "E. 40-99"),"") -> 33.629961 | P30: =IFERROR(SUMPRODUCT((Raw_Data_Daily!$B$2:$B$9999="Variant")*(Raw_Data_Daily!$C$2:$C$9999="E. 40-99")*Raw_Data_Daily!$D$2:$D$9999*Raw_Data_Daily!$T$2:$T$9999)/SUMIFS(Raw_Data_Daily!$D:$D, Raw_Data_Daily!$B:$B, "Variant", Raw_Data_Daily!$C:$C, "E. 40-99"),"") -> 31.497383 | Q30: =IFERROR((P30-O30)/ABS(O30),"") -> -0.063413041 | R30: =IFERROR(SUMPRODUCT((Raw_Data_Daily!$B$2:$B$9999="Control")*(Raw_Data_Daily!$C$2:$C$9999="F. 100+")*Raw_Data_Daily!$D$2:$D$9999*Raw_Data_Daily!$T$2:$T$9999)/SUMIFS(Raw_Data_Daily!$D:$D, Raw_Data_Daily!$B:$B, "Control", Raw_Data_Daily!$C:$C, "F. 100+"),"") -> 84.371336 | S30: =IFERROR(SUMPRODUCT((Raw_Data_Daily!$B$2:$B$9999="Variant")*(Raw_Data_Daily!$C$2:$C$9999="F. 100+")*Raw_Data_Daily!$D$2:$D$9999*Raw_Data_Daily!$T$2:$T$9999)/SUMIFS(Raw_Data_Daily!$D:$D, Raw_Data_Daily!$B:$B, "Variant", Raw_Data_Daily!$C:$C, "F. 100+"),"") -> 86.903025 | T30: =IFERROR((S30-R30)/ABS(R30),"") -> 0.030006503 | V30: ulbs
B31: HC gain FREE / player | C31: =IFERROR(SUMPRODUCT((Raw_Data_Daily!$B$2:$B$9999="Control")*(Raw_Data_Daily!$C$2:$C$9999="A. 0")*Raw_Data_Daily!$D$2:$D$9999*Raw_Data_Daily!$U$2:$U$9999)/SUMIFS(Raw_Data_Daily!$D:$D, Raw_Data_Daily!$B:$B, "Control", Raw_Data_Daily!$C:$C, "A. 0"),"") | D31: =IFERROR(SUMPRODUCT((Raw_Data_Daily!$B$2:$B$9999="Variant")*(Raw_Data_Daily!$C$2:$C$9999="A. 0")*Raw_Data_Daily!$D$2:$D$9999*Raw_Data_Daily!$U$2:$U$9999)/SUMIFS(Raw_Data_Daily!$D:$D, Raw_Data_Daily!$B:$B, "Variant", Raw_Data_Daily!$C:$C, "A. 0"),"") | E31: =IFERROR((D31-C31)/ABS(C31),"") | F31: =IFERROR(SUMPRODUCT((Raw_Data_Daily!$B$2:$B$9999="Control")*(Raw_Data_Daily!$C$2:$C$9999="B. 1-9")*Raw_Data_Daily!$D$2:$D$9999*Raw_Data_Daily!$U$2:$U$9999)/SUMIFS(Raw_Data_Daily!$D:$D, Raw_Data_Daily!$B:$B, "Control", Raw_Data_Daily!$C:$C, "B. 1-9"),"") -> 54.171653 | G31: =IFERROR(SUMPRODUCT((Raw_Data_Daily!$B$2:$B$9999="Variant")*(Raw_Data_Daily!$C$2:$C$9999="B. 1-9")*Raw_Data_Daily!$D$2:$D$9999*Raw_Data_Daily!$U$2:$U$9999)/SUMIFS(Raw_Data_Daily!$D:$D, Raw_Data_Daily!$B:$B, "Variant", Raw_Data_Daily!$C:$C, "B. 1-9"),"") -> 52.915929 | H31: =IFERROR((G31-F31)/ABS(F31),"") -> -0.023180471 | I31: =IFERROR(SUMPRODUCT((Raw_Data_Daily!$B$2:$B$9999="Control")*(Raw_Data_Daily!$C$2:$C$9999="C. 10-19")*Raw_Data_Daily!$D$2:$D$9999*Raw_Data_Daily!$U$2:$U$9999)/SUMIFS(Raw_Data_Daily!$D:$D, Raw_Data_Daily!$B:$B, "Control", Raw_Data_Daily!$C:$C, "C. 10-19"),"") -> 93.807862 | J31: =IFERROR(SUMPRODUCT((Raw_Data_Daily!$B$2:$B$9999="Variant")*(Raw_Data_Daily!$C$2:$C$9999="C. 10-19")*Raw_Data_Daily!$D$2:$D$9999*Raw_Data_Daily!$U$2:$U$9999)/SUMIFS(Raw_Data_Daily!$D:$D, Raw_Data_Daily!$B:$B, "Variant", Raw_Data_Daily!$C:$C, "C. 10-19"),"") -> 95.003264 | K31: =IFERROR((J31-I31)/ABS(I31),"") -> 0.012743081 | L31: =IFERROR(SUMPRODUCT((Raw_Data_Daily!$B$2:$B$9999="Control")*(Raw_Data_Daily!$C$2:$C$9999="D. 20-39")*Raw_Data_Daily!$D$2:$D$9999*Raw_Data_Daily!$U$2:$U$9999)/SUMIFS(Raw_Data_Daily!$D:$D, Raw_Data_Daily!$B:$B, "Control", Raw_Data_Daily!$C:$C, "D. 20-39"),"") -> 145.31723 | M31: =IFERROR(SUMPRODUCT((Raw_Data_Daily!$B$2:$B$9999="Variant")*(Raw_Data_Daily!$C$2:$C$9999="D. 20-39")*Raw_Data_Daily!$D$2:$D$9999*Raw_Data_Daily!$U$2:$U$9999)/SUMIFS(Raw_Data_Daily!$D:$D, Raw_Data_Daily!$B:$B, "Variant", Raw_Data_Daily!$C:$C, "D. 20-39"),"") -> 169.17104 | N31: =IFERROR((M31-L31)/ABS(L31),"") -> 0.16414992 | O31: =IFERROR(SUMPRODUCT((Raw_Data_Daily!$B$2:$B$9999="Control")*(Raw_Data_Daily!$C$2:$C$9999="E. 40-99")*Raw_Data_Daily!$D$2:$D$9999*Raw_Data_Daily!$U$2:$U$9999)/SUMIFS(Raw_Data_Daily!$D:$D, Raw_Data_Daily!$B:$B, "Control", Raw_Data_Daily!$C:$C, "E. 40-99"),"") -> 242.45692 | P31: =IFERROR(SUMPRODUCT((Raw_Data_Daily!$B$2:$B$9999="Variant")*(Raw_Data_Daily!$C$2:$C$9999="E. 40-99")*Raw_Data_Daily!$D$2:$D$9999*Raw_Data_Daily!$U$2:$U$9999)/SUMIFS(Raw_Data_Daily!$D:$D, Raw_Data_Daily!$B:$B, "Variant", Raw_Data_Daily!$C:$C, "E. 40-99"),"") -> 304.77044 | Q31: =IFERROR((P31-O31)/ABS(O31),"") -> 0.25700861 | R31: =IFERROR(SUMPRODUCT((Raw_Data_Daily!$B$2:$B$9999="Control")*(Raw_Data_Daily!$C$2:$C$9999="F. 100+")*Raw_Data_Daily!$D$2:$D$9999*Raw_Data_Daily!$U$2:$U$9999)/SUMIFS(Raw_Data_Daily!$D:$D, Raw_Data_Daily!$B:$B, "Control", Raw_Data_Daily!$C:$C, "F. 100+"),"") -> 374.1467 | S31: =IFERROR(SUMPRODUCT((Raw_Data_Daily!$B$2:$B$9999="Variant")*(Raw_Data_Daily!$C$2:$C$9999="F. 100+")*Raw_Data_Daily!$D$2:$D$9999*Raw_Data_Daily!$U$2:$U$9999)/SUMIFS(Raw_Data_Daily!$D:$D, Raw_Data_Daily!$B:$B, "Variant", Raw_Data_Daily!$C:$C, "F. 100+"),"") -> 507.96531 | T31: =IFERROR((S31-R31)/ABS(R31),"") -> 0.35766348 | U31: x | V31: SPTs
B32: HC spent / player | C32: =IFERROR(SUMPRODUCT((Raw_Data_Daily!$B$2:$B$9999="Control")*(Raw_Data_Daily!$C$2:$C$9999="A. 0")*Raw_Data_Daily!$D$2:$D$9999*Raw_Data_Daily!$V$2:$V$9999)/SUMIFS(Raw_Data_Daily!$D:$D, Raw_Data_Daily!$B:$B, "Control", Raw_Data_Daily!$C:$C, "A. 0"),"") | D32: =IFERROR(SUMPRODUCT((Raw_Data_Daily!$B$2:$B$9999="Variant")*(Raw_Data_Daily!$C$2:$C$9999="A. 0")*Raw_Data_Daily!$D$2:$D$9999*Raw_Data_Daily!$V$2:$V$9999)/SUMIFS(Raw_Data_Daily!$D:$D, Raw_Data_Daily!$B:$B, "Variant", Raw_Data_Daily!$C:$C, "A. 0"),"") | E32: =IFERROR((D32-C32)/ABS(C32),"") | F32: =IFERROR(SUMPRODUCT((Raw_Data_Daily!$B$2:$B$9999="Control")*(Raw_Data_Daily!$C$2:$C$9999="B. 1-9")*Raw_Data_Daily!$D$2:$D$9999*Raw_Data_Daily!$V$2:$V$9999)/SUMIFS(Raw_Data_Daily!$D:$D, Raw_Data_Daily!$B:$B, "Control", Raw_Data_Daily!$C:$C, "B. 1-9"),"") -> 55.836988 | G32: =IFERROR(SUMPRODUCT((Raw_Data_Daily!$B$2:$B$9999="Variant")*(Raw_Data_Daily!$C$2:$C$9999="B. 1-9")*Raw_Data_Daily!$D$2:$D$9999*Raw_Data_Daily!$V$2:$V$9999)/SUMIFS(Raw_Data_Daily!$D:$D, Raw_Data_Daily!$B:$B, "Variant", Raw_Data_Daily!$C:$C, "B. 1-9"),"") -> 54.19664 | H32: =IFERROR((G32-F32)/ABS(F32),"") -> -0.029377456 | I32: =IFERROR(SUMPRODUCT((Raw_Data_Daily!$B$2:$B$9999="Control")*(Raw_Data_Daily!$C$2:$C$9999="C. 10-19")*Raw_Data_Daily!$D$2:$D$9999*Raw_Data_Daily!$V$2:$V$9999)/SUMIFS(Raw_Data_Daily!$D:$D, Raw_Data_Daily!$B:$B, "Control", Raw_Data_Daily!$C:$C, "C. 10-19"),"") -> 102.31972 | J32: =IFERROR(SUMPRODUCT((Raw_Data_Daily!$B$2:$B$9999="Variant")*(Raw_Data_Daily!$C$2:$C$9999="C. 10-19")*Raw_Data_Daily!$D$2:$D$9999*Raw_Data_Daily!$V$2:$V$9999)/SUMIFS(Raw_Data_Daily!$D:$D, Raw_Data_Daily!$B:$B, "Variant", Raw_Data_Daily!$C:$C, "C. 10-19"),"") -> 100.24588 | K32: =IFERROR((J32-I32)/ABS(I32),"") -> -0.020268192 | L32: =IFERROR(SUMPRODUCT((Raw_Data_Daily!$B$2:$B$9999="Control")*(Raw_Data_Daily!$C$2:$C$9999="D. 20-39")*Raw_Data_Daily!$D$2:$D$9999*Raw_Data_Daily!$V$2:$V$9999)/SUMIFS(Raw_Data_Daily!$D:$D, Raw_Data_Daily!$B:$B, "Control", Raw_Data_Daily!$C:$C, "D. 20-39"),"") -> 166.13187 | M32: =IFERROR(SUMPRODUCT((Raw_Data_Daily!$B$2:$B$9999="Variant")*(Raw_Data_Daily!$C$2:$C$9999="D. 20-39")*Raw_Data_Daily!$D$2:$D$9999*Raw_Data_Daily!$V$2:$V$9999)/SUMIFS(Raw_Data_Daily!$D:$D, Raw_Data_Daily!$B:$B, "Variant", Raw_Data_Daily!$C:$C, "D. 20-39"),"") -> 172.02542 | N32: =IFERROR((M32-L32)/ABS(L32),"") -> 0.035475162 | O32: =IFERROR(SUMPRODUCT((Raw_Data_Daily!$B$2:$B$9999="Control")*(Raw_Data_Daily!$C$2:$C$9999="E. 40-99")*Raw_Data_Daily!$D$2:$D$9999*Raw_Data_Daily!$V$2:$V$9999)/SUMIFS(Raw_Data_Daily!$D:$D, Raw_Data_Daily!$B:$B, "Control", Raw_Data_Daily!$C:$C, "E. 40-99"),"") -> 298.68199 | P32: =IFERROR(SUMPRODUCT((Raw_Data_Daily!$B$2:$B$9999="Variant")*(Raw_Data_Daily!$C$2:$C$9999="E. 40-99")*Raw_Data_Daily!$D$2:$D$9999*Raw_Data_Daily!$V$2:$V$9999)/SUMIFS(Raw_Data_Daily!$D:$D, Raw_Data_Daily!$B:$B, "Variant", Raw_Data_Daily!$C:$C, "E. 40-99"),"") -> 320.81598 | Q32: =IFERROR((P32-O32)/ABS(O32),"") -> 0.07410551 | R32: =IFERROR(SUMPRODUCT((Raw_Data_Daily!$B$2:$B$9999="Control")*(Raw_Data_Daily!$C$2:$C$9999="F. 100+")*Raw_Data_Daily!$D$2:$D$9999*Raw_Data_Daily!$V$2:$V$9999)/SUMIFS(Raw_Data_Daily!$D:$D, Raw_Data_Daily!$B:$B, "Control", Raw_Data_Daily!$C:$C, "F. 100+"),"") -> 505.76255 | S32: =IFERROR(SUMPRODUCT((Raw_Data_Daily!$B$2:$B$9999="Variant")*(Raw_Data_Daily!$C$2:$C$9999="F. 100+")*Raw_Data_Daily!$D$2:$D$9999*Raw_Data_Daily!$V$2:$V$9999)/SUMIFS(Raw_Data_Daily!$D:$D, Raw_Data_Daily!$B:$B, "Variant", Raw_Data_Daily!$C:$C, "F. 100+"),"") -> 582.08755 | T32: =IFERROR((S32-R32)/ABS(R32),"") -> 0.15091075
B33: HC NET (gain - spend) / player | C33: =IFERROR(SUMPRODUCT((Raw_Data_Daily!$B$2:$B$9999="Control")*(Raw_Data_Daily!$C$2:$C$9999="A. 0")*Raw_Data_Daily!$D$2:$D$9999*(Raw_Data_Daily!$Q$2:$Q$9999-Raw_Data_Daily!$V$2:$V$9999))/SUMIFS(Raw_Data_Daily!$D:$D, Raw_Data_Daily!$B:$B, "Control", Raw_Data_Daily!$C:$C, "A. 0"),"") | D33: =IFERROR(SUMPRODUCT((Raw_Data_Daily!$B$2:$B$9999="Variant")*(Raw_Data_Daily!$C$2:$C$9999="A. 0")*Raw_Data_Daily!$D$2:$D$9999*(Raw_Data_Daily!$Q$2:$Q$9999-Raw_Data_Daily!$V$2:$V$9999))/SUMIFS(Raw_Data_Daily!$D:$D, Raw_Data_Daily!$B:$B, "Variant", Raw_Data_Daily!$C:$C, "A. 0"),"") | E33: =IFERROR((D33-C33)/ABS(C33),"") | F33: =IFERROR(SUMPRODUCT((Raw_Data_Daily!$B$2:$B$9999="Control")*(Raw_Data_Daily!$C$2:$C$9999="B. 1-9")*Raw_Data_Daily!$D$2:$D$9999*(Raw_Data_Daily!$Q$2:$Q$9999-Raw_Data_Daily!$V$2:$V$9999))/SUMIFS(Raw_Data_Daily!$D:$D, Raw_Data_Daily!$B:$B, "Control", Raw_Data_Daily!$C:$C, "B. 1-9"),"") -> 1.529965 | G33: =IFERROR(SUMPRODUCT((Raw_Data_Daily!$B$2:$B$9999="Variant")*(Raw_Data_Daily!$C$2:$C$9999="B. 1-9")*Raw_Data_Daily!$D$2:$D$9999*(Raw_Data_Daily!$Q$2:$Q$9999-Raw_Data_Daily!$V$2:$V$9999))/SUMIFS(Raw_Data_Daily!$D:$D, Raw_Data_Daily!$B:$B, "Variant", Raw_Data_Daily!$C:$C, "B. 1-9"),"") -> 1.5898761 | H33: =IFERROR((G33-F33)/ABS(F33),"") -> 0.039158497 | I33: =IFERROR(SUMPRODUCT((Raw_Data_Daily!$B$2:$B$9999="Control")*(Raw_Data_Daily!$C$2:$C$9999="C. 10-19")*Raw_Data_Daily!$D$2:$D$9999*(Raw_Data_Daily!$Q$2:$Q$9999-Raw_Data_Daily!$V$2:$V$9999))/SUMIFS(Raw_Data_Daily!$D:$D, Raw_Data_Daily!$B:$B, "Control", Raw_Data_Daily!$C:$C, "C. 10-19"),"") -> -0.99467711 | J33: =IFERROR(SUMPRODUCT((Raw_Data_Daily!$B$2:$B$9999="Variant")*(Raw_Data_Daily!$C$2:$C$9999="C. 10-19")*Raw_Data_Daily!$D$2:$D$9999*(Raw_Data_Daily!$Q$2:$Q$9999-Raw_Data_Daily!$V$2:$V$9999))/SUMIFS(Raw_Data_Daily!$D:$D, Raw_Data_Daily!$B:$B, "Variant", Raw_Data_Daily!$C:$C, "C. 10-19"),"") -> 2.1806863 | K33: =IFERROR((J33-I33)/ABS(I33),"") -> 3.192356 | L33: =IFERROR(SUMPRODUCT((Raw_Data_Daily!$B$2:$B$9999="Control")*(Raw_Data_Daily!$C$2:$C$9999="D. 20-39")*Raw_Data_Daily!$D$2:$D$9999*(Raw_Data_Daily!$Q$2:$Q$9999-Raw_Data_Daily!$V$2:$V$9999))/SUMIFS(Raw_Data_Daily!$D:$D, Raw_Data_Daily!$B:$B, "Control", Raw_Data_Daily!$C:$C, "D. 20-39"),"") -> -6.1027085 | M33: =IFERROR(SUMPRODUCT((Raw_Data_Daily!$B$2:$B$9999="Variant")*(Raw_Data_Daily!$C$2:$C$9999="D. 20-39")*Raw_Data_Daily!$D$2:$D$9999*(Raw_Data_Daily!$Q$2:$Q$9999-Raw_Data_Daily!$V$2:$V$9999))/SUMIFS(Raw_Data_Daily!$D:$D, Raw_Data_Daily!$B:$B, "Variant", Raw_Data_Daily!$C:$C, "D. 20-39"),"") -> 8.9021259 | N33: =IFERROR((M33-L33)/ABS(L33),"") -> 2.4587172 | O33: =IFERROR(SUMPRODUCT((Raw_Data_Daily!$B$2:$B$9999="Control")*(Raw_Data_Daily!$C$2:$C$9999="E. 40-99")*Raw_Data_Daily!$D$2:$D$9999*(Raw_Data_Daily!$Q$2:$Q$9999-Raw_Data_Daily!$V$2:$V$9999))/SUMIFS(Raw_Data_Daily!$D:$D, Raw_Data_Daily!$B:$B, "Control", Raw_Data_Daily!$C:$C, "E. 40-99"),"") -> -22.598495 | P33: =IFERROR(SUMPRODUCT((Raw_Data_Daily!$B$2:$B$9999="Variant")*(Raw_Data_Daily!$C$2:$C$9999="E. 40-99")*Raw_Data_Daily!$D$2:$D$9999*(Raw_Data_Daily!$Q$2:$Q$9999-Raw_Data_Daily!$V$2:$V$9999))/SUMIFS(Raw_Data_Daily!$D:$D, Raw_Data_Daily!$B:$B, "Variant", Raw_Data_Daily!$C:$C, "E. 40-99"),"") -> 15.451785 | Q33: =IFERROR((P33-O33)/ABS(O33),"") -> 1.6837528 | R33: =IFERROR(SUMPRODUCT((Raw_Data_Daily!$B$2:$B$9999="Control")*(Raw_Data_Daily!$C$2:$C$9999="F. 100+")*Raw_Data_Daily!$D$2:$D$9999*(Raw_Data_Daily!$Q$2:$Q$9999-Raw_Data_Daily!$V$2:$V$9999))/SUMIFS(Raw_Data_Daily!$D:$D, Raw_Data_Daily!$B:$B, "Control", Raw_Data_Daily!$C:$C, "F. 100+"),"") -> -47.244515 | S33: =IFERROR(SUMPRODUCT((Raw_Data_Daily!$B$2:$B$9999="Variant")*(Raw_Data_Daily!$C$2:$C$9999="F. 100+")*Raw_Data_Daily!$D$2:$D$9999*(Raw_Data_Daily!$Q$2:$Q$9999-Raw_Data_Daily!$V$2:$V$9999))/SUMIFS(Raw_Data_Daily!$D:$D, Raw_Data_Daily!$B:$B, "Variant", Raw_Data_Daily!$C:$C, "F. 100+"),"") -> 12.779156 | T33: =IFERROR((S33-R33)/ABS(R33),"") -> 1.2704897
B34: HC spent / attempt | C34: =IFERROR(SUMPRODUCT((Raw_Data_Daily!$B$2:$B$9999="Control")*(Raw_Data_Daily!$C$2:$C$9999="A. 0")*Raw_Data_Daily!$D$2:$D$9999*Raw_Data_Daily!$W$2:$W$9999)/SUMIFS(Raw_Data_Daily!$D:$D, Raw_Data_Daily!$B:$B, "Control", Raw_Data_Daily!$C:$C, "A. 0"),"") | D34: =IFERROR(SUMPRODUCT((Raw_Data_Daily!$B$2:$B$9999="Variant")*(Raw_Data_Daily!$C$2:$C$9999="A. 0")*Raw_Data_Daily!$D$2:$D$9999*Raw_Data_Daily!$W$2:$W$9999)/SUMIFS(Raw_Data_Daily!$D:$D, Raw_Data_Daily!$B:$B, "Variant", Raw_Data_Daily!$C:$C, "A. 0"),"") | E34: =IFERROR((D34-C34)/ABS(C34),"") | F34: =IFERROR(SUMPRODUCT((Raw_Data_Daily!$B$2:$B$9999="Control")*(Raw_Data_Daily!$C$2:$C$9999="B. 1-9")*Raw_Data_Daily!$D$2:$D$9999*Raw_Data_Daily!$W$2:$W$9999)/SUMIFS(Raw_Data_Daily!$D:$D, Raw_Data_Daily!$B:$B, "Control", Raw_Data_Daily!$C:$C, "B. 1-9"),"") -> 3.7024354 | G34: =IFERROR(SUMPRODUCT((Raw_Data_Daily!$B$2:$B$9999="Variant")*(Raw_Data_Daily!$C$2:$C$9999="B. 1-9")*Raw_Data_Daily!$D$2:$D$9999*Raw_Data_Daily!$W$2:$W$9999)/SUMIFS(Raw_Data_Daily!$D:$D, Raw_Data_Daily!$B:$B, "Variant", Raw_Data_Daily!$C:$C, "B. 1-9"),"") -> 3.7549994 | H34: =IFERROR((G34-F34)/ABS(F34),"") -> 0.014197141 | I34: =IFERROR(SUMPRODUCT((Raw_Data_Daily!$B$2:$B$9999="Control")*(Raw_Data_Daily!$C$2:$C$9999="C. 10-19")*Raw_Data_Daily!$D$2:$D$9999*Raw_Data_Daily!$W$2:$W$9999)/SUMIFS(Raw_Data_Daily!$D:$D, Raw_Data_Daily!$B:$B, "Control", Raw_Data_Daily!$C:$C, "C. 10-19"),"") -> 4.1450946 | J34: =IFERROR(SUMPRODUCT((Raw_Data_Daily!$B$2:$B$9999="Variant")*(Raw_Data_Daily!$C$2:$C$9999="C. 10-19")*Raw_Data_Daily!$D$2:$D$9999*Raw_Data_Daily!$W$2:$W$9999)/SUMIFS(Raw_Data_Daily!$D:$D, Raw_Data_Daily!$B:$B, "Variant", Raw_Data_Daily!$C:$C, "C. 10-19"),"") -> 3.9482932 | K34: =IFERROR((J34-I34)/ABS(I34),"") -> -0.047478142 | L34: =IFERROR(SUMPRODUCT((Raw_Data_Daily!$B$2:$B$9999="Control")*(Raw_Data_Daily!$C$2:$C$9999="D. 20-39")*Raw_Data_Daily!$D$2:$D$9999*Raw_Data_Daily!$W$2:$W$9999)/SUMIFS(Raw_Data_Daily!$D:$D, Raw_Data_Daily!$B:$B, "Control", Raw_Data_Daily!$C:$C, "D. 20-39"),"") -> 4.393226 | M34: =IFERROR(SUMPRODUCT((Raw_Data_Daily!$B$2:$B$9999="Variant")*(Raw_Data_Daily!$C$2:$C$9999="D. 20-39")*Raw_Data_Daily!$D$2:$D$9999*Raw_Data_Daily!$W$2:$W$9999)/SUMIFS(Raw_Data_Daily!$D:$D, Raw_Data_Daily!$B:$B, "Variant", Raw_Data_Daily!$C:$C, "D. 20-39"),"") -> 4.3627655 | N34: =IFERROR((M34-L34)/ABS(L34),"") -> -0.0069335069 | O34: =IFERROR(SUMPRODUCT((Raw_Data_Daily!$B$2:$B$9999="Control")*(Raw_Data_Daily!$C$2:$C$9999="E. 40-99")*Raw_Data_Daily!$D$2:$D$9999*Raw_Data_Daily!$W$2:$W$9999)/SUMIFS(Raw_Data_Daily!$D:$D, Raw_Data_Daily!$B:$B, "Control", Raw_Data_Daily!$C:$C, "E. 40-99"),"") -> 4.5667868 | P34: =IFERROR(SUMPRODUCT((Raw_Data_Daily!$B$2:$B$9999="Variant")*(Raw_Data_Daily!$C$2:$C$9999="E. 40-99")*Raw_Data_Daily!$D$2:$D$9999*Raw_Data_Daily!$W$2:$W$9999)/SUMIFS(Raw_Data_Daily!$D:$D, Raw_Data_Daily!$B:$B, "Variant", Raw_Data_Daily!$C:$C, "E. 40-99"),"") -> 4.7432342 | Q34: =IFERROR((P34-O34)/ABS(O34),"") -> 0.038637095 | R34: =IFERROR(SUMPRODUCT((Raw_Data_Daily!$B$2:$B$9999="Control")*(Raw_Data_Daily!$C$2:$C$9999="F. 100+")*Raw_Data_Daily!$D$2:$D$9999*Raw_Data_Daily!$W$2:$W$9999)/SUMIFS(Raw_Data_Daily!$D:$D, Raw_Data_Daily!$B:$B, "Control", Raw_Data_Daily!$C:$C, "F. 100+"),"") -> 3.9834497 | S34: =IFERROR(SUMPRODUCT((Raw_Data_Daily!$B$2:$B$9999="Variant")*(Raw_Data_Daily!$C$2:$C$9999="F. 100+")*Raw_Data_Daily!$D$2:$D$9999*Raw_Data_Daily!$W$2:$W$9999)/SUMIFS(Raw_Data_Daily!$D:$D, Raw_Data_Daily!$B:$B, "Variant", Raw_Data_Daily!$C:$C, "F. 100+"),"") -> 4.5709414 | T34: =IFERROR((S34-R34)/ABS(R34),"") -> 0.14748314
B35: Paid % of total HC gain | C35: =IFERROR(SUMPRODUCT((Raw_Data_Daily!$B$2:$B$9999="Control")*(Raw_Data_Daily!$C$2:$C$9999="A. 0")*Raw_Data_Daily!$D$2:$D$9999*Raw_Data_Daily!$X$2:$X$9999)/SUMIFS(Raw_Data_Daily!$D:$D, Raw_Data_Daily!$B:$B, "Control", Raw_Data_Daily!$C:$C, "A. 0"),"") | D35: =IFERROR(SUMPRODUCT((Raw_Data_Daily!$B$2:$B$9999="Variant")*(Raw_Data_Daily!$C$2:$C$9999="A. 0")*Raw_Data_Daily!$D$2:$D$9999*Raw_Data_Daily!$X$2:$X$9999)/SUMIFS(Raw_Data_Daily!$D:$D, Raw_Data_Daily!$B:$B, "Variant", Raw_Data_Daily!$C:$C, "A. 0"),"") | E35: =IFERROR((D35-C35)/ABS(C35),"") | F35: =IFERROR(SUMPRODUCT((Raw_Data_Daily!$B$2:$B$9999="Control")*(Raw_Data_Daily!$C$2:$C$9999="B. 1-9")*Raw_Data_Daily!$D$2:$D$9999*Raw_Data_Daily!$X$2:$X$9999)/SUMIFS(Raw_Data_Daily!$D:$D, Raw_Data_Daily!$B:$B, "Control", Raw_Data_Daily!$C:$C, "B. 1-9"),"") -> 5.7774857 | G35: =IFERROR(SUMPRODUCT((Raw_Data_Daily!$B$2:$B$9999="Variant")*(Raw_Data_Daily!$C$2:$C$9999="B. 1-9")*Raw_Data_Daily!$D$2:$D$9999*Raw_Data_Daily!$X$2:$X$9999)/SUMIFS(Raw_Data_Daily!$D:$D, Raw_Data_Daily!$B:$B, "Variant", Raw_Data_Daily!$C:$C, "B. 1-9"),"") -> 5.4255393 | H35: =IFERROR((G35-F35)/ABS(F35),"") -> -0.060916878 | I35: =IFERROR(SUMPRODUCT((Raw_Data_Daily!$B$2:$B$9999="Control")*(Raw_Data_Daily!$C$2:$C$9999="C. 10-19")*Raw_Data_Daily!$D$2:$D$9999*Raw_Data_Daily!$X$2:$X$9999)/SUMIFS(Raw_Data_Daily!$D:$D, Raw_Data_Daily!$B:$B, "Control", Raw_Data_Daily!$C:$C, "C. 10-19"),"") -> 7.5762689 | J35: =IFERROR(SUMPRODUCT((Raw_Data_Daily!$B$2:$B$9999="Variant")*(Raw_Data_Daily!$C$2:$C$9999="C. 10-19")*Raw_Data_Daily!$D$2:$D$9999*Raw_Data_Daily!$X$2:$X$9999)/SUMIFS(Raw_Data_Daily!$D:$D, Raw_Data_Daily!$B:$B, "Variant", Raw_Data_Daily!$C:$C, "C. 10-19"),"") -> 7.5071067 | K35: =IFERROR((J35-I35)/ABS(I35),"") -> -0.0091287897 | L35: =IFERROR(SUMPRODUCT((Raw_Data_Daily!$B$2:$B$9999="Control")*(Raw_Data_Daily!$C$2:$C$9999="D. 20-39")*Raw_Data_Daily!$D$2:$D$9999*Raw_Data_Daily!$X$2:$X$9999)/SUMIFS(Raw_Data_Daily!$D:$D, Raw_Data_Daily!$B:$B, "Control", Raw_Data_Daily!$C:$C, "D. 20-39"),"") -> 9.5393793 | M35: =IFERROR(SUMPRODUCT((Raw_Data_Daily!$B$2:$B$9999="Variant")*(Raw_Data_Daily!$C$2:$C$9999="D. 20-39")*Raw_Data_Daily!$D$2:$D$9999*Raw_Data_Daily!$X$2:$X$9999)/SUMIFS(Raw_Data_Daily!$D:$D, Raw_Data_Daily!$B:$B, "Variant", Raw_Data_Daily!$C:$C, "D. 20-39"),"") -> 6.6433179 | N35: =IFERROR((M35-L35)/ABS(L35),"") -> -0.30359014 | O35: =IFERROR(SUMPRODUCT((Raw_Data_Daily!$B$2:$B$9999="Control")*(Raw_Data_Daily!$C$2:$C$9999="E. 40-99")*Raw_Data_Daily!$D$2:$D$9999*Raw_Data_Daily!$X$2:$X$9999)/SUMIFS(Raw_Data_Daily!$D:$D, Raw_Data_Daily!$B:$B, "Control", Raw_Data_Daily!$C:$C, "E. 40-99"),"") -> 12.762373 | P35: =IFERROR(SUMPRODUCT((Raw_Data_Daily!$B$2:$B$9999="Variant")*(Raw_Data_Daily!$C$2:$C$9999="E. 40-99")*Raw_Data_Daily!$D$2:$D$9999*Raw_Data_Daily!$X$2:$X$9999)/SUMIFS(Raw_Data_Daily!$D:$D, Raw_Data_Daily!$B:$B, "Variant", Raw_Data_Daily!$C:$C, "E. 40-99"),"") -> 9.6461808 | Q35: =IFERROR((P35-O35)/ABS(O35),"") -> -0.24417029 | R35: =IFERROR(SUMPRODUCT((Raw_Data_Daily!$B$2:$B$9999="Control")*(Raw_Data_Daily!$C$2:$C$9999="F. 100+")*Raw_Data_Daily!$D$2:$D$9999*Raw_Data_Daily!$X$2:$X$9999)/SUMIFS(Raw_Data_Daily!$D:$D, Raw_Data_Daily!$B:$B, "Control", Raw_Data_Daily!$C:$C, "F. 100+"),"") -> 19.252771 | S35: =IFERROR(SUMPRODUCT((Raw_Data_Daily!$B$2:$B$9999="Variant")*(Raw_Data_Daily!$C$2:$C$9999="F. 100+")*Raw_Data_Daily!$D$2:$D$9999*Raw_Data_Daily!$X$2:$X$9999)/SUMIFS(Raw_Data_Daily!$D:$D, Raw_Data_Daily!$B:$B, "Variant", Raw_Data_Daily!$C:$C, "F. 100+"),"") -> 15.332973 | T35: =IFERROR((S35-R35)/ABS(R35),"") -> -0.20359655
A36: HC Economy - Sources
B37: HC gain / player (CORE) | C37: =IFERROR(SUMPRODUCT((Raw_Data_Daily!$B$2:$B$9999="Control")*(Raw_Data_Daily!$C$2:$C$9999="A. 0")*Raw_Data_Daily!$D$2:$D$9999*Raw_Data_Daily!$AX$2:$AX$9999)/SUMIFS(Raw_Data_Daily!$D:$D, Raw_Data_Daily!$B:$B, "Control", Raw_Data_Daily!$C:$C, "A. 0"),"") | D37: =IFERROR(SUMPRODUCT((Raw_Data_Daily!$B$2:$B$9999="Variant")*(Raw_Data_Daily!$C$2:$C$9999="A. 0")*Raw_Data_Daily!$D$2:$D$9999*Raw_Data_Daily!$AX$2:$AX$9999)/SUMIFS(Raw_Data_Daily!$D:$D, Raw_Data_Daily!$B:$B, "Variant", Raw_Data_Daily!$C:$C, "A. 0"),"") | E37: =IFERROR((D37-C37)/ABS(C37),"") | F37: =IFERROR(SUMPRODUCT((Raw_Data_Daily!$B$2:$B$9999="Control")*(Raw_Data_Daily!$C$2:$C$9999="B. 1-9")*Raw_Data_Daily!$D$2:$D$9999*Raw_Data_Daily!$AX$2:$AX$9999)/SUMIFS(Raw_Data_Daily!$D:$D, Raw_Data_Daily!$B:$B, "Control", Raw_Data_Daily!$C:$C, "B. 1-9"),"") -> 24.922714 | G37: =IFERROR(SUMPRODUCT((Raw_Data_Daily!$B$2:$B$9999="Variant")*(Raw_Data_Daily!$C$2:$C$9999="B. 1-9")*Raw_Data_Daily!$D$2:$D$9999*Raw_Data_Daily!$AX$2:$AX$9999)/SUMIFS(Raw_Data_Daily!$D:$D, Raw_Data_Daily!$B:$B, "Variant", Raw_Data_Daily!$C:$C, "B. 1-9"),"") -> 21.917844 | H37: =IFERROR((G37-F37)/ABS(F37),"") -> -0.12056753 | I37: =IFERROR(SUMPRODUCT((Raw_Data_Daily!$B$2:$B$9999="Control")*(Raw_Data_Daily!$C$2:$C$9999="C. 10-19")*Raw_Data_Daily!$D$2:$D$9999*Raw_Data_Daily!$AX$2:$AX$9999)/SUMIFS(Raw_Data_Daily!$D:$D, Raw_Data_Daily!$B:$B, "Control", Raw_Data_Daily!$C:$C, "C. 10-19"),"") -> 37.086005 | J37: =IFERROR(SUMPRODUCT((Raw_Data_Daily!$B$2:$B$9999="Variant")*(Raw_Data_Daily!$C$2:$C$9999="C. 10-19")*Raw_Data_Daily!$D$2:$D$9999*Raw_Data_Daily!$AX$2:$AX$9999)/SUMIFS(Raw_Data_Daily!$D:$D, Raw_Data_Daily!$B:$B, "Variant", Raw_Data_Daily!$C:$C, "C. 10-19"),"") -> 33.795369 | K37: =IFERROR((J37-I37)/ABS(I37),"") -> -0.088729876 | L37: =IFERROR(SUMPRODUCT((Raw_Data_Daily!$B$2:$B$9999="Control")*(Raw_Data_Daily!$C$2:$C$9999="D. 20-39")*Raw_Data_Daily!$D$2:$D$9999*Raw_Data_Daily!$AX$2:$AX$9999)/SUMIFS(Raw_Data_Daily!$D:$D, Raw_Data_Daily!$B:$B, "Control", Raw_Data_Daily!$C:$C, "D. 20-39"),"") -> 53.128156 | M37: =IFERROR(SUMPRODUCT((Raw_Data_Daily!$B$2:$B$9999="Variant")*(Raw_Data_Daily!$C$2:$C$9999="D. 20-39")*Raw_Data_Daily!$D$2:$D$9999*Raw_Data_Daily!$AX$2:$AX$9999)/SUMIFS(Raw_Data_Daily!$D:$D, Raw_Data_Daily!$B:$B, "Variant", Raw_Data_Daily!$C:$C, "D. 20-39"),"") -> 50.240048 | N37: =IFERROR((M37-L37)/ABS(L37),"") -> -0.05436115 | O37: =IFERROR(SUMPRODUCT((Raw_Data_Daily!$B$2:$B$9999="Control")*(Raw_Data_Daily!$C$2:$C$9999="E. 40-99")*Raw_Data_Daily!$D$2:$D$9999*Raw_Data_Daily!$AX$2:$AX$9999)/SUMIFS(Raw_Data_Daily!$D:$D, Raw_Data_Daily!$B:$B, "Control", Raw_Data_Daily!$C:$C, "E. 40-99"),"") -> 82.26714 | P37: =IFERROR(SUMPRODUCT((Raw_Data_Daily!$B$2:$B$9999="Variant")*(Raw_Data_Daily!$C$2:$C$9999="E. 40-99")*Raw_Data_Daily!$D$2:$D$9999*Raw_Data_Daily!$AX$2:$AX$9999)/SUMIFS(Raw_Data_Daily!$D:$D, Raw_Data_Daily!$B:$B, "Variant", Raw_Data_Daily!$C:$C, "E. 40-99"),"") -> 79.791785 | Q37: =IFERROR((P37-O37)/ABS(O37),"") -> -0.030089231 | R37: =IFERROR(SUMPRODUCT((Raw_Data_Daily!$B$2:$B$9999="Control")*(Raw_Data_Daily!$C$2:$C$9999="F. 100+")*Raw_Data_Daily!$D$2:$D$9999*Raw_Data_Daily!$AX$2:$AX$9999)/SUMIFS(Raw_Data_Daily!$D:$D, Raw_Data_Daily!$B:$B, "Control", Raw_Data_Daily!$C:$C, "F. 100+"),"") -> 146.12775 | S37: =IFERROR(SUMPRODUCT((Raw_Data_Daily!$B$2:$B$9999="Variant")*(Raw_Data_Daily!$C$2:$C$9999="F. 100+")*Raw_Data_Daily!$D$2:$D$9999*Raw_Data_Daily!$AX$2:$AX$9999)/SUMIFS(Raw_Data_Daily!$D:$D, Raw_Data_Daily!$B:$B, "Variant", Raw_Data_Daily!$C:$C, "F. 100+"),"") -> 136.80691 | T37: =IFERROR((S37-R37)/ABS(R37),"") -> -0.063785497
B38: HC gain / player (META) | C38: =IFERROR(SUMPRODUCT((Raw_Data_Daily!$B$2:$B$9999="Control")*(Raw_Data_Daily!$C$2:$C$9999="A. 0")*Raw_Data_Daily!$D$2:$D$9999*Raw_Data_Daily!$AY$2:$AY$9999)/SUMIFS(Raw_Data_Daily!$D:$D, Raw_Data_Daily!$B:$B, "Control", Raw_Data_Daily!$C:$C, "A. 0"),"") | D38: =IFERROR(SUMPRODUCT((Raw_Data_Daily!$B$2:$B$9999="Variant")*(Raw_Data_Daily!$C$2:$C$9999="A. 0")*Raw_Data_Daily!$D$2:$D$9999*Raw_Data_Daily!$AY$2:$AY$9999)/SUMIFS(Raw_Data_Daily!$D:$D, Raw_Data_Daily!$B:$B, "Variant", Raw_Data_Daily!$C:$C, "A. 0"),"") | E38: =IFERROR((D38-C38)/ABS(C38),"") | F38: =IFERROR(SUMPRODUCT((Raw_Data_Daily!$B$2:$B$9999="Control")*(Raw_Data_Daily!$C$2:$C$9999="B. 1-9")*Raw_Data_Daily!$D$2:$D$9999*Raw_Data_Daily!$AY$2:$AY$9999)/SUMIFS(Raw_Data_Daily!$D:$D, Raw_Data_Daily!$B:$B, "Control", Raw_Data_Daily!$C:$C, "B. 1-9"),"") -> 25.634752 | G38: =IFERROR(SUMPRODUCT((Raw_Data_Daily!$B$2:$B$9999="Variant")*(Raw_Data_Daily!$C$2:$C$9999="B. 1-9")*Raw_Data_Daily!$D$2:$D$9999*Raw_Data_Daily!$AY$2:$AY$9999)/SUMIFS(Raw_Data_Daily!$D:$D, Raw_Data_Daily!$B:$B, "Variant", Raw_Data_Daily!$C:$C, "B. 1-9"),"") -> 26.963922 | H38: =IFERROR((G38-F38)/ABS(F38),"") -> 0.051850335 | I38: =IFERROR(SUMPRODUCT((Raw_Data_Daily!$B$2:$B$9999="Control")*(Raw_Data_Daily!$C$2:$C$9999="C. 10-19")*Raw_Data_Daily!$D$2:$D$9999*Raw_Data_Daily!$AY$2:$AY$9999)/SUMIFS(Raw_Data_Daily!$D:$D, Raw_Data_Daily!$B:$B, "Control", Raw_Data_Daily!$C:$C, "C. 10-19"),"") -> 51.720242 | J38: =IFERROR(SUMPRODUCT((Raw_Data_Daily!$B$2:$B$9999="Variant")*(Raw_Data_Daily!$C$2:$C$9999="C. 10-19")*Raw_Data_Daily!$D$2:$D$9999*Raw_Data_Daily!$AY$2:$AY$9999)/SUMIFS(Raw_Data_Daily!$D:$D, Raw_Data_Daily!$B:$B, "Variant", Raw_Data_Daily!$C:$C, "C. 10-19"),"") -> 54.703645 | K38: =IFERROR((J38-I38)/ABS(I38),"") -> 0.057683482 | L38: =IFERROR(SUMPRODUCT((Raw_Data_Daily!$B$2:$B$9999="Control")*(Raw_Data_Daily!$C$2:$C$9999="D. 20-39")*Raw_Data_Daily!$D$2:$D$9999*Raw_Data_Daily!$AY$2:$AY$9999)/SUMIFS(Raw_Data_Daily!$D:$D, Raw_Data_Daily!$B:$B, "Control", Raw_Data_Daily!$C:$C, "D. 20-39"),"") -> 86.165331 | M38: =IFERROR(SUMPRODUCT((Raw_Data_Daily!$B$2:$B$9999="Variant")*(Raw_Data_Daily!$C$2:$C$9999="D. 20-39")*Raw_Data_Daily!$D$2:$D$9999*Raw_Data_Daily!$AY$2:$AY$9999)/SUMIFS(Raw_Data_Daily!$D:$D, Raw_Data_Daily!$B:$B, "Variant", Raw_Data_Daily!$C:$C, "D. 20-39"),"") -> 106.51739 | N38: =IFERROR((M38-L38)/ABS(L38),"") -> 0.23619772 | O38: =IFERROR(SUMPRODUCT((Raw_Data_Daily!$B$2:$B$9999="Control")*(Raw_Data_Daily!$C$2:$C$9999="E. 40-99")*Raw_Data_Daily!$D$2:$D$9999*Raw_Data_Daily!$AY$2:$AY$9999)/SUMIFS(Raw_Data_Daily!$D:$D, Raw_Data_Daily!$B:$B, "Control", Raw_Data_Daily!$C:$C, "E. 40-99"),"") -> 150.33998 | P38: =IFERROR(SUMPRODUCT((Raw_Data_Daily!$B$2:$B$9999="Variant")*(Raw_Data_Daily!$C$2:$C$9999="E. 40-99")*Raw_Data_Daily!$D$2:$D$9999*Raw_Data_Daily!$AY$2:$AY$9999)/SUMIFS(Raw_Data_Daily!$D:$D, Raw_Data_Daily!$B:$B, "Variant", Raw_Data_Daily!$C:$C, "E. 40-99"),"") -> 193.58631 | Q38: =IFERROR((P38-O38)/ABS(O38),"") -> 0.28765692 | R38: =IFERROR(SUMPRODUCT((Raw_Data_Daily!$B$2:$B$9999="Control")*(Raw_Data_Daily!$C$2:$C$9999="F. 100+")*Raw_Data_Daily!$D$2:$D$9999*Raw_Data_Daily!$AY$2:$AY$9999)/SUMIFS(Raw_Data_Daily!$D:$D, Raw_Data_Daily!$B:$B, "Control", Raw_Data_Daily!$C:$C, "F. 100+"),"") -> 209.22294 | S38: =IFERROR(SUMPRODUCT((Raw_Data_Daily!$B$2:$B$9999="Variant")*(Raw_Data_Daily!$C$2:$C$9999="F. 100+")*Raw_Data_Daily!$D$2:$D$9999*Raw_Data_Daily!$AY$2:$AY$9999)/SUMIFS(Raw_Data_Daily!$D:$D, Raw_Data_Daily!$B:$B, "Variant", Raw_Data_Daily!$C:$C, "F. 100+"),"") -> 304.05341 | T38: =IFERROR((S38-R38)/ABS(R38),"") -> 0.45325081
B39: HC gain / player (AD) | C39: =IFERROR(SUMPRODUCT((Raw_Data_Daily!$B$2:$B$9999="Control")*(Raw_Data_Daily!$C$2:$C$9999="A. 0")*Raw_Data_Daily!$D$2:$D$9999*Raw_Data_Daily!$AZ$2:$AZ$9999)/SUMIFS(Raw_Data_Daily!$D:$D, Raw_Data_Daily!$B:$B, "Control", Raw_Data_Daily!$C:$C, "A. 0"),"") | D39: =IFERROR(SUMPRODUCT((Raw_Data_Daily!$B$2:$B$9999="Variant")*(Raw_Data_Daily!$C$2:$C$9999="A. 0")*Raw_Data_Daily!$D$2:$D$9999*Raw_Data_Daily!$AZ$2:$AZ$9999)/SUMIFS(Raw_Data_Daily!$D:$D, Raw_Data_Daily!$B:$B, "Variant", Raw_Data_Daily!$C:$C, "A. 0"),"") | E39: =IFERROR((D39-C39)/ABS(C39),"") | F39: =IFERROR(SUMPRODUCT((Raw_Data_Daily!$B$2:$B$9999="Control")*(Raw_Data_Daily!$C$2:$C$9999="B. 1-9")*Raw_Data_Daily!$D$2:$D$9999*Raw_Data_Daily!$AZ$2:$AZ$9999)/SUMIFS(Raw_Data_Daily!$D:$D, Raw_Data_Daily!$B:$B, "Control", Raw_Data_Daily!$C:$C, "B. 1-9"),"") -> 2.9162042 | G39: =IFERROR(SUMPRODUCT((Raw_Data_Daily!$B$2:$B$9999="Variant")*(Raw_Data_Daily!$C$2:$C$9999="B. 1-9")*Raw_Data_Daily!$D$2:$D$9999*Raw_Data_Daily!$AZ$2:$AZ$9999)/SUMIFS(Raw_Data_Daily!$D:$D, Raw_Data_Daily!$B:$B, "Variant", Raw_Data_Daily!$C:$C, "B. 1-9"),"") -> 2.6970519 | H39: =IFERROR((G39-F39)/ABS(F39),"") -> -0.075149848 | I39: =IFERROR(SUMPRODUCT((Raw_Data_Daily!$B$2:$B$9999="Control")*(Raw_Data_Daily!$C$2:$C$9999="C. 10-19")*Raw_Data_Daily!$D$2:$D$9999*Raw_Data_Daily!$AZ$2:$AZ$9999)/SUMIFS(Raw_Data_Daily!$D:$D, Raw_Data_Daily!$B:$B, "Control", Raw_Data_Daily!$C:$C, "C. 10-19"),"") -> 3.5618791 | J39: =IFERROR(SUMPRODUCT((Raw_Data_Daily!$B$2:$B$9999="Variant")*(Raw_Data_Daily!$C$2:$C$9999="C. 10-19")*Raw_Data_Daily!$D$2:$D$9999*Raw_Data_Daily!$AZ$2:$AZ$9999)/SUMIFS(Raw_Data_Daily!$D:$D, Raw_Data_Daily!$B:$B, "Variant", Raw_Data_Daily!$C:$C, "C. 10-19"),"") -> 3.2868164 | K39: =IFERROR((J39-I39)/ABS(I39),"") -> -0.077224023 | L39: =IFERROR(SUMPRODUCT((Raw_Data_Daily!$B$2:$B$9999="Control")*(Raw_Data_Daily!$C$2:$C$9999="D. 20-39")*Raw_Data_Daily!$D$2:$D$9999*Raw_Data_Daily!$AZ$2:$AZ$9999)/SUMIFS(Raw_Data_Daily!$D:$D, Raw_Data_Daily!$B:$B, "Control", Raw_Data_Daily!$C:$C, "D. 20-39"),"") -> 3.7851991 | M39: =IFERROR(SUMPRODUCT((Raw_Data_Daily!$B$2:$B$9999="Variant")*(Raw_Data_Daily!$C$2:$C$9999="D. 20-39")*Raw_Data_Daily!$D$2:$D$9999*Raw_Data_Daily!$AZ$2:$AZ$9999)/SUMIFS(Raw_Data_Daily!$D:$D, Raw_Data_Daily!$B:$B, "Variant", Raw_Data_Daily!$C:$C, "D. 20-39"),"") -> 3.7945914 | N39: =IFERROR((M39-L39)/ABS(L39),"") -> 0.0024813287 | O39: =IFERROR(SUMPRODUCT((Raw_Data_Daily!$B$2:$B$9999="Control")*(Raw_Data_Daily!$C$2:$C$9999="E. 40-99")*Raw_Data_Daily!$D$2:$D$9999*Raw_Data_Daily!$AZ$2:$AZ$9999)/SUMIFS(Raw_Data_Daily!$D:$D, Raw_Data_Daily!$B:$B, "Control", Raw_Data_Daily!$C:$C, "E. 40-99"),"") -> 5.8640749 | P39: =IFERROR(SUMPRODUCT((Raw_Data_Daily!$B$2:$B$9999="Variant")*(Raw_Data_Daily!$C$2:$C$9999="E. 40-99")*Raw_Data_Daily!$D$2:$D$9999*Raw_Data_Daily!$AZ$2:$AZ$9999)/SUMIFS(Raw_Data_Daily!$D:$D, Raw_Data_Daily!$B:$B, "Variant", Raw_Data_Daily!$C:$C, "E. 40-99"),"") -> 6.0149162 | Q39: =IFERROR((P39-O39)/ABS(O39),"") -> 0.025722942 | R39: =IFERROR(SUMPRODUCT((Raw_Data_Daily!$B$2:$B$9999="Control")*(Raw_Data_Daily!$C$2:$C$9999="F. 100+")*Raw_Data_Daily!$D$2:$D$9999*Raw_Data_Daily!$AZ$2:$AZ$9999)/SUMIFS(Raw_Data_Daily!$D:$D, Raw_Data_Daily!$B:$B, "Control", Raw_Data_Daily!$C:$C, "F. 100+"),"") -> 11.587632 | S39: =IFERROR(SUMPRODUCT((Raw_Data_Daily!$B$2:$B$9999="Variant")*(Raw_Data_Daily!$C$2:$C$9999="F. 100+")*Raw_Data_Daily!$D$2:$D$9999*Raw_Data_Daily!$AZ$2:$AZ$9999)/SUMIFS(Raw_Data_Daily!$D:$D, Raw_Data_Daily!$B:$B, "Variant", Raw_Data_Daily!$C:$C, "F. 100+"),"") -> 13.582348 | T39: =IFERROR((S39-R39)/ABS(R39),"") -> 0.17214181
B40: HC gain / player (PURCHASE) | C40: =IFERROR(SUMPRODUCT((Raw_Data_Daily!$B$2:$B$9999="Control")*(Raw_Data_Daily!$C$2:$C$9999="A. 0")*Raw_Data_Daily!$D$2:$D$9999*Raw_Data_Daily!$BA$2:$BA$9999)/SUMIFS(Raw_Data_Daily!$D:$D, Raw_Data_Daily!$B:$B, "Control", Raw_Data_Daily!$C:$C, "A. 0"),"") | D40: =IFERROR(SUMPRODUCT((Raw_Data_Daily!$B$2:$B$9999="Variant")*(Raw_Data_Daily!$C$2:$C$9999="A. 0")*Raw_Data_Daily!$D$2:$D$9999*Raw_Data_Daily!$BA$2:$BA$9999)/SUMIFS(Raw_Data_Daily!$D:$D, Raw_Data_Daily!$B:$B, "Variant", Raw_Data_Daily!$C:$C, "A. 0"),"") | E40: =IFERROR((D40-C40)/ABS(C40),"") | F40: =IFERROR(SUMPRODUCT((Raw_Data_Daily!$B$2:$B$9999="Control")*(Raw_Data_Daily!$C$2:$C$9999="B. 1-9")*Raw_Data_Daily!$D$2:$D$9999*Raw_Data_Daily!$BA$2:$BA$9999)/SUMIFS(Raw_Data_Daily!$D:$D, Raw_Data_Daily!$B:$B, "Control", Raw_Data_Daily!$C:$C, "B. 1-9"),"") -> 3.1953 | G40: =IFERROR(SUMPRODUCT((Raw_Data_Daily!$B$2:$B$9999="Variant")*(Raw_Data_Daily!$C$2:$C$9999="B. 1-9")*Raw_Data_Daily!$D$2:$D$9999*Raw_Data_Daily!$BA$2:$BA$9999)/SUMIFS(Raw_Data_Daily!$D:$D, Raw_Data_Daily!$B:$B, "Variant", Raw_Data_Daily!$C:$C, "B. 1-9"),"") -> 2.8755342 | H40: =IFERROR((G40-F40)/ABS(F40),"") -> -0.10007378 | I40: =IFERROR(SUMPRODUCT((Raw_Data_Daily!$B$2:$B$9999="Control")*(Raw_Data_Daily!$C$2:$C$9999="C. 10-19")*Raw_Data_Daily!$D$2:$D$9999*Raw_Data_Daily!$BA$2:$BA$9999)/SUMIFS(Raw_Data_Daily!$D:$D, Raw_Data_Daily!$B:$B, "Control", Raw_Data_Daily!$C:$C, "C. 10-19"),"") -> 7.5188123 | J40: =IFERROR(SUMPRODUCT((Raw_Data_Daily!$B$2:$B$9999="Variant")*(Raw_Data_Daily!$C$2:$C$9999="C. 10-19")*Raw_Data_Daily!$D$2:$D$9999*Raw_Data_Daily!$BA$2:$BA$9999)/SUMIFS(Raw_Data_Daily!$D:$D, Raw_Data_Daily!$B:$B, "Variant", Raw_Data_Daily!$C:$C, "C. 10-19"),"") -> 7.4249617 | K40: =IFERROR((J40-I40)/ABS(I40),"") -> -0.0124821 | L40: =IFERROR(SUMPRODUCT((Raw_Data_Daily!$B$2:$B$9999="Control")*(Raw_Data_Daily!$C$2:$C$9999="D. 20-39")*Raw_Data_Daily!$D$2:$D$9999*Raw_Data_Daily!$BA$2:$BA$9999)/SUMIFS(Raw_Data_Daily!$D:$D, Raw_Data_Daily!$B:$B, "Control", Raw_Data_Daily!$C:$C, "D. 20-39"),"") -> 14.713623 | M40: =IFERROR(SUMPRODUCT((Raw_Data_Daily!$B$2:$B$9999="Variant")*(Raw_Data_Daily!$C$2:$C$9999="D. 20-39")*Raw_Data_Daily!$D$2:$D$9999*Raw_Data_Daily!$BA$2:$BA$9999)/SUMIFS(Raw_Data_Daily!$D:$D, Raw_Data_Daily!$B:$B, "Variant", Raw_Data_Daily!$C:$C, "D. 20-39"),"") -> 11.756527 | N40: =IFERROR((M40-L40)/ABS(L40),"") -> -0.2009767 | O40: =IFERROR(SUMPRODUCT((Raw_Data_Daily!$B$2:$B$9999="Control")*(Raw_Data_Daily!$C$2:$C$9999="E. 40-99")*Raw_Data_Daily!$D$2:$D$9999*Raw_Data_Daily!$BA$2:$BA$9999)/SUMIFS(Raw_Data_Daily!$D:$D, Raw_Data_Daily!$B:$B, "Control", Raw_Data_Daily!$C:$C, "E. 40-99"),"") -> 33.636718 | P40: =IFERROR(SUMPRODUCT((Raw_Data_Daily!$B$2:$B$9999="Variant")*(Raw_Data_Daily!$C$2:$C$9999="E. 40-99")*Raw_Data_Daily!$D$2:$D$9999*Raw_Data_Daily!$BA$2:$BA$9999)/SUMIFS(Raw_Data_Daily!$D:$D, Raw_Data_Daily!$B:$B, "Variant", Raw_Data_Daily!$C:$C, "E. 40-99"),"") -> 31.497383 | Q40: =IFERROR((P40-O40)/ABS(O40),"") -> -0.063601174 | R40: =IFERROR(SUMPRODUCT((Raw_Data_Daily!$B$2:$B$9999="Control")*(Raw_Data_Daily!$C$2:$C$9999="F. 100+")*Raw_Data_Daily!$D$2:$D$9999*Raw_Data_Daily!$BA$2:$BA$9999)/SUMIFS(Raw_Data_Daily!$D:$D, Raw_Data_Daily!$B:$B, "Control", Raw_Data_Daily!$C:$C, "F. 100+"),"") -> 84.371336 | S40: =IFERROR(SUMPRODUCT((Raw_Data_Daily!$B$2:$B$9999="Variant")*(Raw_Data_Daily!$C$2:$C$9999="F. 100+")*Raw_Data_Daily!$D$2:$D$9999*Raw_Data_Daily!$BA$2:$BA$9999)/SUMIFS(Raw_Data_Daily!$D:$D, Raw_Data_Daily!$B:$B, "Variant", Raw_Data_Daily!$C:$C, "F. 100+"),"") -> 86.903025 | T40: =IFERROR((S40-R40)/ABS(R40),"") -> 0.030006503
B41: HC gain / player (OTHER) | C41: =IFERROR(SUMPRODUCT((Raw_Data_Daily!$B$2:$B$9999="Control")*(Raw_Data_Daily!$C$2:$C$9999="A. 0")*Raw_Data_Daily!$D$2:$D$9999*Raw_Data_Daily!$BB$2:$BB$9999)/SUMIFS(Raw_Data_Daily!$D:$D, Raw_Data_Daily!$B:$B, "Control", Raw_Data_Daily!$C:$C, "A. 0"),"") | D41: =IFERROR(SUMPRODUCT((Raw_Data_Daily!$B$2:$B$9999="Variant")*(Raw_Data_Daily!$C$2:$C$9999="A. 0")*Raw_Data_Daily!$D$2:$D$9999*Raw_Data_Daily!$BB$2:$BB$9999)/SUMIFS(Raw_Data_Daily!$D:$D, Raw_Data_Daily!$B:$B, "Variant", Raw_Data_Daily!$C:$C, "A. 0"),"") | E41: =IFERROR((D41-C41)/ABS(C41),"") | F41: =IFERROR(SUMPRODUCT((Raw_Data_Daily!$B$2:$B$9999="Control")*(Raw_Data_Daily!$C$2:$C$9999="B. 1-9")*Raw_Data_Daily!$D$2:$D$9999*Raw_Data_Daily!$BB$2:$BB$9999)/SUMIFS(Raw_Data_Daily!$D:$D, Raw_Data_Daily!$B:$B, "Control", Raw_Data_Daily!$C:$C, "B. 1-9"),"") -> 0.70964935 | G41: =IFERROR(SUMPRODUCT((Raw_Data_Daily!$B$2:$B$9999="Variant")*(Raw_Data_Daily!$C$2:$C$9999="B. 1-9")*Raw_Data_Daily!$D$2:$D$9999*Raw_Data_Daily!$BB$2:$BB$9999)/SUMIFS(Raw_Data_Daily!$D:$D, Raw_Data_Daily!$B:$B, "Variant", Raw_Data_Daily!$C:$C, "B. 1-9"),"") -> 0.69671506 | H41: =IFERROR((G41-F41)/ABS(F41),"") -> -0.018226307 | I41: =IFERROR(SUMPRODUCT((Raw_Data_Daily!$B$2:$B$9999="Control")*(Raw_Data_Daily!$C$2:$C$9999="C. 10-19")*Raw_Data_Daily!$D$2:$D$9999*Raw_Data_Daily!$BB$2:$BB$9999)/SUMIFS(Raw_Data_Daily!$D:$D, Raw_Data_Daily!$B:$B, "Control", Raw_Data_Daily!$C:$C, "C. 10-19"),"") -> 1.443071 | J41: =IFERROR(SUMPRODUCT((Raw_Data_Daily!$B$2:$B$9999="Variant")*(Raw_Data_Daily!$C$2:$C$9999="C. 10-19")*Raw_Data_Daily!$D$2:$D$9999*Raw_Data_Daily!$BB$2:$BB$9999)/SUMIFS(Raw_Data_Daily!$D:$D, Raw_Data_Daily!$B:$B, "Variant", Raw_Data_Daily!$C:$C, "C. 10-19"),"") -> 1.3071086 | K41: =IFERROR((J41-I41)/ABS(I41),"") -> -0.094217412 | L41: =IFERROR(SUMPRODUCT((Raw_Data_Daily!$B$2:$B$9999="Control")*(Raw_Data_Daily!$C$2:$C$9999="D. 20-39")*Raw_Data_Daily!$D$2:$D$9999*Raw_Data_Daily!$BB$2:$BB$9999)/SUMIFS(Raw_Data_Daily!$D:$D, Raw_Data_Daily!$B:$B, "Control", Raw_Data_Daily!$C:$C, "D. 20-39"),"") -> 2.2419607 | M41: =IFERROR(SUMPRODUCT((Raw_Data_Daily!$B$2:$B$9999="Variant")*(Raw_Data_Daily!$C$2:$C$9999="D. 20-39")*Raw_Data_Daily!$D$2:$D$9999*Raw_Data_Daily!$BB$2:$BB$9999)/SUMIFS(Raw_Data_Daily!$D:$D, Raw_Data_Daily!$B:$B, "Variant", Raw_Data_Daily!$C:$C, "D. 20-39"),"") -> 2.3077321 | N41: =IFERROR((M41-L41)/ABS(L41),"") -> 0.029336563 | O41: =IFERROR(SUMPRODUCT((Raw_Data_Daily!$B$2:$B$9999="Control")*(Raw_Data_Daily!$C$2:$C$9999="E. 40-99")*Raw_Data_Daily!$D$2:$D$9999*Raw_Data_Daily!$BB$2:$BB$9999)/SUMIFS(Raw_Data_Daily!$D:$D, Raw_Data_Daily!$B:$B, "Control", Raw_Data_Daily!$C:$C, "E. 40-99"),"") -> 4.002403 | P41: =IFERROR(SUMPRODUCT((Raw_Data_Daily!$B$2:$B$9999="Variant")*(Raw_Data_Daily!$C$2:$C$9999="E. 40-99")*Raw_Data_Daily!$D$2:$D$9999*Raw_Data_Daily!$BB$2:$BB$9999)/SUMIFS(Raw_Data_Daily!$D:$D, Raw_Data_Daily!$B:$B, "Variant", Raw_Data_Daily!$C:$C, "E. 40-99"),"") -> 4.2385638 | Q41: =IFERROR((P41-O41)/ABS(O41),"") -> 0.059004755 | R41: =IFERROR(SUMPRODUCT((Raw_Data_Daily!$B$2:$B$9999="Control")*(Raw_Data_Daily!$C$2:$C$9999="F. 100+")*Raw_Data_Daily!$D$2:$D$9999*Raw_Data_Daily!$BB$2:$BB$9999)/SUMIFS(Raw_Data_Daily!$D:$D, Raw_Data_Daily!$B:$B, "Control", Raw_Data_Daily!$C:$C, "F. 100+"),"") -> 7.2288472 | S41: =IFERROR(SUMPRODUCT((Raw_Data_Daily!$B$2:$B$9999="Variant")*(Raw_Data_Daily!$C$2:$C$9999="F. 100+")*Raw_Data_Daily!$D$2:$D$9999*Raw_Data_Daily!$BB$2:$BB$9999)/SUMIFS(Raw_Data_Daily!$D:$D, Raw_Data_Daily!$B:$B, "Variant", Raw_Data_Daily!$C:$C, "F. 100+"),"") -> 6.6075327 | T41: =IFERROR((S41-R41)/ABS(R41),"") -> -0.085949318
A42: HC Balance
B43: P50 HC balance | C43: =IFERROR(SUMPRODUCT((Raw_Data_Daily!$B$2:$B$9999="Control")*(Raw_Data_Daily!$C$2:$C$9999="A. 0")*Raw_Data_Daily!$D$2:$D$9999*Raw_Data_Daily!$Y$2:$Y$9999)/SUMIFS(Raw_Data_Daily!$D:$D, Raw_Data_Daily!$B:$B, "Control", Raw_Data_Daily!$C:$C, "A. 0"),"") | D43: =IFERROR(SUMPRODUCT((Raw_Data_Daily!$B$2:$B$9999="Variant")*(Raw_Data_Daily!$C$2:$C$9999="A. 0")*Raw_Data_Daily!$D$2:$D$9999*Raw_Data_Daily!$Y$2:$Y$9999)/SUMIFS(Raw_Data_Daily!$D:$D, Raw_Data_Daily!$B:$B, "Variant", Raw_Data_Daily!$C:$C, "A. 0"),"") | E43: =IFERROR((D43-C43)/ABS(C43),"") | F43: =IFERROR(SUMPRODUCT((Raw_Data_Daily!$B$2:$B$9999="Control")*(Raw_Data_Daily!$C$2:$C$9999="B. 1-9")*Raw_Data_Daily!$D$2:$D$9999*Raw_Data_Daily!$Y$2:$Y$9999)/SUMIFS(Raw_Data_Daily!$D:$D, Raw_Data_Daily!$B:$B, "Control", Raw_Data_Daily!$C:$C, "B. 1-9"),"") -> 172.1949 | G43: =IFERROR(SUMPRODUCT((Raw_Data_Daily!$B$2:$B$9999="Variant")*(Raw_Data_Daily!$C$2:$C$9999="B. 1-9")*Raw_Data_Daily!$D$2:$D$9999*Raw_Data_Daily!$Y$2:$Y$9999)/SUMIFS(Raw_Data_Daily!$D:$D, Raw_Data_Daily!$B:$B, "Variant", Raw_Data_Daily!$C:$C, "B. 1-9"),"") -> 165.32087 | H43: =IFERROR((G43-F43)/ABS(F43),"") -> -0.039920075 | I43: =IFERROR(SUMPRODUCT((Raw_Data_Daily!$B$2:$B$9999="Control")*(Raw_Data_Daily!$C$2:$C$9999="C. 10-19")*Raw_Data_Daily!$D$2:$D$9999*Raw_Data_Daily!$Y$2:$Y$9999)/SUMIFS(Raw_Data_Daily!$D:$D, Raw_Data_Daily!$B:$B, "Control", Raw_Data_Daily!$C:$C, "C. 10-19"),"") -> 197.83619 | J43: =IFERROR(SUMPRODUCT((Raw_Data_Daily!$B$2:$B$9999="Variant")*(Raw_Data_Daily!$C$2:$C$9999="C. 10-19")*Raw_Data_Daily!$D$2:$D$9999*Raw_Data_Daily!$Y$2:$Y$9999)/SUMIFS(Raw_Data_Daily!$D:$D, Raw_Data_Daily!$B:$B, "Variant", Raw_Data_Daily!$C:$C, "C. 10-19"),"") -> 190.32577 | K43: =IFERROR((J43-I43)/ABS(I43),"") -> -0.037962864 | L43: =IFERROR(SUMPRODUCT((Raw_Data_Daily!$B$2:$B$9999="Control")*(Raw_Data_Daily!$C$2:$C$9999="D. 20-39")*Raw_Data_Daily!$D$2:$D$9999*Raw_Data_Daily!$Y$2:$Y$9999)/SUMIFS(Raw_Data_Daily!$D:$D, Raw_Data_Daily!$B:$B, "Control", Raw_Data_Daily!$C:$C, "D. 20-39"),"") -> 231.06043 | M43: =IFERROR(SUMPRODUCT((Raw_Data_Daily!$B$2:$B$9999="Variant")*(Raw_Data_Daily!$C$2:$C$9999="D. 20-39")*Raw_Data_Daily!$D$2:$D$9999*Raw_Data_Daily!$Y$2:$Y$9999)/SUMIFS(Raw_Data_Daily!$D:$D, Raw_Data_Daily!$B:$B, "Variant", Raw_Data_Daily!$C:$C, "D. 20-39"),"") -> 238.17822 | N43: =IFERROR((M43-L43)/ABS(L43),"") -> 0.030804881 | O43: =IFERROR(SUMPRODUCT((Raw_Data_Daily!$B$2:$B$9999="Control")*(Raw_Data_Daily!$C$2:$C$9999="E. 40-99")*Raw_Data_Daily!$D$2:$D$9999*Raw_Data_Daily!$Y$2:$Y$9999)/SUMIFS(Raw_Data_Daily!$D:$D, Raw_Data_Daily!$B:$B, "Control", Raw_Data_Daily!$C:$C, "E. 40-99"),"") -> 289.14184 | P43: =IFERROR(SUMPRODUCT((Raw_Data_Daily!$B$2:$B$9999="Variant")*(Raw_Data_Daily!$C$2:$C$9999="E. 40-99")*Raw_Data_Daily!$D$2:$D$9999*Raw_Data_Daily!$Y$2:$Y$9999)/SUMIFS(Raw_Data_Daily!$D:$D, Raw_Data_Daily!$B:$B, "Variant", Raw_Data_Daily!$C:$C, "E. 40-99"),"") -> 305.54279 | Q43: =IFERROR((P43-O43)/ABS(O43),"") -> 0.056722839 | R43: =IFERROR(SUMPRODUCT((Raw_Data_Daily!$B$2:$B$9999="Control")*(Raw_Data_Daily!$C$2:$C$9999="F. 100+")*Raw_Data_Daily!$D$2:$D$9999*Raw_Data_Daily!$Y$2:$Y$9999)/SUMIFS(Raw_Data_Daily!$D:$D, Raw_Data_Daily!$B:$B, "Control", Raw_Data_Daily!$C:$C, "F. 100+"),"") -> 379.02621 | S43: =IFERROR(SUMPRODUCT((Raw_Data_Daily!$B$2:$B$9999="Variant")*(Raw_Data_Daily!$C$2:$C$9999="F. 100+")*Raw_Data_Daily!$D$2:$D$9999*Raw_Data_Daily!$Y$2:$Y$9999)/SUMIFS(Raw_Data_Daily!$D:$D, Raw_Data_Daily!$B:$B, "Variant", Raw_Data_Daily!$C:$C, "F. 100+"),"") -> 415.50015 | T43: =IFERROR((S43-R43)/ABS(R43),"") -> 0.096230654
B44: P75 HC balance | C44: =IFERROR(SUMPRODUCT((Raw_Data_Daily!$B$2:$B$9999="Control")*(Raw_Data_Daily!$C$2:$C$9999="A. 0")*Raw_Data_Daily!$D$2:$D$9999*Raw_Data_Daily!$Z$2:$Z$9999)/SUMIFS(Raw_Data_Daily!$D:$D, Raw_Data_Daily!$B:$B, "Control", Raw_Data_Daily!$C:$C, "A. 0"),"") | D44: =IFERROR(SUMPRODUCT((Raw_Data_Daily!$B$2:$B$9999="Variant")*(Raw_Data_Daily!$C$2:$C$9999="A. 0")*Raw_Data_Daily!$D$2:$D$9999*Raw_Data_Daily!$Z$2:$Z$9999)/SUMIFS(Raw_Data_Daily!$D:$D, Raw_Data_Daily!$B:$B, "Variant", Raw_Data_Daily!$C:$C, "A. 0"),"") | E44: =IFERROR((D44-C44)/ABS(C44),"") | F44: =IFERROR(SUMPRODUCT((Raw_Data_Daily!$B$2:$B$9999="Control")*(Raw_Data_Daily!$C$2:$C$9999="B. 1-9")*Raw_Data_Daily!$D$2:$D$9999*Raw_Data_Daily!$Z$2:$Z$9999)/SUMIFS(Raw_Data_Daily!$D:$D, Raw_Data_Daily!$B:$B, "Control", Raw_Data_Daily!$C:$C, "B. 1-9"),"") -> 462.27195 | G44: =IFERROR(SUMPRODUCT((Raw_Data_Daily!$B$2:$B$9999="Variant")*(Raw_Data_Daily!$C$2:$C$9999="B. 1-9")*Raw_Data_Daily!$D$2:$D$9999*Raw_Data_Daily!$Z$2:$Z$9999)/SUMIFS(Raw_Data_Daily!$D:$D, Raw_Data_Daily!$B:$B, "Variant", Raw_Data_Daily!$C:$C, "B. 1-9"),"") -> 428.10999 | H44: =IFERROR((G44-F44)/ABS(F44),"") -> -0.073900154 | I44: =IFERROR(SUMPRODUCT((Raw_Data_Daily!$B$2:$B$9999="Control")*(Raw_Data_Daily!$C$2:$C$9999="C. 10-19")*Raw_Data_Daily!$D$2:$D$9999*Raw_Data_Daily!$Z$2:$Z$9999)/SUMIFS(Raw_Data_Daily!$D:$D, Raw_Data_Daily!$B:$B, "Control", Raw_Data_Daily!$C:$C, "C. 10-19"),"") -> 490.7974 | J44: =IFERROR(SUMPRODUCT((Raw_Data_Daily!$B$2:$B$9999="Variant")*(Raw_Data_Daily!$C$2:$C$9999="C. 10-19")*Raw_Data_Daily!$D$2:$D$9999*Raw_Data_Daily!$Z$2:$Z$9999)/SUMIFS(Raw_Data_Daily!$D:$D, Raw_Data_Daily!$B:$B, "Variant", Raw_Data_Daily!$C:$C, "C. 10-19"),"") -> 420.85758 | K44: =IFERROR((J44-I44)/ABS(I44),"") -> -0.14250242 | L44: =IFERROR(SUMPRODUCT((Raw_Data_Daily!$B$2:$B$9999="Control")*(Raw_Data_Daily!$C$2:$C$9999="D. 20-39")*Raw_Data_Daily!$D$2:$D$9999*Raw_Data_Daily!$Z$2:$Z$9999)/SUMIFS(Raw_Data_Daily!$D:$D, Raw_Data_Daily!$B:$B, "Control", Raw_Data_Daily!$C:$C, "D. 20-39"),"") -> 558.51595 | M44: =IFERROR(SUMPRODUCT((Raw_Data_Daily!$B$2:$B$9999="Variant")*(Raw_Data_Daily!$C$2:$C$9999="D. 20-39")*Raw_Data_Daily!$D$2:$D$9999*Raw_Data_Daily!$Z$2:$Z$9999)/SUMIFS(Raw_Data_Daily!$D:$D, Raw_Data_Daily!$B:$B, "Variant", Raw_Data_Daily!$C:$C, "D. 20-39"),"") -> 532.87178 | N44: =IFERROR((M44-L44)/ABS(L44),"") -> -0.045914839 | O44: =IFERROR(SUMPRODUCT((Raw_Data_Daily!$B$2:$B$9999="Control")*(Raw_Data_Daily!$C$2:$C$9999="E. 40-99")*Raw_Data_Daily!$D$2:$D$9999*Raw_Data_Daily!$Z$2:$Z$9999)/SUMIFS(Raw_Data_Daily!$D:$D, Raw_Data_Daily!$B:$B, "Control", Raw_Data_Daily!$C:$C, "E. 40-99"),"") -> 798.05957 | P44: =IFERROR(SUMPRODUCT((Raw_Data_Daily!$B$2:$B$9999="Variant")*(Raw_Data_Daily!$C$2:$C$9999="E. 40-99")*Raw_Data_Daily!$D$2:$D$9999*Raw_Data_Daily!$Z$2:$Z$9999)/SUMIFS(Raw_Data_Daily!$D:$D, Raw_Data_Daily!$B:$B, "Variant", Raw_Data_Daily!$C:$C, "E. 40-99"),"") -> 731.46614 | Q44: =IFERROR((P44-O44)/ABS(O44),"") -> -0.083444183 | R44: =IFERROR(SUMPRODUCT((Raw_Data_Daily!$B$2:$B$9999="Control")*(Raw_Data_Daily!$C$2:$C$9999="F. 100+")*Raw_Data_Daily!$D$2:$D$9999*Raw_Data_Daily!$Z$2:$Z$9999)/SUMIFS(Raw_Data_Daily!$D:$D, Raw_Data_Daily!$B:$B, "Control", Raw_Data_Daily!$C:$C, "F. 100+"),"") -> 1153.2015 | S44: =IFERROR(SUMPRODUCT((Raw_Data_Daily!$B$2:$B$9999="Variant")*(Raw_Data_Daily!$C$2:$C$9999="F. 100+")*Raw_Data_Daily!$D$2:$D$9999*Raw_Data_Daily!$Z$2:$Z$9999)/SUMIFS(Raw_Data_Daily!$D:$D, Raw_Data_Daily!$B:$B, "Variant", Raw_Data_Daily!$C:$C, "F. 100+"),"") -> 1072.8626 | T44: =IFERROR((S44-R44)/ABS(R44),"") -> -0.069665965
B45: P90 HC balance | C45: =IFERROR(SUMPRODUCT((Raw_Data_Daily!$B$2:$B$9999="Control")*(Raw_Data_Daily!$C$2:$C$9999="A. 0")*Raw_Data_Daily!$D$2:$D$9999*Raw_Data_Daily!$AA$2:$AA$9999)/SUMIFS(Raw_Data_Daily!$D:$D, Raw_Data_Daily!$B:$B, "Control", Raw_Data_Daily!$C:$C, "A. 0"),"") | D45: =IFERROR(SUMPRODUCT((Raw_Data_Daily!$B$2:$B$9999="Variant")*(Raw_Data_Daily!$C$2:$C$9999="A. 0")*Raw_Data_Daily!$D$2:$D$9999*Raw_Data_Daily!$AA$2:$AA$9999)/SUMIFS(Raw_Data_Daily!$D:$D, Raw_Data_Daily!$B:$B, "Variant", Raw_Data_Daily!$C:$C, "A. 0"),"") | E45: =IFERROR((D45-C45)/ABS(C45),"") | F45: =IFERROR(SUMPRODUCT((Raw_Data_Daily!$B$2:$B$9999="Control")*(Raw_Data_Daily!$C$2:$C$9999="B. 1-9")*Raw_Data_Daily!$D$2:$D$9999*Raw_Data_Daily!$AA$2:$AA$9999)/SUMIFS(Raw_Data_Daily!$D:$D, Raw_Data_Daily!$B:$B, "Control", Raw_Data_Daily!$C:$C, "B. 1-9"),"") -> 2513.7824 | G45: =IFERROR(SUMPRODUCT((Raw_Data_Daily!$B$2:$B$9999="Variant")*(Raw_Data_Daily!$C$2:$C$9999="B. 1-9")*Raw_Data_Daily!$D$2:$D$9999*Raw_Data_Daily!$AA$2:$AA$9999)/SUMIFS(Raw_Data_Daily!$D:$D, Raw_Data_Daily!$B:$B, "Variant", Raw_Data_Daily!$C:$C, "B. 1-9"),"") -> 2311.7709 | H45: =IFERROR((G45-F45)/ABS(F45),"") -> -0.080361596 | I45: =IFERROR(SUMPRODUCT((Raw_Data_Daily!$B$2:$B$9999="Control")*(Raw_Data_Daily!$C$2:$C$9999="C. 10-19")*Raw_Data_Daily!$D$2:$D$9999*Raw_Data_Daily!$AA$2:$AA$9999)/SUMIFS(Raw_Data_Daily!$D:$D, Raw_Data_Daily!$B:$B, "Control", Raw_Data_Daily!$C:$C, "C. 10-19"),"") -> 2188.5042 | J45: =IFERROR(SUMPRODUCT((Raw_Data_Daily!$B$2:$B$9999="Variant")*(Raw_Data_Daily!$C$2:$C$9999="C. 10-19")*Raw_Data_Daily!$D$2:$D$9999*Raw_Data_Daily!$AA$2:$AA$9999)/SUMIFS(Raw_Data_Daily!$D:$D, Raw_Data_Daily!$B:$B, "Variant", Raw_Data_Daily!$C:$C, "C. 10-19"),"") -> 1715.0034 | K45: =IFERROR((J45-I45)/ABS(I45),"") -> -0.21635816 | L45: =IFERROR(SUMPRODUCT((Raw_Data_Daily!$B$2:$B$9999="Control")*(Raw_Data_Daily!$C$2:$C$9999="D. 20-39")*Raw_Data_Daily!$D$2:$D$9999*Raw_Data_Daily!$AA$2:$AA$9999)/SUMIFS(Raw_Data_Daily!$D:$D, Raw_Data_Daily!$B:$B, "Control", Raw_Data_Daily!$C:$C, "D. 20-39"),"") -> 2119.6233 | M45: =IFERROR(SUMPRODUCT((Raw_Data_Daily!$B$2:$B$9999="Variant")*(Raw_Data_Daily!$C$2:$C$9999="D. 20-39")*Raw_Data_Daily!$D$2:$D$9999*Raw_Data_Daily!$AA$2:$AA$9999)/SUMIFS(Raw_Data_Daily!$D:$D, Raw_Data_Daily!$B:$B, "Variant", Raw_Data_Daily!$C:$C, "D. 20-39"),"") -> 1903.3036 | N45: =IFERROR((M45-L45)/ABS(L45),"") -> -0.10205576 | O45: =IFERROR(SUMPRODUCT((Raw_Data_Daily!$B$2:$B$9999="Control")*(Raw_Data_Daily!$C$2:$C$9999="E. 40-99")*Raw_Data_Daily!$D$2:$D$9999*Raw_Data_Daily!$AA$2:$AA$9999)/SUMIFS(Raw_Data_Daily!$D:$D, Raw_Data_Daily!$B:$B, "Control", Raw_Data_Daily!$C:$C, "E. 40-99"),"") -> 3014.9869 | P45: =IFERROR(SUMPRODUCT((Raw_Data_Daily!$B$2:$B$9999="Variant")*(Raw_Data_Daily!$C$2:$C$9999="E. 40-99")*Raw_Data_Daily!$D$2:$D$9999*Raw_Data_Daily!$AA$2:$AA$9999)/SUMIFS(Raw_Data_Daily!$D:$D, Raw_Data_Daily!$B:$B, "Variant", Raw_Data_Daily!$C:$C, "E. 40-99"),"") -> 2729.8438 | Q45: =IFERROR((P45-O45)/ABS(O45),"") -> -0.094575239 | R45: =IFERROR(SUMPRODUCT((Raw_Data_Daily!$B$2:$B$9999="Control")*(Raw_Data_Daily!$C$2:$C$9999="F. 100+")*Raw_Data_Daily!$D$2:$D$9999*Raw_Data_Daily!$AA$2:$AA$9999)/SUMIFS(Raw_Data_Daily!$D:$D, Raw_Data_Daily!$B:$B, "Control", Raw_Data_Daily!$C:$C, "F. 100+"),"") -> 4782.6928 | S45: =IFERROR(SUMPRODUCT((Raw_Data_Daily!$B$2:$B$9999="Variant")*(Raw_Data_Daily!$C$2:$C$9999="F. 100+")*Raw_Data_Daily!$D$2:$D$9999*Raw_Data_Daily!$AA$2:$AA$9999)/SUMIFS(Raw_Data_Daily!$D:$D, Raw_Data_Daily!$B:$B, "Variant", Raw_Data_Daily!$C:$C, "F. 100+"),"") -> 4166.2348 | T45: =IFERROR((S45-R45)/ABS(R45),"") -> -0.12889348
B46: P99 HC balance | C46: =IFERROR(SUMPRODUCT((Raw_Data_Daily!$B$2:$B$9999="Control")*(Raw_Data_Daily!$C$2:$C$9999="A. 0")*Raw_Data_Daily!$D$2:$D$9999*Raw_Data_Daily!$BD$2:$BD$9999)/SUMIFS(Raw_Data_Daily!$D:$D, Raw_Data_Daily!$B:$B, "Control", Raw_Data_Daily!$C:$C, "A. 0"),"") | D46: =IFERROR(SUMPRODUCT((Raw_Data_Daily!$B$2:$B$9999="Variant")*(Raw_Data_Daily!$C$2:$C$9999="A. 0")*Raw_Data_Daily!$D$2:$D$9999*Raw_Data_Daily!$BD$2:$BD$9999)/SUMIFS(Raw_Data_Daily!$D:$D, Raw_Data_Daily!$B:$B, "Variant", Raw_Data_Daily!$C:$C, "A. 0"),"") | E46: =IFERROR((D46-C46)/ABS(C46),"") | F46: =IFERROR(SUMPRODUCT((Raw_Data_Daily!$B$2:$B$9999="Control")*(Raw_Data_Daily!$C$2:$C$9999="B. 1-9")*Raw_Data_Daily!$D$2:$D$9999*Raw_Data_Daily!$BD$2:$BD$9999)/SUMIFS(Raw_Data_Daily!$D:$D, Raw_Data_Daily!$B:$B, "Control", Raw_Data_Daily!$C:$C, "B. 1-9"),"") -> 24677.653 | G46: =IFERROR(SUMPRODUCT((Raw_Data_Daily!$B$2:$B$9999="Variant")*(Raw_Data_Daily!$C$2:$C$9999="B. 1-9")*Raw_Data_Daily!$D$2:$D$9999*Raw_Data_Daily!$BD$2:$BD$9999)/SUMIFS(Raw_Data_Daily!$D:$D, Raw_Data_Daily!$B:$B, "Variant", Raw_Data_Daily!$C:$C, "B. 1-9"),"") -> 24684.528 | H46: =IFERROR((G46-F46)/ABS(F46),"") -> 0.00027856575 | I46: =IFERROR(SUMPRODUCT((Raw_Data_Daily!$B$2:$B$9999="Control")*(Raw_Data_Daily!$C$2:$C$9999="C. 10-19")*Raw_Data_Daily!$D$2:$D$9999*Raw_Data_Daily!$BD$2:$BD$9999)/SUMIFS(Raw_Data_Daily!$D:$D, Raw_Data_Daily!$B:$B, "Control", Raw_Data_Daily!$C:$C, "C. 10-19"),"") -> 23425.745 | J46: =IFERROR(SUMPRODUCT((Raw_Data_Daily!$B$2:$B$9999="Variant")*(Raw_Data_Daily!$C$2:$C$9999="C. 10-19")*Raw_Data_Daily!$D$2:$D$9999*Raw_Data_Daily!$BD$2:$BD$9999)/SUMIFS(Raw_Data_Daily!$D:$D, Raw_Data_Daily!$B:$B, "Variant", Raw_Data_Daily!$C:$C, "C. 10-19"),"") -> 22419.479 | K46: =IFERROR((J46-I46)/ABS(I46),"") -> -0.042955551 | L46: =IFERROR(SUMPRODUCT((Raw_Data_Daily!$B$2:$B$9999="Control")*(Raw_Data_Daily!$C$2:$C$9999="D. 20-39")*Raw_Data_Daily!$D$2:$D$9999*Raw_Data_Daily!$BD$2:$BD$9999)/SUMIFS(Raw_Data_Daily!$D:$D, Raw_Data_Daily!$B:$B, "Control", Raw_Data_Daily!$C:$C, "D. 20-39"),"") -> 23902.542 | M46: =IFERROR(SUMPRODUCT((Raw_Data_Daily!$B$2:$B$9999="Variant")*(Raw_Data_Daily!$C$2:$C$9999="D. 20-39")*Raw_Data_Daily!$D$2:$D$9999*Raw_Data_Daily!$BD$2:$BD$9999)/SUMIFS(Raw_Data_Daily!$D:$D, Raw_Data_Daily!$B:$B, "Variant", Raw_Data_Daily!$C:$C, "D. 20-39"),"") -> 22782.566 | N46: =IFERROR((M46-L46)/ABS(L46),"") -> -0.046855916 | O46: =IFERROR(SUMPRODUCT((Raw_Data_Daily!$B$2:$B$9999="Control")*(Raw_Data_Daily!$C$2:$C$9999="E. 40-99")*Raw_Data_Daily!$D$2:$D$9999*Raw_Data_Daily!$BD$2:$BD$9999)/SUMIFS(Raw_Data_Daily!$D:$D, Raw_Data_Daily!$B:$B, "Control", Raw_Data_Daily!$C:$C, "E. 40-99"),"") -> 25332.856 | P46: =IFERROR(SUMPRODUCT((Raw_Data_Daily!$B$2:$B$9999="Variant")*(Raw_Data_Daily!$C$2:$C$9999="E. 40-99")*Raw_Data_Daily!$D$2:$D$9999*Raw_Data_Daily!$BD$2:$BD$9999)/SUMIFS(Raw_Data_Daily!$D:$D, Raw_Data_Daily!$B:$B, "Variant", Raw_Data_Daily!$C:$C, "E. 40-99"),"") -> 26398.653 | Q46: =IFERROR((P46-O46)/ABS(O46),"") -> 0.042071708 | R46: =IFERROR(SUMPRODUCT((Raw_Data_Daily!$B$2:$B$9999="Control")*(Raw_Data_Daily!$C$2:$C$9999="F. 100+")*Raw_Data_Daily!$D$2:$D$9999*Raw_Data_Daily!$BD$2:$BD$9999)/SUMIFS(Raw_Data_Daily!$D:$D, Raw_Data_Daily!$B:$B, "Control", Raw_Data_Daily!$C:$C, "F. 100+"),"") -> 28488.005 | S46: =IFERROR(SUMPRODUCT((Raw_Data_Daily!$B$2:$B$9999="Variant")*(Raw_Data_Daily!$C$2:$C$9999="F. 100+")*Raw_Data_Daily!$D$2:$D$9999*Raw_Data_Daily!$BD$2:$BD$9999)/SUMIFS(Raw_Data_Daily!$D:$D, Raw_Data_Daily!$B:$B, "Variant", Raw_Data_Daily!$C:$C, "F. 100+"),"") -> 23540.446 | T46: =IFERROR((S46-R46)/ABS(R46),"") -> -0.17367166
A47: Boosters
B48: Booster gain total / player | C48: =IFERROR(SUMPRODUCT((Raw_Data_Daily!$B$2:$B$9999="Control")*(Raw_Data_Daily!$C$2:$C$9999="A. 0")*Raw_Data_Daily!$D$2:$D$9999*Raw_Data_Daily!$AQ$2:$AQ$9999)/SUMIFS(Raw_Data_Daily!$D:$D, Raw_Data_Daily!$B:$B, "Control", Raw_Data_Daily!$C:$C, "A. 0"),"") | D48: =IFERROR(SUMPRODUCT((Raw_Data_Daily!$B$2:$B$9999="Variant")*(Raw_Data_Daily!$C$2:$C$9999="A. 0")*Raw_Data_Daily!$D$2:$D$9999*Raw_Data_Daily!$AQ$2:$AQ$9999)/SUMIFS(Raw_Data_Daily!$D:$D, Raw_Data_Daily!$B:$B, "Variant", Raw_Data_Daily!$C:$C, "A. 0"),"") | E48: =IFERROR((D48-C48)/ABS(C48),"") | F48: =IFERROR(SUMPRODUCT((Raw_Data_Daily!$B$2:$B$9999="Control")*(Raw_Data_Daily!$C$2:$C$9999="B. 1-9")*Raw_Data_Daily!$D$2:$D$9999*Raw_Data_Daily!$AQ$2:$AQ$9999)/SUMIFS(Raw_Data_Daily!$D:$D, Raw_Data_Daily!$B:$B, "Control", Raw_Data_Daily!$C:$C, "B. 1-9"),"") -> 4.0974834 | G48: =IFERROR(SUMPRODUCT((Raw_Data_Daily!$B$2:$B$9999="Variant")*(Raw_Data_Daily!$C$2:$C$9999="B. 1-9")*Raw_Data_Daily!$D$2:$D$9999*Raw_Data_Daily!$AQ$2:$AQ$9999)/SUMIFS(Raw_Data_Daily!$D:$D, Raw_Data_Daily!$B:$B, "Variant", Raw_Data_Daily!$C:$C, "B. 1-9"),"") -> 4.1495974 | H48: =IFERROR((G48-F48)/ABS(F48),"") -> 0.012718531 | I48: =IFERROR(SUMPRODUCT((Raw_Data_Daily!$B$2:$B$9999="Control")*(Raw_Data_Daily!$C$2:$C$9999="C. 10-19")*Raw_Data_Daily!$D$2:$D$9999*Raw_Data_Daily!$AQ$2:$AQ$9999)/SUMIFS(Raw_Data_Daily!$D:$D, Raw_Data_Daily!$B:$B, "Control", Raw_Data_Daily!$C:$C, "C. 10-19"),"") -> 6.4913751 | J48: =IFERROR(SUMPRODUCT((Raw_Data_Daily!$B$2:$B$9999="Variant")*(Raw_Data_Daily!$C$2:$C$9999="C. 10-19")*Raw_Data_Daily!$D$2:$D$9999*Raw_Data_Daily!$AQ$2:$AQ$9999)/SUMIFS(Raw_Data_Daily!$D:$D, Raw_Data_Daily!$B:$B, "Variant", Raw_Data_Daily!$C:$C, "C. 10-19"),"") -> 6.3232758 | K48: =IFERROR((J48-I48)/ABS(I48),"") -> -0.025895805 | L48: =IFERROR(SUMPRODUCT((Raw_Data_Daily!$B$2:$B$9999="Control")*(Raw_Data_Daily!$C$2:$C$9999="D. 20-39")*Raw_Data_Daily!$D$2:$D$9999*Raw_Data_Daily!$AQ$2:$AQ$9999)/SUMIFS(Raw_Data_Daily!$D:$D, Raw_Data_Daily!$B:$B, "Control", Raw_Data_Daily!$C:$C, "D. 20-39"),"") -> 9.2305886 | M48: =IFERROR(SUMPRODUCT((Raw_Data_Daily!$B$2:$B$9999="Variant")*(Raw_Data_Daily!$C$2:$C$9999="D. 20-39")*Raw_Data_Daily!$D$2:$D$9999*Raw_Data_Daily!$AQ$2:$AQ$9999)/SUMIFS(Raw_Data_Daily!$D:$D, Raw_Data_Daily!$B:$B, "Variant", Raw_Data_Daily!$C:$C, "D. 20-39"),"") -> 8.6242801 | N48: =IFERROR((M48-L48)/ABS(L48),"") -> -0.065684708 | O48: =IFERROR(SUMPRODUCT((Raw_Data_Daily!$B$2:$B$9999="Control")*(Raw_Data_Daily!$C$2:$C$9999="E. 40-99")*Raw_Data_Daily!$D$2:$D$9999*Raw_Data_Daily!$AQ$2:$AQ$9999)/SUMIFS(Raw_Data_Daily!$D:$D, Raw_Data_Daily!$B:$B, "Control", Raw_Data_Daily!$C:$C, "E. 40-99"),"") -> 13.384911 | P48: =IFERROR(SUMPRODUCT((Raw_Data_Daily!$B$2:$B$9999="Variant")*(Raw_Data_Daily!$C$2:$C$9999="E. 40-99")*Raw_Data_Daily!$D$2:$D$9999*Raw_Data_Daily!$AQ$2:$AQ$9999)/SUMIFS(Raw_Data_Daily!$D:$D, Raw_Data_Daily!$B:$B, "Variant", Raw_Data_Daily!$C:$C, "E. 40-99"),"") -> 11.630718 | Q48: =IFERROR((P48-O48)/ABS(O48),"") -> -0.13105748 | R48: =IFERROR(SUMPRODUCT((Raw_Data_Daily!$B$2:$B$9999="Control")*(Raw_Data_Daily!$C$2:$C$9999="F. 100+")*Raw_Data_Daily!$D$2:$D$9999*Raw_Data_Daily!$AQ$2:$AQ$9999)/SUMIFS(Raw_Data_Daily!$D:$D, Raw_Data_Daily!$B:$B, "Control", Raw_Data_Daily!$C:$C, "F. 100+"),"") -> 20.461388 | S48: =IFERROR(SUMPRODUCT((Raw_Data_Daily!$B$2:$B$9999="Variant")*(Raw_Data_Daily!$C$2:$C$9999="F. 100+")*Raw_Data_Daily!$D$2:$D$9999*Raw_Data_Daily!$AQ$2:$AQ$9999)/SUMIFS(Raw_Data_Daily!$D:$D, Raw_Data_Daily!$B:$B, "Variant", Raw_Data_Daily!$C:$C, "F. 100+"),"") -> 16.682289 | T48: =IFERROR((S48-R48)/ABS(R48),"") -> -0.18469416
B49: Booster gain PAID / player | C49: =IFERROR(SUMPRODUCT((Raw_Data_Daily!$B$2:$B$9999="Control")*(Raw_Data_Daily!$C$2:$C$9999="A. 0")*Raw_Data_Daily!$D$2:$D$9999*Raw_Data_Daily!$AR$2:$AR$9999)/SUMIFS(Raw_Data_Daily!$D:$D, Raw_Data_Daily!$B:$B, "Control", Raw_Data_Daily!$C:$C, "A. 0"),"") | D49: =IFERROR(SUMPRODUCT((Raw_Data_Daily!$B$2:$B$9999="Variant")*(Raw_Data_Daily!$C$2:$C$9999="A. 0")*Raw_Data_Daily!$D$2:$D$9999*Raw_Data_Daily!$AR$2:$AR$9999)/SUMIFS(Raw_Data_Daily!$D:$D, Raw_Data_Daily!$B:$B, "Variant", Raw_Data_Daily!$C:$C, "A. 0"),"") | E49: =IFERROR((D49-C49)/ABS(C49),"") | F49: =IFERROR(SUMPRODUCT((Raw_Data_Daily!$B$2:$B$9999="Control")*(Raw_Data_Daily!$C$2:$C$9999="B. 1-9")*Raw_Data_Daily!$D$2:$D$9999*Raw_Data_Daily!$AR$2:$AR$9999)/SUMIFS(Raw_Data_Daily!$D:$D, Raw_Data_Daily!$B:$B, "Control", Raw_Data_Daily!$C:$C, "B. 1-9"),"") -> 0.038005741 | G49: =IFERROR(SUMPRODUCT((Raw_Data_Daily!$B$2:$B$9999="Variant")*(Raw_Data_Daily!$C$2:$C$9999="B. 1-9")*Raw_Data_Daily!$D$2:$D$9999*Raw_Data_Daily!$AR$2:$AR$9999)/SUMIFS(Raw_Data_Daily!$D:$D, Raw_Data_Daily!$B:$B, "Variant", Raw_Data_Daily!$C:$C, "B. 1-9"),"") -> 0.039522425 | H49: =IFERROR((G49-F49)/ABS(F49),"") -> 0.039906699 | I49: =IFERROR(SUMPRODUCT((Raw_Data_Daily!$B$2:$B$9999="Control")*(Raw_Data_Daily!$C$2:$C$9999="C. 10-19")*Raw_Data_Daily!$D$2:$D$9999*Raw_Data_Daily!$AR$2:$AR$9999)/SUMIFS(Raw_Data_Daily!$D:$D, Raw_Data_Daily!$B:$B, "Control", Raw_Data_Daily!$C:$C, "C. 10-19"),"") -> 0.12570644 | J49: =IFERROR(SUMPRODUCT((Raw_Data_Daily!$B$2:$B$9999="Variant")*(Raw_Data_Daily!$C$2:$C$9999="C. 10-19")*Raw_Data_Daily!$D$2:$D$9999*Raw_Data_Daily!$AR$2:$AR$9999)/SUMIFS(Raw_Data_Daily!$D:$D, Raw_Data_Daily!$B:$B, "Variant", Raw_Data_Daily!$C:$C, "C. 10-19"),"") -> 0.11748769 | K49: =IFERROR((J49-I49)/ABS(I49),"") -> -0.065380532 | L49: =IFERROR(SUMPRODUCT((Raw_Data_Daily!$B$2:$B$9999="Control")*(Raw_Data_Daily!$C$2:$C$9999="D. 20-39")*Raw_Data_Daily!$D$2:$D$9999*Raw_Data_Daily!$AR$2:$AR$9999)/SUMIFS(Raw_Data_Daily!$D:$D, Raw_Data_Daily!$B:$B, "Control", Raw_Data_Daily!$C:$C, "D. 20-39"),"") -> 0.24680156 | M49: =IFERROR(SUMPRODUCT((Raw_Data_Daily!$B$2:$B$9999="Variant")*(Raw_Data_Daily!$C$2:$C$9999="D. 20-39")*Raw_Data_Daily!$D$2:$D$9999*Raw_Data_Daily!$AR$2:$AR$9999)/SUMIFS(Raw_Data_Daily!$D:$D, Raw_Data_Daily!$B:$B, "Variant", Raw_Data_Daily!$C:$C, "D. 20-39"),"") -> 0.15492155 | N49: =IFERROR((M49-L49)/ABS(L49),"") -> -0.37228295 | O49: =IFERROR(SUMPRODUCT((Raw_Data_Daily!$B$2:$B$9999="Control")*(Raw_Data_Daily!$C$2:$C$9999="E. 40-99")*Raw_Data_Daily!$D$2:$D$9999*Raw_Data_Daily!$AR$2:$AR$9999)/SUMIFS(Raw_Data_Daily!$D:$D, Raw_Data_Daily!$B:$B, "Control", Raw_Data_Daily!$C:$C, "E. 40-99"),"") -> 0.57555307 | P49: =IFERROR(SUMPRODUCT((Raw_Data_Daily!$B$2:$B$9999="Variant")*(Raw_Data_Daily!$C$2:$C$9999="E. 40-99")*Raw_Data_Daily!$D$2:$D$9999*Raw_Data_Daily!$AR$2:$AR$9999)/SUMIFS(Raw_Data_Daily!$D:$D, Raw_Data_Daily!$B:$B, "Variant", Raw_Data_Daily!$C:$C, "E. 40-99"),"") -> 0.43913156 | Q49: =IFERROR((P49-O49)/ABS(O49),"") -> -0.23702681 | R49: =IFERROR(SUMPRODUCT((Raw_Data_Daily!$B$2:$B$9999="Control")*(Raw_Data_Daily!$C$2:$C$9999="F. 100+")*Raw_Data_Daily!$D$2:$D$9999*Raw_Data_Daily!$AR$2:$AR$9999)/SUMIFS(Raw_Data_Daily!$D:$D, Raw_Data_Daily!$B:$B, "Control", Raw_Data_Daily!$C:$C, "F. 100+"),"") -> 0.72435879 | S49: =IFERROR(SUMPRODUCT((Raw_Data_Daily!$B$2:$B$9999="Variant")*(Raw_Data_Daily!$C$2:$C$9999="F. 100+")*Raw_Data_Daily!$D$2:$D$9999*Raw_Data_Daily!$AR$2:$AR$9999)/SUMIFS(Raw_Data_Daily!$D:$D, Raw_Data_Daily!$B:$B, "Variant", Raw_Data_Daily!$C:$C, "F. 100+"),"") -> 1.0048836 | T49: =IFERROR((S49-R49)/ABS(R49),"") -> 0.3872733
B50: Booster gain FREE / player | C50: =IFERROR(SUMPRODUCT((Raw_Data_Daily!$B$2:$B$9999="Control")*(Raw_Data_Daily!$C$2:$C$9999="A. 0")*Raw_Data_Daily!$D$2:$D$9999*Raw_Data_Daily!$AS$2:$AS$9999)/SUMIFS(Raw_Data_Daily!$D:$D, Raw_Data_Daily!$B:$B, "Control", Raw_Data_Daily!$C:$C, "A. 0"),"") | D50: =IFERROR(SUMPRODUCT((Raw_Data_Daily!$B$2:$B$9999="Variant")*(Raw_Data_Daily!$C$2:$C$9999="A. 0")*Raw_Data_Daily!$D$2:$D$9999*Raw_Data_Daily!$AS$2:$AS$9999)/SUMIFS(Raw_Data_Daily!$D:$D, Raw_Data_Daily!$B:$B, "Variant", Raw_Data_Daily!$C:$C, "A. 0"),"") | E50: =IFERROR((D50-C50)/ABS(C50),"") | F50: =IFERROR(SUMPRODUCT((Raw_Data_Daily!$B$2:$B$9999="Control")*(Raw_Data_Daily!$C$2:$C$9999="B. 1-9")*Raw_Data_Daily!$D$2:$D$9999*Raw_Data_Daily!$AS$2:$AS$9999)/SUMIFS(Raw_Data_Daily!$D:$D, Raw_Data_Daily!$B:$B, "Control", Raw_Data_Daily!$C:$C, "B. 1-9"),"") -> 4.0594778 | G50: =IFERROR(SUMPRODUCT((Raw_Data_Daily!$B$2:$B$9999="Variant")*(Raw_Data_Daily!$C$2:$C$9999="B. 1-9")*Raw_Data_Daily!$D$2:$D$9999*Raw_Data_Daily!$AS$2:$AS$9999)/SUMIFS(Raw_Data_Daily!$D:$D, Raw_Data_Daily!$B:$B, "Variant", Raw_Data_Daily!$C:$C, "B. 1-9"),"") -> 4.1100584 | H50: =IFERROR((G50-F50)/ABS(F50),"") -> 0.01245987 | I50: =IFERROR(SUMPRODUCT((Raw_Data_Daily!$B$2:$B$9999="Control")*(Raw_Data_Daily!$C$2:$C$9999="C. 10-19")*Raw_Data_Daily!$D$2:$D$9999*Raw_Data_Daily!$AS$2:$AS$9999)/SUMIFS(Raw_Data_Daily!$D:$D, Raw_Data_Daily!$B:$B, "Control", Raw_Data_Daily!$C:$C, "C. 10-19"),"") -> 6.3656856 | J50: =IFERROR(SUMPRODUCT((Raw_Data_Daily!$B$2:$B$9999="Variant")*(Raw_Data_Daily!$C$2:$C$9999="C. 10-19")*Raw_Data_Daily!$D$2:$D$9999*Raw_Data_Daily!$AS$2:$AS$9999)/SUMIFS(Raw_Data_Daily!$D:$D, Raw_Data_Daily!$B:$B, "Variant", Raw_Data_Daily!$C:$C, "C. 10-19"),"") -> 6.205805 | K50: =IFERROR((J50-I50)/ABS(I50),"") -> -0.025116004 | L50: =IFERROR(SUMPRODUCT((Raw_Data_Daily!$B$2:$B$9999="Control")*(Raw_Data_Daily!$C$2:$C$9999="D. 20-39")*Raw_Data_Daily!$D$2:$D$9999*Raw_Data_Daily!$AS$2:$AS$9999)/SUMIFS(Raw_Data_Daily!$D:$D, Raw_Data_Daily!$B:$B, "Control", Raw_Data_Daily!$C:$C, "D. 20-39"),"") -> 8.9838039 | M50: =IFERROR(SUMPRODUCT((Raw_Data_Daily!$B$2:$B$9999="Variant")*(Raw_Data_Daily!$C$2:$C$9999="D. 20-39")*Raw_Data_Daily!$D$2:$D$9999*Raw_Data_Daily!$AS$2:$AS$9999)/SUMIFS(Raw_Data_Daily!$D:$D, Raw_Data_Daily!$B:$B, "Variant", Raw_Data_Daily!$C:$C, "D. 20-39"),"") -> 8.4693757 | N50: =IFERROR((M50-L50)/ABS(L50),"") -> -0.057261741 | O50: =IFERROR(SUMPRODUCT((Raw_Data_Daily!$B$2:$B$9999="Control")*(Raw_Data_Daily!$C$2:$C$9999="E. 40-99")*Raw_Data_Daily!$D$2:$D$9999*Raw_Data_Daily!$AS$2:$AS$9999)/SUMIFS(Raw_Data_Daily!$D:$D, Raw_Data_Daily!$B:$B, "Control", Raw_Data_Daily!$C:$C, "E. 40-99"),"") -> 12.809374 | P50: =IFERROR(SUMPRODUCT((Raw_Data_Daily!$B$2:$B$9999="Variant")*(Raw_Data_Daily!$C$2:$C$9999="E. 40-99")*Raw_Data_Daily!$D$2:$D$9999*Raw_Data_Daily!$AS$2:$AS$9999)/SUMIFS(Raw_Data_Daily!$D:$D, Raw_Data_Daily!$B:$B, "Variant", Raw_Data_Daily!$C:$C, "E. 40-99"),"") -> 11.191553 | Q50: =IFERROR((P50-O50)/ABS(O50),"") -> -0.12629981 | R50: =IFERROR(SUMPRODUCT((Raw_Data_Daily!$B$2:$B$9999="Control")*(Raw_Data_Daily!$C$2:$C$9999="F. 100+")*Raw_Data_Daily!$D$2:$D$9999*Raw_Data_Daily!$AS$2:$AS$9999)/SUMIFS(Raw_Data_Daily!$D:$D, Raw_Data_Daily!$B:$B, "Control", Raw_Data_Daily!$C:$C, "F. 100+"),"") -> 19.73703 | S50: =IFERROR(SUMPRODUCT((Raw_Data_Daily!$B$2:$B$9999="Variant")*(Raw_Data_Daily!$C$2:$C$9999="F. 100+")*Raw_Data_Daily!$D$2:$D$9999*Raw_Data_Daily!$AS$2:$AS$9999)/SUMIFS(Raw_Data_Daily!$D:$D, Raw_Data_Daily!$B:$B, "Variant", Raw_Data_Daily!$C:$C, "F. 100+"),"") -> 15.677439 | T50: =IFERROR((S50-R50)/ABS(R50),"") -> -0.20568396
B51: Booster spent / player | C51: =IFERROR(SUMPRODUCT((Raw_Data_Daily!$B$2:$B$9999="Control")*(Raw_Data_Daily!$C$2:$C$9999="A. 0")*Raw_Data_Daily!$D$2:$D$9999*Raw_Data_Daily!$AT$2:$AT$9999)/SUMIFS(Raw_Data_Daily!$D:$D, Raw_Data_Daily!$B:$B, "Control", Raw_Data_Daily!$C:$C, "A. 0"),"") | D51: =IFERROR(SUMPRODUCT((Raw_Data_Daily!$B$2:$B$9999="Variant")*(Raw_Data_Daily!$C$2:$C$9999="A. 0")*Raw_Data_Daily!$D$2:$D$9999*Raw_Data_Daily!$AT$2:$AT$9999)/SUMIFS(Raw_Data_Daily!$D:$D, Raw_Data_Daily!$B:$B, "Variant", Raw_Data_Daily!$C:$C, "A. 0"),"") | E51: =IFERROR((D51-C51)/ABS(C51),"") | F51: =IFERROR(SUMPRODUCT((Raw_Data_Daily!$B$2:$B$9999="Control")*(Raw_Data_Daily!$C$2:$C$9999="B. 1-9")*Raw_Data_Daily!$D$2:$D$9999*Raw_Data_Daily!$AT$2:$AT$9999)/SUMIFS(Raw_Data_Daily!$D:$D, Raw_Data_Daily!$B:$B, "Control", Raw_Data_Daily!$C:$C, "B. 1-9"),"") -> 3.5794878 | G51: =IFERROR(SUMPRODUCT((Raw_Data_Daily!$B$2:$B$9999="Variant")*(Raw_Data_Daily!$C$2:$C$9999="B. 1-9")*Raw_Data_Daily!$D$2:$D$9999*Raw_Data_Daily!$AT$2:$AT$9999)/SUMIFS(Raw_Data_Daily!$D:$D, Raw_Data_Daily!$B:$B, "Variant", Raw_Data_Daily!$C:$C, "B. 1-9"),"") -> 3.5484758 | H51: =IFERROR((G51-F51)/ABS(F51),"") -> -0.0086638084 | I51: =IFERROR(SUMPRODUCT((Raw_Data_Daily!$B$2:$B$9999="Control")*(Raw_Data_Daily!$C$2:$C$9999="C. 10-19")*Raw_Data_Daily!$D$2:$D$9999*Raw_Data_Daily!$AT$2:$AT$9999)/SUMIFS(Raw_Data_Daily!$D:$D, Raw_Data_Daily!$B:$B, "Control", Raw_Data_Daily!$C:$C, "C. 10-19"),"") -> 6.0441447 | J51: =IFERROR(SUMPRODUCT((Raw_Data_Daily!$B$2:$B$9999="Variant")*(Raw_Data_Daily!$C$2:$C$9999="C. 10-19")*Raw_Data_Daily!$D$2:$D$9999*Raw_Data_Daily!$AT$2:$AT$9999)/SUMIFS(Raw_Data_Daily!$D:$D, Raw_Data_Daily!$B:$B, "Variant", Raw_Data_Daily!$C:$C, "C. 10-19"),"") -> 5.6220849 | K51: =IFERROR((J51-I51)/ABS(I51),"") -> -0.069829539 | L51: =IFERROR(SUMPRODUCT((Raw_Data_Daily!$B$2:$B$9999="Control")*(Raw_Data_Daily!$C$2:$C$9999="D. 20-39")*Raw_Data_Daily!$D$2:$D$9999*Raw_Data_Daily!$AT$2:$AT$9999)/SUMIFS(Raw_Data_Daily!$D:$D, Raw_Data_Daily!$B:$B, "Control", Raw_Data_Daily!$C:$C, "D. 20-39"),"") -> 8.8425621 | M51: =IFERROR(SUMPRODUCT((Raw_Data_Daily!$B$2:$B$9999="Variant")*(Raw_Data_Daily!$C$2:$C$9999="D. 20-39")*Raw_Data_Daily!$D$2:$D$9999*Raw_Data_Daily!$AT$2:$AT$9999)/SUMIFS(Raw_Data_Daily!$D:$D, Raw_Data_Daily!$B:$B, "Variant", Raw_Data_Daily!$C:$C, "D. 20-39"),"") -> 7.8069003 | N51: =IFERROR((M51-L51)/ABS(L51),"") -> -0.11712237 | O51: =IFERROR(SUMPRODUCT((Raw_Data_Daily!$B$2:$B$9999="Control")*(Raw_Data_Daily!$C$2:$C$9999="E. 40-99")*Raw_Data_Daily!$D$2:$D$9999*Raw_Data_Daily!$AT$2:$AT$9999)/SUMIFS(Raw_Data_Daily!$D:$D, Raw_Data_Daily!$B:$B, "Control", Raw_Data_Daily!$C:$C, "E. 40-99"),"") -> 13.699662 | P51: =IFERROR(SUMPRODUCT((Raw_Data_Daily!$B$2:$B$9999="Variant")*(Raw_Data_Daily!$C$2:$C$9999="E. 40-99")*Raw_Data_Daily!$D$2:$D$9999*Raw_Data_Daily!$AT$2:$AT$9999)/SUMIFS(Raw_Data_Daily!$D:$D, Raw_Data_Daily!$B:$B, "Variant", Raw_Data_Daily!$C:$C, "E. 40-99"),"") -> 11.240202 | Q51: =IFERROR((P51-O51)/ABS(O51),"") -> -0.17952703 | R51: =IFERROR(SUMPRODUCT((Raw_Data_Daily!$B$2:$B$9999="Control")*(Raw_Data_Daily!$C$2:$C$9999="F. 100+")*Raw_Data_Daily!$D$2:$D$9999*Raw_Data_Daily!$AT$2:$AT$9999)/SUMIFS(Raw_Data_Daily!$D:$D, Raw_Data_Daily!$B:$B, "Control", Raw_Data_Daily!$C:$C, "F. 100+"),"") -> 22.681506 | S51: =IFERROR(SUMPRODUCT((Raw_Data_Daily!$B$2:$B$9999="Variant")*(Raw_Data_Daily!$C$2:$C$9999="F. 100+")*Raw_Data_Daily!$D$2:$D$9999*Raw_Data_Daily!$AT$2:$AT$9999)/SUMIFS(Raw_Data_Daily!$D:$D, Raw_Data_Daily!$B:$B, "Variant", Raw_Data_Daily!$C:$C, "F. 100+"),"") -> 17.246716 | T51: =IFERROR((S51-R51)/ABS(R51),"") -> -0.23961327
B52: Booster NET (gain - spend) / player | C52: =IFERROR(SUMPRODUCT((Raw_Data_Daily!$B$2:$B$9999="Control")*(Raw_Data_Daily!$C$2:$C$9999="A. 0")*Raw_Data_Daily!$D$2:$D$9999*(Raw_Data_Daily!$AQ$2:$AQ$9999-Raw_Data_Daily!$AT$2:$AT$9999))/SUMIFS(Raw_Data_Daily!$D:$D, Raw_Data_Daily!$B:$B, "Control", Raw_Data_Daily!$C:$C, "A. 0"),"") | D52: =IFERROR(SUMPRODUCT((Raw_Data_Daily!$B$2:$B$9999="Variant")*(Raw_Data_Daily!$C$2:$C$9999="A. 0")*Raw_Data_Daily!$D$2:$D$9999*(Raw_Data_Daily!$AQ$2:$AQ$9999-Raw_Data_Daily!$AT$2:$AT$9999))/SUMIFS(Raw_Data_Daily!$D:$D, Raw_Data_Daily!$B:$B, "Variant", Raw_Data_Daily!$C:$C, "A. 0"),"") | E52: =IFERROR((D52-C52)/ABS(C52),"") | F52: =IFERROR(SUMPRODUCT((Raw_Data_Daily!$B$2:$B$9999="Control")*(Raw_Data_Daily!$C$2:$C$9999="B. 1-9")*Raw_Data_Daily!$D$2:$D$9999*(Raw_Data_Daily!$AQ$2:$AQ$9999-Raw_Data_Daily!$AT$2:$AT$9999))/SUMIFS(Raw_Data_Daily!$D:$D, Raw_Data_Daily!$B:$B, "Control", Raw_Data_Daily!$C:$C, "B. 1-9"),"") -> 0.5179956 | G52: =IFERROR(SUMPRODUCT((Raw_Data_Daily!$B$2:$B$9999="Variant")*(Raw_Data_Daily!$C$2:$C$9999="B. 1-9")*Raw_Data_Daily!$D$2:$D$9999*(Raw_Data_Daily!$AQ$2:$AQ$9999-Raw_Data_Daily!$AT$2:$AT$9999))/SUMIFS(Raw_Data_Daily!$D:$D, Raw_Data_Daily!$B:$B, "Variant", Raw_Data_Daily!$C:$C, "B. 1-9"),"") -> 0.60112157 | H52: =IFERROR((G52-F52)/ABS(F52),"") -> 0.1604762 | I52: =IFERROR(SUMPRODUCT((Raw_Data_Daily!$B$2:$B$9999="Control")*(Raw_Data_Daily!$C$2:$C$9999="C. 10-19")*Raw_Data_Daily!$D$2:$D$9999*(Raw_Data_Daily!$AQ$2:$AQ$9999-Raw_Data_Daily!$AT$2:$AT$9999))/SUMIFS(Raw_Data_Daily!$D:$D, Raw_Data_Daily!$B:$B, "Control", Raw_Data_Daily!$C:$C, "C. 10-19"),"") -> 0.44723044 | J52: =IFERROR(SUMPRODUCT((Raw_Data_Daily!$B$2:$B$9999="Variant")*(Raw_Data_Daily!$C$2:$C$9999="C. 10-19")*Raw_Data_Daily!$D$2:$D$9999*(Raw_Data_Daily!$AQ$2:$AQ$9999-Raw_Data_Daily!$AT$2:$AT$9999))/SUMIFS(Raw_Data_Daily!$D:$D, Raw_Data_Daily!$B:$B, "Variant", Raw_Data_Daily!$C:$C, "C. 10-19"),"") -> 0.7011909 | K52: =IFERROR((J52-I52)/ABS(I52),"") -> 0.56785145 | L52: =IFERROR(SUMPRODUCT((Raw_Data_Daily!$B$2:$B$9999="Control")*(Raw_Data_Daily!$C$2:$C$9999="D. 20-39")*Raw_Data_Daily!$D$2:$D$9999*(Raw_Data_Daily!$AQ$2:$AQ$9999-Raw_Data_Daily!$AT$2:$AT$9999))/SUMIFS(Raw_Data_Daily!$D:$D, Raw_Data_Daily!$B:$B, "Control", Raw_Data_Daily!$C:$C, "D. 20-39"),"") -> 0.38802643 | M52: =IFERROR(SUMPRODUCT((Raw_Data_Daily!$B$2:$B$9999="Variant")*(Raw_Data_Daily!$C$2:$C$9999="D. 20-39")*Raw_Data_Daily!$D$2:$D$9999*(Raw_Data_Daily!$AQ$2:$AQ$9999-Raw_Data_Daily!$AT$2:$AT$9999))/SUMIFS(Raw_Data_Daily!$D:$D, Raw_Data_Daily!$B:$B, "Variant", Raw_Data_Daily!$C:$C, "D. 20-39"),"") -> 0.81737973 | N52: =IFERROR((M52-L52)/ABS(L52),"") -> 1.1065053 | O52: =IFERROR(SUMPRODUCT((Raw_Data_Daily!$B$2:$B$9999="Control")*(Raw_Data_Daily!$C$2:$C$9999="E. 40-99")*Raw_Data_Daily!$D$2:$D$9999*(Raw_Data_Daily!$AQ$2:$AQ$9999-Raw_Data_Daily!$AT$2:$AT$9999))/SUMIFS(Raw_Data_Daily!$D:$D, Raw_Data_Daily!$B:$B, "Control", Raw_Data_Daily!$C:$C, "E. 40-99"),"") -> -0.31475086 | P52: =IFERROR(SUMPRODUCT((Raw_Data_Daily!$B$2:$B$9999="Variant")*(Raw_Data_Daily!$C$2:$C$9999="E. 40-99")*Raw_Data_Daily!$D$2:$D$9999*(Raw_Data_Daily!$AQ$2:$AQ$9999-Raw_Data_Daily!$AT$2:$AT$9999))/SUMIFS(Raw_Data_Daily!$D:$D, Raw_Data_Daily!$B:$B, "Variant", Raw_Data_Daily!$C:$C, "E. 40-99"),"") -> 0.39051599 | Q52: =IFERROR((P52-O52)/ABS(O52),"") -> 2.2407146 | R52: =IFERROR(SUMPRODUCT((Raw_Data_Daily!$B$2:$B$9999="Control")*(Raw_Data_Daily!$C$2:$C$9999="F. 100+")*Raw_Data_Daily!$D$2:$D$9999*(Raw_Data_Daily!$AQ$2:$AQ$9999-Raw_Data_Daily!$AT$2:$AT$9999))/SUMIFS(Raw_Data_Daily!$D:$D, Raw_Data_Daily!$B:$B, "Control", Raw_Data_Daily!$C:$C, "F. 100+"),"") -> -2.2201175 | S52: =IFERROR(SUMPRODUCT((Raw_Data_Daily!$B$2:$B$9999="Variant")*(Raw_Data_Daily!$C$2:$C$9999="F. 100+")*Raw_Data_Daily!$D$2:$D$9999*(Raw_Data_Daily!$AQ$2:$AQ$9999-Raw_Data_Daily!$AT$2:$AT$9999))/SUMIFS(Raw_Data_Daily!$D:$D, Raw_Data_Daily!$B:$B, "Variant", Raw_Data_Daily!$C:$C, "F. 100+"),"") -> -0.56442659 | T52: =IFERROR((S52-R52)/ABS(R52),"") -> 0.74576724
B53: Booster spent / attempt | C53: =IFERROR(SUMPRODUCT((Raw_Data_Daily!$B$2:$B$9999="Control")*(Raw_Data_Daily!$C$2:$C$9999="A. 0")*Raw_Data_Daily!$D$2:$D$9999*Raw_Data_Daily!$AU$2:$AU$9999)/SUMIFS(Raw_Data_Daily!$D:$D, Raw_Data_Daily!$B:$B, "Control", Raw_Data_Daily!$C:$C, "A. 0"),"") | D53: =IFERROR(SUMPRODUCT((Raw_Data_Daily!$B$2:$B$9999="Variant")*(Raw_Data_Daily!$C$2:$C$9999="A. 0")*Raw_Data_Daily!$D$2:$D$9999*Raw_Data_Daily!$AU$2:$AU$9999)/SUMIFS(Raw_Data_Daily!$D:$D, Raw_Data_Daily!$B:$B, "Variant", Raw_Data_Daily!$C:$C, "A. 0"),"") | E53: =IFERROR((D53-C53)/ABS(C53),"") | F53: =IFERROR(SUMPRODUCT((Raw_Data_Daily!$B$2:$B$9999="Control")*(Raw_Data_Daily!$C$2:$C$9999="B. 1-9")*Raw_Data_Daily!$D$2:$D$9999*Raw_Data_Daily!$AU$2:$AU$9999)/SUMIFS(Raw_Data_Daily!$D:$D, Raw_Data_Daily!$B:$B, "Control", Raw_Data_Daily!$C:$C, "B. 1-9"),"") -> 0.23727711 | G53: =IFERROR(SUMPRODUCT((Raw_Data_Daily!$B$2:$B$9999="Variant")*(Raw_Data_Daily!$C$2:$C$9999="B. 1-9")*Raw_Data_Daily!$D$2:$D$9999*Raw_Data_Daily!$AU$2:$AU$9999)/SUMIFS(Raw_Data_Daily!$D:$D, Raw_Data_Daily!$B:$B, "Variant", Raw_Data_Daily!$C:$C, "B. 1-9"),"") -> 0.24586283 | H53: =IFERROR((G53-F53)/ABS(F53),"") -> 0.036184345 | I53: =IFERROR(SUMPRODUCT((Raw_Data_Daily!$B$2:$B$9999="Control")*(Raw_Data_Daily!$C$2:$C$9999="C. 10-19")*Raw_Data_Daily!$D$2:$D$9999*Raw_Data_Daily!$AU$2:$AU$9999)/SUMIFS(Raw_Data_Daily!$D:$D, Raw_Data_Daily!$B:$B, "Control", Raw_Data_Daily!$C:$C, "C. 10-19"),"") -> 0.24461505 | J53: =IFERROR(SUMPRODUCT((Raw_Data_Daily!$B$2:$B$9999="Variant")*(Raw_Data_Daily!$C$2:$C$9999="C. 10-19")*Raw_Data_Daily!$D$2:$D$9999*Raw_Data_Daily!$AU$2:$AU$9999)/SUMIFS(Raw_Data_Daily!$D:$D, Raw_Data_Daily!$B:$B, "Variant", Raw_Data_Daily!$C:$C, "C. 10-19"),"") -> 0.22152047 | K53: =IFERROR((J53-I53)/ABS(I53),"") -> -0.094411928 | L53: =IFERROR(SUMPRODUCT((Raw_Data_Daily!$B$2:$B$9999="Control")*(Raw_Data_Daily!$C$2:$C$9999="D. 20-39")*Raw_Data_Daily!$D$2:$D$9999*Raw_Data_Daily!$AU$2:$AU$9999)/SUMIFS(Raw_Data_Daily!$D:$D, Raw_Data_Daily!$B:$B, "Control", Raw_Data_Daily!$C:$C, "D. 20-39"),"") -> 0.23361249 | M53: =IFERROR(SUMPRODUCT((Raw_Data_Daily!$B$2:$B$9999="Variant")*(Raw_Data_Daily!$C$2:$C$9999="D. 20-39")*Raw_Data_Daily!$D$2:$D$9999*Raw_Data_Daily!$AU$2:$AU$9999)/SUMIFS(Raw_Data_Daily!$D:$D, Raw_Data_Daily!$B:$B, "Variant", Raw_Data_Daily!$C:$C, "D. 20-39"),"") -> 0.19787934 | N53: =IFERROR((M53-L53)/ABS(L53),"") -> -0.15295908 | O53: =IFERROR(SUMPRODUCT((Raw_Data_Daily!$B$2:$B$9999="Control")*(Raw_Data_Daily!$C$2:$C$9999="E. 40-99")*Raw_Data_Daily!$D$2:$D$9999*Raw_Data_Daily!$AU$2:$AU$9999)/SUMIFS(Raw_Data_Daily!$D:$D, Raw_Data_Daily!$B:$B, "Control", Raw_Data_Daily!$C:$C, "E. 40-99"),"") -> 0.20929586 | P53: =IFERROR(SUMPRODUCT((Raw_Data_Daily!$B$2:$B$9999="Variant")*(Raw_Data_Daily!$C$2:$C$9999="E. 40-99")*Raw_Data_Daily!$D$2:$D$9999*Raw_Data_Daily!$AU$2:$AU$9999)/SUMIFS(Raw_Data_Daily!$D:$D, Raw_Data_Daily!$B:$B, "Variant", Raw_Data_Daily!$C:$C, "E. 40-99"),"") -> 0.16613985 | Q53: =IFERROR((P53-O53)/ABS(O53),"") -> -0.20619622 | R53: =IFERROR(SUMPRODUCT((Raw_Data_Daily!$B$2:$B$9999="Control")*(Raw_Data_Daily!$C$2:$C$9999="F. 100+")*Raw_Data_Daily!$D$2:$D$9999*Raw_Data_Daily!$AU$2:$AU$9999)/SUMIFS(Raw_Data_Daily!$D:$D, Raw_Data_Daily!$B:$B, "Control", Raw_Data_Daily!$C:$C, "F. 100+"),"") -> 0.17840265 | S53: =IFERROR(SUMPRODUCT((Raw_Data_Daily!$B$2:$B$9999="Variant")*(Raw_Data_Daily!$C$2:$C$9999="F. 100+")*Raw_Data_Daily!$D$2:$D$9999*Raw_Data_Daily!$AU$2:$AU$9999)/SUMIFS(Raw_Data_Daily!$D:$D, Raw_Data_Daily!$B:$B, "Variant", Raw_Data_Daily!$C:$C, "F. 100+"),"") -> 0.13557003 | T53: =IFERROR((S53-R53)/ABS(R53),"") -> -0.24008961
A55: NS Actual Completions
F56: Previous | G56: New | H56: Δ % | I56: Previous | J56: New | K56: Δ % | L56: Previous | M56: New | N56: Δ % | O56: Previous | P56: New | Q56: Δ % | R56: Previous | S56: New | T56: Δ %
B57: NS active rate (%) | D57: =IFERROR(SUMPRODUCT((Raw_Data_Daily!$B$2:$B$9999="Variant")*(Raw_Data_Daily!$C$2:$C$9999="A. 0")*Raw_Data_Daily!$D$2:$D$9999*Raw_Data_Daily!$AM$2:$AM$9999)/SUMIFS(Raw_Data_Daily!$D:$D, Raw_Data_Daily!$B:$B, "Variant", Raw_Data_Daily!$C:$C, "A. 0"),"") | F57: 42.647143 | G57: =IFERROR(SUMPRODUCT((Raw_Data_Daily!$B$2:$B$9999="Variant")*(Raw_Data_Daily!$C$2:$C$9999="B. 1-9")*Raw_Data_Daily!$D$2:$D$9999*Raw_Data_Daily!$AM$2:$AM$9999)/SUMIFS(Raw_Data_Daily!$D:$D, Raw_Data_Daily!$B:$B, "Variant", Raw_Data_Daily!$C:$C, "B. 1-9"),"") -> 48.766529 | H57: =IFERROR((G57-F57)/ABS(F57),"") -> 0.14348878 | I57: 64.218039 | J57: =IFERROR(SUMPRODUCT((Raw_Data_Daily!$B$2:$B$9999="Variant")*(Raw_Data_Daily!$C$2:$C$9999="C. 10-19")*Raw_Data_Daily!$D$2:$D$9999*Raw_Data_Daily!$AM$2:$AM$9999)/SUMIFS(Raw_Data_Daily!$D:$D, Raw_Data_Daily!$B:$B, "Variant", Raw_Data_Daily!$C:$C, "C. 10-19"),"") -> 47.946879 | K57: =IFERROR((J57-I57)/ABS(I57),"") -> -0.25337367 | L57: 67.131053 | M57: =IFERROR(SUMPRODUCT((Raw_Data_Daily!$B$2:$B$9999="Variant")*(Raw_Data_Daily!$C$2:$C$9999="D. 20-39")*Raw_Data_Daily!$D$2:$D$9999*Raw_Data_Daily!$AM$2:$AM$9999)/SUMIFS(Raw_Data_Daily!$D:$D, Raw_Data_Daily!$B:$B, "Variant", Raw_Data_Daily!$C:$C, "D. 20-39"),"") -> 47.203519 | N57: =IFERROR((M57-L57)/ABS(L57),"") -> -0.29684525 | O57: 69.476952 | P57: =IFERROR(SUMPRODUCT((Raw_Data_Daily!$B$2:$B$9999="Variant")*(Raw_Data_Daily!$C$2:$C$9999="E. 40-99")*Raw_Data_Daily!$D$2:$D$9999*Raw_Data_Daily!$AM$2:$AM$9999)/SUMIFS(Raw_Data_Daily!$D:$D, Raw_Data_Daily!$B:$B, "Variant", Raw_Data_Daily!$C:$C, "E. 40-99"),"") -> 41.305101 | Q57: =IFERROR((P57-O57)/ABS(O57),"") -> -0.40548484 | R57: 69.556122 | S57: =IFERROR(SUMPRODUCT((Raw_Data_Daily!$B$2:$B$9999="Variant")*(Raw_Data_Daily!$C$2:$C$9999="F. 100+")*Raw_Data_Daily!$D$2:$D$9999*Raw_Data_Daily!$AM$2:$AM$9999)/SUMIFS(Raw_Data_Daily!$D:$D, Raw_Data_Daily!$B:$B, "Variant", Raw_Data_Daily!$C:$C, "F. 100+"),"") -> 36.370929 | T57: =IFERROR((S57-R57)/ABS(R57),"") -> -0.47709953
B58: R1 finished (%) [actual] | D58: =IFERROR(SUMPRODUCT((Raw_Data_Daily!$B$2:$B$9999="Variant")*(Raw_Data_Daily!$C$2:$C$9999="A. 0")*Raw_Data_Daily!$D$2:$D$9999*Raw_Data_Daily!$AN$2:$AN$9999)/SUMIFS(Raw_Data_Daily!$D:$D, Raw_Data_Daily!$B:$B, "Variant", Raw_Data_Daily!$C:$C, "A. 0"),"") | F58: 42.647143 | G58: =IFERROR(SUMPRODUCT((Raw_Data_Daily!$B$2:$B$9999="Variant")*(Raw_Data_Daily!$C$2:$C$9999="B. 1-9")*Raw_Data_Daily!$D$2:$D$9999*Raw_Data_Daily!$AN$2:$AN$9999)/SUMIFS(Raw_Data_Daily!$D:$D, Raw_Data_Daily!$B:$B, "Variant", Raw_Data_Daily!$C:$C, "B. 1-9"),"") -> 48.766529 | H58: =IFERROR((G58-F58)/ABS(F58),"") -> 0.14348878 | I58: 64.218039 | J58: =IFERROR(SUMPRODUCT((Raw_Data_Daily!$B$2:$B$9999="Variant")*(Raw_Data_Daily!$C$2:$C$9999="C. 10-19")*Raw_Data_Daily!$D$2:$D$9999*Raw_Data_Daily!$AN$2:$AN$9999)/SUMIFS(Raw_Data_Daily!$D:$D, Raw_Data_Daily!$B:$B, "Variant", Raw_Data_Daily!$C:$C, "C. 10-19"),"") -> 47.946879 | K58: =IFERROR((J58-I58)/ABS(I58),"") -> -0.25337367 | L58: 67.131053 | M58: =IFERROR(SUMPRODUCT((Raw_Data_Daily!$B$2:$B$9999="Variant")*(Raw_Data_Daily!$C$2:$C$9999="D. 20-39")*Raw_Data_Daily!$D$2:$D$9999*Raw_Data_Daily!$AN$2:$AN$9999)/SUMIFS(Raw_Data_Daily!$D:$D, Raw_Data_Daily!$B:$B, "Variant", Raw_Data_Daily!$C:$C, "D. 20-39"),"") -> 47.203519 | N58: =IFERROR((M58-L58)/ABS(L58),"") -> -0.29684525 | O58: 69.476952 | P58: =IFERROR(SUMPRODUCT((Raw_Data_Daily!$B$2:$B$9999="Variant")*(Raw_Data_Daily!$C$2:$C$9999="E. 40-99")*Raw_Data_Daily!$D$2:$D$9999*Raw_Data_Daily!$AN$2:$AN$9999)/SUMIFS(Raw_Data_Daily!$D:$D, Raw_Data_Daily!$B:$B, "Variant", Raw_Data_Daily!$C:$C, "E. 40-99"),"") -> 41.305101 | Q58: =IFERROR((P58-O58)/ABS(O58),"") -> -0.40548484 | R58: 69.556122 | S58: =IFERROR(SUMPRODUCT((Raw_Data_Daily!$B$2:$B$9999="Variant")*(Raw_Data_Daily!$C$2:$C$9999="F. 100+")*Raw_Data_Daily!$D$2:$D$9999*Raw_Data_Daily!$AN$2:$AN$9999)/SUMIFS(Raw_Data_Daily!$D:$D, Raw_Data_Daily!$B:$B, "Variant", Raw_Data_Daily!$C:$C, "F. 100+"),"") -> 36.370929 | T58: =IFERROR((S58-R58)/ABS(R58),"") -> -0.47709953
B59: R2 finished (%) [actual] | D59: =IFERROR(SUMPRODUCT((Raw_Data_Daily!$B$2:$B$9999="Variant")*(Raw_Data_Daily!$C$2:$C$9999="A. 0")*Raw_Data_Daily!$D$2:$D$9999*Raw_Data_Daily!$AO$2:$AO$9999)/SUMIFS(Raw_Data_Daily!$D:$D, Raw_Data_Daily!$B:$B, "Variant", Raw_Data_Daily!$C:$C, "A. 0"),"") | F59: 20.758438 | G59: =IFERROR(SUMPRODUCT((Raw_Data_Daily!$B$2:$B$9999="Variant")*(Raw_Data_Daily!$C$2:$C$9999="B. 1-9")*Raw_Data_Daily!$D$2:$D$9999*Raw_Data_Daily!$AO$2:$AO$9999)/SUMIFS(Raw_Data_Daily!$D:$D, Raw_Data_Daily!$B:$B, "Variant", Raw_Data_Daily!$C:$C, "B. 1-9"),"") -> 28.949589 | H59: =IFERROR((G59-F59)/ABS(F59),"") -> 0.3945938 | I59: 44.857285 | J59: =IFERROR(SUMPRODUCT((Raw_Data_Daily!$B$2:$B$9999="Variant")*(Raw_Data_Daily!$C$2:$C$9999="C. 10-19")*Raw_Data_Daily!$D$2:$D$9999*Raw_Data_Daily!$AO$2:$AO$9999)/SUMIFS(Raw_Data_Daily!$D:$D, Raw_Data_Daily!$B:$B, "Variant", Raw_Data_Daily!$C:$C, "C. 10-19"),"") -> 26.078429 | K59: =IFERROR((J59-I59)/ABS(I59),"") -> -0.41863559 | L59: 44.821434 | M59: =IFERROR(SUMPRODUCT((Raw_Data_Daily!$B$2:$B$9999="Variant")*(Raw_Data_Daily!$C$2:$C$9999="D. 20-39")*Raw_Data_Daily!$D$2:$D$9999*Raw_Data_Daily!$AO$2:$AO$9999)/SUMIFS(Raw_Data_Daily!$D:$D, Raw_Data_Daily!$B:$B, "Variant", Raw_Data_Daily!$C:$C, "D. 20-39"),"") -> 22.855422 | N59: =IFERROR((M59-L59)/ABS(L59),"") -> -0.49007829 | O59: 49.474289 | P59: =IFERROR(SUMPRODUCT((Raw_Data_Daily!$B$2:$B$9999="Variant")*(Raw_Data_Daily!$C$2:$C$9999="E. 40-99")*Raw_Data_Daily!$D$2:$D$9999*Raw_Data_Daily!$AO$2:$AO$9999)/SUMIFS(Raw_Data_Daily!$D:$D, Raw_Data_Daily!$B:$B, "Variant", Raw_Data_Daily!$C:$C, "E. 40-99"),"") -> 19.792548 | Q59: =IFERROR((P59-O59)/ABS(O59),"") -> -0.59994274 | R59: 49.613295 | S59: =IFERROR(SUMPRODUCT((Raw_Data_Daily!$B$2:$B$9999="Variant")*(Raw_Data_Daily!$C$2:$C$9999="F. 100+")*Raw_Data_Daily!$D$2:$D$9999*Raw_Data_Daily!$AO$2:$AO$9999)/SUMIFS(Raw_Data_Daily!$D:$D, Raw_Data_Daily!$B:$B, "Variant", Raw_Data_Daily!$C:$C, "F. 100+"),"") -> 19.920801 | T59: =IFERROR((S59-R59)/ABS(R59),"") -> -0.59847857
B60: R3 finished (%) [actual] | D60: =IFERROR(SUMPRODUCT((Raw_Data_Daily!$B$2:$B$9999="Variant")*(Raw_Data_Daily!$C$2:$C$9999="A. 0")*Raw_Data_Daily!$D$2:$D$9999*Raw_Data_Daily!$AP$2:$AP$9999)/SUMIFS(Raw_Data_Daily!$D:$D, Raw_Data_Daily!$B:$B, "Variant", Raw_Data_Daily!$C:$C, "A. 0"),"") | F60: 8.3585179 | G60: =IFERROR(SUMPRODUCT((Raw_Data_Daily!$B$2:$B$9999="Variant")*(Raw_Data_Daily!$C$2:$C$9999="B. 1-9")*Raw_Data_Daily!$D$2:$D$9999*Raw_Data_Daily!$AP$2:$AP$9999)/SUMIFS(Raw_Data_Daily!$D:$D, Raw_Data_Daily!$B:$B, "Variant", Raw_Data_Daily!$C:$C, "B. 1-9"),"") -> 13.485984 | H60: =IFERROR((G60-F60)/ABS(F60),"") -> 0.61344205 | I60: 25.564668 | J60: =IFERROR(SUMPRODUCT((Raw_Data_Daily!$B$2:$B$9999="Variant")*(Raw_Data_Daily!$C$2:$C$9999="C. 10-19")*Raw_Data_Daily!$D$2:$D$9999*Raw_Data_Daily!$AP$2:$AP$9999)/SUMIFS(Raw_Data_Daily!$D:$D, Raw_Data_Daily!$B:$B, "Variant", Raw_Data_Daily!$C:$C, "C. 10-19"),"") -> 9.5668164 | K60: =IFERROR((J60-I60)/ABS(I60),"") -> -0.62577974 | L60: 29.762965 | M60: =IFERROR(SUMPRODUCT((Raw_Data_Daily!$B$2:$B$9999="Variant")*(Raw_Data_Daily!$C$2:$C$9999="D. 20-39")*Raw_Data_Daily!$D$2:$D$9999*Raw_Data_Daily!$AP$2:$AP$9999)/SUMIFS(Raw_Data_Daily!$D:$D, Raw_Data_Daily!$B:$B, "Variant", Raw_Data_Daily!$C:$C, "D. 20-39"),"") -> 10.526143 | N60: =IFERROR((M60-L60)/ABS(L60),"") -> -0.64633419 | O60: 34.037131 | P60: =IFERROR(SUMPRODUCT((Raw_Data_Daily!$B$2:$B$9999="Variant")*(Raw_Data_Daily!$C$2:$C$9999="E. 40-99")*Raw_Data_Daily!$D$2:$D$9999*Raw_Data_Daily!$AP$2:$AP$9999)/SUMIFS(Raw_Data_Daily!$D:$D, Raw_Data_Daily!$B:$B, "Variant", Raw_Data_Daily!$C:$C, "E. 40-99"),"") -> 9.3027573 | Q60: =IFERROR((P60-O60)/ABS(O60),"") -> -0.72668797 | R60: 36.705925 | S60: =IFERROR(SUMPRODUCT((Raw_Data_Daily!$B$2:$B$9999="Variant")*(Raw_Data_Daily!$C$2:$C$9999="F. 100+")*Raw_Data_Daily!$D$2:$D$9999*Raw_Data_Daily!$AP$2:$AP$9999)/SUMIFS(Raw_Data_Daily!$D:$D, Raw_Data_Daily!$B:$B, "Variant", Raw_Data_Daily!$C:$C, "F. 100+"),"") -> 10.934743 | T60: =IFERROR((S60-R60)/ABS(R60),"") -> -0.7020987
A62: Red
B63: Red gain total / player | C63: =IFERROR(SUMPRODUCT((Raw_Data_Daily!$B$2:$B$9999="Control")*(Raw_Data_Daily!$C$2:$C$9999="A. 0")*Raw_Data_Daily!$D$2:$D$9999*Raw_Data_Daily!$BO$2:$BO$9999)/SUMIFS(Raw_Data_Daily!$D:$D, Raw_Data_Daily!$B:$B, "Control", Raw_Data_Daily!$C:$C, "A. 0"),"") | D63: =IFERROR(SUMPRODUCT((Raw_Data_Daily!$B$2:$B$9999="Variant")*(Raw_Data_Daily!$C$2:$C$9999="A. 0")*Raw_Data_Daily!$D$2:$D$9999*Raw_Data_Daily!$BO$2:$BO$9999)/SUMIFS(Raw_Data_Daily!$D:$D, Raw_Data_Daily!$B:$B, "Variant", Raw_Data_Daily!$C:$C, "A. 0"),"") | E63: =IFERROR((D63-C63)/ABS(C63),"") | F63: =IFERROR(SUMPRODUCT((Raw_Data_Daily!$B$2:$B$9999="Control")*(Raw_Data_Daily!$C$2:$C$9999="B. 1-9")*Raw_Data_Daily!$D$2:$D$9999*Raw_Data_Daily!$BO$2:$BO$9999)/SUMIFS(Raw_Data_Daily!$D:$D, Raw_Data_Daily!$B:$B, "Control", Raw_Data_Daily!$C:$C, "B. 1-9"),"") -> 1.0410025 | G63: =IFERROR(SUMPRODUCT((Raw_Data_Daily!$B$2:$B$9999="Variant")*(Raw_Data_Daily!$C$2:$C$9999="B. 1-9")*Raw_Data_Daily!$D$2:$D$9999*Raw_Data_Daily!$BO$2:$BO$9999)/SUMIFS(Raw_Data_Daily!$D:$D, Raw_Data_Daily!$B:$B, "Variant", Raw_Data_Daily!$C:$C, "B. 1-9"),"") -> 1.2336759 | H63: =IFERROR((G63-F63)/ABS(F63),"") -> 0.18508452 | I63: =IFERROR(SUMPRODUCT((Raw_Data_Daily!$B$2:$B$9999="Control")*(Raw_Data_Daily!$C$2:$C$9999="C. 10-19")*Raw_Data_Daily!$D$2:$D$9999*Raw_Data_Daily!$BO$2:$BO$9999)/SUMIFS(Raw_Data_Daily!$D:$D, Raw_Data_Daily!$B:$B, "Control", Raw_Data_Daily!$C:$C, "C. 10-19"),"") -> 1.5457711 | J63: =IFERROR(SUMPRODUCT((Raw_Data_Daily!$B$2:$B$9999="Variant")*(Raw_Data_Daily!$C$2:$C$9999="C. 10-19")*Raw_Data_Daily!$D$2:$D$9999*Raw_Data_Daily!$BO$2:$BO$9999)/SUMIFS(Raw_Data_Daily!$D:$D, Raw_Data_Daily!$B:$B, "Variant", Raw_Data_Daily!$C:$C, "C. 10-19"),"") -> 1.6664924 | K63: =IFERROR((J63-I63)/ABS(I63),"") -> 0.078097744 | L63: =IFERROR(SUMPRODUCT((Raw_Data_Daily!$B$2:$B$9999="Control")*(Raw_Data_Daily!$C$2:$C$9999="D. 20-39")*Raw_Data_Daily!$D$2:$D$9999*Raw_Data_Daily!$BO$2:$BO$9999)/SUMIFS(Raw_Data_Daily!$D:$D, Raw_Data_Daily!$B:$B, "Control", Raw_Data_Daily!$C:$C, "D. 20-39"),"") -> 1.9174812 | M63: =IFERROR(SUMPRODUCT((Raw_Data_Daily!$B$2:$B$9999="Variant")*(Raw_Data_Daily!$C$2:$C$9999="D. 20-39")*Raw_Data_Daily!$D$2:$D$9999*Raw_Data_Daily!$BO$2:$BO$9999)/SUMIFS(Raw_Data_Daily!$D:$D, Raw_Data_Daily!$B:$B, "Variant", Raw_Data_Daily!$C:$C, "D. 20-39"),"") -> 1.9342397 | N63: =IFERROR((M63-L63)/ABS(L63),"") -> 0.0087398026 | O63: =IFERROR(SUMPRODUCT((Raw_Data_Daily!$B$2:$B$9999="Control")*(Raw_Data_Daily!$C$2:$C$9999="E. 40-99")*Raw_Data_Daily!$D$2:$D$9999*Raw_Data_Daily!$BO$2:$BO$9999)/SUMIFS(Raw_Data_Daily!$D:$D, Raw_Data_Daily!$B:$B, "Control", Raw_Data_Daily!$C:$C, "E. 40-99"),"") -> 2.4757623 | P63: =IFERROR(SUMPRODUCT((Raw_Data_Daily!$B$2:$B$9999="Variant")*(Raw_Data_Daily!$C$2:$C$9999="E. 40-99")*Raw_Data_Daily!$D$2:$D$9999*Raw_Data_Daily!$BO$2:$BO$9999)/SUMIFS(Raw_Data_Daily!$D:$D, Raw_Data_Daily!$B:$B, "Variant", Raw_Data_Daily!$C:$C, "E. 40-99"),"") -> 2.2399729 | Q63: =IFERROR((P63-O63)/ABS(O63),"") -> -0.095239089 | R63: =IFERROR(SUMPRODUCT((Raw_Data_Daily!$B$2:$B$9999="Control")*(Raw_Data_Daily!$C$2:$C$9999="F. 100+")*Raw_Data_Daily!$D$2:$D$9999*Raw_Data_Daily!$BO$2:$BO$9999)/SUMIFS(Raw_Data_Daily!$D:$D, Raw_Data_Daily!$B:$B, "Control", Raw_Data_Daily!$C:$C, "F. 100+"),"") -> 3.6854799 | S63: =IFERROR(SUMPRODUCT((Raw_Data_Daily!$B$2:$B$9999="Variant")*(Raw_Data_Daily!$C$2:$C$9999="F. 100+")*Raw_Data_Daily!$D$2:$D$9999*Raw_Data_Daily!$BO$2:$BO$9999)/SUMIFS(Raw_Data_Daily!$D:$D, Raw_Data_Daily!$B:$B, "Variant", Raw_Data_Daily!$C:$C, "F. 100+"),"") -> 2.789833 | T63: =IFERROR((S63-R63)/ABS(R63),"") -> -0.24302043
B64: Red gain PAID / player | C64: =IFERROR(SUMPRODUCT((Raw_Data_Daily!$B$2:$B$9999="Control")*(Raw_Data_Daily!$C$2:$C$9999="A. 0")*Raw_Data_Daily!$D$2:$D$9999*Raw_Data_Daily!$BP$2:$BP$9999)/SUMIFS(Raw_Data_Daily!$D:$D, Raw_Data_Daily!$B:$B, "Control", Raw_Data_Daily!$C:$C, "A. 0"),"") | D64: =IFERROR(SUMPRODUCT((Raw_Data_Daily!$B$2:$B$9999="Variant")*(Raw_Data_Daily!$C$2:$C$9999="A. 0")*Raw_Data_Daily!$D$2:$D$9999*Raw_Data_Daily!$BP$2:$BP$9999)/SUMIFS(Raw_Data_Daily!$D:$D, Raw_Data_Daily!$B:$B, "Variant", Raw_Data_Daily!$C:$C, "A. 0"),"") | E64: =IFERROR((D64-C64)/ABS(C64),"") | F64: =IFERROR(SUMPRODUCT((Raw_Data_Daily!$B$2:$B$9999="Control")*(Raw_Data_Daily!$C$2:$C$9999="B. 1-9")*Raw_Data_Daily!$D$2:$D$9999*Raw_Data_Daily!$BP$2:$BP$9999)/SUMIFS(Raw_Data_Daily!$D:$D, Raw_Data_Daily!$B:$B, "Control", Raw_Data_Daily!$C:$C, "B. 1-9"),"") -> 0.0073244837 | G64: =IFERROR(SUMPRODUCT((Raw_Data_Daily!$B$2:$B$9999="Variant")*(Raw_Data_Daily!$C$2:$C$9999="B. 1-9")*Raw_Data_Daily!$D$2:$D$9999*Raw_Data_Daily!$BP$2:$BP$9999)/SUMIFS(Raw_Data_Daily!$D:$D, Raw_Data_Daily!$B:$B, "Variant", Raw_Data_Daily!$C:$C, "B. 1-9"),"") -> 0.0077984978 | H64: =IFERROR((G64-F64)/ABS(F64),"") -> 0.064716376 | I64: =IFERROR(SUMPRODUCT((Raw_Data_Daily!$B$2:$B$9999="Control")*(Raw_Data_Daily!$C$2:$C$9999="C. 10-19")*Raw_Data_Daily!$D$2:$D$9999*Raw_Data_Daily!$BP$2:$BP$9999)/SUMIFS(Raw_Data_Daily!$D:$D, Raw_Data_Daily!$B:$B, "Control", Raw_Data_Daily!$C:$C, "C. 10-19"),"") -> 0.023743237 | J64: =IFERROR(SUMPRODUCT((Raw_Data_Daily!$B$2:$B$9999="Variant")*(Raw_Data_Daily!$C$2:$C$9999="C. 10-19")*Raw_Data_Daily!$D$2:$D$9999*Raw_Data_Daily!$BP$2:$BP$9999)/SUMIFS(Raw_Data_Daily!$D:$D, Raw_Data_Daily!$B:$B, "Variant", Raw_Data_Daily!$C:$C, "C. 10-19"),"") -> 0.023043201 | K64: =IFERROR((J64-I64)/ABS(I64),"") -> -0.02948358 | L64: =IFERROR(SUMPRODUCT((Raw_Data_Daily!$B$2:$B$9999="Control")*(Raw_Data_Daily!$C$2:$C$9999="D. 20-39")*Raw_Data_Daily!$D$2:$D$9999*Raw_Data_Daily!$BP$2:$BP$9999)/SUMIFS(Raw_Data_Daily!$D:$D, Raw_Data_Daily!$B:$B, "Control", Raw_Data_Daily!$C:$C, "D. 20-39"),"") -> 0.045110086 | M64: =IFERROR(SUMPRODUCT((Raw_Data_Daily!$B$2:$B$9999="Variant")*(Raw_Data_Daily!$C$2:$C$9999="D. 20-39")*Raw_Data_Daily!$D$2:$D$9999*Raw_Data_Daily!$BP$2:$BP$9999)/SUMIFS(Raw_Data_Daily!$D:$D, Raw_Data_Daily!$B:$B, "Variant", Raw_Data_Daily!$C:$C, "D. 20-39"),"") -> 0.022842822 | N64: =IFERROR((M64-L64)/ABS(L64),"") -> -0.49362051 | O64: =IFERROR(SUMPRODUCT((Raw_Data_Daily!$B$2:$B$9999="Control")*(Raw_Data_Daily!$C$2:$C$9999="E. 40-99")*Raw_Data_Daily!$D$2:$D$9999*Raw_Data_Daily!$BP$2:$BP$9999)/SUMIFS(Raw_Data_Daily!$D:$D, Raw_Data_Daily!$B:$B, "Control", Raw_Data_Daily!$C:$C, "E. 40-99"),"") -> 0.11004587 | P64: =IFERROR(SUMPRODUCT((Raw_Data_Daily!$B$2:$B$9999="Variant")*(Raw_Data_Daily!$C$2:$C$9999="E. 40-99")*Raw_Data_Daily!$D$2:$D$9999*Raw_Data_Daily!$BP$2:$BP$9999)/SUMIFS(Raw_Data_Daily!$D:$D, Raw_Data_Daily!$B:$B, "Variant", Raw_Data_Daily!$C:$C, "E. 40-99"),"") -> 0.065920149 | Q64: =IFERROR((P64-O64)/ABS(O64),"") -> -0.40097573 | R64: =IFERROR(SUMPRODUCT((Raw_Data_Daily!$B$2:$B$9999="Control")*(Raw_Data_Daily!$C$2:$C$9999="F. 100+")*Raw_Data_Daily!$D$2:$D$9999*Raw_Data_Daily!$BP$2:$BP$9999)/SUMIFS(Raw_Data_Daily!$D:$D, Raw_Data_Daily!$B:$B, "Control", Raw_Data_Daily!$C:$C, "F. 100+"),"") -> 0.085690361 | S64: =IFERROR(SUMPRODUCT((Raw_Data_Daily!$B$2:$B$9999="Variant")*(Raw_Data_Daily!$C$2:$C$9999="F. 100+")*Raw_Data_Daily!$D$2:$D$9999*Raw_Data_Daily!$BP$2:$BP$9999)/SUMIFS(Raw_Data_Daily!$D:$D, Raw_Data_Daily!$B:$B, "Variant", Raw_Data_Daily!$C:$C, "F. 100+"),"") -> 0.12516808 | T64: =IFERROR((S64-R64)/ABS(R64),"") -> 0.46070196
B65: Red gain FREE / player | C65: =IFERROR(SUMPRODUCT((Raw_Data_Daily!$B$2:$B$9999="Control")*(Raw_Data_Daily!$C$2:$C$9999="A. 0")*Raw_Data_Daily!$D$2:$D$9999*Raw_Data_Daily!$BQ$2:$BQ$9999)/SUMIFS(Raw_Data_Daily!$D:$D, Raw_Data_Daily!$B:$B, "Control", Raw_Data_Daily!$C:$C, "A. 0"),"") | D65: =IFERROR(SUMPRODUCT((Raw_Data_Daily!$B$2:$B$9999="Variant")*(Raw_Data_Daily!$C$2:$C$9999="A. 0")*Raw_Data_Daily!$D$2:$D$9999*Raw_Data_Daily!$BQ$2:$BQ$9999)/SUMIFS(Raw_Data_Daily!$D:$D, Raw_Data_Daily!$B:$B, "Variant", Raw_Data_Daily!$C:$C, "A. 0"),"") | E65: =IFERROR((D65-C65)/ABS(C65),"") | F65: =IFERROR(SUMPRODUCT((Raw_Data_Daily!$B$2:$B$9999="Control")*(Raw_Data_Daily!$C$2:$C$9999="B. 1-9")*Raw_Data_Daily!$D$2:$D$9999*Raw_Data_Daily!$BQ$2:$BQ$9999)/SUMIFS(Raw_Data_Daily!$D:$D, Raw_Data_Daily!$B:$B, "Control", Raw_Data_Daily!$C:$C, "B. 1-9"),"") -> 1.0336779 | G65: =IFERROR(SUMPRODUCT((Raw_Data_Daily!$B$2:$B$9999="Variant")*(Raw_Data_Daily!$C$2:$C$9999="B. 1-9")*Raw_Data_Daily!$D$2:$D$9999*Raw_Data_Daily!$BQ$2:$BQ$9999)/SUMIFS(Raw_Data_Daily!$D:$D, Raw_Data_Daily!$B:$B, "Variant", Raw_Data_Daily!$C:$C, "B. 1-9"),"") -> 1.2259103 | H65: =IFERROR((G65-F65)/ABS(F65),"") -> 0.18596938 | I65: =IFERROR(SUMPRODUCT((Raw_Data_Daily!$B$2:$B$9999="Control")*(Raw_Data_Daily!$C$2:$C$9999="C. 10-19")*Raw_Data_Daily!$D$2:$D$9999*Raw_Data_Daily!$BQ$2:$BQ$9999)/SUMIFS(Raw_Data_Daily!$D:$D, Raw_Data_Daily!$B:$B, "Control", Raw_Data_Daily!$C:$C, "C. 10-19"),"") -> 1.5220279 | J65: =IFERROR(SUMPRODUCT((Raw_Data_Daily!$B$2:$B$9999="Variant")*(Raw_Data_Daily!$C$2:$C$9999="C. 10-19")*Raw_Data_Daily!$D$2:$D$9999*Raw_Data_Daily!$BQ$2:$BQ$9999)/SUMIFS(Raw_Data_Daily!$D:$D, Raw_Data_Daily!$B:$B, "Variant", Raw_Data_Daily!$C:$C, "C. 10-19"),"") -> 1.6434489 | K65: =IFERROR((J65-I65)/ABS(I65),"") -> 0.079775826 | L65: =IFERROR(SUMPRODUCT((Raw_Data_Daily!$B$2:$B$9999="Control")*(Raw_Data_Daily!$C$2:$C$9999="D. 20-39")*Raw_Data_Daily!$D$2:$D$9999*Raw_Data_Daily!$BQ$2:$BQ$9999)/SUMIFS(Raw_Data_Daily!$D:$D, Raw_Data_Daily!$B:$B, "Control", Raw_Data_Daily!$C:$C, "D. 20-39"),"") -> 1.8723881 | M65: =IFERROR(SUMPRODUCT((Raw_Data_Daily!$B$2:$B$9999="Variant")*(Raw_Data_Daily!$C$2:$C$9999="D. 20-39")*Raw_Data_Daily!$D$2:$D$9999*Raw_Data_Daily!$BQ$2:$BQ$9999)/SUMIFS(Raw_Data_Daily!$D:$D, Raw_Data_Daily!$B:$B, "Variant", Raw_Data_Daily!$C:$C, "D. 20-39"),"") -> 1.9113798 | N65: =IFERROR((M65-L65)/ABS(L65),"") -> 0.02082458 | O65: =IFERROR(SUMPRODUCT((Raw_Data_Daily!$B$2:$B$9999="Control")*(Raw_Data_Daily!$C$2:$C$9999="E. 40-99")*Raw_Data_Daily!$D$2:$D$9999*Raw_Data_Daily!$BQ$2:$BQ$9999)/SUMIFS(Raw_Data_Daily!$D:$D, Raw_Data_Daily!$B:$B, "Control", Raw_Data_Daily!$C:$C, "E. 40-99"),"") -> 2.3656998 | P65: =IFERROR(SUMPRODUCT((Raw_Data_Daily!$B$2:$B$9999="Variant")*(Raw_Data_Daily!$C$2:$C$9999="E. 40-99")*Raw_Data_Daily!$D$2:$D$9999*Raw_Data_Daily!$BQ$2:$BQ$9999)/SUMIFS(Raw_Data_Daily!$D:$D, Raw_Data_Daily!$B:$B, "Variant", Raw_Data_Daily!$C:$C, "E. 40-99"),"") -> 2.1740364 | Q65: =IFERROR((P65-O65)/ABS(O65),"") -> -0.081017643 | R65: =IFERROR(SUMPRODUCT((Raw_Data_Daily!$B$2:$B$9999="Control")*(Raw_Data_Daily!$C$2:$C$9999="F. 100+")*Raw_Data_Daily!$D$2:$D$9999*Raw_Data_Daily!$BQ$2:$BQ$9999)/SUMIFS(Raw_Data_Daily!$D:$D, Raw_Data_Daily!$B:$B, "Control", Raw_Data_Daily!$C:$C, "F. 100+"),"") -> 3.5997727 | S65: =IFERROR(SUMPRODUCT((Raw_Data_Daily!$B$2:$B$9999="Variant")*(Raw_Data_Daily!$C$2:$C$9999="F. 100+")*Raw_Data_Daily!$D$2:$D$9999*Raw_Data_Daily!$BQ$2:$BQ$9999)/SUMIFS(Raw_Data_Daily!$D:$D, Raw_Data_Daily!$B:$B, "Variant", Raw_Data_Daily!$C:$C, "F. 100+"),"") -> 2.6646479 | T65: =IFERROR((S65-R65)/ABS(R65),"") -> -0.25977328
B66: Red spent / player | C66: =IFERROR(SUMPRODUCT((Raw_Data_Daily!$B$2:$B$9999="Control")*(Raw_Data_Daily!$C$2:$C$9999="A. 0")*Raw_Data_Daily!$D$2:$D$9999*Raw_Data_Daily!$BR$2:$BR$9999)/SUMIFS(Raw_Data_Daily!$D:$D, Raw_Data_Daily!$B:$B, "Control", Raw_Data_Daily!$C:$C, "A. 0"),"") | D66: =IFERROR(SUMPRODUCT((Raw_Data_Daily!$B$2:$B$9999="Variant")*(Raw_Data_Daily!$C$2:$C$9999="A. 0")*Raw_Data_Daily!$D$2:$D$9999*Raw_Data_Daily!$BR$2:$BR$9999)/SUMIFS(Raw_Data_Daily!$D:$D, Raw_Data_Daily!$B:$B, "Variant", Raw_Data_Daily!$C:$C, "A. 0"),"") | E66: =IFERROR((D66-C66)/ABS(C66),"") | F66: =IFERROR(SUMPRODUCT((Raw_Data_Daily!$B$2:$B$9999="Control")*(Raw_Data_Daily!$C$2:$C$9999="B. 1-9")*Raw_Data_Daily!$D$2:$D$9999*Raw_Data_Daily!$BR$2:$BR$9999)/SUMIFS(Raw_Data_Daily!$D:$D, Raw_Data_Daily!$B:$B, "Control", Raw_Data_Daily!$C:$C, "B. 1-9"),"") -> 0.83987667 | G66: =IFERROR(SUMPRODUCT((Raw_Data_Daily!$B$2:$B$9999="Variant")*(Raw_Data_Daily!$C$2:$C$9999="B. 1-9")*Raw_Data_Daily!$D$2:$D$9999*Raw_Data_Daily!$BR$2:$BR$9999)/SUMIFS(Raw_Data_Daily!$D:$D, Raw_Data_Daily!$B:$B, "Variant", Raw_Data_Daily!$C:$C, "B. 1-9"),"") -> 0.91021717 | H66: =IFERROR((G66-F66)/ABS(F66),"") -> 0.083750986 | I66: =IFERROR(SUMPRODUCT((Raw_Data_Daily!$B$2:$B$9999="Control")*(Raw_Data_Daily!$C$2:$C$9999="C. 10-19")*Raw_Data_Daily!$D$2:$D$9999*Raw_Data_Daily!$BR$2:$BR$9999)/SUMIFS(Raw_Data_Daily!$D:$D, Raw_Data_Daily!$B:$B, "Control", Raw_Data_Daily!$C:$C, "C. 10-19"),"") -> 1.3182296 | J66: =IFERROR(SUMPRODUCT((Raw_Data_Daily!$B$2:$B$9999="Variant")*(Raw_Data_Daily!$C$2:$C$9999="C. 10-19")*Raw_Data_Daily!$D$2:$D$9999*Raw_Data_Daily!$BR$2:$BR$9999)/SUMIFS(Raw_Data_Daily!$D:$D, Raw_Data_Daily!$B:$B, "Variant", Raw_Data_Daily!$C:$C, "C. 10-19"),"") -> 1.3184512 | K66: =IFERROR((J66-I66)/ABS(I66),"") -> 0.00016814693 | L66: =IFERROR(SUMPRODUCT((Raw_Data_Daily!$B$2:$B$9999="Control")*(Raw_Data_Daily!$C$2:$C$9999="D. 20-39")*Raw_Data_Daily!$D$2:$D$9999*Raw_Data_Daily!$BR$2:$BR$9999)/SUMIFS(Raw_Data_Daily!$D:$D, Raw_Data_Daily!$B:$B, "Control", Raw_Data_Daily!$C:$C, "D. 20-39"),"") -> 1.740919 | M66: =IFERROR(SUMPRODUCT((Raw_Data_Daily!$B$2:$B$9999="Variant")*(Raw_Data_Daily!$C$2:$C$9999="D. 20-39")*Raw_Data_Daily!$D$2:$D$9999*Raw_Data_Daily!$BR$2:$BR$9999)/SUMIFS(Raw_Data_Daily!$D:$D, Raw_Data_Daily!$B:$B, "Variant", Raw_Data_Daily!$C:$C, "D. 20-39"),"") -> 1.6380855 | N66: =IFERROR((M66-L66)/ABS(L66),"") -> -0.059068507 | O66: =IFERROR(SUMPRODUCT((Raw_Data_Daily!$B$2:$B$9999="Control")*(Raw_Data_Daily!$C$2:$C$9999="E. 40-99")*Raw_Data_Daily!$D$2:$D$9999*Raw_Data_Daily!$BR$2:$BR$9999)/SUMIFS(Raw_Data_Daily!$D:$D, Raw_Data_Daily!$B:$B, "Control", Raw_Data_Daily!$C:$C, "E. 40-99"),"") -> 2.4944233 | P66: =IFERROR(SUMPRODUCT((Raw_Data_Daily!$B$2:$B$9999="Variant")*(Raw_Data_Daily!$C$2:$C$9999="E. 40-99")*Raw_Data_Daily!$D$2:$D$9999*Raw_Data_Daily!$BR$2:$BR$9999)/SUMIFS(Raw_Data_Daily!$D:$D, Raw_Data_Daily!$B:$B, "Variant", Raw_Data_Daily!$C:$C, "E. 40-99"),"") -> 2.0832532 | Q66: =IFERROR((P66-O66)/ABS(O66),"") -> -0.16483574 | R66: =IFERROR(SUMPRODUCT((Raw_Data_Daily!$B$2:$B$9999="Control")*(Raw_Data_Daily!$C$2:$C$9999="F. 100+")*Raw_Data_Daily!$D$2:$D$9999*Raw_Data_Daily!$BR$2:$BR$9999)/SUMIFS(Raw_Data_Daily!$D:$D, Raw_Data_Daily!$B:$B, "Control", Raw_Data_Daily!$C:$C, "F. 100+"),"") -> 4.0369198 | S66: =IFERROR(SUMPRODUCT((Raw_Data_Daily!$B$2:$B$9999="Variant")*(Raw_Data_Daily!$C$2:$C$9999="F. 100+")*Raw_Data_Daily!$D$2:$D$9999*Raw_Data_Daily!$BR$2:$BR$9999)/SUMIFS(Raw_Data_Daily!$D:$D, Raw_Data_Daily!$B:$B, "Variant", Raw_Data_Daily!$C:$C, "F. 100+"),"") -> 2.8394825 | T66: =IFERROR((S66-R66)/ABS(R66),"") -> -0.29662152
B67: Red NET (gain - spend) / player | C67: =IFERROR(SUMPRODUCT((Raw_Data_Daily!$B$2:$B$9999="Control")*(Raw_Data_Daily!$C$2:$C$9999="A. 0")*Raw_Data_Daily!$D$2:$D$9999*(Raw_Data_Daily!$BO$2:$BO$9999-Raw_Data_Daily!$BR$2:$BR$9999))/SUMIFS(Raw_Data_Daily!$D:$D, Raw_Data_Daily!$B:$B, "Control", Raw_Data_Daily!$C:$C, "A. 0"),"") | D67: =IFERROR(SUMPRODUCT((Raw_Data_Daily!$B$2:$B$9999="Variant")*(Raw_Data_Daily!$C$2:$C$9999="A. 0")*Raw_Data_Daily!$D$2:$D$9999*(Raw_Data_Daily!$BO$2:$BO$9999-Raw_Data_Daily!$BR$2:$BR$9999))/SUMIFS(Raw_Data_Daily!$D:$D, Raw_Data_Daily!$B:$B, "Variant", Raw_Data_Daily!$C:$C, "A. 0"),"") | E67: =IFERROR((D67-C67)/ABS(C67),"") | F67: =IFERROR(SUMPRODUCT((Raw_Data_Daily!$B$2:$B$9999="Control")*(Raw_Data_Daily!$C$2:$C$9999="B. 1-9")*Raw_Data_Daily!$D$2:$D$9999*(Raw_Data_Daily!$BO$2:$BO$9999-Raw_Data_Daily!$BR$2:$BR$9999))/SUMIFS(Raw_Data_Daily!$D:$D, Raw_Data_Daily!$B:$B, "Control", Raw_Data_Daily!$C:$C, "B. 1-9"),"") -> 0.20112581 | G67: =IFERROR(SUMPRODUCT((Raw_Data_Daily!$B$2:$B$9999="Variant")*(Raw_Data_Daily!$C$2:$C$9999="B. 1-9")*Raw_Data_Daily!$D$2:$D$9999*(Raw_Data_Daily!$BO$2:$BO$9999-Raw_Data_Daily!$BR$2:$BR$9999))/SUMIFS(Raw_Data_Daily!$D:$D, Raw_Data_Daily!$B:$B, "Variant", Raw_Data_Daily!$C:$C, "B. 1-9"),"") -> 0.32345876 | H67: =IFERROR((G67-F67)/ABS(F67),"") -> 0.60824093 | I67: =IFERROR(SUMPRODUCT((Raw_Data_Daily!$B$2:$B$9999="Control")*(Raw_Data_Daily!$C$2:$C$9999="C. 10-19")*Raw_Data_Daily!$D$2:$D$9999*(Raw_Data_Daily!$BO$2:$BO$9999-Raw_Data_Daily!$BR$2:$BR$9999))/SUMIFS(Raw_Data_Daily!$D:$D, Raw_Data_Daily!$B:$B, "Control", Raw_Data_Daily!$C:$C, "C. 10-19"),"") -> 0.22754155 | J67: =IFERROR(SUMPRODUCT((Raw_Data_Daily!$B$2:$B$9999="Variant")*(Raw_Data_Daily!$C$2:$C$9999="C. 10-19")*Raw_Data_Daily!$D$2:$D$9999*(Raw_Data_Daily!$BO$2:$BO$9999-Raw_Data_Daily!$BR$2:$BR$9999))/SUMIFS(Raw_Data_Daily!$D:$D, Raw_Data_Daily!$B:$B, "Variant", Raw_Data_Daily!$C:$C, "C. 10-19"),"") -> 0.34804113 | K67: =IFERROR((J67-I67)/ABS(I67),"") -> 0.52957178 | L67: =IFERROR(SUMPRODUCT((Raw_Data_Daily!$B$2:$B$9999="Control")*(Raw_Data_Daily!$C$2:$C$9999="D. 20-39")*Raw_Data_Daily!$D$2:$D$9999*(Raw_Data_Daily!$BO$2:$BO$9999-Raw_Data_Daily!$BR$2:$BR$9999))/SUMIFS(Raw_Data_Daily!$D:$D, Raw_Data_Daily!$B:$B, "Control", Raw_Data_Daily!$C:$C, "D. 20-39"),"") -> 0.17656227 | M67: =IFERROR(SUMPRODUCT((Raw_Data_Daily!$B$2:$B$9999="Variant")*(Raw_Data_Daily!$C$2:$C$9999="D. 20-39")*Raw_Data_Daily!$D$2:$D$9999*(Raw_Data_Daily!$BO$2:$BO$9999-Raw_Data_Daily!$BR$2:$BR$9999))/SUMIFS(Raw_Data_Daily!$D:$D, Raw_Data_Daily!$B:$B, "Variant", Raw_Data_Daily!$C:$C, "D. 20-39"),"") -> 0.29615416 | N67: =IFERROR((M67-L67)/ABS(L67),"") -> 0.6773355 | O67: =IFERROR(SUMPRODUCT((Raw_Data_Daily!$B$2:$B$9999="Control")*(Raw_Data_Daily!$C$2:$C$9999="E. 40-99")*Raw_Data_Daily!$D$2:$D$9999*(Raw_Data_Daily!$BO$2:$BO$9999-Raw_Data_Daily!$BR$2:$BR$9999))/SUMIFS(Raw_Data_Daily!$D:$D, Raw_Data_Daily!$B:$B, "Control", Raw_Data_Daily!$C:$C, "E. 40-99"),"") -> -0.018661046 | P67: =IFERROR(SUMPRODUCT((Raw_Data_Daily!$B$2:$B$9999="Variant")*(Raw_Data_Daily!$C$2:$C$9999="E. 40-99")*Raw_Data_Daily!$D$2:$D$9999*(Raw_Data_Daily!$BO$2:$BO$9999-Raw_Data_Daily!$BR$2:$BR$9999))/SUMIFS(Raw_Data_Daily!$D:$D, Raw_Data_Daily!$B:$B, "Variant", Raw_Data_Daily!$C:$C, "E. 40-99"),"") -> 0.15671972 | Q67: =IFERROR((P67-O67)/ABS(O67),"") -> 9.3982283 | R67: =IFERROR(SUMPRODUCT((Raw_Data_Daily!$B$2:$B$9999="Control")*(Raw_Data_Daily!$C$2:$C$9999="F. 100+")*Raw_Data_Daily!$D$2:$D$9999*(Raw_Data_Daily!$BO$2:$BO$9999-Raw_Data_Daily!$BR$2:$BR$9999))/SUMIFS(Raw_Data_Daily!$D:$D, Raw_Data_Daily!$B:$B, "Control", Raw_Data_Daily!$C:$C, "F. 100+"),"") -> -0.35143994 | S67: =IFERROR(SUMPRODUCT((Raw_Data_Daily!$B$2:$B$9999="Variant")*(Raw_Data_Daily!$C$2:$C$9999="F. 100+")*Raw_Data_Daily!$D$2:$D$9999*(Raw_Data_Daily!$BO$2:$BO$9999-Raw_Data_Daily!$BR$2:$BR$9999))/SUMIFS(Raw_Data_Daily!$D:$D, Raw_Data_Daily!$B:$B, "Variant", Raw_Data_Daily!$C:$C, "F. 100+"),"") -> -0.049649558 | T67: =IFERROR((S67-R67)/ABS(R67),"") -> 0.85872534
A68: Chuck
B69: Chuck gain total / player | C69: =IFERROR(SUMPRODUCT((Raw_Data_Daily!$B$2:$B$9999="Control")*(Raw_Data_Daily!$C$2:$C$9999="A. 0")*Raw_Data_Daily!$D$2:$D$9999*Raw_Data_Daily!$BS$2:$BS$9999)/SUMIFS(Raw_Data_Daily!$D:$D, Raw_Data_Daily!$B:$B, "Control", Raw_Data_Daily!$C:$C, "A. 0"),"") | D69: =IFERROR(SUMPRODUCT((Raw_Data_Daily!$B$2:$B$9999="Variant")*(Raw_Data_Daily!$C$2:$C$9999="A. 0")*Raw_Data_Daily!$D$2:$D$9999*Raw_Data_Daily!$BS$2:$BS$9999)/SUMIFS(Raw_Data_Daily!$D:$D, Raw_Data_Daily!$B:$B, "Variant", Raw_Data_Daily!$C:$C, "A. 0"),"") | E69: =IFERROR((D69-C69)/ABS(C69),"") | F69: =IFERROR(SUMPRODUCT((Raw_Data_Daily!$B$2:$B$9999="Control")*(Raw_Data_Daily!$C$2:$C$9999="B. 1-9")*Raw_Data_Daily!$D$2:$D$9999*Raw_Data_Daily!$BS$2:$BS$9999)/SUMIFS(Raw_Data_Daily!$D:$D, Raw_Data_Daily!$B:$B, "Control", Raw_Data_Daily!$C:$C, "B. 1-9"),"") -> 0.95262261 | G69: =IFERROR(SUMPRODUCT((Raw_Data_Daily!$B$2:$B$9999="Variant")*(Raw_Data_Daily!$C$2:$C$9999="B. 1-9")*Raw_Data_Daily!$D$2:$D$9999*Raw_Data_Daily!$BS$2:$BS$9999)/SUMIFS(Raw_Data_Daily!$D:$D, Raw_Data_Daily!$B:$B, "Variant", Raw_Data_Daily!$C:$C, "B. 1-9"),"") -> 1.137841 | H69: =IFERROR((G69-F69)/ABS(F69),"") -> 0.19443 | I69: =IFERROR(SUMPRODUCT((Raw_Data_Daily!$B$2:$B$9999="Control")*(Raw_Data_Daily!$C$2:$C$9999="C. 10-19")*Raw_Data_Daily!$D$2:$D$9999*Raw_Data_Daily!$BS$2:$BS$9999)/SUMIFS(Raw_Data_Daily!$D:$D, Raw_Data_Daily!$B:$B, "Control", Raw_Data_Daily!$C:$C, "C. 10-19"),"") -> 1.3532259 | J69: =IFERROR(SUMPRODUCT((Raw_Data_Daily!$B$2:$B$9999="Variant")*(Raw_Data_Daily!$C$2:$C$9999="C. 10-19")*Raw_Data_Daily!$D$2:$D$9999*Raw_Data_Daily!$BS$2:$BS$9999)/SUMIFS(Raw_Data_Daily!$D:$D, Raw_Data_Daily!$B:$B, "Variant", Raw_Data_Daily!$C:$C, "C. 10-19"),"") -> 1.5122187 | K69: =IFERROR((J69-I69)/ABS(I69),"") -> 0.11749172 | L69: =IFERROR(SUMPRODUCT((Raw_Data_Daily!$B$2:$B$9999="Control")*(Raw_Data_Daily!$C$2:$C$9999="D. 20-39")*Raw_Data_Daily!$D$2:$D$9999*Raw_Data_Daily!$BS$2:$BS$9999)/SUMIFS(Raw_Data_Daily!$D:$D, Raw_Data_Daily!$B:$B, "Control", Raw_Data_Daily!$C:$C, "D. 20-39"),"") -> 1.9187696 | M69: =IFERROR(SUMPRODUCT((Raw_Data_Daily!$B$2:$B$9999="Variant")*(Raw_Data_Daily!$C$2:$C$9999="D. 20-39")*Raw_Data_Daily!$D$2:$D$9999*Raw_Data_Daily!$BS$2:$BS$9999)/SUMIFS(Raw_Data_Daily!$D:$D, Raw_Data_Daily!$B:$B, "Variant", Raw_Data_Daily!$C:$C, "D. 20-39"),"") -> 1.9473232 | N69: =IFERROR((M69-L69)/ABS(L69),"") -> 0.014881162 | O69: =IFERROR(SUMPRODUCT((Raw_Data_Daily!$B$2:$B$9999="Control")*(Raw_Data_Daily!$C$2:$C$9999="E. 40-99")*Raw_Data_Daily!$D$2:$D$9999*Raw_Data_Daily!$BS$2:$BS$9999)/SUMIFS(Raw_Data_Daily!$D:$D, Raw_Data_Daily!$B:$B, "Control", Raw_Data_Daily!$C:$C, "E. 40-99"),"") -> 2.5503753 | P69: =IFERROR(SUMPRODUCT((Raw_Data_Daily!$B$2:$B$9999="Variant")*(Raw_Data_Daily!$C$2:$C$9999="E. 40-99")*Raw_Data_Daily!$D$2:$D$9999*Raw_Data_Daily!$BS$2:$BS$9999)/SUMIFS(Raw_Data_Daily!$D:$D, Raw_Data_Daily!$B:$B, "Variant", Raw_Data_Daily!$C:$C, "E. 40-99"),"") -> 2.2426929 | Q69: =IFERROR((P69-O69)/ABS(O69),"") -> -0.12064201 | R69: =IFERROR(SUMPRODUCT((Raw_Data_Daily!$B$2:$B$9999="Control")*(Raw_Data_Daily!$C$2:$C$9999="F. 100+")*Raw_Data_Daily!$D$2:$D$9999*Raw_Data_Daily!$BS$2:$BS$9999)/SUMIFS(Raw_Data_Daily!$D:$D, Raw_Data_Daily!$B:$B, "Control", Raw_Data_Daily!$C:$C, "F. 100+"),"") -> 3.7809988 | S69: =IFERROR(SUMPRODUCT((Raw_Data_Daily!$B$2:$B$9999="Variant")*(Raw_Data_Daily!$C$2:$C$9999="F. 100+")*Raw_Data_Daily!$D$2:$D$9999*Raw_Data_Daily!$BS$2:$BS$9999)/SUMIFS(Raw_Data_Daily!$D:$D, Raw_Data_Daily!$B:$B, "Variant", Raw_Data_Daily!$C:$C, "F. 100+"),"") -> 2.8809023 | T69: =IFERROR((S69-R69)/ABS(R69),"") -> -0.23805786
B70: Chuck gain PAID / player | C70: =IFERROR(SUMPRODUCT((Raw_Data_Daily!$B$2:$B$9999="Control")*(Raw_Data_Daily!$C$2:$C$9999="A. 0")*Raw_Data_Daily!$D$2:$D$9999*Raw_Data_Daily!$BT$2:$BT$9999)/SUMIFS(Raw_Data_Daily!$D:$D, Raw_Data_Daily!$B:$B, "Control", Raw_Data_Daily!$C:$C, "A. 0"),"") | D70: =IFERROR(SUMPRODUCT((Raw_Data_Daily!$B$2:$B$9999="Variant")*(Raw_Data_Daily!$C$2:$C$9999="A. 0")*Raw_Data_Daily!$D$2:$D$9999*Raw_Data_Daily!$BT$2:$BT$9999)/SUMIFS(Raw_Data_Daily!$D:$D, Raw_Data_Daily!$B:$B, "Variant", Raw_Data_Daily!$C:$C, "A. 0"),"") | E70: =IFERROR((D70-C70)/ABS(C70),"") | F70: =IFERROR(SUMPRODUCT((Raw_Data_Daily!$B$2:$B$9999="Control")*(Raw_Data_Daily!$C$2:$C$9999="B. 1-9")*Raw_Data_Daily!$D$2:$D$9999*Raw_Data_Daily!$BT$2:$BT$9999)/SUMIFS(Raw_Data_Daily!$D:$D, Raw_Data_Daily!$B:$B, "Control", Raw_Data_Daily!$C:$C, "B. 1-9"),"") -> 0.0059085798 | G70: =IFERROR(SUMPRODUCT((Raw_Data_Daily!$B$2:$B$9999="Variant")*(Raw_Data_Daily!$C$2:$C$9999="B. 1-9")*Raw_Data_Daily!$D$2:$D$9999*Raw_Data_Daily!$BT$2:$BT$9999)/SUMIFS(Raw_Data_Daily!$D:$D, Raw_Data_Daily!$B:$B, "Variant", Raw_Data_Daily!$C:$C, "B. 1-9"),"") -> 0.0059906565 | H70: =IFERROR((G70-F70)/ABS(F70),"") -> 0.013891104 | I70: =IFERROR(SUMPRODUCT((Raw_Data_Daily!$B$2:$B$9999="Control")*(Raw_Data_Daily!$C$2:$C$9999="C. 10-19")*Raw_Data_Daily!$D$2:$D$9999*Raw_Data_Daily!$BT$2:$BT$9999)/SUMIFS(Raw_Data_Daily!$D:$D, Raw_Data_Daily!$B:$B, "Control", Raw_Data_Daily!$C:$C, "C. 10-19"),"") -> 0.023816168 | J70: =IFERROR(SUMPRODUCT((Raw_Data_Daily!$B$2:$B$9999="Variant")*(Raw_Data_Daily!$C$2:$C$9999="C. 10-19")*Raw_Data_Daily!$D$2:$D$9999*Raw_Data_Daily!$BT$2:$BT$9999)/SUMIFS(Raw_Data_Daily!$D:$D, Raw_Data_Daily!$B:$B, "Variant", Raw_Data_Daily!$C:$C, "C. 10-19"),"") -> 0.022642379 | K70: =IFERROR((J70-I70)/ABS(I70),"") -> -0.049285384 | L70: =IFERROR(SUMPRODUCT((Raw_Data_Daily!$B$2:$B$9999="Control")*(Raw_Data_Daily!$C$2:$C$9999="D. 20-39")*Raw_Data_Daily!$D$2:$D$9999*Raw_Data_Daily!$BT$2:$BT$9999)/SUMIFS(Raw_Data_Daily!$D:$D, Raw_Data_Daily!$B:$B, "Control", Raw_Data_Daily!$C:$C, "D. 20-39"),"") -> 0.048238865 | M70: =IFERROR(SUMPRODUCT((Raw_Data_Daily!$B$2:$B$9999="Variant")*(Raw_Data_Daily!$C$2:$C$9999="D. 20-39")*Raw_Data_Daily!$D$2:$D$9999*Raw_Data_Daily!$BT$2:$BT$9999)/SUMIFS(Raw_Data_Daily!$D:$D, Raw_Data_Daily!$B:$B, "Variant", Raw_Data_Daily!$C:$C, "D. 20-39"),"") -> 0.022578455 | N70: =IFERROR((M70-L70)/ABS(L70),"") -> -0.53194472 | O70: =IFERROR(SUMPRODUCT((Raw_Data_Daily!$B$2:$B$9999="Control")*(Raw_Data_Daily!$C$2:$C$9999="E. 40-99")*Raw_Data_Daily!$D$2:$D$9999*Raw_Data_Daily!$BT$2:$BT$9999)/SUMIFS(Raw_Data_Daily!$D:$D, Raw_Data_Daily!$B:$B, "Control", Raw_Data_Daily!$C:$C, "E. 40-99"),"") -> 0.11523619 | P70: =IFERROR(SUMPRODUCT((Raw_Data_Daily!$B$2:$B$9999="Variant")*(Raw_Data_Daily!$C$2:$C$9999="E. 40-99")*Raw_Data_Daily!$D$2:$D$9999*Raw_Data_Daily!$BT$2:$BT$9999)/SUMIFS(Raw_Data_Daily!$D:$D, Raw_Data_Daily!$B:$B, "Variant", Raw_Data_Daily!$C:$C, "E. 40-99"),"") -> 0.076816778 | Q70: =IFERROR((P70-O70)/ABS(O70),"") -> -0.33339711 | R70: =IFERROR(SUMPRODUCT((Raw_Data_Daily!$B$2:$B$9999="Control")*(Raw_Data_Daily!$C$2:$C$9999="F. 100+")*Raw_Data_Daily!$D$2:$D$9999*Raw_Data_Daily!$BT$2:$BT$9999)/SUMIFS(Raw_Data_Daily!$D:$D, Raw_Data_Daily!$B:$B, "Control", Raw_Data_Daily!$C:$C, "F. 100+"),"") -> 0.084846223 | S70: =IFERROR(SUMPRODUCT((Raw_Data_Daily!$B$2:$B$9999="Variant")*(Raw_Data_Daily!$C$2:$C$9999="F. 100+")*Raw_Data_Daily!$D$2:$D$9999*Raw_Data_Daily!$BT$2:$BT$9999)/SUMIFS(Raw_Data_Daily!$D:$D, Raw_Data_Daily!$B:$B, "Variant", Raw_Data_Daily!$C:$C, "F. 100+"),"") -> 0.12610073 | T70: =IFERROR((S70-R70)/ABS(R70),"") -> 0.4862268
B71: Chuck gain FREE / player | C71: =IFERROR(SUMPRODUCT((Raw_Data_Daily!$B$2:$B$9999="Control")*(Raw_Data_Daily!$C$2:$C$9999="A. 0")*Raw_Data_Daily!$D$2:$D$9999*Raw_Data_Daily!$BU$2:$BU$9999)/SUMIFS(Raw_Data_Daily!$D:$D, Raw_Data_Daily!$B:$B, "Control", Raw_Data_Daily!$C:$C, "A. 0"),"") | D71: =IFERROR(SUMPRODUCT((Raw_Data_Daily!$B$2:$B$9999="Variant")*(Raw_Data_Daily!$C$2:$C$9999="A. 0")*Raw_Data_Daily!$D$2:$D$9999*Raw_Data_Daily!$BU$2:$BU$9999)/SUMIFS(Raw_Data_Daily!$D:$D, Raw_Data_Daily!$B:$B, "Variant", Raw_Data_Daily!$C:$C, "A. 0"),"") | E71: =IFERROR((D71-C71)/ABS(C71),"") | F71: =IFERROR(SUMPRODUCT((Raw_Data_Daily!$B$2:$B$9999="Control")*(Raw_Data_Daily!$C$2:$C$9999="B. 1-9")*Raw_Data_Daily!$D$2:$D$9999*Raw_Data_Daily!$BU$2:$BU$9999)/SUMIFS(Raw_Data_Daily!$D:$D, Raw_Data_Daily!$B:$B, "Control", Raw_Data_Daily!$C:$C, "B. 1-9"),"") -> 0.94669679 | G71: =IFERROR(SUMPRODUCT((Raw_Data_Daily!$B$2:$B$9999="Variant")*(Raw_Data_Daily!$C$2:$C$9999="B. 1-9")*Raw_Data_Daily!$D$2:$D$9999*Raw_Data_Daily!$BU$2:$BU$9999)/SUMIFS(Raw_Data_Daily!$D:$D, Raw_Data_Daily!$B:$B, "Variant", Raw_Data_Daily!$C:$C, "B. 1-9"),"") -> 1.1318504 | H71: =IFERROR((G71-F71)/ABS(F71),"") -> 0.19557854 | I71: =IFERROR(SUMPRODUCT((Raw_Data_Daily!$B$2:$B$9999="Control")*(Raw_Data_Daily!$C$2:$C$9999="C. 10-19")*Raw_Data_Daily!$D$2:$D$9999*Raw_Data_Daily!$BU$2:$BU$9999)/SUMIFS(Raw_Data_Daily!$D:$D, Raw_Data_Daily!$B:$B, "Control", Raw_Data_Daily!$C:$C, "C. 10-19"),"") -> 1.3293934 | J71: =IFERROR(SUMPRODUCT((Raw_Data_Daily!$B$2:$B$9999="Variant")*(Raw_Data_Daily!$C$2:$C$9999="C. 10-19")*Raw_Data_Daily!$D$2:$D$9999*Raw_Data_Daily!$BU$2:$BU$9999)/SUMIFS(Raw_Data_Daily!$D:$D, Raw_Data_Daily!$B:$B, "Variant", Raw_Data_Daily!$C:$C, "C. 10-19"),"") -> 1.4895928 | K71: =IFERROR((J71-I71)/ABS(I71),"") -> 0.12050566 | L71: =IFERROR(SUMPRODUCT((Raw_Data_Daily!$B$2:$B$9999="Control")*(Raw_Data_Daily!$C$2:$C$9999="D. 20-39")*Raw_Data_Daily!$D$2:$D$9999*Raw_Data_Daily!$BU$2:$BU$9999)/SUMIFS(Raw_Data_Daily!$D:$D, Raw_Data_Daily!$B:$B, "Control", Raw_Data_Daily!$C:$C, "D. 20-39"),"") -> 1.8705143 | M71: =IFERROR(SUMPRODUCT((Raw_Data_Daily!$B$2:$B$9999="Variant")*(Raw_Data_Daily!$C$2:$C$9999="D. 20-39")*Raw_Data_Daily!$D$2:$D$9999*Raw_Data_Daily!$BU$2:$BU$9999)/SUMIFS(Raw_Data_Daily!$D:$D, Raw_Data_Daily!$B:$B, "Variant", Raw_Data_Daily!$C:$C, "D. 20-39"),"") -> 1.9247447 | N71: =IFERROR((M71-L71)/ABS(L71),"") -> 0.028992226 | O71: =IFERROR(SUMPRODUCT((Raw_Data_Daily!$B$2:$B$9999="Control")*(Raw_Data_Daily!$C$2:$C$9999="E. 40-99")*Raw_Data_Daily!$D$2:$D$9999*Raw_Data_Daily!$BU$2:$BU$9999)/SUMIFS(Raw_Data_Daily!$D:$D, Raw_Data_Daily!$B:$B, "Control", Raw_Data_Daily!$C:$C, "E. 40-99"),"") -> 2.4351721 | P71: =IFERROR(SUMPRODUCT((Raw_Data_Daily!$B$2:$B$9999="Variant")*(Raw_Data_Daily!$C$2:$C$9999="E. 40-99")*Raw_Data_Daily!$D$2:$D$9999*Raw_Data_Daily!$BU$2:$BU$9999)/SUMIFS(Raw_Data_Daily!$D:$D, Raw_Data_Daily!$B:$B, "Variant", Raw_Data_Daily!$C:$C, "E. 40-99"),"") -> 2.1658434 | Q71: =IFERROR((P71-O71)/ABS(O71),"") -> -0.11059948 | R71: =IFERROR(SUMPRODUCT((Raw_Data_Daily!$B$2:$B$9999="Control")*(Raw_Data_Daily!$C$2:$C$9999="F. 100+")*Raw_Data_Daily!$D$2:$D$9999*Raw_Data_Daily!$BU$2:$BU$9999)/SUMIFS(Raw_Data_Daily!$D:$D, Raw_Data_Daily!$B:$B, "Control", Raw_Data_Daily!$C:$C, "F. 100+"),"") -> 3.6961691 | S71: =IFERROR(SUMPRODUCT((Raw_Data_Daily!$B$2:$B$9999="Variant")*(Raw_Data_Daily!$C$2:$C$9999="F. 100+")*Raw_Data_Daily!$D$2:$D$9999*Raw_Data_Daily!$BU$2:$BU$9999)/SUMIFS(Raw_Data_Daily!$D:$D, Raw_Data_Daily!$B:$B, "Variant", Raw_Data_Daily!$C:$C, "F. 100+"),"") -> 2.7548016 | T71: =IFERROR((S71-R71)/ABS(R71),"") -> -0.25468735
B72: Chuck spent / player | C72: =IFERROR(SUMPRODUCT((Raw_Data_Daily!$B$2:$B$9999="Control")*(Raw_Data_Daily!$C$2:$C$9999="A. 0")*Raw_Data_Daily!$D$2:$D$9999*Raw_Data_Daily!$BV$2:$BV$9999)/SUMIFS(Raw_Data_Daily!$D:$D, Raw_Data_Daily!$B:$B, "Control", Raw_Data_Daily!$C:$C, "A. 0"),"") | D72: =IFERROR(SUMPRODUCT((Raw_Data_Daily!$B$2:$B$9999="Variant")*(Raw_Data_Daily!$C$2:$C$9999="A. 0")*Raw_Data_Daily!$D$2:$D$9999*Raw_Data_Daily!$BV$2:$BV$9999)/SUMIFS(Raw_Data_Daily!$D:$D, Raw_Data_Daily!$B:$B, "Variant", Raw_Data_Daily!$C:$C, "A. 0"),"") | E72: =IFERROR((D72-C72)/ABS(C72),"") | F72: =IFERROR(SUMPRODUCT((Raw_Data_Daily!$B$2:$B$9999="Control")*(Raw_Data_Daily!$C$2:$C$9999="B. 1-9")*Raw_Data_Daily!$D$2:$D$9999*Raw_Data_Daily!$BV$2:$BV$9999)/SUMIFS(Raw_Data_Daily!$D:$D, Raw_Data_Daily!$B:$B, "Control", Raw_Data_Daily!$C:$C, "B. 1-9"),"") -> 0.78215131 | G72: =IFERROR(SUMPRODUCT((Raw_Data_Daily!$B$2:$B$9999="Variant")*(Raw_Data_Daily!$C$2:$C$9999="B. 1-9")*Raw_Data_Daily!$D$2:$D$9999*Raw_Data_Daily!$BV$2:$BV$9999)/SUMIFS(Raw_Data_Daily!$D:$D, Raw_Data_Daily!$B:$B, "Variant", Raw_Data_Daily!$C:$C, "B. 1-9"),"") -> 0.84559807 | H72: =IFERROR((G72-F72)/ABS(F72),"") -> 0.081118263 | I72: =IFERROR(SUMPRODUCT((Raw_Data_Daily!$B$2:$B$9999="Control")*(Raw_Data_Daily!$C$2:$C$9999="C. 10-19")*Raw_Data_Daily!$D$2:$D$9999*Raw_Data_Daily!$BV$2:$BV$9999)/SUMIFS(Raw_Data_Daily!$D:$D, Raw_Data_Daily!$B:$B, "Control", Raw_Data_Daily!$C:$C, "C. 10-19"),"") -> 1.2430687 | J72: =IFERROR(SUMPRODUCT((Raw_Data_Daily!$B$2:$B$9999="Variant")*(Raw_Data_Daily!$C$2:$C$9999="C. 10-19")*Raw_Data_Daily!$D$2:$D$9999*Raw_Data_Daily!$BV$2:$BV$9999)/SUMIFS(Raw_Data_Daily!$D:$D, Raw_Data_Daily!$B:$B, "Variant", Raw_Data_Daily!$C:$C, "C. 10-19"),"") -> 1.2383609 | K72: =IFERROR((J72-I72)/ABS(I72),"") -> -0.0037872873 | L72: =IFERROR(SUMPRODUCT((Raw_Data_Daily!$B$2:$B$9999="Control")*(Raw_Data_Daily!$C$2:$C$9999="D. 20-39")*Raw_Data_Daily!$D$2:$D$9999*Raw_Data_Daily!$BV$2:$BV$9999)/SUMIFS(Raw_Data_Daily!$D:$D, Raw_Data_Daily!$B:$B, "Control", Raw_Data_Daily!$C:$C, "D. 20-39"),"") -> 1.7930671 | M72: =IFERROR(SUMPRODUCT((Raw_Data_Daily!$B$2:$B$9999="Variant")*(Raw_Data_Daily!$C$2:$C$9999="D. 20-39")*Raw_Data_Daily!$D$2:$D$9999*Raw_Data_Daily!$BV$2:$BV$9999)/SUMIFS(Raw_Data_Daily!$D:$D, Raw_Data_Daily!$B:$B, "Variant", Raw_Data_Daily!$C:$C, "D. 20-39"),"") -> 1.6532743 | N72: =IFERROR((M72-L72)/ABS(L72),"") -> -0.077962978 | O72: =IFERROR(SUMPRODUCT((Raw_Data_Daily!$B$2:$B$9999="Control")*(Raw_Data_Daily!$C$2:$C$9999="E. 40-99")*Raw_Data_Daily!$D$2:$D$9999*Raw_Data_Daily!$BV$2:$BV$9999)/SUMIFS(Raw_Data_Daily!$D:$D, Raw_Data_Daily!$B:$B, "Control", Raw_Data_Daily!$C:$C, "E. 40-99"),"") -> 2.5767832 | P72: =IFERROR(SUMPRODUCT((Raw_Data_Daily!$B$2:$B$9999="Variant")*(Raw_Data_Daily!$C$2:$C$9999="E. 40-99")*Raw_Data_Daily!$D$2:$D$9999*Raw_Data_Daily!$BV$2:$BV$9999)/SUMIFS(Raw_Data_Daily!$D:$D, Raw_Data_Daily!$B:$B, "Variant", Raw_Data_Daily!$C:$C, "E. 40-99"),"") -> 2.1039632 | Q72: =IFERROR((P72-O72)/ABS(O72),"") -> -0.18349235 | R72: =IFERROR(SUMPRODUCT((Raw_Data_Daily!$B$2:$B$9999="Control")*(Raw_Data_Daily!$C$2:$C$9999="F. 100+")*Raw_Data_Daily!$D$2:$D$9999*Raw_Data_Daily!$BV$2:$BV$9999)/SUMIFS(Raw_Data_Daily!$D:$D, Raw_Data_Daily!$B:$B, "Control", Raw_Data_Daily!$C:$C, "F. 100+"),"") -> 4.0743968 | S72: =IFERROR(SUMPRODUCT((Raw_Data_Daily!$B$2:$B$9999="Variant")*(Raw_Data_Daily!$C$2:$C$9999="F. 100+")*Raw_Data_Daily!$D$2:$D$9999*Raw_Data_Daily!$BV$2:$BV$9999)/SUMIFS(Raw_Data_Daily!$D:$D, Raw_Data_Daily!$B:$B, "Variant", Raw_Data_Daily!$C:$C, "F. 100+"),"") -> 2.9028196 | T72: =IFERROR((S72-R72)/ABS(R72),"") -> -0.28754615
B73: Chuck NET (gain - spend) / player | C73: =IFERROR(SUMPRODUCT((Raw_Data_Daily!$B$2:$B$9999="Control")*(Raw_Data_Daily!$C$2:$C$9999="A. 0")*Raw_Data_Daily!$D$2:$D$9999*(Raw_Data_Daily!$BS$2:$BS$9999-Raw_Data_Daily!$BV$2:$BV$9999))/SUMIFS(Raw_Data_Daily!$D:$D, Raw_Data_Daily!$B:$B, "Control", Raw_Data_Daily!$C:$C, "A. 0"),"") | D73: =IFERROR(SUMPRODUCT((Raw_Data_Daily!$B$2:$B$9999="Variant")*(Raw_Data_Daily!$C$2:$C$9999="A. 0")*Raw_Data_Daily!$D$2:$D$9999*(Raw_Data_Daily!$BS$2:$BS$9999-Raw_Data_Daily!$BV$2:$BV$9999))/SUMIFS(Raw_Data_Daily!$D:$D, Raw_Data_Daily!$B:$B, "Variant", Raw_Data_Daily!$C:$C, "A. 0"),"") | E73: =IFERROR((D73-C73)/ABS(C73),"") | F73: =IFERROR(SUMPRODUCT((Raw_Data_Daily!$B$2:$B$9999="Control")*(Raw_Data_Daily!$C$2:$C$9999="B. 1-9")*Raw_Data_Daily!$D$2:$D$9999*(Raw_Data_Daily!$BS$2:$BS$9999-Raw_Data_Daily!$BV$2:$BV$9999))/SUMIFS(Raw_Data_Daily!$D:$D, Raw_Data_Daily!$B:$B, "Control", Raw_Data_Daily!$C:$C, "B. 1-9"),"") -> 0.1704713 | G73: =IFERROR(SUMPRODUCT((Raw_Data_Daily!$B$2:$B$9999="Variant")*(Raw_Data_Daily!$C$2:$C$9999="B. 1-9")*Raw_Data_Daily!$D$2:$D$9999*(Raw_Data_Daily!$BS$2:$BS$9999-Raw_Data_Daily!$BV$2:$BV$9999))/SUMIFS(Raw_Data_Daily!$D:$D, Raw_Data_Daily!$B:$B, "Variant", Raw_Data_Daily!$C:$C, "B. 1-9"),"") -> 0.29224296 | H73: =IFERROR((G73-F73)/ABS(F73),"") -> 0.71432351 | I73: =IFERROR(SUMPRODUCT((Raw_Data_Daily!$B$2:$B$9999="Control")*(Raw_Data_Daily!$C$2:$C$9999="C. 10-19")*Raw_Data_Daily!$D$2:$D$9999*(Raw_Data_Daily!$BS$2:$BS$9999-Raw_Data_Daily!$BV$2:$BV$9999))/SUMIFS(Raw_Data_Daily!$D:$D, Raw_Data_Daily!$B:$B, "Control", Raw_Data_Daily!$C:$C, "C. 10-19"),"") -> 0.11015715 | J73: =IFERROR(SUMPRODUCT((Raw_Data_Daily!$B$2:$B$9999="Variant")*(Raw_Data_Daily!$C$2:$C$9999="C. 10-19")*Raw_Data_Daily!$D$2:$D$9999*(Raw_Data_Daily!$BS$2:$BS$9999-Raw_Data_Daily!$BV$2:$BV$9999))/SUMIFS(Raw_Data_Daily!$D:$D, Raw_Data_Daily!$B:$B, "Variant", Raw_Data_Daily!$C:$C, "C. 10-19"),"") -> 0.27385785 | K73: =IFERROR((J73-I73)/ABS(I73),"") -> 1.486065 | L73: =IFERROR(SUMPRODUCT((Raw_Data_Daily!$B$2:$B$9999="Control")*(Raw_Data_Daily!$C$2:$C$9999="D. 20-39")*Raw_Data_Daily!$D$2:$D$9999*(Raw_Data_Daily!$BS$2:$BS$9999-Raw_Data_Daily!$BV$2:$BV$9999))/SUMIFS(Raw_Data_Daily!$D:$D, Raw_Data_Daily!$B:$B, "Control", Raw_Data_Daily!$C:$C, "D. 20-39"),"") -> 0.1257025 | M73: =IFERROR(SUMPRODUCT((Raw_Data_Daily!$B$2:$B$9999="Variant")*(Raw_Data_Daily!$C$2:$C$9999="D. 20-39")*Raw_Data_Daily!$D$2:$D$9999*(Raw_Data_Daily!$BS$2:$BS$9999-Raw_Data_Daily!$BV$2:$BV$9999))/SUMIFS(Raw_Data_Daily!$D:$D, Raw_Data_Daily!$B:$B, "Variant", Raw_Data_Daily!$C:$C, "D. 20-39"),"") -> 0.29404888 | N73: =IFERROR((M73-L73)/ABS(L73),"") -> 1.3392444 | O73: =IFERROR(SUMPRODUCT((Raw_Data_Daily!$B$2:$B$9999="Control")*(Raw_Data_Daily!$C$2:$C$9999="E. 40-99")*Raw_Data_Daily!$D$2:$D$9999*(Raw_Data_Daily!$BS$2:$BS$9999-Raw_Data_Daily!$BV$2:$BV$9999))/SUMIFS(Raw_Data_Daily!$D:$D, Raw_Data_Daily!$B:$B, "Control", Raw_Data_Daily!$C:$C, "E. 40-99"),"") -> -0.026407912 | P73: =IFERROR(SUMPRODUCT((Raw_Data_Daily!$B$2:$B$9999="Variant")*(Raw_Data_Daily!$C$2:$C$9999="E. 40-99")*Raw_Data_Daily!$D$2:$D$9999*(Raw_Data_Daily!$BS$2:$BS$9999-Raw_Data_Daily!$BV$2:$BV$9999))/SUMIFS(Raw_Data_Daily!$D:$D, Raw_Data_Daily!$B:$B, "Variant", Raw_Data_Daily!$C:$C, "E. 40-99"),"") -> 0.1387297 | Q73: =IFERROR((P73-O73)/ABS(O73),"") -> 6.2533383 | R73: =IFERROR(SUMPRODUCT((Raw_Data_Daily!$B$2:$B$9999="Control")*(Raw_Data_Daily!$C$2:$C$9999="F. 100+")*Raw_Data_Daily!$D$2:$D$9999*(Raw_Data_Daily!$BS$2:$BS$9999-Raw_Data_Daily!$BV$2:$BV$9999))/SUMIFS(Raw_Data_Daily!$D:$D, Raw_Data_Daily!$B:$B, "Control", Raw_Data_Daily!$C:$C, "F. 100+"),"") -> -0.29339794 | S73: =IFERROR(SUMPRODUCT((Raw_Data_Daily!$B$2:$B$9999="Variant")*(Raw_Data_Daily!$C$2:$C$9999="F. 100+")*Raw_Data_Daily!$D$2:$D$9999*(Raw_Data_Daily!$BS$2:$BS$9999-Raw_Data_Daily!$BV$2:$BV$9999))/SUMIFS(Raw_Data_Daily!$D:$D, Raw_Data_Daily!$B:$B, "Variant", Raw_Data_Daily!$C:$C, "F. 100+"),"") -> -0.021917301 | T73: =IFERROR((S73-R73)/ABS(R73),"") -> 0.92529838
A74: Bomb
B75: Bomb gain total / player | C75: =IFERROR(SUMPRODUCT((Raw_Data_Daily!$B$2:$B$9999="Control")*(Raw_Data_Daily!$C$2:$C$9999="A. 0")*Raw_Data_Daily!$D$2:$D$9999*Raw_Data_Daily!$BW$2:$BW$9999)/SUMIFS(Raw_Data_Daily!$D:$D, Raw_Data_Daily!$B:$B, "Control", Raw_Data_Daily!$C:$C, "A. 0"),"") | D75: =IFERROR(SUMPRODUCT((Raw_Data_Daily!$B$2:$B$9999="Variant")*(Raw_Data_Daily!$C$2:$C$9999="A. 0")*Raw_Data_Daily!$D$2:$D$9999*Raw_Data_Daily!$BW$2:$BW$9999)/SUMIFS(Raw_Data_Daily!$D:$D, Raw_Data_Daily!$B:$B, "Variant", Raw_Data_Daily!$C:$C, "A. 0"),"") | E75: =IFERROR((D75-C75)/ABS(C75),"") | F75: =IFERROR(SUMPRODUCT((Raw_Data_Daily!$B$2:$B$9999="Control")*(Raw_Data_Daily!$C$2:$C$9999="B. 1-9")*Raw_Data_Daily!$D$2:$D$9999*Raw_Data_Daily!$BW$2:$BW$9999)/SUMIFS(Raw_Data_Daily!$D:$D, Raw_Data_Daily!$B:$B, "Control", Raw_Data_Daily!$C:$C, "B. 1-9"),"") -> 0.47892691 | G75: =IFERROR(SUMPRODUCT((Raw_Data_Daily!$B$2:$B$9999="Variant")*(Raw_Data_Daily!$C$2:$C$9999="B. 1-9")*Raw_Data_Daily!$D$2:$D$9999*Raw_Data_Daily!$BW$2:$BW$9999)/SUMIFS(Raw_Data_Daily!$D:$D, Raw_Data_Daily!$B:$B, "Variant", Raw_Data_Daily!$C:$C, "B. 1-9"),"") -> 0.37249608 | H75: =IFERROR((G75-F75)/ABS(F75),"") -> -0.22222771 | I75: =IFERROR(SUMPRODUCT((Raw_Data_Daily!$B$2:$B$9999="Control")*(Raw_Data_Daily!$C$2:$C$9999="C. 10-19")*Raw_Data_Daily!$D$2:$D$9999*Raw_Data_Daily!$BW$2:$BW$9999)/SUMIFS(Raw_Data_Daily!$D:$D, Raw_Data_Daily!$B:$B, "Control", Raw_Data_Daily!$C:$C, "C. 10-19"),"") -> 0.9079 | J75: =IFERROR(SUMPRODUCT((Raw_Data_Daily!$B$2:$B$9999="Variant")*(Raw_Data_Daily!$C$2:$C$9999="C. 10-19")*Raw_Data_Daily!$D$2:$D$9999*Raw_Data_Daily!$BW$2:$BW$9999)/SUMIFS(Raw_Data_Daily!$D:$D, Raw_Data_Daily!$B:$B, "Variant", Raw_Data_Daily!$C:$C, "C. 10-19"),"") -> 0.77432234 | K75: =IFERROR((J75-I75)/ABS(I75),"") -> -0.14712816 | L75: =IFERROR(SUMPRODUCT((Raw_Data_Daily!$B$2:$B$9999="Control")*(Raw_Data_Daily!$C$2:$C$9999="D. 20-39")*Raw_Data_Daily!$D$2:$D$9999*Raw_Data_Daily!$BW$2:$BW$9999)/SUMIFS(Raw_Data_Daily!$D:$D, Raw_Data_Daily!$B:$B, "Control", Raw_Data_Daily!$C:$C, "D. 20-39"),"") -> 1.4318752 | M75: =IFERROR(SUMPRODUCT((Raw_Data_Daily!$B$2:$B$9999="Variant")*(Raw_Data_Daily!$C$2:$C$9999="D. 20-39")*Raw_Data_Daily!$D$2:$D$9999*Raw_Data_Daily!$BW$2:$BW$9999)/SUMIFS(Raw_Data_Daily!$D:$D, Raw_Data_Daily!$B:$B, "Variant", Raw_Data_Daily!$C:$C, "D. 20-39"),"") -> 1.2897627 | N75: =IFERROR((M75-L75)/ABS(L75),"") -> -0.09924923 | O75: =IFERROR(SUMPRODUCT((Raw_Data_Daily!$B$2:$B$9999="Control")*(Raw_Data_Daily!$C$2:$C$9999="E. 40-99")*Raw_Data_Daily!$D$2:$D$9999*Raw_Data_Daily!$BW$2:$BW$9999)/SUMIFS(Raw_Data_Daily!$D:$D, Raw_Data_Daily!$B:$B, "Control", Raw_Data_Daily!$C:$C, "E. 40-99"),"") -> 2.2337822 | P75: =IFERROR(SUMPRODUCT((Raw_Data_Daily!$B$2:$B$9999="Variant")*(Raw_Data_Daily!$C$2:$C$9999="E. 40-99")*Raw_Data_Daily!$D$2:$D$9999*Raw_Data_Daily!$BW$2:$BW$9999)/SUMIFS(Raw_Data_Daily!$D:$D, Raw_Data_Daily!$B:$B, "Variant", Raw_Data_Daily!$C:$C, "E. 40-99"),"") -> 1.9394129 | Q75: =IFERROR((P75-O75)/ABS(O75),"") -> -0.13178068 | R75: =IFERROR(SUMPRODUCT((Raw_Data_Daily!$B$2:$B$9999="Control")*(Raw_Data_Daily!$C$2:$C$9999="F. 100+")*Raw_Data_Daily!$D$2:$D$9999*Raw_Data_Daily!$BW$2:$BW$9999)/SUMIFS(Raw_Data_Daily!$D:$D, Raw_Data_Daily!$B:$B, "Control", Raw_Data_Daily!$C:$C, "F. 100+"),"") -> 3.520013 | S75: =IFERROR(SUMPRODUCT((Raw_Data_Daily!$B$2:$B$9999="Variant")*(Raw_Data_Daily!$C$2:$C$9999="F. 100+")*Raw_Data_Daily!$D$2:$D$9999*Raw_Data_Daily!$BW$2:$BW$9999)/SUMIFS(Raw_Data_Daily!$D:$D, Raw_Data_Daily!$B:$B, "Variant", Raw_Data_Daily!$C:$C, "F. 100+"),"") -> 2.7758209 | T75: =IFERROR((S75-R75)/ABS(R75),"") -> -0.21141744
B76: Bomb gain PAID / player | C76: =IFERROR(SUMPRODUCT((Raw_Data_Daily!$B$2:$B$9999="Control")*(Raw_Data_Daily!$C$2:$C$9999="A. 0")*Raw_Data_Daily!$D$2:$D$9999*Raw_Data_Daily!$BX$2:$BX$9999)/SUMIFS(Raw_Data_Daily!$D:$D, Raw_Data_Daily!$B:$B, "Control", Raw_Data_Daily!$C:$C, "A. 0"),"") | D76: =IFERROR(SUMPRODUCT((Raw_Data_Daily!$B$2:$B$9999="Variant")*(Raw_Data_Daily!$C$2:$C$9999="A. 0")*Raw_Data_Daily!$D$2:$D$9999*Raw_Data_Daily!$BX$2:$BX$9999)/SUMIFS(Raw_Data_Daily!$D:$D, Raw_Data_Daily!$B:$B, "Variant", Raw_Data_Daily!$C:$C, "A. 0"),"") | E76: =IFERROR((D76-C76)/ABS(C76),"") | F76: =IFERROR(SUMPRODUCT((Raw_Data_Daily!$B$2:$B$9999="Control")*(Raw_Data_Daily!$C$2:$C$9999="B. 1-9")*Raw_Data_Daily!$D$2:$D$9999*Raw_Data_Daily!$BX$2:$BX$9999)/SUMIFS(Raw_Data_Daily!$D:$D, Raw_Data_Daily!$B:$B, "Control", Raw_Data_Daily!$C:$C, "B. 1-9"),"") -> 0.0077977671 | G76: =IFERROR(SUMPRODUCT((Raw_Data_Daily!$B$2:$B$9999="Variant")*(Raw_Data_Daily!$C$2:$C$9999="B. 1-9")*Raw_Data_Daily!$D$2:$D$9999*Raw_Data_Daily!$BX$2:$BX$9999)/SUMIFS(Raw_Data_Daily!$D:$D, Raw_Data_Daily!$B:$B, "Variant", Raw_Data_Daily!$C:$C, "B. 1-9"),"") -> 0.0065207843 | H76: =IFERROR((G76-F76)/ABS(F76),"") -> -0.16376263 | I76: =IFERROR(SUMPRODUCT((Raw_Data_Daily!$B$2:$B$9999="Control")*(Raw_Data_Daily!$C$2:$C$9999="C. 10-19")*Raw_Data_Daily!$D$2:$D$9999*Raw_Data_Daily!$BX$2:$BX$9999)/SUMIFS(Raw_Data_Daily!$D:$D, Raw_Data_Daily!$B:$B, "Control", Raw_Data_Daily!$C:$C, "C. 10-19"),"") -> 0.027569688 | J76: =IFERROR(SUMPRODUCT((Raw_Data_Daily!$B$2:$B$9999="Variant")*(Raw_Data_Daily!$C$2:$C$9999="C. 10-19")*Raw_Data_Daily!$D$2:$D$9999*Raw_Data_Daily!$BX$2:$BX$9999)/SUMIFS(Raw_Data_Daily!$D:$D, Raw_Data_Daily!$B:$B, "Variant", Raw_Data_Daily!$C:$C, "C. 10-19"),"") -> 0.024663635 | K76: =IFERROR((J76-I76)/ABS(I76),"") -> -0.10540755 | L76: =IFERROR(SUMPRODUCT((Raw_Data_Daily!$B$2:$B$9999="Control")*(Raw_Data_Daily!$C$2:$C$9999="D. 20-39")*Raw_Data_Daily!$D$2:$D$9999*Raw_Data_Daily!$BX$2:$BX$9999)/SUMIFS(Raw_Data_Daily!$D:$D, Raw_Data_Daily!$B:$B, "Control", Raw_Data_Daily!$C:$C, "D. 20-39"),"") -> 0.052373864 | M76: =IFERROR(SUMPRODUCT((Raw_Data_Daily!$B$2:$B$9999="Variant")*(Raw_Data_Daily!$C$2:$C$9999="D. 20-39")*Raw_Data_Daily!$D$2:$D$9999*Raw_Data_Daily!$BX$2:$BX$9999)/SUMIFS(Raw_Data_Daily!$D:$D, Raw_Data_Daily!$B:$B, "Variant", Raw_Data_Daily!$C:$C, "D. 20-39"),"") -> 0.025111677 | N76: =IFERROR((M76-L76)/ABS(L76),"") -> -0.52053037 | O76: =IFERROR(SUMPRODUCT((Raw_Data_Daily!$B$2:$B$9999="Control")*(Raw_Data_Daily!$C$2:$C$9999="E. 40-99")*Raw_Data_Daily!$D$2:$D$9999*Raw_Data_Daily!$BX$2:$BX$9999)/SUMIFS(Raw_Data_Daily!$D:$D, Raw_Data_Daily!$B:$B, "Control", Raw_Data_Daily!$C:$C, "E. 40-99"),"") -> 0.11886304 | P76: =IFERROR(SUMPRODUCT((Raw_Data_Daily!$B$2:$B$9999="Variant")*(Raw_Data_Daily!$C$2:$C$9999="E. 40-99")*Raw_Data_Daily!$D$2:$D$9999*Raw_Data_Daily!$BX$2:$BX$9999)/SUMIFS(Raw_Data_Daily!$D:$D, Raw_Data_Daily!$B:$B, "Variant", Raw_Data_Daily!$C:$C, "E. 40-99"),"") -> 0.090077527 | Q76: =IFERROR((P76-O76)/ABS(O76),"") -> -0.24217381 | R76: =IFERROR(SUMPRODUCT((Raw_Data_Daily!$B$2:$B$9999="Control")*(Raw_Data_Daily!$C$2:$C$9999="F. 100+")*Raw_Data_Daily!$D$2:$D$9999*Raw_Data_Daily!$BX$2:$BX$9999)/SUMIFS(Raw_Data_Daily!$D:$D, Raw_Data_Daily!$B:$B, "Control", Raw_Data_Daily!$C:$C, "F. 100+"),"") -> 0.085690417 | S76: =IFERROR(SUMPRODUCT((Raw_Data_Daily!$B$2:$B$9999="Variant")*(Raw_Data_Daily!$C$2:$C$9999="F. 100+")*Raw_Data_Daily!$D$2:$D$9999*Raw_Data_Daily!$BX$2:$BX$9999)/SUMIFS(Raw_Data_Daily!$D:$D, Raw_Data_Daily!$B:$B, "Variant", Raw_Data_Daily!$C:$C, "F. 100+"),"") -> 0.1388891 | T76: =IFERROR((S76-R76)/ABS(R76),"") -> 0.62082412
B77: Bomb gain FREE / player | C77: =IFERROR(SUMPRODUCT((Raw_Data_Daily!$B$2:$B$9999="Control")*(Raw_Data_Daily!$C$2:$C$9999="A. 0")*Raw_Data_Daily!$D$2:$D$9999*Raw_Data_Daily!$BY$2:$BY$9999)/SUMIFS(Raw_Data_Daily!$D:$D, Raw_Data_Daily!$B:$B, "Control", Raw_Data_Daily!$C:$C, "A. 0"),"") | D77: =IFERROR(SUMPRODUCT((Raw_Data_Daily!$B$2:$B$9999="Variant")*(Raw_Data_Daily!$C$2:$C$9999="A. 0")*Raw_Data_Daily!$D$2:$D$9999*Raw_Data_Daily!$BY$2:$BY$9999)/SUMIFS(Raw_Data_Daily!$D:$D, Raw_Data_Daily!$B:$B, "Variant", Raw_Data_Daily!$C:$C, "A. 0"),"") | E77: =IFERROR((D77-C77)/ABS(C77),"") | F77: =IFERROR(SUMPRODUCT((Raw_Data_Daily!$B$2:$B$9999="Control")*(Raw_Data_Daily!$C$2:$C$9999="B. 1-9")*Raw_Data_Daily!$D$2:$D$9999*Raw_Data_Daily!$BY$2:$BY$9999)/SUMIFS(Raw_Data_Daily!$D:$D, Raw_Data_Daily!$B:$B, "Control", Raw_Data_Daily!$C:$C, "B. 1-9"),"") -> 0.47111264 | G77: =IFERROR(SUMPRODUCT((Raw_Data_Daily!$B$2:$B$9999="Variant")*(Raw_Data_Daily!$C$2:$C$9999="B. 1-9")*Raw_Data_Daily!$D$2:$D$9999*Raw_Data_Daily!$BY$2:$BY$9999)/SUMIFS(Raw_Data_Daily!$D:$D, Raw_Data_Daily!$B:$B, "Variant", Raw_Data_Daily!$C:$C, "B. 1-9"),"") -> 0.36597491 | H77: =IFERROR((G77-F77)/ABS(F77),"") -> -0.22316899 | I77: =IFERROR(SUMPRODUCT((Raw_Data_Daily!$B$2:$B$9999="Control")*(Raw_Data_Daily!$C$2:$C$9999="C. 10-19")*Raw_Data_Daily!$D$2:$D$9999*Raw_Data_Daily!$BY$2:$BY$9999)/SUMIFS(Raw_Data_Daily!$D:$D, Raw_Data_Daily!$B:$B, "Control", Raw_Data_Daily!$C:$C, "C. 10-19"),"") -> 0.88036345 | J77: =IFERROR(SUMPRODUCT((Raw_Data_Daily!$B$2:$B$9999="Variant")*(Raw_Data_Daily!$C$2:$C$9999="C. 10-19")*Raw_Data_Daily!$D$2:$D$9999*Raw_Data_Daily!$BY$2:$BY$9999)/SUMIFS(Raw_Data_Daily!$D:$D, Raw_Data_Daily!$B:$B, "Variant", Raw_Data_Daily!$C:$C, "C. 10-19"),"") -> 0.7496423 | K77: =IFERROR((J77-I77)/ABS(I77),"") -> -0.14848544 | L77: =IFERROR(SUMPRODUCT((Raw_Data_Daily!$B$2:$B$9999="Control")*(Raw_Data_Daily!$C$2:$C$9999="D. 20-39")*Raw_Data_Daily!$D$2:$D$9999*Raw_Data_Daily!$BY$2:$BY$9999)/SUMIFS(Raw_Data_Daily!$D:$D, Raw_Data_Daily!$B:$B, "Control", Raw_Data_Daily!$C:$C, "D. 20-39"),"") -> 1.3795014 | M77: =IFERROR(SUMPRODUCT((Raw_Data_Daily!$B$2:$B$9999="Variant")*(Raw_Data_Daily!$C$2:$C$9999="D. 20-39")*Raw_Data_Daily!$D$2:$D$9999*Raw_Data_Daily!$BY$2:$BY$9999)/SUMIFS(Raw_Data_Daily!$D:$D, Raw_Data_Daily!$B:$B, "Variant", Raw_Data_Daily!$C:$C, "D. 20-39"),"") -> 1.2646845 | N77: =IFERROR((M77-L77)/ABS(L77),"") -> -0.083230715 | O77: =IFERROR(SUMPRODUCT((Raw_Data_Daily!$B$2:$B$9999="Control")*(Raw_Data_Daily!$C$2:$C$9999="E. 40-99")*Raw_Data_Daily!$D$2:$D$9999*Raw_Data_Daily!$BY$2:$BY$9999)/SUMIFS(Raw_Data_Daily!$D:$D, Raw_Data_Daily!$B:$B, "Control", Raw_Data_Daily!$C:$C, "E. 40-99"),"") -> 2.1148693 | P77: =IFERROR(SUMPRODUCT((Raw_Data_Daily!$B$2:$B$9999="Variant")*(Raw_Data_Daily!$C$2:$C$9999="E. 40-99")*Raw_Data_Daily!$D$2:$D$9999*Raw_Data_Daily!$BY$2:$BY$9999)/SUMIFS(Raw_Data_Daily!$D:$D, Raw_Data_Daily!$B:$B, "Variant", Raw_Data_Daily!$C:$C, "E. 40-99"),"") -> 1.8493359 | Q77: =IFERROR((P77-O77)/ABS(O77),"") -> -0.12555545 | R77: =IFERROR(SUMPRODUCT((Raw_Data_Daily!$B$2:$B$9999="Control")*(Raw_Data_Daily!$C$2:$C$9999="F. 100+")*Raw_Data_Daily!$D$2:$D$9999*Raw_Data_Daily!$BY$2:$BY$9999)/SUMIFS(Raw_Data_Daily!$D:$D, Raw_Data_Daily!$B:$B, "Control", Raw_Data_Daily!$C:$C, "F. 100+"),"") -> 3.4343073 | S77: =IFERROR(SUMPRODUCT((Raw_Data_Daily!$B$2:$B$9999="Variant")*(Raw_Data_Daily!$C$2:$C$9999="F. 100+")*Raw_Data_Daily!$D$2:$D$9999*Raw_Data_Daily!$BY$2:$BY$9999)/SUMIFS(Raw_Data_Daily!$D:$D, Raw_Data_Daily!$B:$B, "Variant", Raw_Data_Daily!$C:$C, "F. 100+"),"") -> 2.6369153 | T77: =IFERROR((S77-R77)/ABS(R77),"") -> -0.23218423
